,Ticker,Fund,Issuer,Family,FamilyLabel,Benchmark,Date,Price,AUM,ExpenseRatio,ADVmm,SpreadBps,RoundTripBps,VolAnn
0,IBIT,iShares Bitcoin Trust,BlackRock,IBIT,iShares Bitcoin Trust,BTC-USD,2025-03-07,49.43,80000.0,0.25,2441.868,91.033,91.115,46.575
1,IBIT,iShares Bitcoin Trust,BlackRock,IBIT,iShares Bitcoin Trust,BTC-USD,2025-03-10,44.91,80000.0,0.25,2549.898,82.208,82.31,49.238
2,IBIT,iShares Bitcoin Trust,BlackRock,IBIT,iShares Bitcoin Trust,BTC-USD,2025-03-11,47.24,80000.0,0.25,2551.557,83.005,83.108,50.448
3,IBIT,iShares Bitcoin Trust,BlackRock,IBIT,iShares Bitcoin Trust,BTC-USD,2025-03-12,47.15,80000.0,0.25,2567.59,93.021,93.122,49.243
4,IBIT,iShares Bitcoin Trust,BlackRock,IBIT,iShares Bitcoin Trust,BTC-USD,2025-03-13,45.52,80000.0,0.25,2589.548,102.572,102.673,49.629
5,IBIT,iShares Bitcoin Trust,BlackRock,IBIT,iShares Bitcoin Trust,BTC-USD,2025-03-14,48.14,80000.0,0.25,2599.41,91.556,91.659,50.945
6,IBIT,iShares Bitcoin Trust,BlackRock,IBIT,iShares Bitcoin Trust,BTC-USD,2025-03-17,48.06,80000.0,0.25,2602.664,97.874,97.977,50.182
7,IBIT,iShares Bitcoin Trust,BlackRock,IBIT,iShares Bitcoin Trust,BTC-USD,2025-03-18,46.81,80000.0,0.25,2605.191,97.874,98.0,50.327
8,IBIT,iShares Bitcoin Trust,BlackRock,IBIT,iShares Bitcoin Trust,BTC-USD,2025-03-19,48.61,80000.0,0.25,2602.35,97.874,98.0,49.68
9,IBIT,iShares Bitcoin Trust,BlackRock,IBIT,iShares Bitcoin Trust,BTC-USD,2025-03-20,47.85,80000.0,0.25,2596.237,106.773,106.88,49.011
10,IBIT,iShares Bitcoin Trust,BlackRock,IBIT,iShares Bitcoin Trust,BTC-USD,2025-03-21,47.7,80000.0,0.25,2568.555,106.773,106.875,49.005
11,IBIT,iShares Bitcoin Trust,BlackRock,IBIT,iShares Bitcoin Trust,BTC-USD,2025-03-24,50.18,80000.0,0.25,2515.085,101.732,101.834,49.674
12,IBIT,iShares Bitcoin Trust,BlackRock,IBIT,iShares Bitcoin Trust,BTC-USD,2025-03-25,50.14,80000.0,0.25,2470.315,105.866,105.968,47.937
13,IBIT,iShares Bitcoin Trust,BlackRock,IBIT,iShares Bitcoin Trust,BTC-USD,2025-03-26,49.18,80000.0,0.25,2290.251,105.866,105.968,47.584
14,IBIT,iShares Bitcoin Trust,BlackRock,IBIT,iShares Bitcoin Trust,BTC-USD,2025-03-27,49.44,80000.0,0.25,2172.117,112.26,112.342,47.56
15,IBIT,iShares Bitcoin Trust,BlackRock,IBIT,iShares Bitcoin Trust,BTC-USD,2025-03-28,47.56,80000.0,0.25,2159.874,97.225,97.333,48.174
16,IBIT,iShares Bitcoin Trust,BlackRock,IBIT,iShares Bitcoin Trust,BTC-USD,2025-03-31,46.81,80000.0,0.25,2077.34,92.286,92.423,48.235
17,IBIT,iShares Bitcoin Trust,BlackRock,IBIT,iShares Bitcoin Trust,BTC-USD,2025-04-01,48.3,80000.0,0.25,1931.795,92.286,92.428,47.835
18,IBIT,iShares Bitcoin Trust,BlackRock,IBIT,iShares Bitcoin Trust,BTC-USD,2025-04-02,49.41,80000.0,0.25,1852.56,92.286,92.428,48.038
19,IBIT,iShares Bitcoin Trust,BlackRock,IBIT,iShares Bitcoin Trust,BTC-USD,2025-04-03,46.57,80000.0,0.25,1822.613,92.286,92.428,48.673
20,IBIT,iShares Bitcoin Trust,BlackRock,IBIT,iShares Bitcoin Trust,BTC-USD,2025-04-04,47.71,80000.0,0.25,1857.387,80.951,81.093,47.567
21,IBIT,iShares Bitcoin Trust,BlackRock,IBIT,iShares Bitcoin Trust,BTC-USD,2025-04-07,44.27,80000.0,0.25,1944.479,68.638,68.795,49.598
22,IBIT,iShares Bitcoin Trust,BlackRock,IBIT,iShares Bitcoin Trust,BTC-USD,2025-04-08,43.59,80000.0,0.25,1866.001,89.396,89.538,49.593
23,IBIT,iShares Bitcoin Trust,BlackRock,IBIT,iShares Bitcoin Trust,BTC-USD,2025-04-09,46.83,80000.0,0.25,1947.441,87.44,87.582,51.898
24,IBIT,iShares Bitcoin Trust,BlackRock,IBIT,iShares Bitcoin Trust,BTC-USD,2025-04-10,45.17,80000.0,0.25,1973.549,88.299,88.456,51.923
25,IBIT,iShares Bitcoin Trust,BlackRock,IBIT,iShares Bitcoin Trust,BTC-USD,2025-04-11,47.67,80000.0,0.25,2003.71,78.747,78.904,52.73
26,IBIT,iShares Bitcoin Trust,BlackRock,IBIT,iShares Bitcoin Trust,BTC-USD,2025-04-14,48.28,80000.0,0.25,1978.124,78.747,78.889,52.781
27,IBIT,iShares Bitcoin Trust,BlackRock,IBIT,iShares Bitcoin Trust,BTC-USD,2025-04-15,47.74,80000.0,0.25,1966.323,77.076,77.217,51.921
28,IBIT,iShares Bitcoin Trust,BlackRock,IBIT,iShares Bitcoin Trust,BTC-USD,2025-04-16,47.96,80000.0,0.25,1954.046,80.615,80.752,51.829
29,IBIT,iShares Bitcoin Trust,BlackRock,IBIT,iShares Bitcoin Trust,BTC-USD,2025-04-17,48.26,80000.0,0.25,1914.645,89.077,89.196,51.792
30,IBIT,iShares Bitcoin Trust,BlackRock,IBIT,iShares Bitcoin Trust,BTC-USD,2025-04-21,49.72,80000.0,0.25,1980.382,77.273,77.392,52.218
31,IBIT,iShares Bitcoin Trust,BlackRock,IBIT,iShares Bitcoin Trust,BTC-USD,2025-04-22,52.08,80000.0,0.25,2146.846,77.273,77.392,53.058
32,IBIT,iShares Bitcoin Trust,BlackRock,IBIT,iShares Bitcoin Trust,BTC-USD,2025-04-23,53.2,80000.0,0.25,2229.992,77.273,77.379,52.84
33,IBIT,iShares Bitcoin Trust,BlackRock,IBIT,iShares Bitcoin Trust,BTC-USD,2025-04-24,53.26,80000.0,0.25,2250.053,76.03,76.136,52.842
34,IBIT,iShares Bitcoin Trust,BlackRock,IBIT,iShares Bitcoin Trust,BTC-USD,2025-04-25,54.27,80000.0,0.25,2307.385,76.03,76.135,52.605
35,IBIT,iShares Bitcoin Trust,BlackRock,IBIT,iShares Bitcoin Trust,BTC-USD,2025-04-28,53.88,80000.0,0.25,2317.322,68.931,69.036,52.592
36,IBIT,iShares Bitcoin Trust,BlackRock,IBIT,iShares Bitcoin Trust,BTC-USD,2025-04-29,54.22,80000.0,0.25,2312.42,68.931,69.029,52.176
37,IBIT,iShares Bitcoin Trust,BlackRock,IBIT,iShares Bitcoin Trust,BTC-USD,2025-04-30,53.51,80000.0,0.25,2346.017,68.931,69.012,52.235
38,IBIT,iShares Bitcoin Trust,BlackRock,IBIT,iShares Bitcoin Trust,BTC-USD,2025-05-01,54.95,80000.0,0.25,2414.863,68.931,69.012,52.291
39,IBIT,iShares Bitcoin Trust,BlackRock,IBIT,iShares Bitcoin Trust,BTC-USD,2025-05-02,55.19,80000.0,0.25,2438.102,69.53,69.604,52.217
40,IBIT,iShares Bitcoin Trust,BlackRock,IBIT,iShares Bitcoin Trust,BTC-USD,2025-05-05,53.63,80000.0,0.25,2411.635,69.53,69.604,52.542
41,IBIT,iShares Bitcoin Trust,BlackRock,IBIT,iShares Bitcoin Trust,BTC-USD,2025-05-06,53.97,80000.0,0.25,2308.514,75.027,75.099,52.505
42,IBIT,iShares Bitcoin Trust,BlackRock,IBIT,iShares Bitcoin Trust,BTC-USD,2025-05-07,54.68,80000.0,0.25,2158.864,75.027,75.099,52.462
43,IBIT,iShares Bitcoin Trust,BlackRock,IBIT,iShares Bitcoin Trust,BTC-USD,2025-05-08,57.62,80000.0,0.25,2207.109,54.269,54.349,53.327
44,IBIT,iShares Bitcoin Trust,BlackRock,IBIT,iShares Bitcoin Trust,BTC-USD,2025-05-09,58.66,80000.0,0.25,2118.394,42.776,42.857,53.308
45,IBIT,iShares Bitcoin Trust,BlackRock,IBIT,iShares Bitcoin Trust,BTC-USD,2025-05-12,57.88,80000.0,0.25,2142.236,33.136,33.208,53.361
46,IBIT,iShares Bitcoin Trust,BlackRock,IBIT,iShares Bitcoin Trust,BTC-USD,2025-05-13,59.62,80000.0,0.25,2127.918,34.567,34.639,53.649
47,IBIT,iShares Bitcoin Trust,BlackRock,IBIT,iShares Bitcoin Trust,BTC-USD,2025-05-14,58.74,80000.0,0.25,2160.854,38.931,39.003,53.27
48,IBIT,iShares Bitcoin Trust,BlackRock,IBIT,iShares Bitcoin Trust,BTC-USD,2025-05-15,58.67,80000.0,0.25,2200.061,35.065,35.131,53.116
49,IBIT,iShares Bitcoin Trust,BlackRock,IBIT,iShares Bitcoin Trust,BTC-USD,2025-05-16,59.2,80000.0,0.25,2242.642,31.526,31.592,52.908
50,IBIT,iShares Bitcoin Trust,BlackRock,IBIT,iShares Bitcoin Trust,BTC-USD,2025-05-19,59.99,80000.0,0.25,2332.191,25.763,25.828,52.319
51,IBIT,iShares Bitcoin Trust,BlackRock,IBIT,iShares Bitcoin Trust,BTC-USD,2025-05-20,60.91,80000.0,0.25,2341.296,25.763,25.828,52.337
52,IBIT,iShares Bitcoin Trust,BlackRock,IBIT,iShares Bitcoin Trust,BTC-USD,2025-05-21,61.79,80000.0,0.25,2424.338,25.763,25.819,50.458
53,IBIT,iShares Bitcoin Trust,BlackRock,IBIT,iShares Bitcoin Trust,BTC-USD,2025-05-22,63.23,80000.0,0.25,2470.282,25.763,25.817,49.696
54,IBIT,iShares Bitcoin Trust,BlackRock,IBIT,iShares Bitcoin Trust,BTC-USD,2025-05-23,61.83,80000.0,0.25,2580.522,22.871,22.928,49.878
55,IBIT,iShares Bitcoin Trust,BlackRock,IBIT,iShares Bitcoin Trust,BTC-USD,2025-05-27,62.5,80000.0,0.25,2603.316,24.354,24.409,49.874
56,IBIT,iShares Bitcoin Trust,BlackRock,IBIT,iShares Bitcoin Trust,BTC-USD,2025-05-28,60.79,80000.0,0.25,2643.748,23.057,23.114,50.187
57,IBIT,iShares Bitcoin Trust,BlackRock,IBIT,iShares Bitcoin Trust,BTC-USD,2025-05-29,59.99,80000.0,0.25,2763.579,23.083,23.14,50.287
58,IBIT,iShares Bitcoin Trust,BlackRock,IBIT,iShares Bitcoin Trust,BTC-USD,2025-05-30,59.46,80000.0,0.25,2805.801,23.083,23.138,49.734
59,IBIT,iShares Bitcoin Trust,BlackRock,IBIT,iShares Bitcoin Trust,BTC-USD,2025-06-02,59.36,80000.0,0.25,2754.507,26.083,26.135,49.599
60,IBIT,iShares Bitcoin Trust,BlackRock,IBIT,iShares Bitcoin Trust,BTC-USD,2025-06-03,60.4,80000.0,0.25,2747.836,25.484,25.539,49.369
61,IBIT,iShares Bitcoin Trust,BlackRock,IBIT,iShares Bitcoin Trust,BTC-USD,2025-06-04,59.64,80000.0,0.25,2776.016,25.484,25.539,44.975
62,IBIT,iShares Bitcoin Trust,BlackRock,IBIT,iShares Bitcoin Trust,BTC-USD,2025-06-05,57.87,80000.0,0.25,2882.946,22.675,22.73,44.499
63,IBIT,iShares Bitcoin Trust,BlackRock,IBIT,iShares Bitcoin Trust,BTC-USD,2025-06-06,59.26,80000.0,0.25,2903.095,25.86,25.915,44.679
64,IBIT,iShares Bitcoin Trust,BlackRock,IBIT,iShares Bitcoin Trust,BTC-USD,2025-06-09,61.77,80000.0,0.25,2880.23,25.86,25.915,44.583
65,IBIT,iShares Bitcoin Trust,BlackRock,IBIT,iShares Bitcoin Trust,BTC-USD,2025-06-10,62.29,80000.0,0.25,2875.834,25.86,25.912,43.313
66,IBIT,iShares Bitcoin Trust,BlackRock,IBIT,iShares Bitcoin Trust,BTC-USD,2025-06-11,61.84,80000.0,0.25,2842.93,31.249,31.299,43.361
67,IBIT,iShares Bitcoin Trust,BlackRock,IBIT,iShares Bitcoin Trust,BTC-USD,2025-06-12,60.7,80000.0,0.25,2840.28,29.818,29.868,43.156
68,IBIT,iShares Bitcoin Trust,BlackRock,IBIT,iShares Bitcoin Trust,BTC-USD,2025-06-13,59.74,80000.0,0.25,2852.435,25.454,25.504,42.782
69,IBIT,iShares Bitcoin Trust,BlackRock,IBIT,iShares Bitcoin Trust,BTC-USD,2025-06-16,61.8,80000.0,0.25,2883.486,21.518,21.573,43.04
70,IBIT,iShares Bitcoin Trust,BlackRock,IBIT,iShares Bitcoin Trust,BTC-USD,2025-06-17,59.5,80000.0,0.25,2930.903,21.518,21.576,43.878
71,IBIT,iShares Bitcoin Trust,BlackRock,IBIT,iShares Bitcoin Trust,BTC-USD,2025-06-18,58.97,80000.0,0.25,2899.075,25.796,25.854,42.839
72,IBIT,iShares Bitcoin Trust,BlackRock,IBIT,iShares Bitcoin Trust,BTC-USD,2025-06-20,58.67,80000.0,0.25,2853.23,30.674,30.732,42.863
73,IBIT,iShares Bitcoin Trust,BlackRock,IBIT,iShares Bitcoin Trust,BTC-USD,2025-06-23,58.67,80000.0,0.25,2740.615,30.674,30.737,42.623
74,IBIT,iShares Bitcoin Trust,BlackRock,IBIT,iShares Bitcoin Trust,BTC-USD,2025-06-24,60.06,80000.0,0.25,2655.745,30.674,30.739,42.827
75,IBIT,iShares Bitcoin Trust,BlackRock,IBIT,iShares Bitcoin Trust,BTC-USD,2025-06-25,61.275,80000.0,0.25,2592.369,30.674,30.751,42.052
76,IBIT,iShares Bitcoin Trust,BlackRock,IBIT,iShares Bitcoin Trust,BTC-USD,2025-06-26,61.14,80000.0,0.25,2530.629,31.533,31.61,41.865
77,IBIT,iShares Bitcoin Trust,BlackRock,IBIT,iShares Bitcoin Trust,BTC-USD,2025-06-27,60.72,80000.0,0.25,2505.604,36.215,36.28,41.548
78,IBIT,iShares Bitcoin Trust,BlackRock,IBIT,iShares Bitcoin Trust,BTC-USD,2025-06-30,61.21,80000.0,0.25,2404.79,39.985,40.051,41.372
79,IBIT,iShares Bitcoin Trust,BlackRock,IBIT,iShares Bitcoin Trust,BTC-USD,2025-07-01,59.84,80000.0,0.25,2376.823,39.985,40.062,39.645
80,IBIT,iShares Bitcoin Trust,BlackRock,IBIT,iShares Bitcoin Trust,BTC-USD,2025-07-02,62.42,80000.0,0.25,2485.83,36.986,37.066,40.202
81,IBIT,iShares Bitcoin Trust,BlackRock,IBIT,iShares Bitcoin Trust,BTC-USD,2025-07-03,62.19,80000.0,0.25,2475.041,36.986,37.066,36.698
82,IBIT,iShares Bitcoin Trust,BlackRock,IBIT,iShares Bitcoin Trust,BTC-USD,2025-07-07,61.4,80000.0,0.25,2493.624,36.986,37.066,36.636
83,IBIT,iShares Bitcoin Trust,BlackRock,IBIT,iShares Bitcoin Trust,BTC-USD,2025-07-08,61.82,80000.0,0.25,2420.565,34.298,34.361,33.96
84,IBIT,iShares Bitcoin Trust,BlackRock,IBIT,iShares Bitcoin Trust,BTC-USD,2025-07-09,63.58,80000.0,0.25,2495.769,31.113,31.176,33.211
85,IBIT,iShares Bitcoin Trust,BlackRock,IBIT,iShares Bitcoin Trust,BTC-USD,2025-07-10,64.5,80000.0,0.25,2624.938,31.113,31.168,31.717
86,IBIT,iShares Bitcoin Trust,BlackRock,IBIT,iShares Bitcoin Trust,BTC-USD,2025-07-11,67.21,80000.0,0.25,2777.106,31.113,31.176,32.536
87,IBIT,iShares Bitcoin Trust,BlackRock,IBIT,iShares Bitcoin Trust,BTC-USD,2025-07-14,68.18,80000.0,0.25,2909.816,22.676,22.739,32.395
88,IBIT,iShares Bitcoin Trust,BlackRock,IBIT,iShares Bitcoin Trust,BTC-USD,2025-07-15,66.16,80000.0,0.25,3062.285,22.676,22.731,33.225
89,IBIT,iShares Bitcoin Trust,BlackRock,IBIT,iShares Bitcoin Trust,BTC-USD,2025-07-16,67.83,80000.0,0.25,3131.55,22.676,22.731,33.466
90,IBIT,iShares Bitcoin Trust,BlackRock,IBIT,iShares Bitcoin Trust,BTC-USD,2025-07-17,67.65,80000.0,0.25,3152.692,28.7,28.755,33.126
91,IBIT,iShares Bitcoin Trust,BlackRock,IBIT,iShares Bitcoin Trust,BTC-USD,2025-07-18,66.68,80000.0,0.25,3161.944,32.666,32.708,32.225
92,IBIT,iShares Bitcoin Trust,BlackRock,IBIT,iShares Bitcoin Trust,BTC-USD,2025-07-21,66.33,80000.0,0.25,3197.861,33.032,33.074,32.08
93,IBIT,iShares Bitcoin Trust,BlackRock,IBIT,iShares Bitcoin Trust,BTC-USD,2025-07-22,67.82,80000.0,0.25,3245.914,29.609,29.664,32.299
94,IBIT,iShares Bitcoin Trust,BlackRock,IBIT,iShares Bitcoin Trust,BTC-USD,2025-07-23,67.29,80000.0,0.25,3179.578,31.022,31.064,32.24
95,IBIT,iShares Bitcoin Trust,BlackRock,IBIT,iShares Bitcoin Trust,BTC-USD,2025-07-24,67.66,80000.0,0.25,3171.199,31.091,31.129,32.163
96,IBIT,iShares Bitcoin Trust,BlackRock,IBIT,iShares Bitcoin Trust,BTC-USD,2025-07-25,66.36,80000.0,0.25,3222.74,31.091,31.129,32.507
97,IBIT,iShares Bitcoin Trust,BlackRock,IBIT,iShares Bitcoin Trust,BTC-USD,2025-07-28,67.1,80000.0,0.25,3260.853,28.748,28.791,32.36
98,IBIT,iShares Bitcoin Trust,BlackRock,IBIT,iShares Bitcoin Trust,BTC-USD,2025-07-29,66.71,80000.0,0.25,3279.815,29.037,29.079,32.065
99,IBIT,iShares Bitcoin Trust,BlackRock,IBIT,iShares Bitcoin Trust,BTC-USD,2025-07-30,66.37,80000.0,0.25,3309.48,30.038,30.08,32.11
100,IBIT,iShares Bitcoin Trust,BlackRock,IBIT,iShares Bitcoin Trust,BTC-USD,2025-07-31,66.32,80000.0,0.25,3339.051,36.248,36.285,31.433
101,IBIT,iShares Bitcoin Trust,BlackRock,IBIT,iShares Bitcoin Trust,BTC-USD,2025-08-01,64.22,80000.0,0.25,3356.716,36.248,36.285,32.267
102,IBIT,iShares Bitcoin Trust,BlackRock,IBIT,iShares Bitcoin Trust,BTC-USD,2025-08-04,65.2,80000.0,0.25,3353.086,41.338,41.381,32.298
103,IBIT,iShares Bitcoin Trust,BlackRock,IBIT,iShares Bitcoin Trust,BTC-USD,2025-08-05,64.55,80000.0,0.25,3338.88,41.338,41.381,30.71
104,IBIT,iShares Bitcoin Trust,BlackRock,IBIT,iShares Bitcoin Trust,BTC-USD,2025-08-06,65.51,80000.0,0.25,3335.933,41.338,41.381,30.647
105,IBIT,iShares Bitcoin Trust,BlackRock,IBIT,iShares Bitcoin Trust,BTC-USD,2025-08-07,66.83,80000.0,0.25,3295.072,41.338,41.381,30.701
106,IBIT,iShares Bitcoin Trust,BlackRock,IBIT,iShares Bitcoin Trust,BTC-USD,2025-08-08,66.13,80000.0,0.25,3128.332,46.682,46.731,30.281
107,IBIT,iShares Bitcoin Trust,BlackRock,IBIT,iShares Bitcoin Trust,BTC-USD,2025-08-11,67.64,80000.0,0.25,3017.604,46.682,46.731,30.376
108,IBIT,iShares Bitcoin Trust,BlackRock,IBIT,iShares Bitcoin Trust,BTC-USD,2025-08-12,67.95,80000.0,0.25,2903.824,51.744,51.793,30.37
109,IBIT,iShares Bitcoin Trust,BlackRock,IBIT,iShares Bitcoin Trust,BTC-USD,2025-08-13,69.84,80000.0,0.25,2827.566,51.744,51.793,30.773
110,IBIT,iShares Bitcoin Trust,BlackRock,IBIT,iShares Bitcoin Trust,BTC-USD,2025-08-14,67.03,80000.0,0.25,2865.72,51.744,51.793,31.971
111,IBIT,iShares Bitcoin Trust,BlackRock,IBIT,iShares Bitcoin Trust,BTC-USD,2025-08-15,66.44,80000.0,0.25,2844.995,48.064,48.113,31.922
112,IBIT,iShares Bitcoin Trust,BlackRock,IBIT,iShares Bitcoin Trust,BTC-USD,2025-08-18,66.05,80000.0,0.25,2789.707,44.098,44.147,31.842
113,IBIT,iShares Bitcoin Trust,BlackRock,IBIT,iShares Bitcoin Trust,BTC-USD,2025-08-19,64.19,80000.0,0.25,2813.872,36.755,36.81,32.08
114,IBIT,iShares Bitcoin Trust,BlackRock,IBIT,iShares Bitcoin Trust,BTC-USD,2025-08-20,64.9,80000.0,0.25,2793.392,39.129,39.178,31.802
115,IBIT,iShares Bitcoin Trust,BlackRock,IBIT,iShares Bitcoin Trust,BTC-USD,2025-08-21,63.69,80000.0,0.25,2785.315,43.1,43.154,31.983
116,IBIT,iShares Bitcoin Trust,BlackRock,IBIT,iShares Bitcoin Trust,BTC-USD,2025-08-22,66.25,80000.0,0.25,2888.733,46.798,46.853,32.425
117,IBIT,iShares Bitcoin Trust,BlackRock,IBIT,iShares Bitcoin Trust,BTC-USD,2025-08-25,62.88,80000.0,0.25,2885.378,46.798,46.87,34.117
118,IBIT,iShares Bitcoin Trust,BlackRock,IBIT,iShares Bitcoin Trust,BTC-USD,2025-08-26,63.1,80000.0,0.25,2886.174,46.798,46.87,34.062
119,IBIT,iShares Bitcoin Trust,BlackRock,IBIT,iShares Bitcoin Trust,BTC-USD,2025-08-27,63.65,80000.0,0.25,2866.616,41.828,41.9,34.093
120,IBIT,iShares Bitcoin Trust,BlackRock,IBIT,iShares Bitcoin Trust,BTC-USD,2025-08-28,63.58,80000.0,0.25,2830.883,37.03,37.101,33.928
121,IBIT,iShares Bitcoin Trust,BlackRock,IBIT,iShares Bitcoin Trust,BTC-USD,2025-08-29,61.44,80000.0,0.25,2853.969,30.82,30.892,34.577
122,IBIT,iShares Bitcoin Trust,BlackRock,IBIT,iShares Bitcoin Trust,BTC-USD,2025-09-02,62.97,80000.0,0.25,2779.729,30.82,30.892,34.325
123,IBIT,iShares Bitcoin Trust,BlackRock,IBIT,iShares Bitcoin Trust,BTC-USD,2025-09-03,63.77,80000.0,0.25,2790.541,25.73,25.801,34.091
124,IBIT,iShares Bitcoin Trust,BlackRock,IBIT,iShares Bitcoin Trust,BTC-USD,2025-09-04,62.35,80000.0,0.25,2791.572,25.73,25.802,33.378
125,IBIT,iShares Bitcoin Trust,BlackRock,IBIT,iShares Bitcoin Trust,BTC-USD,2025-09-05,63.42,80000.0,0.25,2852.484,25.73,25.801,33.516
126,IBIT,iShares Bitcoin Trust,BlackRock,IBIT,iShares Bitcoin Trust,BTC-USD,2025-09-08,63.7,80000.0,0.25,2833.476,27.826,27.884,33.489
127,IBIT,iShares Bitcoin Trust,BlackRock,IBIT,iShares Bitcoin Trust,BTC-USD,2025-09-09,63.22,80000.0,0.25,2850.586,25.274,25.332,33.296
128,IBIT,iShares Bitcoin Trust,BlackRock,IBIT,iShares Bitcoin Trust,BTC-USD,2025-09-10,64.53,80000.0,0.25,2850.415,25.274,25.332,33.357
129,IBIT,iShares Bitcoin Trust,BlackRock,IBIT,iShares Bitcoin Trust,BTC-USD,2025-09-11,65.03,80000.0,0.25,2849.476,21.104,21.162,32.688
130,IBIT,iShares Bitcoin Trust,BlackRock,IBIT,iShares Bitcoin Trust,BTC-USD,2025-09-12,66.38,80000.0,0.25,2820.612,21.104,21.162,31.913
131,IBIT,iShares Bitcoin Trust,BlackRock,IBIT,iShares Bitcoin Trust,BTC-USD,2025-09-15,65.5,80000.0,0.25,2699.455,21.104,21.162,31.989
132,IBIT,iShares Bitcoin Trust,BlackRock,IBIT,iShares Bitcoin Trust,BTC-USD,2025-09-16,66.37,80000.0,0.25,2681.42,18.76,18.819,32.041
133,IBIT,iShares Bitcoin Trust,BlackRock,IBIT,iShares Bitcoin Trust,BTC-USD,2025-09-17,65.67,80000.0,0.25,2719.506,24.89,24.948,32.144
134,IBIT,iShares Bitcoin Trust,BlackRock,IBIT,iShares Bitcoin Trust,BTC-USD,2025-09-18,66.75,80000.0,0.25,2668.948,24.89,24.948,31.973
135,IBIT,iShares Bitcoin Trust,BlackRock,IBIT,iShares Bitcoin Trust,BTC-USD,2025-09-19,65.37,80000.0,0.25,2645.551,21.062,21.121,32.074
136,IBIT,iShares Bitcoin Trust,BlackRock,IBIT,iShares Bitcoin Trust,BTC-USD,2025-09-22,63.65,80000.0,0.25,2670.694,15.677,15.737,32.569
137,IBIT,iShares Bitcoin Trust,BlackRock,IBIT,iShares Bitcoin Trust,BTC-USD,2025-09-23,63.41,80000.0,0.25,2581.367,16.354,16.413,32.544
138,IBIT,iShares Bitcoin Trust,BlackRock,IBIT,iShares Bitcoin Trust,BTC-USD,2025-09-24,64.42,80000.0,0.25,2509.123,16.354,16.413,32.657
139,IBIT,iShares Bitcoin Trust,BlackRock,IBIT,iShares Bitcoin Trust,BTC-USD,2025-09-25,62.1,80000.0,0.25,2573.235,16.354,16.414,33.211
140,IBIT,iShares Bitcoin Trust,BlackRock,IBIT,iShares Bitcoin Trust,BTC-USD,2025-09-26,61.94,80000.0,0.25,2614.8,20.88,20.94,32.064
141,IBIT,iShares Bitcoin Trust,BlackRock,IBIT,iShares Bitcoin Trust,BTC-USD,2025-09-29,64.97,80000.0,0.25,2679.36,20.88,20.944,33.52
142,IBIT,iShares Bitcoin Trust,BlackRock,IBIT,iShares Bitcoin Trust,BTC-USD,2025-09-30,65.0,80000.0,0.25,2643.258,25.465,25.525,33.402
143,IBIT,iShares Bitcoin Trust,BlackRock,IBIT,iShares Bitcoin Trust,BTC-USD,2025-10-01,66.74,80000.0,0.25,2687.593,25.465,25.525,33.788
144,IBIT,iShares Bitcoin Trust,BlackRock,IBIT,iShares Bitcoin Trust,BTC-USD,2025-10-02,68.77,80000.0,0.25,2787.545,25.465,25.528,33.854
145,IBIT,iShares Bitcoin Trust,BlackRock,IBIT,iShares Bitcoin Trust,BTC-USD,2025-10-03,69.81,80000.0,0.25,2966.946,25.465,25.525,33.865
146,IBIT,iShares Bitcoin Trust,BlackRock,IBIT,iShares Bitcoin Trust,BTC-USD,2025-10-06,71.29,80000.0,0.25,3055.705,25.465,25.525,33.095
147,IBIT,iShares Bitcoin Trust,BlackRock,IBIT,iShares Bitcoin Trust,BTC-USD,2025-10-07,69.13,80000.0,0.25,3211.961,23.368,23.428,33.605
148,IBIT,iShares Bitcoin Trust,BlackRock,IBIT,iShares Bitcoin Trust,BTC-USD,2025-10-08,70.06,80000.0,0.25,3284.12,27.223,27.283,33.107
149,IBIT,iShares Bitcoin Trust,BlackRock,IBIT,iShares Bitcoin Trust,BTC-USD,2025-10-09,68.74,80000.0,0.25,3327.793,27.44,27.498,32.973
150,IBIT,iShares Bitcoin Trust,BlackRock,IBIT,iShares Bitcoin Trust,BTC-USD,2025-10-10,66.2,80000.0,0.25,3551.307,27.949,28.007,33.871
151,IBIT,iShares Bitcoin Trust,BlackRock,IBIT,iShares Bitcoin Trust,BTC-USD,2025-10-13,65.81,80000.0,0.25,3623.09,27.949,28.003,33.764
152,IBIT,iShares Bitcoin Trust,BlackRock,IBIT,iShares Bitcoin Trust,BTC-USD,2025-10-14,63.91,80000.0,0.25,3747.397,27.949,28.003,34.273
153,IBIT,iShares Bitcoin Trust,BlackRock,IBIT,iShares Bitcoin Trust,BTC-USD,2025-10-15,63.17,80000.0,0.25,3789.3,34.351,34.405,34.011
154,IBIT,iShares Bitcoin Trust,BlackRock,IBIT,iShares Bitcoin Trust,BTC-USD,2025-10-16,61.43,80000.0,0.25,3905.115,28.222,28.276,34.426
155,IBIT,iShares Bitcoin Trust,BlackRock,IBIT,iShares Bitcoin Trust,BTC-USD,2025-10-17,60.47,80000.0,0.25,4053.634,28.222,28.273,34.516
156,IBIT,iShares Bitcoin Trust,BlackRock,IBIT,iShares Bitcoin Trust,BTC-USD,2025-10-20,62.93,80000.0,0.25,4106.081,28.222,28.273,35.358
157,IBIT,iShares Bitcoin Trust,BlackRock,IBIT,iShares Bitcoin Trust,BTC-USD,2025-10-21,63.49,80000.0,0.25,4225.2,31.308,31.357,35.328
158,IBIT,iShares Bitcoin Trust,BlackRock,IBIT,iShares Bitcoin Trust,BTC-USD,2025-10-22,61.21,80000.0,0.25,4315.159,26.863,26.914,36.065
159,IBIT,iShares Bitcoin Trust,BlackRock,IBIT,iShares Bitcoin Trust,BTC-USD,2025-10-23,62.56,80000.0,0.25,4344.034,26.863,26.914,36.369
160,IBIT,iShares Bitcoin Trust,BlackRock,IBIT,iShares Bitcoin Trust,BTC-USD,2025-10-24,62.83,80000.0,0.25,4274.936,31.525,31.574,36.385
161,IBIT,iShares Bitcoin Trust,BlackRock,IBIT,iShares Bitcoin Trust,BTC-USD,2025-10-27,65.28,80000.0,0.25,4284.169,26.999,27.05,36.661
162,IBIT,iShares Bitcoin Trust,BlackRock,IBIT,iShares Bitcoin Trust,BTC-USD,2025-10-28,64.49,80000.0,0.25,4272.275,30.073,30.122,36.615
163,IBIT,iShares Bitcoin Trust,BlackRock,IBIT,iShares Bitcoin Trust,BTC-USD,2025-10-29,62.75,80000.0,0.25,4384.264,25.488,25.539,36.984
164,IBIT,iShares Bitcoin Trust,BlackRock,IBIT,iShares Bitcoin Trust,BTC-USD,2025-10-30,60.4,80000.0,0.25,4365.589,25.488,25.539,37.638
165,IBIT,iShares Bitcoin Trust,BlackRock,IBIT,iShares Bitcoin Trust,BTC-USD,2025-10-31,62.3,80000.0,0.25,4302.053,25.488,25.539,37.971
166,IBIT,iShares Bitcoin Trust,BlackRock,IBIT,iShares Bitcoin Trust,BTC-USD,2025-11-03,60.53,80000.0,0.25,4174.692,25.488,25.542,38.347
167,IBIT,iShares Bitcoin Trust,BlackRock,IBIT,iShares Bitcoin Trust,BTC-USD,2025-11-04,57.18,80000.0,0.25,4227.975,25.488,25.543,39.657
168,IBIT,iShares Bitcoin Trust,BlackRock,IBIT,iShares Bitcoin Trust,BTC-USD,2025-11-05,58.92,80000.0,0.25,4103.55,31.747,31.804,40.196
169,IBIT,iShares Bitcoin Trust,BlackRock,IBIT,iShares Bitcoin Trust,BTC-USD,2025-11-06,57.26,80000.0,0.25,4072.206,25.1,25.161,40.061
170,IBIT,iShares Bitcoin Trust,BlackRock,IBIT,iShares Bitcoin Trust,BTC-USD,2025-11-07,58.88,80000.0,0.25,4069.199,33.035,33.109,39.777
171,IBIT,iShares Bitcoin Trust,BlackRock,IBIT,iShares Bitcoin Trust,BTC-USD,2025-11-10,60.19,80000.0,0.25,3884.64,31.635,31.709,40.057
172,IBIT,iShares Bitcoin Trust,BlackRock,IBIT,iShares Bitcoin Trust,BTC-USD,2025-11-11,58.35,80000.0,0.25,3753.844,31.635,31.717,40.5
173,IBIT,iShares Bitcoin Trust,BlackRock,IBIT,iShares Bitcoin Trust,BTC-USD,2025-11-12,57.59,80000.0,0.25,3637.67,36.808,36.89,40.191
174,IBIT,iShares Bitcoin Trust,BlackRock,IBIT,iShares Bitcoin Trust,BTC-USD,2025-11-13,55.59,80000.0,0.25,3695.774,30.405,30.488,40.679
175,IBIT,iShares Bitcoin Trust,BlackRock,IBIT,iShares Bitcoin Trust,BTC-USD,2025-11-14,53.475,80000.0,0.25,3675.109,30.405,30.488,41.222
176,IBIT,iShares Bitcoin Trust,BlackRock,IBIT,iShares Bitcoin Trust,BTC-USD,2025-11-17,52.1,80000.0,0.25,3632.636,30.405,30.488,40.529
177,IBIT,iShares Bitcoin Trust,BlackRock,IBIT,iShares Bitcoin Trust,BTC-USD,2025-11-18,52.66,80000.0,0.25,3667.147,38.266,38.348,39.367
178,IBIT,iShares Bitcoin Trust,BlackRock,IBIT,iShares Bitcoin Trust,BTC-USD,2025-11-19,50.73,80000.0,0.25,3648.076,35.18,35.261,39.966
179,IBIT,iShares Bitcoin Trust,BlackRock,IBIT,iShares Bitcoin Trust,BTC-USD,2025-11-20,48.96,80000.0,0.25,3722.41,40.331,40.409,40.408
180,IBIT,iShares Bitcoin Trust,BlackRock,IBIT,iShares Bitcoin Trust,BTC-USD,2025-11-21,47.97,80000.0,0.25,3982.756,40.331,40.408,40.535
181,IBIT,iShares Bitcoin Trust,BlackRock,IBIT,iShares Bitcoin Trust,BTC-USD,2025-11-24,50.57,80000.0,0.25,4062.428,35.67,35.747,41.732
182,IBIT,iShares Bitcoin Trust,BlackRock,IBIT,iShares Bitcoin Trust,BTC-USD,2025-11-25,49.56,80000.0,0.25,4062.707,42.023,42.1,41.464
183,IBIT,iShares Bitcoin Trust,BlackRock,IBIT,iShares Bitcoin Trust,BTC-USD,2025-11-26,51.03,80000.0,0.25,4078.112,38.949,39.027,41.885
184,IBIT,iShares Bitcoin Trust,BlackRock,IBIT,iShares Bitcoin Trust,BTC-USD,2025-11-28,51.55,80000.0,0.25,3964.39,38.949,39.027,41.794
185,IBIT,iShares Bitcoin Trust,BlackRock,IBIT,iShares Bitcoin Trust,BTC-USD,2025-12-01,48.5,80000.0,0.25,4005.508,38.949,39.027,43.218
186,IBIT,iShares Bitcoin Trust,BlackRock,IBIT,iShares Bitcoin Trust,BTC-USD,2025-12-02,51.67,80000.0,0.25,4044.201,38.949,39.027,45.367
187,IBIT,iShares Bitcoin Trust,BlackRock,IBIT,iShares Bitcoin Trust,BTC-USD,2025-12-03,52.74,80000.0,0.25,4038.367,38.949,39.026,45.623
188,IBIT,iShares Bitcoin Trust,BlackRock,IBIT,iShares Bitcoin Trust,BTC-USD,2025-12-04,52.51,80000.0,0.25,3853.05,42.035,42.109,45.359
189,IBIT,iShares Bitcoin Trust,BlackRock,IBIT,iShares Bitcoin Trust,BTC-USD,2025-12-05,50.69,80000.0,0.25,3842.747,35.776,35.85,45.762
190,IBIT,iShares Bitcoin Trust,BlackRock,IBIT,iShares Bitcoin Trust,BTC-USD,2025-12-08,51.52,80000.0,0.25,3798.91,41.021,41.094,45.671
191,IBIT,iShares Bitcoin Trust,BlackRock,IBIT,iShares Bitcoin Trust,BTC-USD,2025-12-09,52.85,80000.0,0.25,3760.1,33.873,33.946,46.032
192,IBIT,iShares Bitcoin Trust,BlackRock,IBIT,iShares Bitcoin Trust,BTC-USD,2025-12-10,52.49,80000.0,0.25,3754.335,44.617,44.691,45.903
193,IBIT,iShares Bitcoin Trust,BlackRock,IBIT,iShares Bitcoin Trust,BTC-USD,2025-12-11,52.1,80000.0,0.25,3784.853,44.617,44.685,45.888
194,IBIT,iShares Bitcoin Trust,BlackRock,IBIT,iShares Bitcoin Trust,BTC-USD,2025-12-12,51.2,80000.0,0.25,3786.074,48.431,48.503,45.775
195,IBIT,iShares Bitcoin Trust,BlackRock,IBIT,iShares Bitcoin Trust,BTC-USD,2025-12-15,48.66,80000.0,0.25,3748.316,48.431,48.503,46.64
196,IBIT,iShares Bitcoin Trust,BlackRock,IBIT,iShares Bitcoin Trust,BTC-USD,2025-12-16,49.71,80000.0,0.25,3641.135,51.035,51.107,46.722
197,IBIT,iShares Bitcoin Trust,BlackRock,IBIT,iShares Bitcoin Trust,BTC-USD,2025-12-17,48.71,80000.0,0.25,3596.046,53.488,53.559,46.84
198,IBIT,iShares Bitcoin Trust,BlackRock,IBIT,iShares Bitcoin Trust,BTC-USD,2025-12-18,47.96,80000.0,0.25,3569.769,60.746,60.818,46.703
199,IBIT,iShares Bitcoin Trust,BlackRock,IBIT,iShares Bitcoin Trust,BTC-USD,2025-12-19,49.91,80000.0,0.25,3490.003,68.608,68.68,47.112
200,IBIT,iShares Bitcoin Trust,BlackRock,IBIT,iShares Bitcoin Trust,BTC-USD,2025-12-22,50.09,80000.0,0.25,3323.798,63.983,64.055,47.135
201,IBIT,iShares Bitcoin Trust,BlackRock,IBIT,iShares Bitcoin Trust,BTC-USD,2025-12-23,49.65,80000.0,0.25,3043.006,63.983,64.055,45.915
202,IBIT,iShares Bitcoin Trust,BlackRock,IBIT,iShares Bitcoin Trust,BTC-USD,2025-12-24,49.46,80000.0,0.25,2897.317,67.023,67.091,45.904
203,IBIT,iShares Bitcoin Trust,BlackRock,IBIT,iShares Bitcoin Trust,BTC-USD,2025-12-26,49.61,80000.0,0.25,2834.35,62.321,62.389,45.478
204,IBIT,iShares Bitcoin Trust,BlackRock,IBIT,iShares Bitcoin Trust,BTC-USD,2025-12-29,49.38,80000.0,0.25,2748.617,65.933,65.986,44.893
205,IBIT,iShares Bitcoin Trust,BlackRock,IBIT,iShares Bitcoin Trust,BTC-USD,2025-12-30,49.83,80000.0,0.25,2736.997,65.933,65.986,44.793
206,IBIT,iShares Bitcoin Trust,BlackRock,IBIT,iShares Bitcoin Trust,BTC-USD,2025-12-31,49.65,80000.0,0.25,2610.908,67.534,67.579,44.452
207,IBIT,iShares Bitcoin Trust,BlackRock,IBIT,iShares Bitcoin Trust,BTC-USD,2026-01-02,50.94,80000.0,0.25,2591.911,67.534,67.579,44.614
208,IBIT,iShares Bitcoin Trust,BlackRock,IBIT,iShares Bitcoin Trust,BTC-USD,2026-01-05,53.46,80000.0,0.25,2643.246,67.534,67.579,45.789
209,IBIT,iShares Bitcoin Trust,BlackRock,IBIT,iShares Bitcoin Trust,BTC-USD,2026-01-06,52.45,80000.0,0.25,2678.935,69.388,69.441,45.79
210,IBIT,iShares Bitcoin Trust,BlackRock,IBIT,iShares Bitcoin Trust,BTC-USD,2026-01-07,51.54,80000.0,0.25,2653.669,69.388,69.441,45.351
211,IBIT,iShares Bitcoin Trust,BlackRock,IBIT,iShares Bitcoin Trust,BTC-USD,2026-01-08,51.52,80000.0,0.25,2652.848,64.143,64.188,45.356
212,IBIT,iShares Bitcoin Trust,BlackRock,IBIT,iShares Bitcoin Trust,BTC-USD,2026-01-09,51.16,80000.0,0.25,2608.84,67.554,67.596,45.056
213,IBIT,iShares Bitcoin Trust,BlackRock,IBIT,iShares Bitcoin Trust,BTC-USD,2026-01-12,51.87,80000.0,0.25,2568.925,64.573,64.618,45.166
214,IBIT,iShares Bitcoin Trust,BlackRock,IBIT,iShares Bitcoin Trust,BTC-USD,2026-01-13,53.57,80000.0,0.25,2611.542,64.573,64.626,45.446
215,IBIT,iShares Bitcoin Trust,BlackRock,IBIT,iShares Bitcoin Trust,BTC-USD,2026-01-14,55.44,80000.0,0.25,2722.836,55.586,55.639,45.968
216,IBIT,iShares Bitcoin Trust,BlackRock,IBIT,iShares Bitcoin Trust,BTC-USD,2026-01-15,54.0,80000.0,0.25,2683.294,60.199,60.252,45.425
217,IBIT,iShares Bitcoin Trust,BlackRock,IBIT,iShares Bitcoin Trust,BTC-USD,2026-01-16,54.24,80000.0,0.25,2662.375,57.595,57.64,45.386
218,IBIT,iShares Bitcoin Trust,BlackRock,IBIT,iShares Bitcoin Trust,BTC-USD,2026-01-20,50.76,80000.0,0.25,2663.968,55.142,55.187,46.726
219,IBIT,iShares Bitcoin Trust,BlackRock,IBIT,iShares Bitcoin Trust,BTC-USD,2026-01-21,51.11,80000.0,0.25,2671.275,40.023,40.064,46.485
220,IBIT,iShares Bitcoin Trust,BlackRock,IBIT,iShares Bitcoin Trust,BTC-USD,2026-01-22,50.67,80000.0,0.25,2640.638,36.288,36.328,46.469
221,IBIT,iShares Bitcoin Trust,BlackRock,IBIT,iShares Bitcoin Trust,BTC-USD,2026-01-23,50.7,80000.0,0.25,2637.28,40.341,40.381,45.655
222,IBIT,iShares Bitcoin Trust,BlackRock,IBIT,iShares Bitcoin Trust,BTC-USD,2026-01-26,49.65,80000.0,0.25,2637.79,40.341,40.382,45.755
223,IBIT,iShares Bitcoin Trust,BlackRock,IBIT,iShares Bitcoin Trust,BTC-USD,2026-01-27,50.63,80000.0,0.25,2709.172,43.573,43.639,45.758
224,IBIT,iShares Bitcoin Trust,BlackRock,IBIT,iShares Bitcoin Trust,BTC-USD,2026-01-28,50.51,80000.0,0.25,2721.875,41.921,41.987,45.187
225,IBIT,iShares Bitcoin Trust,BlackRock,IBIT,iShares Bitcoin Trust,BTC-USD,2026-01-29,47.6,80000.0,0.25,2904.269,38.31,38.376,46.07
226,IBIT,iShares Bitcoin Trust,BlackRock,IBIT,iShares Bitcoin Trust,BTC-USD,2026-01-30,47.49,80000.0,0.25,2963.299,38.31,38.376,45.792
227,IBIT,iShares Bitcoin Trust,BlackRock,IBIT,iShares Bitcoin Trust,BTC-USD,2026-02-02,44.22,80000.0,0.25,3107.622,36.709,36.781,46.59
228,IBIT,iShares Bitcoin Trust,BlackRock,IBIT,iShares Bitcoin Trust,BTC-USD,2026-02-03,43.3,80000.0,0.25,3207.034,36.709,36.775,46.159
229,IBIT,iShares Bitcoin Trust,BlackRock,IBIT,iShares Bitcoin Trust,BTC-USD,2026-02-04,41.57,80000.0,0.25,3231.76,40.446,40.512,46.49
230,IBIT,iShares Bitcoin Trust,BlackRock,IBIT,iShares Bitcoin Trust,BTC-USD,2026-02-05,36.1,80000.0,0.25,3583.47,35.507,35.579,53.674
231,IBIT,iShares Bitcoin Trust,BlackRock,IBIT,iShares Bitcoin Trust,BTC-USD,2026-02-06,39.68,80000.0,0.25,3783.299,41.303,41.375,57.349
232,IBIT,iShares Bitcoin Trust,BlackRock,IBIT,iShares Bitcoin Trust,BTC-USD,2026-02-09,40.11,80000.0,0.25,3826.402,53.641,53.713,57.238
233,IBIT,iShares Bitcoin Trust,BlackRock,IBIT,iShares Bitcoin Trust,BTC-USD,2026-02-10,38.97,80000.0,0.25,3843.85,52.133,52.208,57.409
234,IBIT,iShares Bitcoin Trust,BlackRock,IBIT,iShares Bitcoin Trust,BTC-USD,2026-02-11,38.29,80000.0,0.25,3872.895,44.371,44.445,57.143
235,IBIT,iShares Bitcoin Trust,BlackRock,IBIT,iShares Bitcoin Trust,BTC-USD,2026-02-12,37.05,80000.0,0.25,3815.595,59.448,59.523,57.013
236,IBIT,iShares Bitcoin Trust,BlackRock,IBIT,iShares Bitcoin Trust,BTC-USD,2026-02-13,38.97,80000.0,0.25,3710.49,59.448,59.537,58.02
237,IBIT,iShares Bitcoin Trust,BlackRock,IBIT,iShares Bitcoin Trust,BTC-USD,2026-02-17,38.39,80000.0,0.25,3680.91,58.619,58.693,57.965
238,IBIT,iShares Bitcoin Trust,BlackRock,IBIT,iShares Bitcoin Trust,BTC-USD,2026-02-18,37.54,80000.0,0.25,3658.636,67.194,67.283,57.692
239,IBIT,iShares Bitcoin Trust,BlackRock,IBIT,iShares Bitcoin Trust,BTC-USD,2026-02-19,38.07,80000.0,0.25,3554.602,72.01,72.092,57.467
240,IBIT,iShares Bitcoin Trust,BlackRock,IBIT,iShares Bitcoin Trust,BTC-USD,2026-02-20,38.42,80000.0,0.25,3497.724,72.01,72.092,57.429
241,IBIT,iShares Bitcoin Trust,BlackRock,IBIT,iShares Bitcoin Trust,BTC-USD,2026-02-23,36.55,80000.0,0.25,3487.048,67.883,67.971,56.97
242,IBIT,iShares Bitcoin Trust,BlackRock,IBIT,iShares Bitcoin Trust,BTC-USD,2026-02-24,36.53,80000.0,0.25,3452.968,63.303,63.391,56.894
243,IBIT,iShares Bitcoin Trust,BlackRock,IBIT,iShares Bitcoin Trust,BTC-USD,2026-02-25,39.23,80000.0,0.25,3498.303,63.303,63.391,58.606
244,IBIT,iShares Bitcoin Trust,BlackRock,IBIT,iShares Bitcoin Trust,BTC-USD,2026-02-26,38.26,80000.0,0.25,3467.95,64.548,64.657,58.677
245,IBIT,iShares Bitcoin Trust,BlackRock,IBIT,iShares Bitcoin Trust,BTC-USD,2026-02-27,37.19,80000.0,0.25,3450.754,64.548,64.667,57.72
246,IBIT,iShares Bitcoin Trust,BlackRock,IBIT,iShares Bitcoin Trust,BTC-USD,2026-03-02,39.195,80000.0,0.25,3381.518,64.548,64.668,57.219
247,IBIT,iShares Bitcoin Trust,BlackRock,IBIT,iShares Bitcoin Trust,BTC-USD,2026-03-03,38.7,80000.0,0.25,3348.143,78.77,78.89,57.001
248,IBIT,iShares Bitcoin Trust,BlackRock,IBIT,iShares Bitcoin Trust,BTC-USD,2026-03-04,41.44,80000.0,0.25,3351.712,78.77,78.89,58.961
249,IBIT,iShares Bitcoin Trust,BlackRock,IBIT,iShares Bitcoin Trust,BTC-USD,2026-03-05,40.39,80000.0,0.25,3210.377,80.061,80.182,58.776
250,IBIT,iShares Bitcoin Trust,BlackRock,IBIT,iShares Bitcoin Trust,BTC-USD,2026-03-06,38.6,80000.0,0.25,3095.959,76.324,76.45,59.232
251,IBIT,iShares Bitcoin Trust,BlackRock,IBIT,iShares Bitcoin Trust,BTC-USD,2026-03-09,39.13,80000.0,0.25,2744.277,77.531,77.651,59.023
252,IBIT,iShares Bitcoin Trust,BlackRock,IBIT,iShares Bitcoin Trust,BTC-USD,2026-03-10,39.71,80000.0,0.25,2554.624,71.734,71.854,59.159
253,IBIT,iShares Bitcoin Trust,BlackRock,IBIT,iShares Bitcoin Trust,BTC-USD,2026-03-11,40.07,80000.0,0.25,2495.275,67.619,67.738,59.222
254,IBIT,iShares Bitcoin Trust,BlackRock,IBIT,iShares Bitcoin Trust,BTC-USD,2026-03-12,39.95,80000.0,0.25,2461.904,66.535,66.638,59.16
255,IBIT,iShares Bitcoin Trust,BlackRock,IBIT,iShares Bitcoin Trust,BTC-USD,2026-03-13,40.37,80000.0,0.25,2492.007,66.535,66.638,58.421
256,IBIT,iShares Bitcoin Trust,BlackRock,IBIT,iShares Bitcoin Trust,BTC-USD,2026-03-16,41.94,80000.0,0.25,2503.656,51.457,51.561,58.822
257,IBIT,iShares Bitcoin Trust,BlackRock,IBIT,iShares Bitcoin Trust,BTC-USD,2026-03-17,42.27,80000.0,0.25,2465.058,55.491,55.573,58.747
258,IBIT,iShares Bitcoin Trust,BlackRock,IBIT,iShares Bitcoin Trust,BTC-USD,2026-03-18,40.26,80000.0,0.25,2487.482,51.708,51.811,59.455
259,IBIT,iShares Bitcoin Trust,BlackRock,IBIT,iShares Bitcoin Trust,BTC-USD,2026-03-19,39.82,80000.0,0.25,2509.393,43.132,43.215,58.802
260,IBIT,iShares Bitcoin Trust,BlackRock,IBIT,iShares Bitcoin Trust,BTC-USD,2026-03-20,39.77,80000.0,0.25,2523.876,44.162,44.221,58.784
261,IBIT,iShares Bitcoin Trust,BlackRock,IBIT,iShares Bitcoin Trust,BTC-USD,2026-03-23,40.05,80000.0,0.25,2503.541,44.162,44.221,58.817
262,IBIT,iShares Bitcoin Trust,BlackRock,IBIT,iShares Bitcoin Trust,BTC-USD,2026-03-24,39.28,80000.0,0.25,2497.709,44.162,44.221,58.906
263,IBIT,iShares Bitcoin Trust,BlackRock,IBIT,iShares Bitcoin Trust,BTC-USD,2026-03-25,40.17,80000.0,0.25,2495.773,44.162,44.253,59.136
264,IBIT,iShares Bitcoin Trust,BlackRock,IBIT,iShares Bitcoin Trust,BTC-USD,2026-03-26,38.82,80000.0,0.25,2427.161,44.162,44.253,59.469
265,IBIT,iShares Bitcoin Trust,BlackRock,IBIT,iShares Bitcoin Trust,BTC-USD,2026-03-27,37.4,80000.0,0.25,2451.719,36.645,36.735,59.791
266,IBIT,iShares Bitcoin Trust,BlackRock,IBIT,iShares Bitcoin Trust,BTC-USD,2026-03-30,37.68,80000.0,0.25,2439.854,36.645,36.703,59.843
267,IBIT,iShares Bitcoin Trust,BlackRock,IBIT,iShares Bitcoin Trust,BTC-USD,2026-03-31,38.42,80000.0,0.25,2345.184,44.728,44.787,59.723
268,IBIT,iShares Bitcoin Trust,BlackRock,IBIT,iShares Bitcoin Trust,BTC-USD,2026-04-01,38.64,80000.0,0.25,2278.059,30.506,30.565,58.739
269,IBIT,iShares Bitcoin Trust,BlackRock,IBIT,iShares Bitcoin Trust,BTC-USD,2026-04-02,37.97,80000.0,0.25,2112.125,30.506,30.565,58.724
270,IBIT,iShares Bitcoin Trust,BlackRock,IBIT,iShares Bitcoin Trust,BTC-USD,2026-04-06,39.52,80000.0,0.25,2070.111,29.215,29.273,59.396
271,IBIT,iShares Bitcoin Trust,BlackRock,IBIT,iShares Bitcoin Trust,BTC-USD,2026-04-07,39.1,80000.0,0.25,2021.726,29.215,29.273,59.404
272,IBIT,iShares Bitcoin Trust,BlackRock,IBIT,iShares Bitcoin Trust,BTC-USD,2026-04-08,40.42,80000.0,0.25,2001.167,28.008,28.097,59.903
273,IBIT,iShares Bitcoin Trust,BlackRock,IBIT,iShares Bitcoin Trust,BTC-USD,2026-04-09,40.91,80000.0,0.25,1946.449,40.384,40.473,59.882
274,IBIT,iShares Bitcoin Trust,BlackRock,IBIT,iShares Bitcoin Trust,BTC-USD,2026-04-10,41.56,80000.0,0.25,1926.591,32.162,32.253,59.551
275,IBIT,iShares Bitcoin Trust,BlackRock,IBIT,iShares Bitcoin Trust,BTC-USD,2026-04-13,41.59,80000.0,0.25,1930.963,36.098,36.189,59.018
276,IBIT,iShares Bitcoin Trust,BlackRock,IBIT,iShares Bitcoin Trust,BTC-USD,2026-04-14,42.13,80000.0,0.25,1908.618,36.098,36.189,58.954
277,IBIT,iShares Bitcoin Trust,BlackRock,IBIT,iShares Bitcoin Trust,BTC-USD,2026-04-15,42.56,80000.0,0.25,1858.751,40.797,40.887,59.002
278,IBIT,iShares Bitcoin Trust,BlackRock,IBIT,iShares Bitcoin Trust,BTC-USD,2026-04-16,42.73,80000.0,0.25,1851.373,45.856,45.945,57.574
279,IBIT,iShares Bitcoin Trust,BlackRock,IBIT,iShares Bitcoin Trust,BTC-USD,2026-04-17,43.94,80000.0,0.25,1896.757,45.856,45.945,57.887
280,IBIT,iShares Bitcoin Trust,BlackRock,IBIT,iShares Bitcoin Trust,BTC-USD,2026-04-20,43.25,80000.0,0.25,1863.194,45.856,45.945,57.938
281,IBIT,iShares Bitcoin Trust,BlackRock,IBIT,iShares Bitcoin Trust,BTC-USD,2026-04-21,42.51,80000.0,0.25,1830.427,50.089,50.179,58.011
282,IBIT,iShares Bitcoin Trust,BlackRock,IBIT,iShares Bitcoin Trust,BTC-USD,2026-04-22,44.75,80000.0,0.25,1846.525,50.089,50.185,58.938
283,IBIT,iShares Bitcoin Trust,BlackRock,IBIT,iShares Bitcoin Trust,BTC-USD,2026-04-23,44.05,80000.0,0.25,1828.82,50.089,50.185,58.837
284,IBIT,iShares Bitcoin Trust,BlackRock,IBIT,iShares Bitcoin Trust,BTC-USD,2026-04-24,44.02,80000.0,0.25,1808.914,53.928,54.017,58.838
285,IBIT,iShares Bitcoin Trust,BlackRock,IBIT,iShares Bitcoin Trust,BTC-USD,2026-04-27,43.56,80000.0,0.25,1794.602,56.533,56.623,57.655
286,IBIT,iShares Bitcoin Trust,BlackRock,IBIT,iShares Bitcoin Trust,BTC-USD,2026-04-28,43.27,80000.0,0.25,1724.4,56.533,56.622,57.665
287,IBIT,iShares Bitcoin Trust,BlackRock,IBIT,iShares Bitcoin Trust,BTC-USD,2026-04-29,42.75,80000.0,0.25,1719.397,58.993,59.082,55.852
288,IBIT,iShares Bitcoin Trust,BlackRock,IBIT,iShares Bitcoin Trust,BTC-USD,2026-04-30,43.32,80000.0,0.25,1672.403,52.403,52.492,55.757
289,IBIT,iShares Bitcoin Trust,BlackRock,IBIT,iShares Bitcoin Trust,BTC-USD,2026-05-01,44.47,80000.0,0.25,1707.028,52.403,52.492,55.353
290,IBIT,iShares Bitcoin Trust,BlackRock,IBIT,iShares Bitcoin Trust,BTC-USD,2026-05-04,45.4,80000.0,0.25,1781.079,52.403,52.492,46.882
291,IBIT,iShares Bitcoin Trust,BlackRock,IBIT,iShares Bitcoin Trust,BTC-USD,2026-05-05,46.28,80000.0,0.25,1801.956,52.403,52.492,43.039
292,IBIT,iShares Bitcoin Trust,BlackRock,IBIT,iShares Bitcoin Trust,BTC-USD,2026-05-06,46.19,80000.0,0.25,1824.46,54.395,54.478,43.014
293,IBIT,iShares Bitcoin Trust,BlackRock,IBIT,iShares Bitcoin Trust,BTC-USD,2026-05-07,45.4,80000.0,0.25,1776.749,54.395,54.478,42.72
294,IBIT,iShares Bitcoin Trust,BlackRock,IBIT,iShares Bitcoin Trust,BTC-USD,2026-05-08,45.45,80000.0,0.25,1765.623,46.111,46.19,42.514
295,IBIT,iShares Bitcoin Trust,BlackRock,IBIT,iShares Bitcoin Trust,BTC-USD,2026-05-11,46.47,80000.0,0.25,1765.569,46.111,46.19,42.031
296,IBIT,iShares Bitcoin Trust,BlackRock,IBIT,iShares Bitcoin Trust,BTC-USD,2026-05-12,45.8,80000.0,0.25,1740.206,40.35,40.434,41.043
297,IBIT,iShares Bitcoin Trust,BlackRock,IBIT,iShares Bitcoin Trust,BTC-USD,2026-05-13,45.12,80000.0,0.25,1672.459,40.35,40.44,41.043
298,IBIT,iShares Bitcoin Trust,BlackRock,IBIT,iShares Bitcoin Trust,BTC-USD,2026-05-14,46.17,80000.0,0.25,1698.599,35.652,35.746,40.912
299,IBIT,iShares Bitcoin Trust,BlackRock,IBIT,iShares Bitcoin Trust,BTC-USD,2026-05-15,44.82,80000.0,0.25,1707.91,26.56,26.656,41.407
300,IBIT,iShares Bitcoin Trust,BlackRock,IBIT,iShares Bitcoin Trust,BTC-USD,2026-05-18,43.53,80000.0,0.25,1655.632,26.56,26.662,41.896
301,IBIT,iShares Bitcoin Trust,BlackRock,IBIT,iShares Bitcoin Trust,BTC-USD,2026-05-19,43.5,80000.0,0.25,1630.353,31.496,31.598,40.478
302,IBIT,iShares Bitcoin Trust,BlackRock,IBIT,iShares Bitcoin Trust,BTC-USD,2026-05-20,43.99,80000.0,0.25,1613.552,21.418,21.52,40.507
303,IBIT,iShares Bitcoin Trust,BlackRock,IBIT,iShares Bitcoin Trust,BTC-USD,2026-05-21,44.0,80000.0,0.25,1558.006,26.132,26.226,37.932
304,IBIT,iShares Bitcoin Trust,BlackRock,IBIT,iShares Bitcoin Trust,BTC-USD,2026-05-22,42.96,80000.0,0.25,1535.253,26.132,26.234,37.898
305,IBIT,iShares Bitcoin Trust,BlackRock,IBIT,iShares Bitcoin Trust,BTC-USD,2026-05-26,42.99,80000.0,0.25,1647.358,29.837,29.939,37.371
306,IBIT,iShares Bitcoin Trust,BlackRock,IBIT,iShares Bitcoin Trust,BTC-USD,2026-05-27,42.45,80000.0,0.25,1652.053,27.231,27.333,36.001
307,IBIT,iShares Bitcoin Trust,BlackRock,IBIT,iShares Bitcoin Trust,BTC-USD,2026-05-28,41.56,80000.0,0.25,1687.389,27.231,27.342,36.183
308,IBIT,iShares Bitcoin Trust,BlackRock,IBIT,iShares Bitcoin Trust,BTC-USD,2026-05-29,41.63,80000.0,0.25,1697.642,30.378,30.489,33.363
309,IBIT,iShares Bitcoin Trust,BlackRock,IBIT,iShares Bitcoin Trust,BTC-USD,2026-06-01,40.49,80000.0,0.25,1755.425,28.885,28.997,33.435
310,IBIT,iShares Bitcoin Trust,BlackRock,IBIT,iShares Bitcoin Trust,BTC-USD,2026-06-02,38.05,80000.0,0.25,1796.875,28.885,28.997,34.568
311,IBIT,iShares Bitcoin Trust,BlackRock,IBIT,iShares Bitcoin Trust,BTC-USD,2026-06-03,37.0,80000.0,0.25,1754.471,28.885,29.001,34.906
312,IBIT,iShares Bitcoin Trust,BlackRock,IBIT,iShares Bitcoin Trust,BTC-USD,2026-06-04,36.02,80000.0,0.25,1783.503,28.885,29.001,35.148
313,IBIT,iShares Bitcoin Trust,BlackRock,IBIT,iShares Bitcoin Trust,BTC-USD,2026-06-05,34.14,80000.0,0.25,1885.833,26.893,27.01,36.649
314,IBIT,iShares Bitcoin Trust,BlackRock,IBIT,iShares Bitcoin Trust,BTC-USD,2026-06-08,35.89,80000.0,0.25,1915.024,26.893,27.01,38.205
315,IBIT,iShares Bitcoin Trust,BlackRock,IBIT,iShares Bitcoin Trust,BTC-USD,2026-06-09,35.14,80000.0,0.25,1949.641,22.801,22.917,38.32
316,IBIT,iShares Bitcoin Trust,BlackRock,IBIT,iShares Bitcoin Trust,BTC-USD,2026-06-10,35.08,80000.0,0.25,1943.181,25.601,25.717,37.382
317,IBIT,iShares Bitcoin Trust,BlackRock,IBIT,iShares Bitcoin Trust,BTC-USD,2026-06-11,36.05,80000.0,0.25,1957.404,25.601,25.718,37.831
318,IBIT,iShares Bitcoin Trust,BlackRock,IBIT,iShares Bitcoin Trust,BTC-USD,2026-06-12,36.04,80000.0,0.25,1950.269,26.141,26.257,36.594
319,IBIT,iShares Bitcoin Trust,BlackRock,IBIT,iShares Bitcoin Trust,BTC-USD,2026-06-15,37.74,80000.0,0.25,1947.219,26.141,26.26,37.834
320,IBIT,iShares Bitcoin Trust,BlackRock,IBIT,iShares Bitcoin Trust,BTC-USD,2026-06-16,37.17,80000.0,0.25,1909.514,26.141,26.26,37.948
321,IBIT,iShares Bitcoin Trust,BlackRock,IBIT,iShares Bitcoin Trust,BTC-USD,2026-06-17,36.36,80000.0,0.25,1867.447,29.169,29.288,38.148
322,IBIT,iShares Bitcoin Trust,BlackRock,IBIT,iShares Bitcoin Trust,BTC-USD,2026-06-18,35.62,80000.0,0.25,1896.135,24.232,24.353,38.171
323,IBIT,iShares Bitcoin Trust,BlackRock,IBIT,iShares Bitcoin Trust,BTC-USD,2026-06-22,36.5,80000.0,0.25,1915.423,24.232,24.358,38.227
324,IBIT,iShares Bitcoin Trust,BlackRock,IBIT,iShares Bitcoin Trust,BTC-USD,2026-06-23,35.31,80000.0,0.25,1918.555,19.518,19.659,38.19
325,IBIT,iShares Bitcoin Trust,BlackRock,IBIT,iShares Bitcoin Trust,BTC-USD,2026-06-24,33.87,80000.0,0.25,1993.023,19.518,19.659,38.375
326,IBIT,iShares Bitcoin Trust,BlackRock,IBIT,iShares Bitcoin Trust,BTC-USD,2026-06-25,33.52,80000.0,0.25,1939.609,19.087,19.227,38.368
327,IBIT,iShares Bitcoin Trust,BlackRock,IBIT,iShares Bitcoin Trust,BTC-USD,2026-06-26,33.85,80000.0,0.25,1964.245,27.989,28.13,38.189
328,IBIT,iShares Bitcoin Trust,BlackRock,IBIT,iShares Bitcoin Trust,BTC-USD,2026-06-29,34.18,80000.0,0.25,1958.387,39.648,39.789,38.232
329,IBIT,iShares Bitcoin Trust,BlackRock,IBIT,iShares Bitcoin Trust,BTC-USD,2026-06-30,33.29,80000.0,0.25,1972.491,34.041,34.182,38.429
330,IBIT,iShares Bitcoin Trust,BlackRock,IBIT,iShares Bitcoin Trust,BTC-USD,2026-07-01,34.0,80000.0,0.25,1955.499,34.041,34.182,37.731
331,IBIT,iShares Bitcoin Trust,BlackRock,IBIT,iShares Bitcoin Trust,BTC-USD,2026-07-02,34.87,80000.0,0.25,1893.658,34.041,34.182,38.115
332,IBIT,iShares Bitcoin Trust,BlackRock,IBIT,iShares Bitcoin Trust,BTC-USD,2026-07-06,36.12,80000.0,0.25,1889.455,36.058,36.199,38.197
333,IBIT,iShares Bitcoin Trust,BlackRock,IBIT,iShares Bitcoin Trust,BTC-USD,2026-07-07,36.15,80000.0,0.25,1819.239,39.345,39.485,38.091
334,IBIT,iShares Bitcoin Trust,BlackRock,IBIT,iShares Bitcoin Trust,BTC-USD,2026-07-08,35.23,80000.0,0.25,1694.163,39.345,39.487,38.212
335,IBIT,iShares Bitcoin Trust,BlackRock,IBIT,iShares Bitcoin Trust,BTC-USD,2026-07-09,35.81,80000.0,0.25,1643.99,39.345,39.487,38.406
336,IBIT,iShares Bitcoin Trust,BlackRock,IBIT,iShares Bitcoin Trust,BTC-USD,2026-07-10,36.23,80000.0,0.25,1609.152,39.345,39.487,38.386
337,IBIT,iShares Bitcoin Trust,BlackRock,IBIT,iShares Bitcoin Trust,BTC-USD,2026-07-13,35.22,80000.0,0.25,1610.612,36.544,36.69,38.651
338,IBIT,iShares Bitcoin Trust,BlackRock,IBIT,iShares Bitcoin Trust,BTC-USD,2026-07-14,36.58,80000.0,0.25,1618.403,36.544,36.69,39.533
339,IBIT,iShares Bitcoin Trust,BlackRock,IBIT,iShares Bitcoin Trust,BTC-USD,2026-07-15,36.81,80000.0,0.25,1615.676,36.005,36.151,39.065
340,IBIT,iShares Bitcoin Trust,BlackRock,IBIT,iShares Bitcoin Trust,BTC-USD,2026-07-16,36.39,80000.0,0.25,1558.474,36.005,36.149,39.014
341,IBIT,iShares Bitcoin Trust,BlackRock,IBIT,iShares Bitcoin Trust,BTC-USD,2026-07-17,36.35,80000.0,0.25,1608.425,36.005,36.147,38.9
342,IBIT,iShares Bitcoin Trust,BlackRock,IBIT,iShares Bitcoin Trust,BTC-USD,2026-07-20,36.89,80000.0,0.25,1593.005,32.977,33.111,37.427
343,IBIT,iShares Bitcoin Trust,BlackRock,IBIT,iShares Bitcoin Trust,BTC-USD,2026-07-21,37.67,80000.0,0.25,1590.848,32.977,33.111,37.656
344,IBIT,iShares Bitcoin Trust,BlackRock,IBIT,iShares Bitcoin Trust,BTC-USD,2026-07-22,37.34,80000.0,0.25,1567.317,32.977,33.103,37.675
345,IBIT,iShares Bitcoin Trust,BlackRock,IBIT,iShares Bitcoin Trust,BTC-USD,2026-07-23,36.65,80000.0,0.25,1573.375,32.977,33.103,37.784
346,IBIT,iShares Bitcoin Trust,BlackRock,IBIT,iShares Bitcoin Trust,BTC-USD,2026-07-24,36.35,80000.0,0.25,1494.562,32.977,33.097,37.792
347,IBIT,iShares Bitcoin Trust,BlackRock,IBIT,iShares Bitcoin Trust,BTC-USD,2026-07-27,36.77,80000.0,0.25,1425.499,25.865,25.985,37.856
348,IBIT,iShares Bitcoin Trust,BlackRock,IBIT,iShares Bitcoin Trust,BTC-USD,2026-07-28,36.14,80000.0,0.25,1379.951,16.962,17.088,37.83
349,IBIT,iShares Bitcoin Trust,BlackRock,IBIT,iShares Bitcoin Trust,BTC-USD,2026-07-29,36.0,80000.0,0.25,1364.817,5.304,5.429,37.337
350,IBIT,iShares Bitcoin Trust,BlackRock,IBIT,iShares Bitcoin Trust,BTC-USD,2026-07-30,36.7,80000.0,0.25,1334.928,5.304,5.429,37.298
351,IBIT,iShares Bitcoin Trust,BlackRock,IBIT,iShares Bitcoin Trust,BTC-USD,2026-07-31,35.64,80000.0,0.25,1341.325,5.304,5.444,37.359
352,IBIT,iShares Bitcoin Trust,BlackRock,IBIT,iShares Bitcoin Trust,BTC-USD,2026-08-03,36.16,80000.0,0.25,1336.022,12.976,13.102,37.556
353,IBIT,iShares Bitcoin Trust,BlackRock,IBIT,iShares Bitcoin Trust,BTC-USD,2026-08-04,36.39,80000.0,0.25,1305.341,10.959,11.079,37.513
354,IBIT,iShares Bitcoin Trust,BlackRock,IBIT,iShares Bitcoin Trust,BTC-USD,2026-08-05,36.74,80000.0,0.25,1307.183,7.867,7.987,37.6
355,IBIT,iShares Bitcoin Trust,BlackRock,IBIT,iShares Bitcoin Trust,BTC-USD,2026-08-06,36.49,80000.0,0.25,1301.147,12.995,13.106,37.22
356,IBIT,iShares Bitcoin Trust,BlackRock,IBIT,iShares Bitcoin Trust,BTC-USD,2026-08-07,36.8,80000.0,0.25,1314.72,12.995,13.1,37.241
357,IBIT,iShares Bitcoin Trust,BlackRock,IBIT,iShares Bitcoin Trust,BTC-USD,2026-08-10,36.23,80000.0,0.25,1330.805,12.995,13.103,37.25
358,IBIT,iShares Bitcoin Trust,BlackRock,IBIT,iShares Bitcoin Trust,BTC-USD,2026-08-11,35.94,80000.0,0.25,1320.345,12.995,13.096,36.842
359,IBIT,iShares Bitcoin Trust,BlackRock,IBIT,iShares Bitcoin Trust,BTC-USD,2026-08-12,35.89,80000.0,0.25,1281.802,17.978,18.073,36.459
360,IBIT,iShares Bitcoin Trust,BlackRock,IBIT,iShares Bitcoin Trust,BTC-USD,2026-08-13,35.88,80000.0,0.25,1265.191,21.06,21.156,36.075
361,IBIT,iShares Bitcoin Trust,BlackRock,IBIT,iShares Bitcoin Trust,BTC-USD,2026-08-14,35.63,80000.0,0.25,1267.131,21.06,21.143,36.079
362,IBIT,iShares Bitcoin Trust,BlackRock,IBIT,iShares Bitcoin Trust,BTC-USD,2026-08-17,36.42,80000.0,0.25,1244.224,21.06,21.156,36.33
363,IBIT,iShares Bitcoin Trust,BlackRock,IBIT,iShares Bitcoin Trust,BTC-USD,2026-08-18,36.6,80000.0,0.25,1235.816,21.06,21.143,36.361
364,IBIT,iShares Bitcoin Trust,BlackRock,IBIT,iShares Bitcoin Trust,BTC-USD,2026-08-19,38.78,80000.0,0.25,1416.709,21.06,21.143,38.176
365,IBIT,iShares Bitcoin Trust,BlackRock,IBIT,iShares Bitcoin Trust,BTC-USD,2026-08-20,41.2,80000.0,0.25,1587.39,21.06,21.143,40.25
366,IBIT,iShares Bitcoin Trust,BlackRock,IBIT,iShares Bitcoin Trust,BTC-USD,2026-08-21,43.68,80000.0,0.25,1771.715,21.06,21.143,41.95
367,IBIT,iShares Bitcoin Trust,BlackRock,IBIT,iShares Bitcoin Trust,BTC-USD,2026-08-24,44.64,80000.0,0.25,1919.2,21.06,21.143,41.926
368,IBIT,iShares Bitcoin Trust,BlackRock,IBIT,iShares Bitcoin Trust,BTC-USD,2026-08-25,44.72,80000.0,0.25,2005.54,28.162,28.241,41.926
369,IBIT,iShares Bitcoin Trust,BlackRock,IBIT,iShares Bitcoin Trust,BTC-USD,2026-08-26,44.46,80000.0,0.25,2046.096,28.162,28.234,41.518
370,IBIT,iShares Bitcoin Trust,BlackRock,IBIT,iShares Bitcoin Trust,BTC-USD,2026-08-27,45.29,80000.0,0.25,2112.786,28.162,28.234,39.471
371,FBTC,Fidelity Wise Origin Bitcoin,Fidelity,FBTC,Fidelity Wise Origin Bitcoin,BTC-USD,2025-03-07,75.95,20000.0,0.25,374.369,90.243,90.79,46.66
372,FBTC,Fidelity Wise Origin Bitcoin,Fidelity,FBTC,Fidelity Wise Origin Bitcoin,BTC-USD,2025-03-10,68.98,20000.0,0.25,379.007,81.602,82.191,49.251
373,FBTC,Fidelity Wise Origin Bitcoin,Fidelity,FBTC,Fidelity Wise Origin Bitcoin,BTC-USD,2025-03-11,72.52,20000.0,0.25,373.167,82.31,82.996,50.436
374,FBTC,Fidelity Wise Origin Bitcoin,Fidelity,FBTC,Fidelity Wise Origin Bitcoin,BTC-USD,2025-03-12,72.41,20000.0,0.25,373.686,91.851,92.441,49.227
375,FBTC,Fidelity Wise Origin Bitcoin,Fidelity,FBTC,Fidelity Wise Origin Bitcoin,BTC-USD,2025-03-13,69.98,20000.0,0.25,370.779,101.144,101.734,49.589
376,FBTC,Fidelity Wise Origin Bitcoin,Fidelity,FBTC,Fidelity Wise Origin Bitcoin,BTC-USD,2025-03-14,73.93,20000.0,0.25,375.593,90.126,90.716,50.858
377,FBTC,Fidelity Wise Origin Bitcoin,Fidelity,FBTC,Fidelity Wise Origin Bitcoin,BTC-USD,2025-03-17,73.83,20000.0,0.25,376.483,96.151,96.741,50.105
378,FBTC,Fidelity Wise Origin Bitcoin,Fidelity,FBTC,Fidelity Wise Origin Bitcoin,BTC-USD,2025-03-18,71.89,20000.0,0.25,373.289,96.151,96.838,50.245
379,FBTC,Fidelity Wise Origin Bitcoin,Fidelity,FBTC,Fidelity Wise Origin Bitcoin,BTC-USD,2025-03-19,74.66,20000.0,0.25,369.732,96.151,96.838,49.593
380,FBTC,Fidelity Wise Origin Bitcoin,Fidelity,FBTC,Fidelity Wise Origin Bitcoin,BTC-USD,2025-03-20,73.49,20000.0,0.25,368.346,105.8,106.487,48.945
381,FBTC,Fidelity Wise Origin Bitcoin,Fidelity,FBTC,Fidelity Wise Origin Bitcoin,BTC-USD,2025-03-21,73.28,20000.0,0.25,366.333,105.8,106.39,48.941
382,FBTC,Fidelity Wise Origin Bitcoin,Fidelity,FBTC,Fidelity Wise Origin Bitcoin,BTC-USD,2025-03-24,77.09,20000.0,0.25,350.33,100.832,101.421,49.589
383,FBTC,Fidelity Wise Origin Bitcoin,Fidelity,FBTC,Fidelity Wise Origin Bitcoin,BTC-USD,2025-03-25,77.0,20000.0,0.25,336.829,104.809,105.398,47.781
384,FBTC,Fidelity Wise Origin Bitcoin,Fidelity,FBTC,Fidelity Wise Origin Bitcoin,BTC-USD,2025-03-26,75.56,20000.0,0.25,292.758,104.809,105.495,47.418
385,FBTC,Fidelity Wise Origin Bitcoin,Fidelity,FBTC,Fidelity Wise Origin Bitcoin,BTC-USD,2025-03-27,75.96,20000.0,0.25,272.203,111.349,111.896,47.397
386,FBTC,Fidelity Wise Origin Bitcoin,Fidelity,FBTC,Fidelity Wise Origin Bitcoin,BTC-USD,2025-03-28,73.12,20000.0,0.25,266.628,96.329,97.36,47.991
387,FBTC,Fidelity Wise Origin Bitcoin,Fidelity,FBTC,Fidelity Wise Origin Bitcoin,BTC-USD,2025-03-31,71.97,20000.0,0.25,255.89,91.608,92.639,48.054
388,FBTC,Fidelity Wise Origin Bitcoin,Fidelity,FBTC,Fidelity Wise Origin Bitcoin,BTC-USD,2025-04-01,74.2,20000.0,0.25,245.243,91.608,92.682,47.66
389,FBTC,Fidelity Wise Origin Bitcoin,Fidelity,FBTC,Fidelity Wise Origin Bitcoin,BTC-USD,2025-04-02,75.88,20000.0,0.25,238.094,91.608,92.682,47.854
390,FBTC,Fidelity Wise Origin Bitcoin,Fidelity,FBTC,Fidelity Wise Origin Bitcoin,BTC-USD,2025-04-03,71.55,20000.0,0.25,236.485,91.608,92.682,48.5
391,FBTC,Fidelity Wise Origin Bitcoin,Fidelity,FBTC,Fidelity Wise Origin Bitcoin,BTC-USD,2025-04-04,73.39,20000.0,0.25,247.089,79.866,80.94,47.449
392,FBTC,Fidelity Wise Origin Bitcoin,Fidelity,FBTC,Fidelity Wise Origin Bitcoin,BTC-USD,2025-04-07,68.14,20000.0,0.25,260.239,67.3,68.374,49.463
393,FBTC,Fidelity Wise Origin Bitcoin,Fidelity,FBTC,Fidelity Wise Origin Bitcoin,BTC-USD,2025-04-08,67.0,20000.0,0.25,251.711,87.471,88.518,49.486
394,FBTC,Fidelity Wise Origin Bitcoin,Fidelity,FBTC,Fidelity Wise Origin Bitcoin,BTC-USD,2025-04-09,71.89,20000.0,0.25,269.873,85.533,86.58,51.724
395,FBTC,Fidelity Wise Origin Bitcoin,Fidelity,FBTC,Fidelity Wise Origin Bitcoin,BTC-USD,2025-04-10,69.36,20000.0,0.25,281.61,86.72,87.766,51.758
396,FBTC,Fidelity Wise Origin Bitcoin,Fidelity,FBTC,Fidelity Wise Origin Bitcoin,BTC-USD,2025-04-11,73.24,20000.0,0.25,294.606,77.427,78.464,52.587
397,FBTC,Fidelity Wise Origin Bitcoin,Fidelity,FBTC,Fidelity Wise Origin Bitcoin,BTC-USD,2025-04-14,74.21,20000.0,0.25,293.584,77.427,78.458,52.643
398,FBTC,Fidelity Wise Origin Bitcoin,Fidelity,FBTC,Fidelity Wise Origin Bitcoin,BTC-USD,2025-04-15,73.38,20000.0,0.25,294.925,76.13,77.161,51.754
399,FBTC,Fidelity Wise Origin Bitcoin,Fidelity,FBTC,Fidelity Wise Origin Bitcoin,BTC-USD,2025-04-16,73.66,20000.0,0.25,295.26,79.343,80.251,51.671
400,FBTC,Fidelity Wise Origin Bitcoin,Fidelity,FBTC,Fidelity Wise Origin Bitcoin,BTC-USD,2025-04-17,74.16,20000.0,0.25,291.731,87.458,88.339,51.634
401,FBTC,Fidelity Wise Origin Bitcoin,Fidelity,FBTC,Fidelity Wise Origin Bitcoin,BTC-USD,2025-04-21,76.38,20000.0,0.25,300.364,75.516,76.398,52.053
402,FBTC,Fidelity Wise Origin Bitcoin,Fidelity,FBTC,Fidelity Wise Origin Bitcoin,BTC-USD,2025-04-22,79.89,20000.0,0.25,316.036,75.516,76.425,52.841
403,FBTC,Fidelity Wise Origin Bitcoin,Fidelity,FBTC,Fidelity Wise Origin Bitcoin,BTC-USD,2025-04-23,81.66,20000.0,0.25,322.468,75.516,76.398,52.612
404,FBTC,Fidelity Wise Origin Bitcoin,Fidelity,FBTC,Fidelity Wise Origin Bitcoin,BTC-USD,2025-04-24,81.76,20000.0,0.25,325.381,74.211,75.092,52.615
405,FBTC,Fidelity Wise Origin Bitcoin,Fidelity,FBTC,Fidelity Wise Origin Bitcoin,BTC-USD,2025-04-25,83.3,20000.0,0.25,327.497,74.211,75.031,52.375
406,FBTC,Fidelity Wise Origin Bitcoin,Fidelity,FBTC,Fidelity Wise Origin Bitcoin,BTC-USD,2025-04-28,82.77,20000.0,0.25,329.272,67.506,68.326,52.356
407,FBTC,Fidelity Wise Origin Bitcoin,Fidelity,FBTC,Fidelity Wise Origin Bitcoin,BTC-USD,2025-04-29,83.24,20000.0,0.25,328.142,67.506,68.299,51.939
408,FBTC,Fidelity Wise Origin Bitcoin,Fidelity,FBTC,Fidelity Wise Origin Bitcoin,BTC-USD,2025-04-30,82.18,20000.0,0.25,329.928,67.506,68.179,51.995
409,FBTC,Fidelity Wise Origin Bitcoin,Fidelity,FBTC,Fidelity Wise Origin Bitcoin,BTC-USD,2025-05-01,84.34,20000.0,0.25,329.177,67.506,68.179,52.042
410,FBTC,Fidelity Wise Origin Bitcoin,Fidelity,FBTC,Fidelity Wise Origin Bitcoin,BTC-USD,2025-05-02,84.7,20000.0,0.25,326.918,68.017,68.622,51.967
411,FBTC,Fidelity Wise Origin Bitcoin,Fidelity,FBTC,Fidelity Wise Origin Bitcoin,BTC-USD,2025-05-05,82.37,20000.0,0.25,323.226,68.017,68.622,52.274
412,FBTC,Fidelity Wise Origin Bitcoin,Fidelity,FBTC,Fidelity Wise Origin Bitcoin,BTC-USD,2025-05-06,82.92,20000.0,0.25,302.674,73.252,73.856,52.233
413,FBTC,Fidelity Wise Origin Bitcoin,Fidelity,FBTC,Fidelity Wise Origin Bitcoin,BTC-USD,2025-05-07,83.96,20000.0,0.25,277.176,73.252,73.856,52.179
414,FBTC,Fidelity Wise Origin Bitcoin,Fidelity,FBTC,Fidelity Wise Origin Bitcoin,BTC-USD,2025-05-08,88.48,20000.0,0.25,275.525,53.08,53.754,53.058
415,FBTC,Fidelity Wise Origin Bitcoin,Fidelity,FBTC,Fidelity Wise Origin Bitcoin,BTC-USD,2025-05-09,90.12,20000.0,0.25,254.748,41.535,42.208,53.053
416,FBTC,Fidelity Wise Origin Bitcoin,Fidelity,FBTC,Fidelity Wise Origin Bitcoin,BTC-USD,2025-05-12,88.91,20000.0,0.25,248.383,32.135,32.74,53.109
417,FBTC,Fidelity Wise Origin Bitcoin,Fidelity,FBTC,Fidelity Wise Origin Bitcoin,BTC-USD,2025-05-13,91.57,20000.0,0.25,236.355,33.465,34.07,53.392
418,FBTC,Fidelity Wise Origin Bitcoin,Fidelity,FBTC,Fidelity Wise Origin Bitcoin,BTC-USD,2025-05-14,90.22,20000.0,0.25,229.757,37.934,38.607,52.999
419,FBTC,Fidelity Wise Origin Bitcoin,Fidelity,FBTC,Fidelity Wise Origin Bitcoin,BTC-USD,2025-05-15,90.11,20000.0,0.25,231.679,33.598,34.272,52.837
420,FBTC,Fidelity Wise Origin Bitcoin,Fidelity,FBTC,Fidelity Wise Origin Bitcoin,BTC-USD,2025-05-16,90.88,20000.0,0.25,230.864,30.385,31.058,52.64
421,FBTC,Fidelity Wise Origin Bitcoin,Fidelity,FBTC,Fidelity Wise Origin Bitcoin,BTC-USD,2025-05-19,92.16,20000.0,0.25,235.375,24.982,25.656,52.061
422,FBTC,Fidelity Wise Origin Bitcoin,Fidelity,FBTC,Fidelity Wise Origin Bitcoin,BTC-USD,2025-05-20,93.51,20000.0,0.25,230.615,24.982,25.649,52.075
423,FBTC,Fidelity Wise Origin Bitcoin,Fidelity,FBTC,Fidelity Wise Origin Bitcoin,BTC-USD,2025-05-21,94.91,20000.0,0.25,240.2,24.982,25.587,50.194
424,FBTC,Fidelity Wise Origin Bitcoin,Fidelity,FBTC,Fidelity Wise Origin Bitcoin,BTC-USD,2025-05-22,97.06,20000.0,0.25,248.38,24.982,25.542,49.381
425,FBTC,Fidelity Wise Origin Bitcoin,Fidelity,FBTC,Fidelity Wise Origin Bitcoin,BTC-USD,2025-05-23,94.98,20000.0,0.25,257.954,22.311,22.898,49.56
426,FBTC,Fidelity Wise Origin Bitcoin,Fidelity,FBTC,Fidelity Wise Origin Bitcoin,BTC-USD,2025-05-27,95.98,20000.0,0.25,263.453,23.9,24.46,49.561
427,FBTC,Fidelity Wise Origin Bitcoin,Fidelity,FBTC,Fidelity Wise Origin Bitcoin,BTC-USD,2025-05-28,93.39,20000.0,0.25,269.481,22.467,23.053,49.847
428,FBTC,Fidelity Wise Origin Bitcoin,Fidelity,FBTC,Fidelity Wise Origin Bitcoin,BTC-USD,2025-05-29,92.21,20000.0,0.25,278.534,22.735,23.321,49.938
429,FBTC,Fidelity Wise Origin Bitcoin,Fidelity,FBTC,Fidelity Wise Origin Bitcoin,BTC-USD,2025-05-30,91.38,20000.0,0.25,281.411,22.735,23.294,49.396
430,FBTC,Fidelity Wise Origin Bitcoin,Fidelity,FBTC,Fidelity Wise Origin Bitcoin,BTC-USD,2025-06-02,91.2,20000.0,0.25,279.51,25.485,26.034,49.255
431,FBTC,Fidelity Wise Origin Bitcoin,Fidelity,FBTC,Fidelity Wise Origin Bitcoin,BTC-USD,2025-06-03,92.76,20000.0,0.25,281.611,24.973,25.533,49.031
432,FBTC,Fidelity Wise Origin Bitcoin,Fidelity,FBTC,Fidelity Wise Origin Bitcoin,BTC-USD,2025-06-04,91.65,20000.0,0.25,282.258,24.973,25.533,44.558
433,FBTC,Fidelity Wise Origin Bitcoin,Fidelity,FBTC,Fidelity Wise Origin Bitcoin,BTC-USD,2025-06-05,88.96,20000.0,0.25,291.608,22.384,22.971,44.092
434,FBTC,Fidelity Wise Origin Bitcoin,Fidelity,FBTC,Fidelity Wise Origin Bitcoin,BTC-USD,2025-06-06,91.05,20000.0,0.25,296.898,25.588,26.175,44.265
435,FBTC,Fidelity Wise Origin Bitcoin,Fidelity,FBTC,Fidelity Wise Origin Bitcoin,BTC-USD,2025-06-09,94.86,20000.0,0.25,296.388,25.588,26.175,44.192
436,FBTC,Fidelity Wise Origin Bitcoin,Fidelity,FBTC,Fidelity Wise Origin Bitcoin,BTC-USD,2025-06-10,95.67,20000.0,0.25,295.957,25.588,26.148,42.962
437,FBTC,Fidelity Wise Origin Bitcoin,Fidelity,FBTC,Fidelity Wise Origin Bitcoin,BTC-USD,2025-06-11,94.99,20000.0,0.25,288.501,30.744,31.303,43.011
438,FBTC,Fidelity Wise Origin Bitcoin,Fidelity,FBTC,Fidelity Wise Origin Bitcoin,BTC-USD,2025-06-12,93.23,20000.0,0.25,284.889,29.414,29.973,42.799
439,FBTC,Fidelity Wise Origin Bitcoin,Fidelity,FBTC,Fidelity Wise Origin Bitcoin,BTC-USD,2025-06-13,91.79,20000.0,0.25,288.092,24.945,25.505,42.412
440,FBTC,Fidelity Wise Origin Bitcoin,Fidelity,FBTC,Fidelity Wise Origin Bitcoin,BTC-USD,2025-06-16,94.93,20000.0,0.25,284.87,21.488,22.074,42.663
441,FBTC,Fidelity Wise Origin Bitcoin,Fidelity,FBTC,Fidelity Wise Origin Bitcoin,BTC-USD,2025-06-17,91.42,20000.0,0.25,289.24,21.488,22.11,43.5
442,FBTC,Fidelity Wise Origin Bitcoin,Fidelity,FBTC,Fidelity Wise Origin Bitcoin,BTC-USD,2025-06-18,90.63,20000.0,0.25,286.537,25.64,26.263,42.449
443,FBTC,Fidelity Wise Origin Bitcoin,Fidelity,FBTC,Fidelity Wise Origin Bitcoin,BTC-USD,2025-06-20,90.08,20000.0,0.25,287.142,30.437,31.023,42.48
444,FBTC,Fidelity Wise Origin Bitcoin,Fidelity,FBTC,Fidelity Wise Origin Bitcoin,BTC-USD,2025-06-23,90.11,20000.0,0.25,271.806,30.437,31.023,42.247
445,FBTC,Fidelity Wise Origin Bitcoin,Fidelity,FBTC,Fidelity Wise Origin Bitcoin,BTC-USD,2025-06-24,92.23,20000.0,0.25,261.339,30.437,31.059,42.449
446,FBTC,Fidelity Wise Origin Bitcoin,Fidelity,FBTC,Fidelity Wise Origin Bitcoin,BTC-USD,2025-06-25,94.13,20000.0,0.25,258.941,30.437,31.076,41.702
447,FBTC,Fidelity Wise Origin Bitcoin,Fidelity,FBTC,Fidelity Wise Origin Bitcoin,BTC-USD,2025-06-26,93.95,20000.0,0.25,249.448,31.106,31.745,41.513
448,FBTC,Fidelity Wise Origin Bitcoin,Fidelity,FBTC,Fidelity Wise Origin Bitcoin,BTC-USD,2025-06-27,93.28,20000.0,0.25,242.006,35.349,35.971,41.22
449,FBTC,Fidelity Wise Origin Bitcoin,Fidelity,FBTC,Fidelity Wise Origin Bitcoin,BTC-USD,2025-06-30,93.99,20000.0,0.25,237.018,38.789,39.412,41.046
450,FBTC,Fidelity Wise Origin Bitcoin,Fidelity,FBTC,Fidelity Wise Origin Bitcoin,BTC-USD,2025-07-01,91.95,20000.0,0.25,233.566,38.789,39.428,39.316
451,FBTC,Fidelity Wise Origin Bitcoin,Fidelity,FBTC,Fidelity Wise Origin Bitcoin,BTC-USD,2025-07-02,95.82,20000.0,0.25,243.113,36.039,36.699,39.811
452,FBTC,Fidelity Wise Origin Bitcoin,Fidelity,FBTC,Fidelity Wise Origin Bitcoin,BTC-USD,2025-07-03,95.45,20000.0,0.25,238.329,36.039,36.678,36.332
453,FBTC,Fidelity Wise Origin Bitcoin,Fidelity,FBTC,Fidelity Wise Origin Bitcoin,BTC-USD,2025-07-07,94.33,20000.0,0.25,238.333,36.039,36.678,36.213
454,FBTC,Fidelity Wise Origin Bitcoin,Fidelity,FBTC,Fidelity Wise Origin Bitcoin,BTC-USD,2025-07-08,94.98,20000.0,0.25,231.398,33.393,34.003,33.608
455,FBTC,Fidelity Wise Origin Bitcoin,Fidelity,FBTC,Fidelity Wise Origin Bitcoin,BTC-USD,2025-07-09,97.65,20000.0,0.25,232.52,30.189,30.799,32.855
456,FBTC,Fidelity Wise Origin Bitcoin,Fidelity,FBTC,Fidelity Wise Origin Bitcoin,BTC-USD,2025-07-10,99.04,20000.0,0.25,234.903,30.189,30.653,31.303
457,FBTC,Fidelity Wise Origin Bitcoin,Fidelity,FBTC,Fidelity Wise Origin Bitcoin,BTC-USD,2025-07-11,103.16,20000.0,0.25,250.69,30.189,30.799,32.11
458,FBTC,Fidelity Wise Origin Bitcoin,Fidelity,FBTC,Fidelity Wise Origin Bitcoin,BTC-USD,2025-07-14,104.72,20000.0,0.25,268.364,21.87,22.48,31.976
459,FBTC,Fidelity Wise Origin Bitcoin,Fidelity,FBTC,Fidelity Wise Origin Bitcoin,BTC-USD,2025-07-15,101.64,20000.0,0.25,281.867,21.87,22.48,32.805
460,FBTC,Fidelity Wise Origin Bitcoin,Fidelity,FBTC,Fidelity Wise Origin Bitcoin,BTC-USD,2025-07-16,104.14,20000.0,0.25,293.106,21.87,22.385,33.033
461,FBTC,Fidelity Wise Origin Bitcoin,Fidelity,FBTC,Fidelity Wise Origin Bitcoin,BTC-USD,2025-07-17,103.88,20000.0,0.25,300.304,27.393,27.842,32.696
462,FBTC,Fidelity Wise Origin Bitcoin,Fidelity,FBTC,Fidelity Wise Origin Bitcoin,BTC-USD,2025-07-18,102.47,20000.0,0.25,311.203,31.371,31.806,31.843
463,FBTC,Fidelity Wise Origin Bitcoin,Fidelity,FBTC,Fidelity Wise Origin Bitcoin,BTC-USD,2025-07-21,101.88,20000.0,0.25,319.508,31.95,32.349,31.688
464,FBTC,Fidelity Wise Origin Bitcoin,Fidelity,FBTC,Fidelity Wise Origin Bitcoin,BTC-USD,2025-07-22,104.16,20000.0,0.25,327.272,28.311,28.745,31.908
465,FBTC,Fidelity Wise Origin Bitcoin,Fidelity,FBTC,Fidelity Wise Origin Bitcoin,BTC-USD,2025-07-23,103.38,20000.0,0.25,328.056,29.222,29.656,31.846
466,FBTC,Fidelity Wise Origin Bitcoin,Fidelity,FBTC,Fidelity Wise Origin Bitcoin,BTC-USD,2025-07-24,103.9,20000.0,0.25,330.929,29.222,29.621,31.779
467,FBTC,Fidelity Wise Origin Bitcoin,Fidelity,FBTC,Fidelity Wise Origin Bitcoin,BTC-USD,2025-07-25,101.97,20000.0,0.25,335.144,29.222,29.621,32.11
468,FBTC,Fidelity Wise Origin Bitcoin,Fidelity,FBTC,Fidelity Wise Origin Bitcoin,BTC-USD,2025-07-28,103.06,20000.0,0.25,345.264,26.964,27.363,31.964
469,FBTC,Fidelity Wise Origin Bitcoin,Fidelity,FBTC,Fidelity Wise Origin Bitcoin,BTC-USD,2025-07-29,102.5,20000.0,0.25,351.097,27.597,27.997,31.68
470,FBTC,Fidelity Wise Origin Bitcoin,Fidelity,FBTC,Fidelity Wise Origin Bitcoin,BTC-USD,2025-07-30,101.97,20000.0,0.25,354.285,28.585,28.984,31.727
471,FBTC,Fidelity Wise Origin Bitcoin,Fidelity,FBTC,Fidelity Wise Origin Bitcoin,BTC-USD,2025-07-31,101.84,20000.0,0.25,360.535,35.042,35.34,31.079
472,FBTC,Fidelity Wise Origin Bitcoin,Fidelity,FBTC,Fidelity Wise Origin Bitcoin,BTC-USD,2025-08-01,98.66,20000.0,0.25,369.618,35.042,35.34,31.898
473,FBTC,Fidelity Wise Origin Bitcoin,Fidelity,FBTC,Fidelity Wise Origin Bitcoin,BTC-USD,2025-08-04,100.12,20000.0,0.25,374.256,39.701,40.1,31.93
474,FBTC,Fidelity Wise Origin Bitcoin,Fidelity,FBTC,Fidelity Wise Origin Bitcoin,BTC-USD,2025-08-05,99.15,20000.0,0.25,377.962,39.701,40.06,30.315
475,FBTC,Fidelity Wise Origin Bitcoin,Fidelity,FBTC,Fidelity Wise Origin Bitcoin,BTC-USD,2025-08-06,100.62,20000.0,0.25,383.411,39.701,40.06,30.239
476,FBTC,Fidelity Wise Origin Bitcoin,Fidelity,FBTC,Fidelity Wise Origin Bitcoin,BTC-USD,2025-08-07,102.65,20000.0,0.25,382.504,39.701,40.06,30.292
477,FBTC,Fidelity Wise Origin Bitcoin,Fidelity,FBTC,Fidelity Wise Origin Bitcoin,BTC-USD,2025-08-08,101.6,20000.0,0.25,378.811,44.959,45.318,29.866
478,FBTC,Fidelity Wise Origin Bitcoin,Fidelity,FBTC,Fidelity Wise Origin Bitcoin,BTC-USD,2025-08-11,103.88,20000.0,0.25,369.422,44.959,45.318,29.952
479,FBTC,Fidelity Wise Origin Bitcoin,Fidelity,FBTC,Fidelity Wise Origin Bitcoin,BTC-USD,2025-08-12,104.42,20000.0,0.25,358.547,49.839,50.197,29.949
480,FBTC,Fidelity Wise Origin Bitcoin,Fidelity,FBTC,Fidelity Wise Origin Bitcoin,BTC-USD,2025-08-13,107.27,20000.0,0.25,361.464,49.839,50.197,30.343
481,FBTC,Fidelity Wise Origin Bitcoin,Fidelity,FBTC,Fidelity Wise Origin Bitcoin,BTC-USD,2025-08-14,102.97,20000.0,0.25,367.448,49.839,50.197,31.538
482,FBTC,Fidelity Wise Origin Bitcoin,Fidelity,FBTC,Fidelity Wise Origin Bitcoin,BTC-USD,2025-08-15,102.03,20000.0,0.25,364.959,46.708,47.067,31.505
483,FBTC,Fidelity Wise Origin Bitcoin,Fidelity,FBTC,Fidelity Wise Origin Bitcoin,BTC-USD,2025-08-18,101.47,20000.0,0.25,352.733,42.73,43.089,31.411
484,FBTC,Fidelity Wise Origin Bitcoin,Fidelity,FBTC,Fidelity Wise Origin Bitcoin,BTC-USD,2025-08-19,98.62,20000.0,0.25,356.956,35.286,35.701,31.668
485,FBTC,Fidelity Wise Origin Bitcoin,Fidelity,FBTC,Fidelity Wise Origin Bitcoin,BTC-USD,2025-08-20,99.68,20000.0,0.25,355.835,37.402,37.761,31.404
486,FBTC,Fidelity Wise Origin Bitcoin,Fidelity,FBTC,Fidelity Wise Origin Bitcoin,BTC-USD,2025-08-21,97.79,20000.0,0.25,355.317,41.563,41.978,31.601
487,FBTC,Fidelity Wise Origin Bitcoin,Fidelity,FBTC,Fidelity Wise Origin Bitcoin,BTC-USD,2025-08-22,101.79,20000.0,0.25,371.286,45.545,46.005,32.098
488,FBTC,Fidelity Wise Origin Bitcoin,Fidelity,FBTC,Fidelity Wise Origin Bitcoin,BTC-USD,2025-08-25,96.63,20000.0,0.25,373.91,45.545,46.042,33.803
489,FBTC,Fidelity Wise Origin Bitcoin,Fidelity,FBTC,Fidelity Wise Origin Bitcoin,BTC-USD,2025-08-26,96.94,20000.0,0.25,375.031,45.545,46.042,33.744
490,FBTC,Fidelity Wise Origin Bitcoin,Fidelity,FBTC,Fidelity Wise Origin Bitcoin,BTC-USD,2025-08-27,97.8,20000.0,0.25,373.221,40.668,41.166,33.777
491,FBTC,Fidelity Wise Origin Bitcoin,Fidelity,FBTC,Fidelity Wise Origin Bitcoin,BTC-USD,2025-08-28,97.67,20000.0,0.25,370.48,35.973,36.47,33.619
492,FBTC,Fidelity Wise Origin Bitcoin,Fidelity,FBTC,Fidelity Wise Origin Bitcoin,BTC-USD,2025-08-29,94.39,20000.0,0.25,375.79,29.516,30.028,34.281
493,FBTC,Fidelity Wise Origin Bitcoin,Fidelity,FBTC,Fidelity Wise Origin Bitcoin,BTC-USD,2025-09-02,96.67,20000.0,0.25,367.292,29.516,30.03,34.019
494,FBTC,Fidelity Wise Origin Bitcoin,Fidelity,FBTC,Fidelity Wise Origin Bitcoin,BTC-USD,2025-09-03,97.93,20000.0,0.25,367.812,24.857,25.358,33.802
495,FBTC,Fidelity Wise Origin Bitcoin,Fidelity,FBTC,Fidelity Wise Origin Bitcoin,BTC-USD,2025-09-04,95.79,20000.0,0.25,367.586,24.857,25.37,33.096
496,FBTC,Fidelity Wise Origin Bitcoin,Fidelity,FBTC,Fidelity Wise Origin Bitcoin,BTC-USD,2025-09-05,97.36,20000.0,0.25,369.599,24.857,25.358,33.217
497,FBTC,Fidelity Wise Origin Bitcoin,Fidelity,FBTC,Fidelity Wise Origin Bitcoin,BTC-USD,2025-09-08,97.81,20000.0,0.25,368.94,26.862,27.36,33.192
498,FBTC,Fidelity Wise Origin Bitcoin,Fidelity,FBTC,Fidelity Wise Origin Bitcoin,BTC-USD,2025-09-09,97.14,20000.0,0.25,372.116,24.27,24.768,32.988
499,FBTC,Fidelity Wise Origin Bitcoin,Fidelity,FBTC,Fidelity Wise Origin Bitcoin,BTC-USD,2025-09-10,99.11,20000.0,0.25,378.421,24.27,24.765,33.047
500,FBTC,Fidelity Wise Origin Bitcoin,Fidelity,FBTC,Fidelity Wise Origin Bitcoin,BTC-USD,2025-09-11,99.91,20000.0,0.25,374.674,20.406,20.901,32.386
501,FBTC,Fidelity Wise Origin Bitcoin,Fidelity,FBTC,Fidelity Wise Origin Bitcoin,BTC-USD,2025-09-12,101.99,20000.0,0.25,362.055,20.406,20.901,31.618
502,FBTC,Fidelity Wise Origin Bitcoin,Fidelity,FBTC,Fidelity Wise Origin Bitcoin,BTC-USD,2025-09-15,100.6,20000.0,0.25,348.846,20.406,20.852,31.707
503,FBTC,Fidelity Wise Origin Bitcoin,Fidelity,FBTC,Fidelity Wise Origin Bitcoin,BTC-USD,2025-09-16,101.93,20000.0,0.25,349.836,18.014,18.46,31.749
504,FBTC,Fidelity Wise Origin Bitcoin,Fidelity,FBTC,Fidelity Wise Origin Bitcoin,BTC-USD,2025-09-17,100.89,20000.0,0.25,357.526,23.113,23.559,31.847
505,FBTC,Fidelity Wise Origin Bitcoin,Fidelity,FBTC,Fidelity Wise Origin Bitcoin,BTC-USD,2025-09-18,102.47,20000.0,0.25,352.008,23.113,23.559,31.665
506,FBTC,Fidelity Wise Origin Bitcoin,Fidelity,FBTC,Fidelity Wise Origin Bitcoin,BTC-USD,2025-09-19,100.43,20000.0,0.25,348.606,19.84,20.296,31.734
507,FBTC,Fidelity Wise Origin Bitcoin,Fidelity,FBTC,Fidelity Wise Origin Bitcoin,BTC-USD,2025-09-22,97.81,20000.0,0.25,348.065,14.768,15.225,32.227
508,FBTC,Fidelity Wise Origin Bitcoin,Fidelity,FBTC,Fidelity Wise Origin Bitcoin,BTC-USD,2025-09-23,97.37,20000.0,0.25,329.657,15.054,15.5,32.204
509,FBTC,Fidelity Wise Origin Bitcoin,Fidelity,FBTC,Fidelity Wise Origin Bitcoin,BTC-USD,2025-09-24,98.95,20000.0,0.25,321.683,15.054,15.5,32.329
510,FBTC,Fidelity Wise Origin Bitcoin,Fidelity,FBTC,Fidelity Wise Origin Bitcoin,BTC-USD,2025-09-25,95.38,20000.0,0.25,330.739,15.054,15.511,32.912
511,FBTC,Fidelity Wise Origin Bitcoin,Fidelity,FBTC,Fidelity Wise Origin Bitcoin,BTC-USD,2025-09-26,95.21,20000.0,0.25,336.421,19.329,19.786,31.807
512,FBTC,Fidelity Wise Origin Bitcoin,Fidelity,FBTC,Fidelity Wise Origin Bitcoin,BTC-USD,2025-09-29,99.81,20000.0,0.25,347.216,19.329,19.824,33.237
513,FBTC,Fidelity Wise Origin Bitcoin,Fidelity,FBTC,Fidelity Wise Origin Bitcoin,BTC-USD,2025-09-30,99.81,20000.0,0.25,340.131,24.002,24.497,33.135
514,FBTC,Fidelity Wise Origin Bitcoin,Fidelity,FBTC,Fidelity Wise Origin Bitcoin,BTC-USD,2025-10-01,102.51,20000.0,0.25,343.361,24.002,24.497,33.533
515,FBTC,Fidelity Wise Origin Bitcoin,Fidelity,FBTC,Fidelity Wise Origin Bitcoin,BTC-USD,2025-10-02,105.54,20000.0,0.25,357.524,24.002,24.497,33.582
516,FBTC,Fidelity Wise Origin Bitcoin,Fidelity,FBTC,Fidelity Wise Origin Bitcoin,BTC-USD,2025-10-03,107.17,20000.0,0.25,378.964,24.002,24.459,33.602
517,FBTC,Fidelity Wise Origin Bitcoin,Fidelity,FBTC,Fidelity Wise Origin Bitcoin,BTC-USD,2025-10-06,109.44,20000.0,0.25,396.641,24.002,24.448,32.846
518,FBTC,Fidelity Wise Origin Bitcoin,Fidelity,FBTC,Fidelity Wise Origin Bitcoin,BTC-USD,2025-10-07,106.12,20000.0,0.25,423.142,21.996,22.442,33.348
519,FBTC,Fidelity Wise Origin Bitcoin,Fidelity,FBTC,Fidelity Wise Origin Bitcoin,BTC-USD,2025-10-08,107.65,20000.0,0.25,433.491,25.793,26.239,32.872
520,FBTC,Fidelity Wise Origin Bitcoin,Fidelity,FBTC,Fidelity Wise Origin Bitcoin,BTC-USD,2025-10-09,105.56,20000.0,0.25,435.999,26.156,26.585,32.772
521,FBTC,Fidelity Wise Origin Bitcoin,Fidelity,FBTC,Fidelity Wise Origin Bitcoin,BTC-USD,2025-10-10,101.73,20000.0,0.25,471.978,26.335,26.764,33.644
522,FBTC,Fidelity Wise Origin Bitcoin,Fidelity,FBTC,Fidelity Wise Origin Bitcoin,BTC-USD,2025-10-13,101.05,20000.0,0.25,492.322,26.335,26.758,33.556
523,FBTC,Fidelity Wise Origin Bitcoin,Fidelity,FBTC,Fidelity Wise Origin Bitcoin,BTC-USD,2025-10-14,98.21,20000.0,0.25,514.538,26.335,26.725,34.036
524,FBTC,Fidelity Wise Origin Bitcoin,Fidelity,FBTC,Fidelity Wise Origin Bitcoin,BTC-USD,2025-10-15,97.03,20000.0,0.25,525.339,32.62,32.997,33.781
525,FBTC,Fidelity Wise Origin Bitcoin,Fidelity,FBTC,Fidelity Wise Origin Bitcoin,BTC-USD,2025-10-16,94.37,20000.0,0.25,551.395,27.521,27.898,34.197
526,FBTC,Fidelity Wise Origin Bitcoin,Fidelity,FBTC,Fidelity Wise Origin Bitcoin,BTC-USD,2025-10-17,92.86,20000.0,0.25,584.618,27.521,27.892,34.299
527,FBTC,Fidelity Wise Origin Bitcoin,Fidelity,FBTC,Fidelity Wise Origin Bitcoin,BTC-USD,2025-10-20,96.69,20000.0,0.25,600.793,27.521,27.892,35.187
528,FBTC,Fidelity Wise Origin Bitcoin,Fidelity,FBTC,Fidelity Wise Origin Bitcoin,BTC-USD,2025-10-21,97.55,20000.0,0.25,623.43,30.625,30.988,35.164
529,FBTC,Fidelity Wise Origin Bitcoin,Fidelity,FBTC,Fidelity Wise Origin Bitcoin,BTC-USD,2025-10-22,93.96,20000.0,0.25,648.666,26.357,26.727,35.945
530,FBTC,Fidelity Wise Origin Bitcoin,Fidelity,FBTC,Fidelity Wise Origin Bitcoin,BTC-USD,2025-10-23,96.14,20000.0,0.25,652.612,26.357,26.727,36.281
531,FBTC,Fidelity Wise Origin Bitcoin,Fidelity,FBTC,Fidelity Wise Origin Bitcoin,BTC-USD,2025-10-24,96.48,20000.0,0.25,637.42,30.986,31.348,36.292
532,FBTC,Fidelity Wise Origin Bitcoin,Fidelity,FBTC,Fidelity Wise Origin Bitcoin,BTC-USD,2025-10-27,100.27,20000.0,0.25,633.715,26.711,27.082,36.599
533,FBTC,Fidelity Wise Origin Bitcoin,Fidelity,FBTC,Fidelity Wise Origin Bitcoin,BTC-USD,2025-10-28,99.09,20000.0,0.25,631.602,29.904,30.267,36.556
534,FBTC,Fidelity Wise Origin Bitcoin,Fidelity,FBTC,Fidelity Wise Origin Bitcoin,BTC-USD,2025-10-29,96.41,20000.0,0.25,649.179,25.231,25.594,36.931
535,FBTC,Fidelity Wise Origin Bitcoin,Fidelity,FBTC,Fidelity Wise Origin Bitcoin,BTC-USD,2025-10-30,92.74,20000.0,0.25,651.038,25.231,25.594,37.614
536,FBTC,Fidelity Wise Origin Bitcoin,Fidelity,FBTC,Fidelity Wise Origin Bitcoin,BTC-USD,2025-10-31,95.69,20000.0,0.25,645.749,25.231,25.594,37.959
537,FBTC,Fidelity Wise Origin Bitcoin,Fidelity,FBTC,Fidelity Wise Origin Bitcoin,BTC-USD,2025-11-03,92.89,20000.0,0.25,642.598,25.231,25.601,38.364
538,FBTC,Fidelity Wise Origin Bitcoin,Fidelity,FBTC,Fidelity Wise Origin Bitcoin,BTC-USD,2025-11-04,87.81,20000.0,0.25,665.479,25.231,25.608,39.642
539,FBTC,Fidelity Wise Origin Bitcoin,Fidelity,FBTC,Fidelity Wise Origin Bitcoin,BTC-USD,2025-11-05,90.52,20000.0,0.25,643.338,31.256,31.646,40.192
540,FBTC,Fidelity Wise Origin Bitcoin,Fidelity,FBTC,Fidelity Wise Origin Bitcoin,BTC-USD,2025-11-06,87.95,20000.0,0.25,648.527,24.794,25.207,40.079
541,FBTC,Fidelity Wise Origin Bitcoin,Fidelity,FBTC,Fidelity Wise Origin Bitcoin,BTC-USD,2025-11-07,90.44,20000.0,0.25,651.108,32.591,33.04,39.802
542,FBTC,Fidelity Wise Origin Bitcoin,Fidelity,FBTC,Fidelity Wise Origin Bitcoin,BTC-USD,2025-11-10,92.43,20000.0,0.25,623.373,31.396,31.852,40.073
543,FBTC,Fidelity Wise Origin Bitcoin,Fidelity,FBTC,Fidelity Wise Origin Bitcoin,BTC-USD,2025-11-11,89.59,20000.0,0.25,601.729,31.396,31.855,40.523
544,FBTC,Fidelity Wise Origin Bitcoin,Fidelity,FBTC,Fidelity Wise Origin Bitcoin,BTC-USD,2025-11-12,88.5,20000.0,0.25,585.55,36.56,37.02,40.206
545,FBTC,Fidelity Wise Origin Bitcoin,Fidelity,FBTC,Fidelity Wise Origin Bitcoin,BTC-USD,2025-11-13,85.43,20000.0,0.25,593.517,30.275,30.752,40.698
546,FBTC,Fidelity Wise Origin Bitcoin,Fidelity,FBTC,Fidelity Wise Origin Bitcoin,BTC-USD,2025-11-14,82.15,20000.0,0.25,582.428,30.275,30.776,41.248
547,FBTC,Fidelity Wise Origin Bitcoin,Fidelity,FBTC,Fidelity Wise Origin Bitcoin,BTC-USD,2025-11-17,80.02,20000.0,0.25,571.288,30.275,30.776,40.53
548,FBTC,Fidelity Wise Origin Bitcoin,Fidelity,FBTC,Fidelity Wise Origin Bitcoin,BTC-USD,2025-11-18,80.9,20000.0,0.25,572.572,38.469,38.946,39.382
549,FBTC,Fidelity Wise Origin Bitcoin,Fidelity,FBTC,Fidelity Wise Origin Bitcoin,BTC-USD,2025-11-19,77.93,20000.0,0.25,570.531,35.365,35.866,39.985
550,FBTC,Fidelity Wise Origin Bitcoin,Fidelity,FBTC,Fidelity Wise Origin Bitcoin,BTC-USD,2025-11-20,75.22,20000.0,0.25,590.355,40.447,40.947,40.421
551,FBTC,Fidelity Wise Origin Bitcoin,Fidelity,FBTC,Fidelity Wise Origin Bitcoin,BTC-USD,2025-11-21,73.72,20000.0,0.25,624.707,40.447,40.923,40.544
552,FBTC,Fidelity Wise Origin Bitcoin,Fidelity,FBTC,Fidelity Wise Origin Bitcoin,BTC-USD,2025-11-24,77.69,20000.0,0.25,636.149,35.818,36.319,41.723
553,FBTC,Fidelity Wise Origin Bitcoin,Fidelity,FBTC,Fidelity Wise Origin Bitcoin,BTC-USD,2025-11-25,76.08,20000.0,0.25,640.582,42.001,42.494,41.489
554,FBTC,Fidelity Wise Origin Bitcoin,Fidelity,FBTC,Fidelity Wise Origin Bitcoin,BTC-USD,2025-11-26,78.39,20000.0,0.25,646.387,38.808,39.308,41.928
555,FBTC,Fidelity Wise Origin Bitcoin,Fidelity,FBTC,Fidelity Wise Origin Bitcoin,BTC-USD,2025-11-28,79.08,20000.0,0.25,630.788,38.808,39.308,41.827
556,FBTC,Fidelity Wise Origin Bitcoin,Fidelity,FBTC,Fidelity Wise Origin Bitcoin,BTC-USD,2025-12-01,74.52,20000.0,0.25,632.285,38.808,39.308,43.176
557,FBTC,Fidelity Wise Origin Bitcoin,Fidelity,FBTC,Fidelity Wise Origin Bitcoin,BTC-USD,2025-12-02,79.35,20000.0,0.25,640.602,38.808,39.308,45.293
558,FBTC,Fidelity Wise Origin Bitcoin,Fidelity,FBTC,Fidelity Wise Origin Bitcoin,BTC-USD,2025-12-03,81.05,20000.0,0.25,629.475,38.808,39.309,45.568
559,FBTC,Fidelity Wise Origin Bitcoin,Fidelity,FBTC,Fidelity Wise Origin Bitcoin,BTC-USD,2025-12-04,80.66,20000.0,0.25,588.612,41.659,42.16,45.314
560,FBTC,Fidelity Wise Origin Bitcoin,Fidelity,FBTC,Fidelity Wise Origin Bitcoin,BTC-USD,2025-12-05,77.87,20000.0,0.25,591.743,35.634,36.135,45.711
561,FBTC,Fidelity Wise Origin Bitcoin,Fidelity,FBTC,Fidelity Wise Origin Bitcoin,BTC-USD,2025-12-08,79.14,20000.0,0.25,575.927,40.492,40.996,45.618
562,FBTC,Fidelity Wise Origin Bitcoin,Fidelity,FBTC,Fidelity Wise Origin Bitcoin,BTC-USD,2025-12-09,81.18,20000.0,0.25,574.128,33.234,33.738,45.974
563,FBTC,Fidelity Wise Origin Bitcoin,Fidelity,FBTC,Fidelity Wise Origin Bitcoin,BTC-USD,2025-12-10,80.66,20000.0,0.25,572.005,43.683,44.184,45.845
564,FBTC,Fidelity Wise Origin Bitcoin,Fidelity,FBTC,Fidelity Wise Origin Bitcoin,BTC-USD,2025-12-11,79.98,20000.0,0.25,578.823,43.683,44.177,45.836
565,FBTC,Fidelity Wise Origin Bitcoin,Fidelity,FBTC,Fidelity Wise Origin Bitcoin,BTC-USD,2025-12-12,78.67,20000.0,0.25,578.373,47.437,47.93,45.727
566,FBTC,Fidelity Wise Origin Bitcoin,Fidelity,FBTC,Fidelity Wise Origin Bitcoin,BTC-USD,2025-12-15,74.74,20000.0,0.25,569.676,47.437,47.93,46.62
567,FBTC,Fidelity Wise Origin Bitcoin,Fidelity,FBTC,Fidelity Wise Origin Bitcoin,BTC-USD,2025-12-16,76.35,20000.0,0.25,556.843,50.022,50.512,46.706
568,FBTC,Fidelity Wise Origin Bitcoin,Fidelity,FBTC,Fidelity Wise Origin Bitcoin,BTC-USD,2025-12-17,74.85,20000.0,0.25,557.543,52.447,52.937,46.817
569,FBTC,Fidelity Wise Origin Bitcoin,Fidelity,FBTC,Fidelity Wise Origin Bitcoin,BTC-USD,2025-12-18,73.75,20000.0,0.25,546.108,59.045,59.535,46.668
570,FBTC,Fidelity Wise Origin Bitcoin,Fidelity,FBTC,Fidelity Wise Origin Bitcoin,BTC-USD,2025-12-19,76.69,20000.0,0.25,529.227,66.485,66.975,47.044
571,FBTC,Fidelity Wise Origin Bitcoin,Fidelity,FBTC,Fidelity Wise Origin Bitcoin,BTC-USD,2025-12-22,76.96,20000.0,0.25,494.947,61.984,62.474,47.065
572,FBTC,Fidelity Wise Origin Bitcoin,Fidelity,FBTC,Fidelity Wise Origin Bitcoin,BTC-USD,2025-12-23,76.34,20000.0,0.25,456.187,61.984,62.474,45.869
573,FBTC,Fidelity Wise Origin Bitcoin,Fidelity,FBTC,Fidelity Wise Origin Bitcoin,BTC-USD,2025-12-24,76.02,20000.0,0.25,440.518,64.771,65.238,45.859
574,FBTC,Fidelity Wise Origin Bitcoin,Fidelity,FBTC,Fidelity Wise Origin Bitcoin,BTC-USD,2025-12-26,76.28,20000.0,0.25,441.483,60.186,60.563,45.428
575,FBTC,Fidelity Wise Origin Bitcoin,Fidelity,FBTC,Fidelity Wise Origin Bitcoin,BTC-USD,2025-12-29,75.88,20000.0,0.25,429.125,63.639,63.987,44.87
576,FBTC,Fidelity Wise Origin Bitcoin,Fidelity,FBTC,Fidelity Wise Origin Bitcoin,BTC-USD,2025-12-30,76.55,20000.0,0.25,434.96,63.639,63.987,44.761
577,FBTC,Fidelity Wise Origin Bitcoin,Fidelity,FBTC,Fidelity Wise Origin Bitcoin,BTC-USD,2025-12-31,76.23,20000.0,0.25,423.916,65.303,65.586,44.419
578,FBTC,Fidelity Wise Origin Bitcoin,Fidelity,FBTC,Fidelity Wise Origin Bitcoin,BTC-USD,2026-01-02,78.19,20000.0,0.25,422.921,65.303,65.586,44.572
579,FBTC,Fidelity Wise Origin Bitcoin,Fidelity,FBTC,Fidelity Wise Origin Bitcoin,BTC-USD,2026-01-05,82.1,20000.0,0.25,430.232,65.303,65.586,45.758
580,FBTC,Fidelity Wise Origin Bitcoin,Fidelity,FBTC,Fidelity Wise Origin Bitcoin,BTC-USD,2026-01-06,80.55,20000.0,0.25,436.386,67.155,67.503,45.75
581,FBTC,Fidelity Wise Origin Bitcoin,Fidelity,FBTC,Fidelity Wise Origin Bitcoin,BTC-USD,2026-01-07,79.23,20000.0,0.25,431.875,67.155,67.503,45.321
582,FBTC,Fidelity Wise Origin Bitcoin,Fidelity,FBTC,Fidelity Wise Origin Bitcoin,BTC-USD,2026-01-08,79.12,20000.0,0.25,435.65,62.297,62.58,45.321
583,FBTC,Fidelity Wise Origin Bitcoin,Fidelity,FBTC,Fidelity Wise Origin Bitcoin,BTC-USD,2026-01-09,78.59,20000.0,0.25,425.919,66.184,66.443,45.039
584,FBTC,Fidelity Wise Origin Bitcoin,Fidelity,FBTC,Fidelity Wise Origin Bitcoin,BTC-USD,2026-01-12,79.69,20000.0,0.25,424.126,63.16,63.444,45.147
585,FBTC,Fidelity Wise Origin Bitcoin,Fidelity,FBTC,Fidelity Wise Origin Bitcoin,BTC-USD,2026-01-13,82.33,20000.0,0.25,427.418,63.16,63.508,45.442
586,FBTC,Fidelity Wise Origin Bitcoin,Fidelity,FBTC,Fidelity Wise Origin Bitcoin,BTC-USD,2026-01-14,85.12,20000.0,0.25,432.062,54.242,54.59,45.925
587,FBTC,Fidelity Wise Origin Bitcoin,Fidelity,FBTC,Fidelity Wise Origin Bitcoin,BTC-USD,2026-01-15,82.99,20000.0,0.25,427.599,58.955,59.303,45.339
588,FBTC,Fidelity Wise Origin Bitcoin,Fidelity,FBTC,Fidelity Wise Origin Bitcoin,BTC-USD,2026-01-16,83.23,20000.0,0.25,424.253,56.37,56.654,45.291
589,FBTC,Fidelity Wise Origin Bitcoin,Fidelity,FBTC,Fidelity Wise Origin Bitcoin,BTC-USD,2026-01-20,77.98,20000.0,0.25,409.589,53.945,54.293,46.537
590,FBTC,Fidelity Wise Origin Bitcoin,Fidelity,FBTC,Fidelity Wise Origin Bitcoin,BTC-USD,2026-01-21,78.49,20000.0,0.25,425.956,39.153,39.437,46.266
591,FBTC,Fidelity Wise Origin Bitcoin,Fidelity,FBTC,Fidelity Wise Origin Bitcoin,BTC-USD,2026-01-22,77.83,20000.0,0.25,421.394,35.837,36.121,46.255
592,FBTC,Fidelity Wise Origin Bitcoin,Fidelity,FBTC,Fidelity Wise Origin Bitcoin,BTC-USD,2026-01-23,77.92,20000.0,0.25,411.155,39.489,39.773,45.428
593,FBTC,Fidelity Wise Origin Bitcoin,Fidelity,FBTC,Fidelity Wise Origin Bitcoin,BTC-USD,2026-01-26,76.26,20000.0,0.25,417.31,39.489,39.779,45.541
594,FBTC,Fidelity Wise Origin Bitcoin,Fidelity,FBTC,Fidelity Wise Origin Bitcoin,BTC-USD,2026-01-27,77.83,20000.0,0.25,424.551,42.453,42.875,45.561
595,FBTC,Fidelity Wise Origin Bitcoin,Fidelity,FBTC,Fidelity Wise Origin Bitcoin,BTC-USD,2026-01-28,77.55,20000.0,0.25,418.568,40.856,41.278,44.965
596,FBTC,Fidelity Wise Origin Bitcoin,Fidelity,FBTC,Fidelity Wise Origin Bitcoin,BTC-USD,2026-01-29,73.15,20000.0,0.25,436.985,37.403,37.827,45.794
597,FBTC,Fidelity Wise Origin Bitcoin,Fidelity,FBTC,Fidelity Wise Origin Bitcoin,BTC-USD,2026-01-30,73.02,20000.0,0.25,443.814,37.403,37.827,45.494
598,FBTC,Fidelity Wise Origin Bitcoin,Fidelity,FBTC,Fidelity Wise Origin Bitcoin,BTC-USD,2026-02-02,67.89,20000.0,0.25,469.106,35.739,36.178,46.426
599,FBTC,Fidelity Wise Origin Bitcoin,Fidelity,FBTC,Fidelity Wise Origin Bitcoin,BTC-USD,2026-02-03,66.58,20000.0,0.25,482.837,35.739,36.178,45.958
600,FBTC,Fidelity Wise Origin Bitcoin,Fidelity,FBTC,Fidelity Wise Origin Bitcoin,BTC-USD,2026-02-04,63.9,20000.0,0.25,499.726,39.235,39.674,46.296
601,FBTC,Fidelity Wise Origin Bitcoin,Fidelity,FBTC,Fidelity Wise Origin Bitcoin,BTC-USD,2026-02-05,55.45,20000.0,0.25,548.361,34.531,34.975,53.587
602,FBTC,Fidelity Wise Origin Bitcoin,Fidelity,FBTC,Fidelity Wise Origin Bitcoin,BTC-USD,2026-02-06,60.96,20000.0,0.25,562.739,39.887,40.331,57.286
603,FBTC,Fidelity Wise Origin Bitcoin,Fidelity,FBTC,Fidelity Wise Origin Bitcoin,BTC-USD,2026-02-09,61.605,20000.0,0.25,569.372,52.254,52.698,57.169
604,FBTC,Fidelity Wise Origin Bitcoin,Fidelity,FBTC,Fidelity Wise Origin Bitcoin,BTC-USD,2026-02-10,59.9,20000.0,0.25,567.55,50.165,50.684,57.332
605,FBTC,Fidelity Wise Origin Bitcoin,Fidelity,FBTC,Fidelity Wise Origin Bitcoin,BTC-USD,2026-02-11,58.82,20000.0,0.25,573.259,42.739,43.259,57.071
606,FBTC,Fidelity Wise Origin Bitcoin,Fidelity,FBTC,Fidelity Wise Origin Bitcoin,BTC-USD,2026-02-12,56.91,20000.0,0.25,577.646,57.582,58.102,56.934
607,FBTC,Fidelity Wise Origin Bitcoin,Fidelity,FBTC,Fidelity Wise Origin Bitcoin,BTC-USD,2026-02-13,59.89,20000.0,0.25,569.367,57.582,58.102,57.96
608,FBTC,Fidelity Wise Origin Bitcoin,Fidelity,FBTC,Fidelity Wise Origin Bitcoin,BTC-USD,2026-02-17,59.02,20000.0,0.25,563.289,56.869,57.355,57.9
609,FBTC,Fidelity Wise Origin Bitcoin,Fidelity,FBTC,Fidelity Wise Origin Bitcoin,BTC-USD,2026-02-18,57.69,20000.0,0.25,562.066,65.49,66.009,57.63
610,FBTC,Fidelity Wise Origin Bitcoin,Fidelity,FBTC,Fidelity Wise Origin Bitcoin,BTC-USD,2026-02-19,58.46,20000.0,0.25,548.572,69.916,70.436,57.397
611,FBTC,Fidelity Wise Origin Bitcoin,Fidelity,FBTC,Fidelity Wise Origin Bitcoin,BTC-USD,2026-02-20,59.01,20000.0,0.25,533.386,69.916,70.436,57.365
612,FBTC,Fidelity Wise Origin Bitcoin,Fidelity,FBTC,Fidelity Wise Origin Bitcoin,BTC-USD,2026-02-23,56.13,20000.0,0.25,537.313,65.793,66.376,56.923
613,FBTC,Fidelity Wise Origin Bitcoin,Fidelity,FBTC,Fidelity Wise Origin Bitcoin,BTC-USD,2026-02-24,56.13,20000.0,0.25,536.974,61.56,62.156,56.841
614,FBTC,Fidelity Wise Origin Bitcoin,Fidelity,FBTC,Fidelity Wise Origin Bitcoin,BTC-USD,2026-02-25,60.3,20000.0,0.25,535.229,61.56,62.192,58.556
615,FBTC,Fidelity Wise Origin Bitcoin,Fidelity,FBTC,Fidelity Wise Origin Bitcoin,BTC-USD,2026-02-26,58.74,20000.0,0.25,537.045,63.366,63.999,58.66
616,FBTC,Fidelity Wise Origin Bitcoin,Fidelity,FBTC,Fidelity Wise Origin Bitcoin,BTC-USD,2026-02-27,57.15,20000.0,0.25,530.443,63.366,64.11,57.752
617,FBTC,Fidelity Wise Origin Bitcoin,Fidelity,FBTC,Fidelity Wise Origin Bitcoin,BTC-USD,2026-03-02,60.26,20000.0,0.25,527.669,63.366,64.11,57.297
618,FBTC,Fidelity Wise Origin Bitcoin,Fidelity,FBTC,Fidelity Wise Origin Bitcoin,BTC-USD,2026-03-03,59.45,20000.0,0.25,513.523,77.151,77.895,57.071
619,FBTC,Fidelity Wise Origin Bitcoin,Fidelity,FBTC,Fidelity Wise Origin Bitcoin,BTC-USD,2026-03-04,63.68,20000.0,0.25,492.904,77.151,77.895,59.047
620,FBTC,Fidelity Wise Origin Bitcoin,Fidelity,FBTC,Fidelity Wise Origin Bitcoin,BTC-USD,2026-03-05,62.05,20000.0,0.25,465.094,78.144,79.0,58.868
621,FBTC,Fidelity Wise Origin Bitcoin,Fidelity,FBTC,Fidelity Wise Origin Bitcoin,BTC-USD,2026-03-06,59.31,20000.0,0.25,437.305,74.648,75.521,59.32
622,FBTC,Fidelity Wise Origin Bitcoin,Fidelity,FBTC,Fidelity Wise Origin Bitcoin,BTC-USD,2026-03-09,60.13,20000.0,0.25,382.026,75.714,76.57,59.113
623,FBTC,Fidelity Wise Origin Bitcoin,Fidelity,FBTC,Fidelity Wise Origin Bitcoin,BTC-USD,2026-03-10,61.03,20000.0,0.25,366.492,70.359,71.103,59.252
624,FBTC,Fidelity Wise Origin Bitcoin,Fidelity,FBTC,Fidelity Wise Origin Bitcoin,BTC-USD,2026-03-11,61.57,20000.0,0.25,355.254,65.948,66.691,59.31
625,FBTC,Fidelity Wise Origin Bitcoin,Fidelity,FBTC,Fidelity Wise Origin Bitcoin,BTC-USD,2026-03-12,61.37,20000.0,0.25,357.05,65.069,65.702,59.256
626,FBTC,Fidelity Wise Origin Bitcoin,Fidelity,FBTC,Fidelity Wise Origin Bitcoin,BTC-USD,2026-03-13,61.98,20000.0,0.25,357.114,65.069,65.702,58.5
627,FBTC,Fidelity Wise Origin Bitcoin,Fidelity,FBTC,Fidelity Wise Origin Bitcoin,BTC-USD,2026-03-16,64.44,20000.0,0.25,350.797,50.227,50.97,58.924
628,FBTC,Fidelity Wise Origin Bitcoin,Fidelity,FBTC,Fidelity Wise Origin Bitcoin,BTC-USD,2026-03-17,64.94,20000.0,0.25,350.215,54.085,54.718,58.855
629,FBTC,Fidelity Wise Origin Bitcoin,Fidelity,FBTC,Fidelity Wise Origin Bitcoin,BTC-USD,2026-03-18,61.89,20000.0,0.25,350.742,50.085,50.829,59.547
630,FBTC,Fidelity Wise Origin Bitcoin,Fidelity,FBTC,Fidelity Wise Origin Bitcoin,BTC-USD,2026-03-19,61.19,20000.0,0.25,347.67,41.465,42.209,58.921
631,FBTC,Fidelity Wise Origin Bitcoin,Fidelity,FBTC,Fidelity Wise Origin Bitcoin,BTC-USD,2026-03-20,61.12,20000.0,0.25,346.93,42.591,43.335,58.904
632,FBTC,Fidelity Wise Origin Bitcoin,Fidelity,FBTC,Fidelity Wise Origin Bitcoin,BTC-USD,2026-03-23,61.55,20000.0,0.25,341.46,42.591,43.335,58.939
633,FBTC,Fidelity Wise Origin Bitcoin,Fidelity,FBTC,Fidelity Wise Origin Bitcoin,BTC-USD,2026-03-24,60.4,20000.0,0.25,338.448,42.591,43.197,59.022
634,FBTC,Fidelity Wise Origin Bitcoin,Fidelity,FBTC,Fidelity Wise Origin Bitcoin,BTC-USD,2026-03-25,61.69,20000.0,0.25,337.152,42.591,43.197,59.226
635,FBTC,Fidelity Wise Origin Bitcoin,Fidelity,FBTC,Fidelity Wise Origin Bitcoin,BTC-USD,2026-03-26,59.66,20000.0,0.25,332.057,42.591,43.197,59.542
636,FBTC,Fidelity Wise Origin Bitcoin,Fidelity,FBTC,Fidelity Wise Origin Bitcoin,BTC-USD,2026-03-27,57.47,20000.0,0.25,332.745,35.034,35.64,59.87
637,FBTC,Fidelity Wise Origin Bitcoin,Fidelity,FBTC,Fidelity Wise Origin Bitcoin,BTC-USD,2026-03-30,57.89,20000.0,0.25,339.498,35.034,35.507,59.921
638,FBTC,Fidelity Wise Origin Bitcoin,Fidelity,FBTC,Fidelity Wise Origin Bitcoin,BTC-USD,2026-03-31,59.03,20000.0,0.25,329.742,42.981,43.455,59.807
639,FBTC,Fidelity Wise Origin Bitcoin,Fidelity,FBTC,Fidelity Wise Origin Bitcoin,BTC-USD,2026-04-01,59.36,20000.0,0.25,330.521,29.196,29.67,58.804
640,FBTC,Fidelity Wise Origin Bitcoin,Fidelity,FBTC,Fidelity Wise Origin Bitcoin,BTC-USD,2026-04-02,58.36,20000.0,0.25,322.429,29.196,29.67,58.785
641,FBTC,Fidelity Wise Origin Bitcoin,Fidelity,FBTC,Fidelity Wise Origin Bitcoin,BTC-USD,2026-04-06,60.72,20000.0,0.25,321.666,28.204,28.677,59.453
642,FBTC,Fidelity Wise Origin Bitcoin,Fidelity,FBTC,Fidelity Wise Origin Bitcoin,BTC-USD,2026-04-07,60.09,20000.0,0.25,315.818,28.204,28.677,59.462
643,FBTC,Fidelity Wise Origin Bitcoin,Fidelity,FBTC,Fidelity Wise Origin Bitcoin,BTC-USD,2026-04-08,62.14,20000.0,0.25,311.202,27.138,27.614,59.97
644,FBTC,Fidelity Wise Origin Bitcoin,Fidelity,FBTC,Fidelity Wise Origin Bitcoin,BTC-USD,2026-04-09,62.83,20000.0,0.25,307.567,38.986,39.462,59.937
645,FBTC,Fidelity Wise Origin Bitcoin,Fidelity,FBTC,Fidelity Wise Origin Bitcoin,BTC-USD,2026-04-10,63.85,20000.0,0.25,303.061,31.03,31.515,59.602
646,FBTC,Fidelity Wise Origin Bitcoin,Fidelity,FBTC,Fidelity Wise Origin Bitcoin,BTC-USD,2026-04-13,63.9,20000.0,0.25,302.671,35.044,35.529,59.097
647,FBTC,Fidelity Wise Origin Bitcoin,Fidelity,FBTC,Fidelity Wise Origin Bitcoin,BTC-USD,2026-04-14,64.71,20000.0,0.25,298.26,35.044,35.529,59.044
648,FBTC,Fidelity Wise Origin Bitcoin,Fidelity,FBTC,Fidelity Wise Origin Bitcoin,BTC-USD,2026-04-15,65.36,20000.0,0.25,288.216,39.596,40.073,59.099
649,FBTC,Fidelity Wise Origin Bitcoin,Fidelity,FBTC,Fidelity Wise Origin Bitcoin,BTC-USD,2026-04-16,65.63,20000.0,0.25,284.288,44.446,44.922,57.728
650,FBTC,Fidelity Wise Origin Bitcoin,Fidelity,FBTC,Fidelity Wise Origin Bitcoin,BTC-USD,2026-04-17,67.48,20000.0,0.25,291.618,44.446,44.922,58.039
651,FBTC,Fidelity Wise Origin Bitcoin,Fidelity,FBTC,Fidelity Wise Origin Bitcoin,BTC-USD,2026-04-20,66.44,20000.0,0.25,288.691,44.446,44.931,58.088
652,FBTC,Fidelity Wise Origin Bitcoin,Fidelity,FBTC,Fidelity Wise Origin Bitcoin,BTC-USD,2026-04-21,65.32,20000.0,0.25,288.772,48.848,49.444,58.157
653,FBTC,Fidelity Wise Origin Bitcoin,Fidelity,FBTC,Fidelity Wise Origin Bitcoin,BTC-USD,2026-04-22,68.69,20000.0,0.25,286.688,48.848,49.454,59.033
654,FBTC,Fidelity Wise Origin Bitcoin,Fidelity,FBTC,Fidelity Wise Origin Bitcoin,BTC-USD,2026-04-23,67.67,20000.0,0.25,283.593,48.848,49.456,58.911
655,FBTC,Fidelity Wise Origin Bitcoin,Fidelity,FBTC,Fidelity Wise Origin Bitcoin,BTC-USD,2026-04-24,67.61,20000.0,0.25,284.029,52.708,53.305,58.911
656,FBTC,Fidelity Wise Origin Bitcoin,Fidelity,FBTC,Fidelity Wise Origin Bitcoin,BTC-USD,2026-04-27,66.95,20000.0,0.25,282.648,55.467,55.952,57.765
657,FBTC,Fidelity Wise Origin Bitcoin,Fidelity,FBTC,Fidelity Wise Origin Bitcoin,BTC-USD,2026-04-28,66.48,20000.0,0.25,272.101,55.467,55.952,57.776
658,FBTC,Fidelity Wise Origin Bitcoin,Fidelity,FBTC,Fidelity Wise Origin Bitcoin,BTC-USD,2026-04-29,65.71,20000.0,0.25,267.439,57.752,58.237,55.881
659,FBTC,Fidelity Wise Origin Bitcoin,Fidelity,FBTC,Fidelity Wise Origin Bitcoin,BTC-USD,2026-04-30,66.53,20000.0,0.25,256.069,51.288,51.808,55.802
660,FBTC,Fidelity Wise Origin Bitcoin,Fidelity,FBTC,Fidelity Wise Origin Bitcoin,BTC-USD,2026-05-01,68.3,20000.0,0.25,257.319,51.288,51.885,55.39
661,FBTC,Fidelity Wise Origin Bitcoin,Fidelity,FBTC,Fidelity Wise Origin Bitcoin,BTC-USD,2026-05-04,69.72,20000.0,0.25,259.594,51.288,51.885,46.826
662,FBTC,Fidelity Wise Origin Bitcoin,Fidelity,FBTC,Fidelity Wise Origin Bitcoin,BTC-USD,2026-05-05,71.08,20000.0,0.25,258.617,51.288,51.885,42.963
663,FBTC,Fidelity Wise Origin Bitcoin,Fidelity,FBTC,Fidelity Wise Origin Bitcoin,BTC-USD,2026-05-06,70.92,20000.0,0.25,257.15,52.711,53.307,42.941
664,FBTC,Fidelity Wise Origin Bitcoin,Fidelity,FBTC,Fidelity Wise Origin Bitcoin,BTC-USD,2026-05-07,69.8,20000.0,0.25,257.19,52.711,53.307,42.645
665,FBTC,Fidelity Wise Origin Bitcoin,Fidelity,FBTC,Fidelity Wise Origin Bitcoin,BTC-USD,2026-05-08,69.81,20000.0,0.25,252.538,44.757,45.353,42.429
666,FBTC,Fidelity Wise Origin Bitcoin,Fidelity,FBTC,Fidelity Wise Origin Bitcoin,BTC-USD,2026-05-11,71.35,20000.0,0.25,253.917,44.757,45.353,41.935
667,FBTC,Fidelity Wise Origin Bitcoin,Fidelity,FBTC,Fidelity Wise Origin Bitcoin,BTC-USD,2026-05-12,70.36,20000.0,0.25,248.159,38.92,39.528,40.909
668,FBTC,Fidelity Wise Origin Bitcoin,Fidelity,FBTC,Fidelity Wise Origin Bitcoin,BTC-USD,2026-05-13,69.3,20000.0,0.25,242.125,38.92,39.556,40.919
669,FBTC,Fidelity Wise Origin Bitcoin,Fidelity,FBTC,Fidelity Wise Origin Bitcoin,BTC-USD,2026-05-14,70.89,20000.0,0.25,245.887,34.369,35.031,40.771
670,FBTC,Fidelity Wise Origin Bitcoin,Fidelity,FBTC,Fidelity Wise Origin Bitcoin,BTC-USD,2026-05-15,68.84,20000.0,0.25,245.009,25.66,26.356,41.264
671,FBTC,Fidelity Wise Origin Bitcoin,Fidelity,FBTC,Fidelity Wise Origin Bitcoin,BTC-USD,2026-05-18,66.87,20000.0,0.25,236.59,25.66,26.385,41.748
672,FBTC,Fidelity Wise Origin Bitcoin,Fidelity,FBTC,Fidelity Wise Origin Bitcoin,BTC-USD,2026-05-19,66.82,20000.0,0.25,232.049,30.496,31.221,40.317
673,FBTC,Fidelity Wise Origin Bitcoin,Fidelity,FBTC,Fidelity Wise Origin Bitcoin,BTC-USD,2026-05-20,67.57,20000.0,0.25,230.106,20.541,21.237,40.347
674,FBTC,Fidelity Wise Origin Bitcoin,Fidelity,FBTC,Fidelity Wise Origin Bitcoin,BTC-USD,2026-05-21,67.56,20000.0,0.25,224.399,25.285,25.931,37.734
675,FBTC,Fidelity Wise Origin Bitcoin,Fidelity,FBTC,Fidelity Wise Origin Bitcoin,BTC-USD,2026-05-22,65.98,20000.0,0.25,221.514,25.285,25.981,37.657
676,FBTC,Fidelity Wise Origin Bitcoin,Fidelity,FBTC,Fidelity Wise Origin Bitcoin,BTC-USD,2026-05-26,66.06,20000.0,0.25,222.276,28.638,29.334,37.156
677,FBTC,Fidelity Wise Origin Bitcoin,Fidelity,FBTC,Fidelity Wise Origin Bitcoin,BTC-USD,2026-05-27,65.22,20000.0,0.25,222.346,25.88,26.576,35.751
678,FBTC,Fidelity Wise Origin Bitcoin,Fidelity,FBTC,Fidelity Wise Origin Bitcoin,BTC-USD,2026-05-28,63.84,20000.0,0.25,225.799,25.88,26.605,35.926
679,FBTC,Fidelity Wise Origin Bitcoin,Fidelity,FBTC,Fidelity Wise Origin Bitcoin,BTC-USD,2026-05-29,63.9,20000.0,0.25,224.112,29.018,29.743,33.054
680,FBTC,Fidelity Wise Origin Bitcoin,Fidelity,FBTC,Fidelity Wise Origin Bitcoin,BTC-USD,2026-06-01,62.2,20000.0,0.25,231.64,27.534,28.259,33.089
681,FBTC,Fidelity Wise Origin Bitcoin,Fidelity,FBTC,Fidelity Wise Origin Bitcoin,BTC-USD,2026-06-02,58.46,20000.0,0.25,236.78,27.534,28.259,34.233
682,FBTC,Fidelity Wise Origin Bitcoin,Fidelity,FBTC,Fidelity Wise Origin Bitcoin,BTC-USD,2026-06-03,56.91,20000.0,0.25,233.075,27.534,28.271,34.535
683,FBTC,Fidelity Wise Origin Bitcoin,Fidelity,FBTC,Fidelity Wise Origin Bitcoin,BTC-USD,2026-06-04,55.27,20000.0,0.25,239.707,27.534,28.271,34.856
684,FBTC,Fidelity Wise Origin Bitcoin,Fidelity,FBTC,Fidelity Wise Origin Bitcoin,BTC-USD,2026-06-05,52.46,20000.0,0.25,262.165,26.112,26.866,36.286
685,FBTC,Fidelity Wise Origin Bitcoin,Fidelity,FBTC,Fidelity Wise Origin Bitcoin,BTC-USD,2026-06-08,55.17,20000.0,0.25,267.896,26.112,26.897,37.878
686,FBTC,Fidelity Wise Origin Bitcoin,Fidelity,FBTC,Fidelity Wise Origin Bitcoin,BTC-USD,2026-06-09,54.01,20000.0,0.25,276.301,22.217,23.003,38.006
687,FBTC,Fidelity Wise Origin Bitcoin,Fidelity,FBTC,Fidelity Wise Origin Bitcoin,BTC-USD,2026-06-10,53.88,20000.0,0.25,276.098,24.716,25.47,37.022
688,FBTC,Fidelity Wise Origin Bitcoin,Fidelity,FBTC,Fidelity Wise Origin Bitcoin,BTC-USD,2026-06-11,55.29,20000.0,0.25,276.829,24.716,25.501,37.43
689,FBTC,Fidelity Wise Origin Bitcoin,Fidelity,FBTC,Fidelity Wise Origin Bitcoin,BTC-USD,2026-06-12,55.35,20000.0,0.25,275.02,25.192,25.978,36.218
690,FBTC,Fidelity Wise Origin Bitcoin,Fidelity,FBTC,Fidelity Wise Origin Bitcoin,BTC-USD,2026-06-15,57.96,20000.0,0.25,273.852,25.192,25.983,37.466
691,FBTC,Fidelity Wise Origin Bitcoin,Fidelity,FBTC,Fidelity Wise Origin Bitcoin,BTC-USD,2026-06-16,57.13,20000.0,0.25,267.085,25.192,25.983,37.568
692,FBTC,Fidelity Wise Origin Bitcoin,Fidelity,FBTC,Fidelity Wise Origin Bitcoin,BTC-USD,2026-06-17,55.89,20000.0,0.25,262.483,28.151,28.942,37.768
693,FBTC,Fidelity Wise Origin Bitcoin,Fidelity,FBTC,Fidelity Wise Origin Bitcoin,BTC-USD,2026-06-18,54.77,20000.0,0.25,267.863,23.315,24.118,37.796
694,FBTC,Fidelity Wise Origin Bitcoin,Fidelity,FBTC,Fidelity Wise Origin Bitcoin,BTC-USD,2026-06-22,56.02,20000.0,0.25,272.131,23.315,24.154,37.834
695,FBTC,Fidelity Wise Origin Bitcoin,Fidelity,FBTC,Fidelity Wise Origin Bitcoin,BTC-USD,2026-06-23,54.25,20000.0,0.25,271.55,18.571,19.431,37.787
696,FBTC,Fidelity Wise Origin Bitcoin,Fidelity,FBTC,Fidelity Wise Origin Bitcoin,BTC-USD,2026-06-24,52.05,20000.0,0.25,281.755,18.571,19.431,37.957
697,FBTC,Fidelity Wise Origin Bitcoin,Fidelity,FBTC,Fidelity Wise Origin Bitcoin,BTC-USD,2026-06-25,51.47,20000.0,0.25,289.534,18.458,19.318,37.96
698,FBTC,Fidelity Wise Origin Bitcoin,Fidelity,FBTC,Fidelity Wise Origin Bitcoin,BTC-USD,2026-06-26,51.98,20000.0,0.25,288.399,26.901,27.761,37.778
699,FBTC,Fidelity Wise Origin Bitcoin,Fidelity,FBTC,Fidelity Wise Origin Bitcoin,BTC-USD,2026-06-29,52.52,20000.0,0.25,287.761,38.472,39.311,37.832
700,FBTC,Fidelity Wise Origin Bitcoin,Fidelity,FBTC,Fidelity Wise Origin Bitcoin,BTC-USD,2026-06-30,51.05,20000.0,0.25,292.984,33.048,33.908,38.096
701,FBTC,Fidelity Wise Origin Bitcoin,Fidelity,FBTC,Fidelity Wise Origin Bitcoin,BTC-USD,2026-07-01,52.23,20000.0,0.25,290.248,33.048,33.914,37.458
702,FBTC,Fidelity Wise Origin Bitcoin,Fidelity,FBTC,Fidelity Wise Origin Bitcoin,BTC-USD,2026-07-02,53.52,20000.0,0.25,279.419,33.048,33.914,37.822
703,FBTC,Fidelity Wise Origin Bitcoin,Fidelity,FBTC,Fidelity Wise Origin Bitcoin,BTC-USD,2026-07-06,55.43,20000.0,0.25,284.345,34.884,35.751,37.884
704,FBTC,Fidelity Wise Origin Bitcoin,Fidelity,FBTC,Fidelity Wise Origin Bitcoin,BTC-USD,2026-07-07,55.53,20000.0,0.25,271.081,37.995,38.862,37.796
705,FBTC,Fidelity Wise Origin Bitcoin,Fidelity,FBTC,Fidelity Wise Origin Bitcoin,BTC-USD,2026-07-08,54.17,20000.0,0.25,245.966,37.995,38.947,37.886
706,FBTC,Fidelity Wise Origin Bitcoin,Fidelity,FBTC,Fidelity Wise Origin Bitcoin,BTC-USD,2026-07-09,54.96,20000.0,0.25,240.625,37.995,38.862,38.044
707,FBTC,Fidelity Wise Origin Bitcoin,Fidelity,FBTC,Fidelity Wise Origin Bitcoin,BTC-USD,2026-07-10,55.615,20000.0,0.25,232.401,37.995,38.862,38.031
708,FBTC,Fidelity Wise Origin Bitcoin,Fidelity,FBTC,Fidelity Wise Origin Bitcoin,BTC-USD,2026-07-13,54.13,20000.0,0.25,243.406,35.497,36.363,38.268
709,FBTC,Fidelity Wise Origin Bitcoin,Fidelity,FBTC,Fidelity Wise Origin Bitcoin,BTC-USD,2026-07-14,56.22,20000.0,0.25,247.665,35.497,36.363,39.157
710,FBTC,Fidelity Wise Origin Bitcoin,Fidelity,FBTC,Fidelity Wise Origin Bitcoin,BTC-USD,2026-07-15,56.54,20000.0,0.25,245.883,35.02,35.887,38.684
711,FBTC,Fidelity Wise Origin Bitcoin,Fidelity,FBTC,Fidelity Wise Origin Bitcoin,BTC-USD,2026-07-16,55.93,20000.0,0.25,237.013,35.02,35.887,38.63
712,FBTC,Fidelity Wise Origin Bitcoin,Fidelity,FBTC,Fidelity Wise Origin Bitcoin,BTC-USD,2026-07-17,55.82,20000.0,0.25,241.641,35.02,35.88,38.518
713,FBTC,Fidelity Wise Origin Bitcoin,Fidelity,FBTC,Fidelity Wise Origin Bitcoin,BTC-USD,2026-07-20,56.69,20000.0,0.25,245.06,32.062,32.887,37.109
714,FBTC,Fidelity Wise Origin Bitcoin,Fidelity,FBTC,Fidelity Wise Origin Bitcoin,BTC-USD,2026-07-21,57.83,20000.0,0.25,240.287,32.062,32.921,37.325
715,FBTC,Fidelity Wise Origin Bitcoin,Fidelity,FBTC,Fidelity Wise Origin Bitcoin,BTC-USD,2026-07-22,57.38,20000.0,0.25,232.47,32.062,32.887,37.338
716,FBTC,Fidelity Wise Origin Bitcoin,Fidelity,FBTC,Fidelity Wise Origin Bitcoin,BTC-USD,2026-07-23,56.39,20000.0,0.25,230.604,32.062,32.887,37.432
717,FBTC,Fidelity Wise Origin Bitcoin,Fidelity,FBTC,Fidelity Wise Origin Bitcoin,BTC-USD,2026-07-24,55.83,20000.0,0.25,219.044,32.062,32.856,37.451
718,FBTC,Fidelity Wise Origin Bitcoin,Fidelity,FBTC,Fidelity Wise Origin Bitcoin,BTC-USD,2026-07-27,56.51,20000.0,0.25,203.666,24.961,25.787,37.53
719,FBTC,Fidelity Wise Origin Bitcoin,Fidelity,FBTC,Fidelity Wise Origin Bitcoin,BTC-USD,2026-07-28,55.54,20000.0,0.25,200.835,16.518,17.384,37.52
720,FBTC,Fidelity Wise Origin Bitcoin,Fidelity,FBTC,Fidelity Wise Origin Bitcoin,BTC-USD,2026-07-29,55.29,20000.0,0.25,204.274,4.947,5.814,37.022
721,FBTC,Fidelity Wise Origin Bitcoin,Fidelity,FBTC,Fidelity Wise Origin Bitcoin,BTC-USD,2026-07-30,56.36,20000.0,0.25,197.814,4.947,5.814,36.983
722,FBTC,Fidelity Wise Origin Bitcoin,Fidelity,FBTC,Fidelity Wise Origin Bitcoin,BTC-USD,2026-07-31,54.71,20000.0,0.25,200.426,4.947,5.88,37.054
723,FBTC,Fidelity Wise Origin Bitcoin,Fidelity,FBTC,Fidelity Wise Origin Bitcoin,BTC-USD,2026-08-03,55.59,20000.0,0.25,202.744,13.001,13.826,37.285
724,FBTC,Fidelity Wise Origin Bitcoin,Fidelity,FBTC,Fidelity Wise Origin Bitcoin,BTC-USD,2026-08-04,55.89,20000.0,0.25,192.513,11.165,11.96,37.251
725,FBTC,Fidelity Wise Origin Bitcoin,Fidelity,FBTC,Fidelity Wise Origin Bitcoin,BTC-USD,2026-08-05,56.42,20000.0,0.25,193.664,8.054,8.848,37.341
726,FBTC,Fidelity Wise Origin Bitcoin,Fidelity,FBTC,Fidelity Wise Origin Bitcoin,BTC-USD,2026-08-06,56.06,20000.0,0.25,193.851,12.685,13.331,36.968
727,FBTC,Fidelity Wise Origin Bitcoin,Fidelity,FBTC,Fidelity Wise Origin Bitcoin,BTC-USD,2026-08-07,56.53,20000.0,0.25,189.026,12.685,13.365,36.995
728,FBTC,Fidelity Wise Origin Bitcoin,Fidelity,FBTC,Fidelity Wise Origin Bitcoin,BTC-USD,2026-08-10,55.65,20000.0,0.25,193.247,12.685,13.361,37.001
729,FBTC,Fidelity Wise Origin Bitcoin,Fidelity,FBTC,Fidelity Wise Origin Bitcoin,BTC-USD,2026-08-11,55.23,20000.0,0.25,177.388,12.685,13.361,36.599
730,FBTC,Fidelity Wise Origin Bitcoin,Fidelity,FBTC,Fidelity Wise Origin Bitcoin,BTC-USD,2026-08-12,55.11,20000.0,0.25,168.131,17.548,18.183,36.222
731,FBTC,Fidelity Wise Origin Bitcoin,Fidelity,FBTC,Fidelity Wise Origin Bitcoin,BTC-USD,2026-08-13,55.09,20000.0,0.25,166.914,20.615,21.25,35.84
732,FBTC,Fidelity Wise Origin Bitcoin,Fidelity,FBTC,Fidelity Wise Origin Bitcoin,BTC-USD,2026-08-14,54.74,20000.0,0.25,167.931,20.615,21.25,35.842
733,FBTC,Fidelity Wise Origin Bitcoin,Fidelity,FBTC,Fidelity Wise Origin Bitcoin,BTC-USD,2026-08-17,55.94,20000.0,0.25,170.628,20.615,21.256,36.088
734,FBTC,Fidelity Wise Origin Bitcoin,Fidelity,FBTC,Fidelity Wise Origin Bitcoin,BTC-USD,2026-08-18,56.23,20000.0,0.25,163.982,20.615,21.256,36.123
735,FBTC,Fidelity Wise Origin Bitcoin,Fidelity,FBTC,Fidelity Wise Origin Bitcoin,BTC-USD,2026-08-19,59.6,20000.0,0.25,187.814,20.615,21.256,37.978
736,FBTC,Fidelity Wise Origin Bitcoin,Fidelity,FBTC,Fidelity Wise Origin Bitcoin,BTC-USD,2026-08-20,63.27,20000.0,0.25,204.073,20.615,21.256,40.01
737,FBTC,Fidelity Wise Origin Bitcoin,Fidelity,FBTC,Fidelity Wise Origin Bitcoin,BTC-USD,2026-08-21,67.02,20000.0,0.25,222.876,20.615,21.256,41.668
738,FBTC,Fidelity Wise Origin Bitcoin,Fidelity,FBTC,Fidelity Wise Origin Bitcoin,BTC-USD,2026-08-24,68.56,20000.0,0.25,237.487,20.615,21.256,41.661
739,FBTC,Fidelity Wise Origin Bitcoin,Fidelity,FBTC,Fidelity Wise Origin Bitcoin,BTC-USD,2026-08-25,68.72,20000.0,0.25,246.256,27.644,28.279,41.661
740,FBTC,Fidelity Wise Origin Bitcoin,Fidelity,FBTC,Fidelity Wise Origin Bitcoin,BTC-USD,2026-08-26,68.31,20000.0,0.25,246.254,27.644,28.268,41.275
741,FBTC,Fidelity Wise Origin Bitcoin,Fidelity,FBTC,Fidelity Wise Origin Bitcoin,BTC-USD,2026-08-27,69.56,20000.0,0.25,248.668,27.644,28.268,39.22
742,GBTC,Grayscale Bitcoin Trust,Grayscale,GBTC,Grayscale Bitcoin Trust,BTC-USD,2025-03-07,68.79,18000.0,1.5,195.251,86.816,87.95,46.467
743,GBTC,Grayscale Bitcoin Trust,Grayscale,GBTC,Grayscale Bitcoin Trust,BTC-USD,2025-03-10,62.43,18000.0,1.5,197.13,78.133,79.314,49.175
744,GBTC,Grayscale Bitcoin Trust,Grayscale,GBTC,Grayscale Bitcoin Trust,BTC-USD,2025-03-11,65.7,18000.0,1.5,195.591,78.704,79.909,50.41
745,GBTC,Grayscale Bitcoin Trust,Grayscale,GBTC,Grayscale Bitcoin Trust,BTC-USD,2025-03-12,65.57,18000.0,1.5,197.174,88.701,89.882,49.193
746,GBTC,Grayscale Bitcoin Trust,Grayscale,GBTC,Grayscale Bitcoin Trust,BTC-USD,2025-03-13,63.38,18000.0,1.5,197.051,98.012,99.193,49.547
747,GBTC,Grayscale Bitcoin Trust,Grayscale,GBTC,Grayscale Bitcoin Trust,BTC-USD,2025-03-14,66.95,18000.0,1.5,196.096,87.194,88.376,50.813
748,GBTC,Grayscale Bitcoin Trust,Grayscale,GBTC,Grayscale Bitcoin Trust,BTC-USD,2025-03-17,66.81,18000.0,1.5,195.265,92.988,94.17,50.034
749,GBTC,Grayscale Bitcoin Trust,Grayscale,GBTC,Grayscale Bitcoin Trust,BTC-USD,2025-03-18,65.08,18000.0,1.5,190.895,92.988,94.523,50.178
750,GBTC,Grayscale Bitcoin Trust,Grayscale,GBTC,Grayscale Bitcoin Trust,BTC-USD,2025-03-19,67.59,18000.0,1.5,189.333,92.988,94.523,49.57
751,GBTC,Grayscale Bitcoin Trust,Grayscale,GBTC,Grayscale Bitcoin Trust,BTC-USD,2025-03-20,66.5,18000.0,1.5,186.977,102.99,104.525,48.88
752,GBTC,Grayscale Bitcoin Trust,Grayscale,GBTC,Grayscale Bitcoin Trust,BTC-USD,2025-03-21,66.32,18000.0,1.5,183.222,102.99,104.171,48.872
753,GBTC,Grayscale Bitcoin Trust,Grayscale,GBTC,Grayscale Bitcoin Trust,BTC-USD,2025-03-24,69.77,18000.0,1.5,176.557,98.094,99.275,49.527
754,GBTC,Grayscale Bitcoin Trust,Grayscale,GBTC,Grayscale Bitcoin Trust,BTC-USD,2025-03-25,69.72,18000.0,1.5,171.979,102.193,103.374,47.741
755,GBTC,Grayscale Bitcoin Trust,Grayscale,GBTC,Grayscale Bitcoin Trust,BTC-USD,2025-03-26,68.41,18000.0,1.5,155.431,102.193,103.374,47.383
756,GBTC,Grayscale Bitcoin Trust,Grayscale,GBTC,Grayscale Bitcoin Trust,BTC-USD,2025-03-27,68.8,18000.0,1.5,141.88,109.488,110.622,47.36
757,GBTC,Grayscale Bitcoin Trust,Grayscale,GBTC,Grayscale Bitcoin Trust,BTC-USD,2025-03-28,66.18,18000.0,1.5,138.111,94.786,96.739,47.976
758,GBTC,Grayscale Bitcoin Trust,Grayscale,GBTC,Grayscale Bitcoin Trust,BTC-USD,2025-03-31,65.17,18000.0,1.5,130.157,90.535,92.488,48.037
759,GBTC,Grayscale Bitcoin Trust,Grayscale,GBTC,Grayscale Bitcoin Trust,BTC-USD,2025-04-01,67.16,18000.0,1.5,120.525,90.535,92.99,47.622
760,GBTC,Grayscale Bitcoin Trust,Grayscale,GBTC,Grayscale Bitcoin Trust,BTC-USD,2025-04-02,68.7,18000.0,1.5,117.1,90.535,92.99,47.828
761,GBTC,Grayscale Bitcoin Trust,Grayscale,GBTC,Grayscale Bitcoin Trust,BTC-USD,2025-04-03,64.76,18000.0,1.5,118.401,90.535,92.99,48.483
762,GBTC,Grayscale Bitcoin Trust,Grayscale,GBTC,Grayscale Bitcoin Trust,BTC-USD,2025-04-04,66.32,18000.0,1.5,124.091,79.442,81.897,47.445
763,GBTC,Grayscale Bitcoin Trust,Grayscale,GBTC,Grayscale Bitcoin Trust,BTC-USD,2025-04-07,61.59,18000.0,1.5,136.267,67.246,69.7,49.441
764,GBTC,Grayscale Bitcoin Trust,Grayscale,GBTC,Grayscale Bitcoin Trust,BTC-USD,2025-04-08,60.61,18000.0,1.5,132.162,87.521,89.474,49.454
765,GBTC,Grayscale Bitcoin Trust,Grayscale,GBTC,Grayscale Bitcoin Trust,BTC-USD,2025-04-09,65.04,18000.0,1.5,140.992,86.145,88.065,51.693
766,GBTC,Grayscale Bitcoin Trust,Grayscale,GBTC,Grayscale Bitcoin Trust,BTC-USD,2025-04-10,62.82,18000.0,1.5,144.035,86.978,88.897,51.655
767,GBTC,Grayscale Bitcoin Trust,Grayscale,GBTC,Grayscale Bitcoin Trust,BTC-USD,2025-04-11,66.27,18000.0,1.5,146.297,77.667,79.586,52.457
768,GBTC,Grayscale Bitcoin Trust,Grayscale,GBTC,Grayscale Bitcoin Trust,BTC-USD,2025-04-14,67.12,18000.0,1.5,144.578,77.667,79.585,52.513
769,GBTC,Grayscale Bitcoin Trust,Grayscale,GBTC,Grayscale Bitcoin Trust,BTC-USD,2025-04-15,66.38,18000.0,1.5,143.811,76.797,78.715,51.662
770,GBTC,Grayscale Bitcoin Trust,Grayscale,GBTC,Grayscale Bitcoin Trust,BTC-USD,2025-04-16,66.62,18000.0,1.5,144.073,79.881,81.699,51.571
771,GBTC,Grayscale Bitcoin Trust,Grayscale,GBTC,Grayscale Bitcoin Trust,BTC-USD,2025-04-17,67.09,18000.0,1.5,142.596,88.34,89.996,51.545
772,GBTC,Grayscale Bitcoin Trust,Grayscale,GBTC,Grayscale Bitcoin Trust,BTC-USD,2025-04-21,69.06,18000.0,1.5,147.018,76.568,78.211,51.952
773,GBTC,Grayscale Bitcoin Trust,Grayscale,GBTC,Grayscale Bitcoin Trust,BTC-USD,2025-04-22,72.29,18000.0,1.5,156.222,76.568,78.224,52.772
774,GBTC,Grayscale Bitcoin Trust,Grayscale,GBTC,Grayscale Bitcoin Trust,BTC-USD,2025-04-23,73.84,18000.0,1.5,159.322,76.568,78.211,52.522
775,GBTC,Grayscale Bitcoin Trust,Grayscale,GBTC,Grayscale Bitcoin Trust,BTC-USD,2025-04-24,73.92,18000.0,1.5,161.426,75.094,76.737,52.525
776,GBTC,Grayscale Bitcoin Trust,Grayscale,GBTC,Grayscale Bitcoin Trust,BTC-USD,2025-04-25,75.34,18000.0,1.5,164.674,75.094,76.686,52.302
777,GBTC,Grayscale Bitcoin Trust,Grayscale,GBTC,Grayscale Bitcoin Trust,BTC-USD,2025-04-28,74.81,18000.0,1.5,168.786,68.172,69.764,52.282
778,GBTC,Grayscale Bitcoin Trust,Grayscale,GBTC,Grayscale Bitcoin Trust,BTC-USD,2025-04-29,75.25,18000.0,1.5,166.893,68.172,69.636,51.873
779,GBTC,Grayscale Bitcoin Trust,Grayscale,GBTC,Grayscale Bitcoin Trust,BTC-USD,2025-04-30,74.27,18000.0,1.5,168.732,68.172,69.493,51.93
780,GBTC,Grayscale Bitcoin Trust,Grayscale,GBTC,Grayscale Bitcoin Trust,BTC-USD,2025-05-01,76.22,18000.0,1.5,170.325,68.172,69.493,51.984
781,GBTC,Grayscale Bitcoin Trust,Grayscale,GBTC,Grayscale Bitcoin Trust,BTC-USD,2025-05-02,76.55,18000.0,1.5,169.089,68.408,69.716,51.912
782,GBTC,Grayscale Bitcoin Trust,Grayscale,GBTC,Grayscale Bitcoin Trust,BTC-USD,2025-05-05,74.42,18000.0,1.5,164.353,68.408,69.716,52.226
783,GBTC,Grayscale Bitcoin Trust,Grayscale,GBTC,Grayscale Bitcoin Trust,BTC-USD,2025-05-06,74.93,18000.0,1.5,155.359,73.563,74.87,52.19
784,GBTC,Grayscale Bitcoin Trust,Grayscale,GBTC,Grayscale Bitcoin Trust,BTC-USD,2025-05-07,75.9,18000.0,1.5,137.036,73.563,74.87,52.15
785,GBTC,Grayscale Bitcoin Trust,Grayscale,GBTC,Grayscale Bitcoin Trust,BTC-USD,2025-05-08,79.98,18000.0,1.5,136.556,53.287,54.608,53.041
786,GBTC,Grayscale Bitcoin Trust,Grayscale,GBTC,Grayscale Bitcoin Trust,BTC-USD,2025-05-09,81.47,18000.0,1.5,125.777,41.467,42.775,53.042
787,GBTC,Grayscale Bitcoin Trust,Grayscale,GBTC,Grayscale Bitcoin Trust,BTC-USD,2025-05-12,80.33,18000.0,1.5,127.417,31.875,33.18,53.104
788,GBTC,Grayscale Bitcoin Trust,Grayscale,GBTC,Grayscale Bitcoin Trust,BTC-USD,2025-05-13,82.73,18000.0,1.5,129.89,33.023,34.328,53.393
789,GBTC,Grayscale Bitcoin Trust,Grayscale,GBTC,Grayscale Bitcoin Trust,BTC-USD,2025-05-14,81.52,18000.0,1.5,130.485,36.994,38.299,53.012
790,GBTC,Grayscale Bitcoin Trust,Grayscale,GBTC,Grayscale Bitcoin Trust,BTC-USD,2025-05-15,81.38,18000.0,1.5,134.415,32.754,33.957,52.855
791,GBTC,Grayscale Bitcoin Trust,Grayscale,GBTC,Grayscale Bitcoin Trust,BTC-USD,2025-05-16,82.13,18000.0,1.5,136.115,29.67,30.873,52.648
792,GBTC,Grayscale Bitcoin Trust,Grayscale,GBTC,Grayscale Bitcoin Trust,BTC-USD,2025-05-19,83.24,18000.0,1.5,139.677,23.83,25.034,52.06
793,GBTC,Grayscale Bitcoin Trust,Grayscale,GBTC,Grayscale Bitcoin Trust,BTC-USD,2025-05-20,84.49,18000.0,1.5,138.571,23.83,24.827,52.075
794,GBTC,Grayscale Bitcoin Trust,Grayscale,GBTC,Grayscale Bitcoin Trust,BTC-USD,2025-05-21,85.73,18000.0,1.5,145.723,23.83,24.805,50.178
795,GBTC,Grayscale Bitcoin Trust,Grayscale,GBTC,Grayscale Bitcoin Trust,BTC-USD,2025-05-22,87.72,18000.0,1.5,149.426,23.83,24.769,49.396
796,GBTC,Grayscale Bitcoin Trust,Grayscale,GBTC,Grayscale Bitcoin Trust,BTC-USD,2025-05-23,85.76,18000.0,1.5,155.87,21.206,22.156,49.603
797,GBTC,Grayscale Bitcoin Trust,Grayscale,GBTC,Grayscale Bitcoin Trust,BTC-USD,2025-05-27,86.67,18000.0,1.5,156.886,23.111,24.05,49.606
798,GBTC,Grayscale Bitcoin Trust,Grayscale,GBTC,Grayscale Bitcoin Trust,BTC-USD,2025-05-28,84.31,18000.0,1.5,157.537,21.763,22.713,49.908
799,GBTC,Grayscale Bitcoin Trust,Grayscale,GBTC,Grayscale Bitcoin Trust,BTC-USD,2025-05-29,83.26,18000.0,1.5,167.443,21.763,22.713,49.996
800,GBTC,Grayscale Bitcoin Trust,Grayscale,GBTC,Grayscale Bitcoin Trust,BTC-USD,2025-05-30,82.47,18000.0,1.5,168.141,21.763,22.68,49.459
801,GBTC,Grayscale Bitcoin Trust,Grayscale,GBTC,Grayscale Bitcoin Trust,BTC-USD,2025-06-02,82.35,18000.0,1.5,167.6,24.552,25.455,49.322
802,GBTC,Grayscale Bitcoin Trust,Grayscale,GBTC,Grayscale Bitcoin Trust,BTC-USD,2025-06-03,83.8,18000.0,1.5,168.925,24.316,25.233,49.105
803,GBTC,Grayscale Bitcoin Trust,Grayscale,GBTC,Grayscale Bitcoin Trust,BTC-USD,2025-06-04,82.72,18000.0,1.5,169.857,24.316,25.233,44.585
804,GBTC,Grayscale Bitcoin Trust,Grayscale,GBTC,Grayscale Bitcoin Trust,BTC-USD,2025-06-05,80.25,18000.0,1.5,176.618,21.794,22.744,44.087
805,GBTC,Grayscale Bitcoin Trust,Grayscale,GBTC,Grayscale Bitcoin Trust,BTC-USD,2025-06-06,82.23,18000.0,1.5,178.216,24.662,25.612,44.282
806,GBTC,Grayscale Bitcoin Trust,Grayscale,GBTC,Grayscale Bitcoin Trust,BTC-USD,2025-06-09,85.67,18000.0,1.5,177.912,24.662,25.612,44.217
807,GBTC,Grayscale Bitcoin Trust,Grayscale,GBTC,Grayscale Bitcoin Trust,BTC-USD,2025-06-10,86.35,18000.0,1.5,180.469,24.662,25.579,42.99
808,GBTC,Grayscale Bitcoin Trust,Grayscale,GBTC,Grayscale Bitcoin Trust,BTC-USD,2025-06-11,85.77,18000.0,1.5,177.326,29.934,30.851,43.03
809,GBTC,Grayscale Bitcoin Trust,Grayscale,GBTC,Grayscale Bitcoin Trust,BTC-USD,2025-06-12,84.19,18000.0,1.5,175.687,28.787,29.703,42.827
810,GBTC,Grayscale Bitcoin Trust,Grayscale,GBTC,Grayscale Bitcoin Trust,BTC-USD,2025-06-13,82.83,18000.0,1.5,177.991,24.816,25.732,42.451
811,GBTC,Grayscale Bitcoin Trust,Grayscale,GBTC,Grayscale Bitcoin Trust,BTC-USD,2025-06-16,85.65,18000.0,1.5,177.218,21.12,22.07,42.691
812,GBTC,Grayscale Bitcoin Trust,Grayscale,GBTC,Grayscale Bitcoin Trust,BTC-USD,2025-06-17,82.5,18000.0,1.5,179.851,21.12,22.095,43.518
813,GBTC,Grayscale Bitcoin Trust,Grayscale,GBTC,Grayscale Bitcoin Trust,BTC-USD,2025-06-18,81.76,18000.0,1.5,179.583,25.323,26.298,42.467
814,GBTC,Grayscale Bitcoin Trust,Grayscale,GBTC,Grayscale Bitcoin Trust,BTC-USD,2025-06-20,81.33,18000.0,1.5,179.231,29.94,30.889,42.493
815,GBTC,Grayscale Bitcoin Trust,Grayscale,GBTC,Grayscale Bitcoin Trust,BTC-USD,2025-06-23,81.3,18000.0,1.5,168.178,29.94,30.889,42.261
816,GBTC,Grayscale Bitcoin Trust,Grayscale,GBTC,Grayscale Bitcoin Trust,BTC-USD,2025-06-24,83.24,18000.0,1.5,162.307,29.94,30.974,42.47
817,GBTC,Grayscale Bitcoin Trust,Grayscale,GBTC,Grayscale Bitcoin Trust,BTC-USD,2025-06-25,84.89,18000.0,1.5,158.312,29.94,31.14,41.683
818,GBTC,Grayscale Bitcoin Trust,Grayscale,GBTC,Grayscale Bitcoin Trust,BTC-USD,2025-06-26,84.75,18000.0,1.5,154.532,29.823,31.023,41.503
819,GBTC,Grayscale Bitcoin Trust,Grayscale,GBTC,Grayscale Bitcoin Trust,BTC-USD,2025-06-27,84.16,18000.0,1.5,152.2,34.321,35.356,41.217
820,GBTC,Grayscale Bitcoin Trust,Grayscale,GBTC,Grayscale Bitcoin Trust,BTC-USD,2025-06-30,84.83,18000.0,1.5,145.451,38.177,39.211,41.038
821,GBTC,Grayscale Bitcoin Trust,Grayscale,GBTC,Grayscale Bitcoin Trust,BTC-USD,2025-07-01,82.96,18000.0,1.5,147.246,38.177,39.377,39.299
822,GBTC,Grayscale Bitcoin Trust,Grayscale,GBTC,Grayscale Bitcoin Trust,BTC-USD,2025-07-02,86.43,18000.0,1.5,155.099,35.388,36.601,39.82
823,GBTC,Grayscale Bitcoin Trust,Grayscale,GBTC,Grayscale Bitcoin Trust,BTC-USD,2025-07-03,86.07,18000.0,1.5,155.281,35.388,36.589,36.37
824,GBTC,Grayscale Bitcoin Trust,Grayscale,GBTC,Grayscale Bitcoin Trust,BTC-USD,2025-07-07,85.04,18000.0,1.5,157.636,35.388,36.423,36.277
825,GBTC,Grayscale Bitcoin Trust,Grayscale,GBTC,Grayscale Bitcoin Trust,BTC-USD,2025-07-08,85.64,18000.0,1.5,152.303,32.755,33.56,33.665
826,GBTC,Grayscale Bitcoin Trust,Grayscale,GBTC,Grayscale Bitcoin Trust,BTC-USD,2025-07-09,88.08,18000.0,1.5,156.649,29.887,30.692,32.987
827,GBTC,Grayscale Bitcoin Trust,Grayscale,GBTC,Grayscale Bitcoin Trust,BTC-USD,2025-07-10,89.3,18000.0,1.5,159.716,29.887,30.527,31.498
828,GBTC,Grayscale Bitcoin Trust,Grayscale,GBTC,Grayscale Bitcoin Trust,BTC-USD,2025-07-11,93.04,18000.0,1.5,173.312,29.887,30.692,32.318
829,GBTC,Grayscale Bitcoin Trust,Grayscale,GBTC,Grayscale Bitcoin Trust,BTC-USD,2025-07-14,94.38,18000.0,1.5,183.274,21.581,22.386,32.182
830,GBTC,Grayscale Bitcoin Trust,Grayscale,GBTC,Grayscale Bitcoin Trust,BTC-USD,2025-07-15,91.63,18000.0,1.5,187.421,21.581,22.386,32.99
831,GBTC,Grayscale Bitcoin Trust,Grayscale,GBTC,Grayscale Bitcoin Trust,BTC-USD,2025-07-16,93.9,18000.0,1.5,191.717,21.581,22.386,33.222
832,GBTC,Grayscale Bitcoin Trust,Grayscale,GBTC,Grayscale Bitcoin Trust,BTC-USD,2025-07-17,93.66,18000.0,1.5,191.208,27.387,28.027,32.902
833,GBTC,Grayscale Bitcoin Trust,Grayscale,GBTC,Grayscale Bitcoin Trust,BTC-USD,2025-07-18,92.36,18000.0,1.5,195.408,31.574,32.212,32.016
834,GBTC,Grayscale Bitcoin Trust,Grayscale,GBTC,Grayscale Bitcoin Trust,BTC-USD,2025-07-21,91.84,18000.0,1.5,198.059,31.866,32.49,31.875
835,GBTC,Grayscale Bitcoin Trust,Grayscale,GBTC,Grayscale Bitcoin Trust,BTC-USD,2025-07-22,93.9,18000.0,1.5,200.718,28.317,28.955,32.095
836,GBTC,Grayscale Bitcoin Trust,Grayscale,GBTC,Grayscale Bitcoin Trust,BTC-USD,2025-07-23,93.16,18000.0,1.5,202.087,29.114,29.752,32.031
837,GBTC,Grayscale Bitcoin Trust,Grayscale,GBTC,Grayscale Bitcoin Trust,BTC-USD,2025-07-24,93.68,18000.0,1.5,204.628,29.268,29.892,31.957
838,GBTC,Grayscale Bitcoin Trust,Grayscale,GBTC,Grayscale Bitcoin Trust,BTC-USD,2025-07-25,91.87,18000.0,1.5,205.751,29.268,29.892,32.306
839,GBTC,Grayscale Bitcoin Trust,Grayscale,GBTC,Grayscale Bitcoin Trust,BTC-USD,2025-07-28,92.88,18000.0,1.5,207.222,27.479,28.118,32.159
840,GBTC,Grayscale Bitcoin Trust,Grayscale,GBTC,Grayscale Bitcoin Trust,BTC-USD,2025-07-29,92.38,18000.0,1.5,210.217,27.773,28.411,31.875
841,GBTC,Grayscale Bitcoin Trust,Grayscale,GBTC,Grayscale Bitcoin Trust,BTC-USD,2025-07-30,91.88,18000.0,1.5,212.864,28.309,28.947,31.923
842,GBTC,Grayscale Bitcoin Trust,Grayscale,GBTC,Grayscale Bitcoin Trust,BTC-USD,2025-07-31,91.78,18000.0,1.5,212.269,34.603,35.227,31.266
843,GBTC,Grayscale Bitcoin Trust,Grayscale,GBTC,Grayscale Bitcoin Trust,BTC-USD,2025-08-01,88.89,18000.0,1.5,215.84,34.603,35.227,32.091
844,GBTC,Grayscale Bitcoin Trust,Grayscale,GBTC,Grayscale Bitcoin Trust,BTC-USD,2025-08-04,90.23,18000.0,1.5,214.798,39.473,40.111,32.122
845,GBTC,Grayscale Bitcoin Trust,Grayscale,GBTC,Grayscale Bitcoin Trust,BTC-USD,2025-08-05,89.38,18000.0,1.5,215.336,39.473,40.097,30.513
846,GBTC,Grayscale Bitcoin Trust,Grayscale,GBTC,Grayscale Bitcoin Trust,BTC-USD,2025-08-06,90.68,18000.0,1.5,216.197,39.473,40.111,30.43
847,GBTC,Grayscale Bitcoin Trust,Grayscale,GBTC,Grayscale Bitcoin Trust,BTC-USD,2025-08-07,92.44,18000.0,1.5,216.013,39.473,40.111,30.454
848,GBTC,Grayscale Bitcoin Trust,Grayscale,GBTC,Grayscale Bitcoin Trust,BTC-USD,2025-08-08,91.58,18000.0,1.5,212.876,44.759,45.383,30.014
849,GBTC,Grayscale Bitcoin Trust,Grayscale,GBTC,Grayscale Bitcoin Trust,BTC-USD,2025-08-11,93.59,18000.0,1.5,196.739,44.759,45.383,30.091
850,GBTC,Grayscale Bitcoin Trust,Grayscale,GBTC,Grayscale Bitcoin Trust,BTC-USD,2025-08-12,94.06,18000.0,1.5,187.306,49.793,50.417,30.084
851,GBTC,Grayscale Bitcoin Trust,Grayscale,GBTC,Grayscale Bitcoin Trust,BTC-USD,2025-08-13,96.6,18000.0,1.5,188.073,49.793,50.417,30.463
852,GBTC,Grayscale Bitcoin Trust,Grayscale,GBTC,Grayscale Bitcoin Trust,BTC-USD,2025-08-14,92.75,18000.0,1.5,191.334,49.793,50.417,31.644
853,GBTC,Grayscale Bitcoin Trust,Grayscale,GBTC,Grayscale Bitcoin Trust,BTC-USD,2025-08-15,91.9,18000.0,1.5,190.477,46.255,47.067,31.603
854,GBTC,Grayscale Bitcoin Trust,Grayscale,GBTC,Grayscale Bitcoin Trust,BTC-USD,2025-08-18,91.39,18000.0,1.5,182.037,42.068,42.88,31.514
855,GBTC,Grayscale Bitcoin Trust,Grayscale,GBTC,Grayscale Bitcoin Trust,BTC-USD,2025-08-19,88.83,18000.0,1.5,186.504,34.952,35.869,31.748
856,GBTC,Grayscale Bitcoin Trust,Grayscale,GBTC,Grayscale Bitcoin Trust,BTC-USD,2025-08-20,89.79,18000.0,1.5,184.851,37.447,38.259,31.459
857,GBTC,Grayscale Bitcoin Trust,Grayscale,GBTC,Grayscale Bitcoin Trust,BTC-USD,2025-08-21,88.1,18000.0,1.5,180.904,41.374,42.29,31.649
858,GBTC,Grayscale Bitcoin Trust,Grayscale,GBTC,Grayscale Bitcoin Trust,BTC-USD,2025-08-22,91.73,18000.0,1.5,183.637,45.08,46.004,32.154
859,GBTC,Grayscale Bitcoin Trust,Grayscale,GBTC,Grayscale Bitcoin Trust,BTC-USD,2025-08-25,87.02,18000.0,1.5,184.669,45.08,46.004,33.904
860,GBTC,Grayscale Bitcoin Trust,Grayscale,GBTC,Grayscale Bitcoin Trust,BTC-USD,2025-08-26,87.31,18000.0,1.5,186.524,45.08,45.996,33.84
861,GBTC,Grayscale Bitcoin Trust,Grayscale,GBTC,Grayscale Bitcoin Trust,BTC-USD,2025-08-27,88.07,18000.0,1.5,184.231,40.289,41.205,33.873
862,GBTC,Grayscale Bitcoin Trust,Grayscale,GBTC,Grayscale Bitcoin Trust,BTC-USD,2025-08-28,87.95,18000.0,1.5,180.944,35.897,36.814,33.705
863,GBTC,Grayscale Bitcoin Trust,Grayscale,GBTC,Grayscale Bitcoin Trust,BTC-USD,2025-08-29,84.99,18000.0,1.5,183.02,29.603,30.56,34.351
864,GBTC,Grayscale Bitcoin Trust,Grayscale,GBTC,Grayscale Bitcoin Trust,BTC-USD,2025-09-02,87.02,18000.0,1.5,177.143,29.603,30.581,34.065
865,GBTC,Grayscale Bitcoin Trust,Grayscale,GBTC,Grayscale Bitcoin Trust,BTC-USD,2025-09-03,88.16,18000.0,1.5,177.849,24.733,25.712,33.816
866,GBTC,Grayscale Bitcoin Trust,Grayscale,GBTC,Grayscale Bitcoin Trust,BTC-USD,2025-09-04,86.23,18000.0,1.5,176.801,24.733,25.765,33.107
867,GBTC,Grayscale Bitcoin Trust,Grayscale,GBTC,Grayscale Bitcoin Trust,BTC-USD,2025-09-05,87.66,18000.0,1.5,179.878,24.733,25.712,33.239
868,GBTC,Grayscale Bitcoin Trust,Grayscale,GBTC,Grayscale Bitcoin Trust,BTC-USD,2025-09-08,88.04,18000.0,1.5,175.507,26.652,27.63,33.217
869,GBTC,Grayscale Bitcoin Trust,Grayscale,GBTC,Grayscale Bitcoin Trust,BTC-USD,2025-09-09,87.42,18000.0,1.5,176.681,23.961,24.939,33.019
870,GBTC,Grayscale Bitcoin Trust,Grayscale,GBTC,Grayscale Bitcoin Trust,BTC-USD,2025-09-10,89.22,18000.0,1.5,177.437,23.961,24.939,33.071
871,GBTC,Grayscale Bitcoin Trust,Grayscale,GBTC,Grayscale Bitcoin Trust,BTC-USD,2025-09-11,89.92,18000.0,1.5,176.009,20.022,21.0,32.415
872,GBTC,Grayscale Bitcoin Trust,Grayscale,GBTC,Grayscale Bitcoin Trust,BTC-USD,2025-09-12,91.75,18000.0,1.5,172.831,20.022,21.0,31.65
873,GBTC,Grayscale Bitcoin Trust,Grayscale,GBTC,Grayscale Bitcoin Trust,BTC-USD,2025-09-15,90.49,18000.0,1.5,167.806,20.022,20.864,31.735
874,GBTC,Grayscale Bitcoin Trust,Grayscale,GBTC,Grayscale Bitcoin Trust,BTC-USD,2025-09-16,91.73,18000.0,1.5,171.099,17.754,18.595,31.794
875,GBTC,Grayscale Bitcoin Trust,Grayscale,GBTC,Grayscale Bitcoin Trust,BTC-USD,2025-09-17,90.79,18000.0,1.5,184.393,22.987,23.829,31.891
876,GBTC,Grayscale Bitcoin Trust,Grayscale,GBTC,Grayscale Bitcoin Trust,BTC-USD,2025-09-18,92.24,18000.0,1.5,180.992,22.987,23.733,31.704
877,GBTC,Grayscale Bitcoin Trust,Grayscale,GBTC,Grayscale Bitcoin Trust,BTC-USD,2025-09-19,90.34,18000.0,1.5,180.339,19.426,20.268,31.811
878,GBTC,Grayscale Bitcoin Trust,Grayscale,GBTC,Grayscale Bitcoin Trust,BTC-USD,2025-09-22,87.98,18000.0,1.5,182.186,14.702,15.544,32.304
879,GBTC,Grayscale Bitcoin Trust,Grayscale,GBTC,Grayscale Bitcoin Trust,BTC-USD,2025-09-23,87.58,18000.0,1.5,177.934,14.991,15.737,32.283
880,GBTC,Grayscale Bitcoin Trust,Grayscale,GBTC,Grayscale Bitcoin Trust,BTC-USD,2025-09-24,89.01,18000.0,1.5,174.596,14.991,15.737,32.407
881,GBTC,Grayscale Bitcoin Trust,Grayscale,GBTC,Grayscale Bitcoin Trust,BTC-USD,2025-09-25,85.76,18000.0,1.5,181.387,14.991,15.833,32.999
882,GBTC,Grayscale Bitcoin Trust,Grayscale,GBTC,Grayscale Bitcoin Trust,BTC-USD,2025-09-26,85.65,18000.0,1.5,184.279,19.218,20.059,31.907
883,GBTC,Grayscale Bitcoin Trust,Grayscale,GBTC,Grayscale Bitcoin Trust,BTC-USD,2025-09-29,89.73,18000.0,1.5,192.674,19.218,20.263,33.296
884,GBTC,Grayscale Bitcoin Trust,Grayscale,GBTC,Grayscale Bitcoin Trust,BTC-USD,2025-09-30,89.77,18000.0,1.5,191.064,23.886,24.728,33.19
885,GBTC,Grayscale Bitcoin Trust,Grayscale,GBTC,Grayscale Bitcoin Trust,BTC-USD,2025-10-01,92.2,18000.0,1.5,193.721,23.886,24.728,33.588
886,GBTC,Grayscale Bitcoin Trust,Grayscale,GBTC,Grayscale Bitcoin Trust,BTC-USD,2025-10-02,94.93,18000.0,1.5,205.306,23.886,24.696,33.626
887,GBTC,Grayscale Bitcoin Trust,Grayscale,GBTC,Grayscale Bitcoin Trust,BTC-USD,2025-10-03,96.36,18000.0,1.5,221.278,23.886,24.632,33.645
888,GBTC,Grayscale Bitcoin Trust,Grayscale,GBTC,Grayscale Bitcoin Trust,BTC-USD,2025-10-06,98.43,18000.0,1.5,232.606,23.886,24.61,32.883
889,GBTC,Grayscale Bitcoin Trust,Grayscale,GBTC,Grayscale Bitcoin Trust,BTC-USD,2025-10-07,95.37,18000.0,1.5,254.554,21.967,22.691,33.426
890,GBTC,Grayscale Bitcoin Trust,Grayscale,GBTC,Grayscale Bitcoin Trust,BTC-USD,2025-10-08,96.78,18000.0,1.5,268.157,25.925,26.648,32.972
891,GBTC,Grayscale Bitcoin Trust,Grayscale,GBTC,Grayscale Bitcoin Trust,BTC-USD,2025-10-09,94.9,18000.0,1.5,284.043,26.048,26.704,32.864
892,GBTC,Grayscale Bitcoin Trust,Grayscale,GBTC,Grayscale Bitcoin Trust,BTC-USD,2025-10-10,91.42,18000.0,1.5,315.887,26.289,26.946,33.75
893,GBTC,Grayscale Bitcoin Trust,Grayscale,GBTC,Grayscale Bitcoin Trust,BTC-USD,2025-10-13,90.86,18000.0,1.5,331.182,26.289,26.843,33.653
894,GBTC,Grayscale Bitcoin Trust,Grayscale,GBTC,Grayscale Bitcoin Trust,BTC-USD,2025-10-14,88.29,18000.0,1.5,355.596,26.289,26.78,34.138
895,GBTC,Grayscale Bitcoin Trust,Grayscale,GBTC,Grayscale Bitcoin Trust,BTC-USD,2025-10-15,87.23,18000.0,1.5,367.45,32.524,32.985,33.88
896,GBTC,Grayscale Bitcoin Trust,Grayscale,GBTC,Grayscale Bitcoin Trust,BTC-USD,2025-10-16,84.8,18000.0,1.5,383.994,27.29,27.752,34.305
897,GBTC,Grayscale Bitcoin Trust,Grayscale,GBTC,Grayscale Bitcoin Trust,BTC-USD,2025-10-17,83.46,18000.0,1.5,400.211,27.29,27.689,34.397
898,GBTC,Grayscale Bitcoin Trust,Grayscale,GBTC,Grayscale Bitcoin Trust,BTC-USD,2025-10-20,86.89,18000.0,1.5,414.886,27.29,27.689,35.263
899,GBTC,Grayscale Bitcoin Trust,Grayscale,GBTC,Grayscale Bitcoin Trust,BTC-USD,2025-10-21,87.64,18000.0,1.5,438.813,30.314,30.71,35.233
900,GBTC,Grayscale Bitcoin Trust,Grayscale,GBTC,Grayscale Bitcoin Trust,BTC-USD,2025-10-22,84.5,18000.0,1.5,466.192,26.165,26.564,35.968
901,GBTC,Grayscale Bitcoin Trust,Grayscale,GBTC,Grayscale Bitcoin Trust,BTC-USD,2025-10-23,86.42,18000.0,1.5,476.072,26.165,26.564,36.29
902,GBTC,Grayscale Bitcoin Trust,Grayscale,GBTC,Grayscale Bitcoin Trust,BTC-USD,2025-10-24,86.69,18000.0,1.5,473.731,30.898,31.295,36.3
903,GBTC,Grayscale Bitcoin Trust,Grayscale,GBTC,Grayscale Bitcoin Trust,BTC-USD,2025-10-27,90.09,18000.0,1.5,475.358,26.672,27.071,36.598
904,GBTC,Grayscale Bitcoin Trust,Grayscale,GBTC,Grayscale Bitcoin Trust,BTC-USD,2025-10-28,89.02,18000.0,1.5,475.948,29.765,30.162,36.55
905,GBTC,Grayscale Bitcoin Trust,Grayscale,GBTC,Grayscale Bitcoin Trust,BTC-USD,2025-10-29,86.66,18000.0,1.5,502.639,25.097,25.493,36.91
906,GBTC,Grayscale Bitcoin Trust,Grayscale,GBTC,Grayscale Bitcoin Trust,BTC-USD,2025-10-30,83.34,18000.0,1.5,508.843,25.097,25.493,37.607
907,GBTC,Grayscale Bitcoin Trust,Grayscale,GBTC,Grayscale Bitcoin Trust,BTC-USD,2025-10-31,86.02,18000.0,1.5,509.22,25.097,25.493,37.982
908,GBTC,Grayscale Bitcoin Trust,Grayscale,GBTC,Grayscale Bitcoin Trust,BTC-USD,2025-11-03,83.5,18000.0,1.5,506.745,25.097,25.496,38.396
909,GBTC,Grayscale Bitcoin Trust,Grayscale,GBTC,Grayscale Bitcoin Trust,BTC-USD,2025-11-04,78.87,18000.0,1.5,521.822,25.097,25.496,39.729
910,GBTC,Grayscale Bitcoin Trust,Grayscale,GBTC,Grayscale Bitcoin Trust,BTC-USD,2025-11-05,81.35,18000.0,1.5,506.612,31.152,31.551,40.3
911,GBTC,Grayscale Bitcoin Trust,Grayscale,GBTC,Grayscale Bitcoin Trust,BTC-USD,2025-11-06,78.98,18000.0,1.5,506.014,24.599,25.061,40.215
912,GBTC,Grayscale Bitcoin Trust,Grayscale,GBTC,Grayscale Bitcoin Trust,BTC-USD,2025-11-07,81.3,18000.0,1.5,497.086,32.505,33.007,39.986
913,GBTC,Grayscale Bitcoin Trust,Grayscale,GBTC,Grayscale Bitcoin Trust,BTC-USD,2025-11-10,83.05,18000.0,1.5,470.837,31.169,31.83,40.246
914,GBTC,Grayscale Bitcoin Trust,Grayscale,GBTC,Grayscale Bitcoin Trust,BTC-USD,2025-11-11,80.47,18000.0,1.5,458.249,31.169,31.836,40.702
915,GBTC,Grayscale Bitcoin Trust,Grayscale,GBTC,Grayscale Bitcoin Trust,BTC-USD,2025-11-12,79.49,18000.0,1.5,438.293,36.483,37.15,40.39
916,GBTC,Grayscale Bitcoin Trust,Grayscale,GBTC,Grayscale Bitcoin Trust,BTC-USD,2025-11-13,76.68,18000.0,1.5,447.897,30.249,30.916,40.9
917,GBTC,Grayscale Bitcoin Trust,Grayscale,GBTC,Grayscale Bitcoin Trust,BTC-USD,2025-11-14,73.78,18000.0,1.5,432.559,30.249,30.953,41.427
918,GBTC,Grayscale Bitcoin Trust,Grayscale,GBTC,Grayscale Bitcoin Trust,BTC-USD,2025-11-17,71.84,18000.0,1.5,442.668,30.249,30.953,40.704
919,GBTC,Grayscale Bitcoin Trust,Grayscale,GBTC,Grayscale Bitcoin Trust,BTC-USD,2025-11-18,72.64,18000.0,1.5,446.135,37.642,38.309,39.53
920,GBTC,Grayscale Bitcoin Trust,Grayscale,GBTC,Grayscale Bitcoin Trust,BTC-USD,2025-11-19,69.99,18000.0,1.5,444.039,34.618,35.285,40.12
921,GBTC,Grayscale Bitcoin Trust,Grayscale,GBTC,Grayscale Bitcoin Trust,BTC-USD,2025-11-20,67.56,18000.0,1.5,448.015,39.832,40.499,40.552
922,GBTC,Grayscale Bitcoin Trust,Grayscale,GBTC,Grayscale Bitcoin Trust,BTC-USD,2025-11-21,66.16,18000.0,1.5,469.526,39.832,40.493,40.687
923,GBTC,Grayscale Bitcoin Trust,Grayscale,GBTC,Grayscale Bitcoin Trust,BTC-USD,2025-11-24,69.73,18000.0,1.5,477.067,35.099,35.803,41.871
924,GBTC,Grayscale Bitcoin Trust,Grayscale,GBTC,Grayscale Bitcoin Trust,BTC-USD,2025-11-25,68.36,18000.0,1.5,482.061,41.462,42.123,41.625
925,GBTC,Grayscale Bitcoin Trust,Grayscale,GBTC,Grayscale Bitcoin Trust,BTC-USD,2025-11-26,70.38,18000.0,1.5,482.21,38.369,39.073,42.035
926,GBTC,Grayscale Bitcoin Trust,Grayscale,GBTC,Grayscale Bitcoin Trust,BTC-USD,2025-11-28,71.01,18000.0,1.5,459.133,38.369,39.073,41.937
927,GBTC,Grayscale Bitcoin Trust,Grayscale,GBTC,Grayscale Bitcoin Trust,BTC-USD,2025-12-01,66.92,18000.0,1.5,460.887,38.369,39.073,43.271
928,GBTC,Grayscale Bitcoin Trust,Grayscale,GBTC,Grayscale Bitcoin Trust,BTC-USD,2025-12-02,71.25,18000.0,1.5,462.638,38.369,39.073,45.382
929,GBTC,Grayscale Bitcoin Trust,Grayscale,GBTC,Grayscale Bitcoin Trust,BTC-USD,2025-12-03,72.73,18000.0,1.5,461.769,38.369,39.03,45.642
930,GBTC,Grayscale Bitcoin Trust,Grayscale,GBTC,Grayscale Bitcoin Trust,BTC-USD,2025-12-04,72.38,18000.0,1.5,440.931,41.244,41.848,45.381
931,GBTC,Grayscale Bitcoin Trust,Grayscale,GBTC,Grayscale Bitcoin Trust,BTC-USD,2025-12-05,69.9,18000.0,1.5,445.078,35.189,35.793,45.768
932,GBTC,Grayscale Bitcoin Trust,Grayscale,GBTC,Grayscale Bitcoin Trust,BTC-USD,2025-12-08,70.99,18000.0,1.5,437.284,39.861,40.441,45.672
933,GBTC,Grayscale Bitcoin Trust,Grayscale,GBTC,Grayscale Bitcoin Trust,BTC-USD,2025-12-09,72.82,18000.0,1.5,440.046,33.228,33.808,46.029
934,GBTC,Grayscale Bitcoin Trust,Grayscale,GBTC,Grayscale Bitcoin Trust,BTC-USD,2025-12-10,72.35,18000.0,1.5,444.79,43.583,44.152,45.892
935,GBTC,Grayscale Bitcoin Trust,Grayscale,GBTC,Grayscale Bitcoin Trust,BTC-USD,2025-12-11,71.79,18000.0,1.5,447.055,43.583,44.128,45.88
936,GBTC,Grayscale Bitcoin Trust,Grayscale,GBTC,Grayscale Bitcoin Trust,BTC-USD,2025-12-12,70.58,18000.0,1.5,448.492,47.14,47.685,45.769
937,GBTC,Grayscale Bitcoin Trust,Grayscale,GBTC,Grayscale Bitcoin Trust,BTC-USD,2025-12-15,67.05,18000.0,1.5,440.982,47.14,47.685,46.653
938,GBTC,Grayscale Bitcoin Trust,Grayscale,GBTC,Grayscale Bitcoin Trust,BTC-USD,2025-12-16,68.49,18000.0,1.5,436.044,49.692,50.237,46.738
939,GBTC,Grayscale Bitcoin Trust,Grayscale,GBTC,Grayscale Bitcoin Trust,BTC-USD,2025-12-17,67.1,18000.0,1.5,423.801,52.097,52.642,46.858
940,GBTC,Grayscale Bitcoin Trust,Grayscale,GBTC,Grayscale Bitcoin Trust,BTC-USD,2025-12-18,66.11,18000.0,1.5,424.0,59.496,60.041,46.706
941,GBTC,Grayscale Bitcoin Trust,Grayscale,GBTC,Grayscale Bitcoin Trust,BTC-USD,2025-12-19,68.84,18000.0,1.5,415.424,66.878,67.423,47.126
942,GBTC,Grayscale Bitcoin Trust,Grayscale,GBTC,Grayscale Bitcoin Trust,BTC-USD,2025-12-22,69.03,18000.0,1.5,388.604,62.272,62.817,47.142
943,GBTC,Grayscale Bitcoin Trust,Grayscale,GBTC,Grayscale Bitcoin Trust,BTC-USD,2025-12-23,68.5,18000.0,1.5,366.191,62.272,62.817,45.974
944,GBTC,Grayscale Bitcoin Trust,Grayscale,GBTC,Grayscale Bitcoin Trust,BTC-USD,2025-12-24,68.2,18000.0,1.5,351.592,65.335,65.844,45.963
945,GBTC,Grayscale Bitcoin Trust,Grayscale,GBTC,Grayscale Bitcoin Trust,BTC-USD,2025-12-26,68.4,18000.0,1.5,348.965,60.569,61.078,45.528
946,GBTC,Grayscale Bitcoin Trust,Grayscale,GBTC,Grayscale Bitcoin Trust,BTC-USD,2025-12-29,68.05,18000.0,1.5,342.029,64.06,64.488,44.968
947,GBTC,Grayscale Bitcoin Trust,Grayscale,GBTC,Grayscale Bitcoin Trust,BTC-USD,2025-12-30,68.61,18000.0,1.5,347.853,64.06,64.488,44.858
948,GBTC,Grayscale Bitcoin Trust,Grayscale,GBTC,Grayscale Bitcoin Trust,BTC-USD,2025-12-31,68.36,18000.0,1.5,341.709,65.465,65.863,44.508
949,GBTC,Grayscale Bitcoin Trust,Grayscale,GBTC,Grayscale Bitcoin Trust,BTC-USD,2026-01-02,70.14,18000.0,1.5,344.133,65.465,65.863,44.654
950,GBTC,Grayscale Bitcoin Trust,Grayscale,GBTC,Grayscale Bitcoin Trust,BTC-USD,2026-01-05,73.61,18000.0,1.5,345.978,65.465,65.863,45.807
951,GBTC,Grayscale Bitcoin Trust,Grayscale,GBTC,Grayscale Bitcoin Trust,BTC-USD,2026-01-06,72.2,18000.0,1.5,349.239,67.362,67.79,45.803
952,GBTC,Grayscale Bitcoin Trust,Grayscale,GBTC,Grayscale Bitcoin Trust,BTC-USD,2026-01-07,71.0,18000.0,1.5,345.957,67.362,67.79,45.366
953,GBTC,Grayscale Bitcoin Trust,Grayscale,GBTC,Grayscale Bitcoin Trust,BTC-USD,2026-01-08,70.96,18000.0,1.5,343.465,62.69,63.088,45.37
954,GBTC,Grayscale Bitcoin Trust,Grayscale,GBTC,Grayscale Bitcoin Trust,BTC-USD,2026-01-09,70.48,18000.0,1.5,338.683,65.714,66.032,45.084
955,GBTC,Grayscale Bitcoin Trust,Grayscale,GBTC,Grayscale Bitcoin Trust,BTC-USD,2026-01-12,71.41,18000.0,1.5,332.744,63.105,63.503,45.181
956,GBTC,Grayscale Bitcoin Trust,Grayscale,GBTC,Grayscale Bitcoin Trust,BTC-USD,2026-01-13,73.78,18000.0,1.5,334.881,63.105,63.533,45.47
957,GBTC,Grayscale Bitcoin Trust,Grayscale,GBTC,Grayscale Bitcoin Trust,BTC-USD,2026-01-14,76.31,18000.0,1.5,340.042,54.234,54.662,45.971
958,GBTC,Grayscale Bitcoin Trust,Grayscale,GBTC,Grayscale Bitcoin Trust,BTC-USD,2026-01-15,74.33,18000.0,1.5,333.171,58.812,59.24,45.408
959,GBTC,Grayscale Bitcoin Trust,Grayscale,GBTC,Grayscale Bitcoin Trust,BTC-USD,2026-01-16,74.58,18000.0,1.5,332.974,56.26,56.659,45.366
960,GBTC,Grayscale Bitcoin Trust,Grayscale,GBTC,Grayscale Bitcoin Trust,BTC-USD,2026-01-20,69.89,18000.0,1.5,321.402,53.855,54.283,46.629
961,GBTC,Grayscale Bitcoin Trust,Grayscale,GBTC,Grayscale Bitcoin Trust,BTC-USD,2026-01-21,70.34,18000.0,1.5,318.472,39.063,39.491,46.367
962,GBTC,Grayscale Bitcoin Trust,Grayscale,GBTC,Grayscale Bitcoin Trust,BTC-USD,2026-01-22,69.75,18000.0,1.5,306.943,35.727,36.156,46.358
963,GBTC,Grayscale Bitcoin Trust,Grayscale,GBTC,Grayscale Bitcoin Trust,BTC-USD,2026-01-23,69.82,18000.0,1.5,305.874,39.29,39.718,45.533
964,GBTC,Grayscale Bitcoin Trust,Grayscale,GBTC,Grayscale Bitcoin Trust,BTC-USD,2026-01-26,68.31,18000.0,1.5,303.307,39.29,39.727,45.65
965,GBTC,Grayscale Bitcoin Trust,Grayscale,GBTC,Grayscale Bitcoin Trust,BTC-USD,2026-01-27,69.69,18000.0,1.5,309.959,42.287,42.795,45.676
966,GBTC,Grayscale Bitcoin Trust,Grayscale,GBTC,Grayscale Bitcoin Trust,BTC-USD,2026-01-28,69.46,18000.0,1.5,312.717,40.689,41.197,45.075
967,GBTC,Grayscale Bitcoin Trust,Grayscale,GBTC,Grayscale Bitcoin Trust,BTC-USD,2026-01-29,65.53,18000.0,1.5,331.242,37.199,37.762,45.878
968,GBTC,Grayscale Bitcoin Trust,Grayscale,GBTC,Grayscale Bitcoin Trust,BTC-USD,2026-01-30,65.37,18000.0,1.5,333.92,37.199,37.762,45.578
969,GBTC,Grayscale Bitcoin Trust,Grayscale,GBTC,Grayscale Bitcoin Trust,BTC-USD,2026-02-02,60.82,18000.0,1.5,344.635,35.794,36.358,46.424
970,GBTC,Grayscale Bitcoin Trust,Grayscale,GBTC,Grayscale Bitcoin Trust,BTC-USD,2026-02-03,59.61,18000.0,1.5,360.344,35.794,36.357,45.943
971,GBTC,Grayscale Bitcoin Trust,Grayscale,GBTC,Grayscale Bitcoin Trust,BTC-USD,2026-02-04,57.22,18000.0,1.5,371.372,39.506,40.068,46.259
972,GBTC,Grayscale Bitcoin Trust,Grayscale,GBTC,Grayscale Bitcoin Trust,BTC-USD,2026-02-05,49.66,18000.0,1.5,396.174,34.733,35.34,53.504
973,GBTC,Grayscale Bitcoin Trust,Grayscale,GBTC,Grayscale Bitcoin Trust,BTC-USD,2026-02-06,54.63,18000.0,1.5,398.737,40.235,40.842,57.271
974,GBTC,Grayscale Bitcoin Trust,Grayscale,GBTC,Grayscale Bitcoin Trust,BTC-USD,2026-02-09,55.19,18000.0,1.5,406.233,52.631,53.238,57.145
975,GBTC,Grayscale Bitcoin Trust,Grayscale,GBTC,Grayscale Bitcoin Trust,BTC-USD,2026-02-10,53.63,18000.0,1.5,406.78,50.95,51.711,57.317
976,GBTC,Grayscale Bitcoin Trust,Grayscale,GBTC,Grayscale Bitcoin Trust,BTC-USD,2026-02-11,52.67,18000.0,1.5,405.593,43.204,43.998,57.041
977,GBTC,Grayscale Bitcoin Trust,Grayscale,GBTC,Grayscale Bitcoin Trust,BTC-USD,2026-02-12,50.95,18000.0,1.5,398.492,58.045,58.839,56.922
978,GBTC,Grayscale Bitcoin Trust,Grayscale,GBTC,Grayscale Bitcoin Trust,BTC-USD,2026-02-13,53.63,18000.0,1.5,391.76,58.045,58.871,57.955
979,GBTC,Grayscale Bitcoin Trust,Grayscale,GBTC,Grayscale Bitcoin Trust,BTC-USD,2026-02-17,52.81,18000.0,1.5,388.134,57.251,58.077,57.898
980,GBTC,Grayscale Bitcoin Trust,Grayscale,GBTC,Grayscale Bitcoin Trust,BTC-USD,2026-02-18,51.64,18000.0,1.5,380.885,65.753,66.581,57.629
981,GBTC,Grayscale Bitcoin Trust,Grayscale,GBTC,Grayscale Bitcoin Trust,BTC-USD,2026-02-19,52.32,18000.0,1.5,373.421,70.056,70.885,57.397
982,GBTC,Grayscale Bitcoin Trust,Grayscale,GBTC,Grayscale Bitcoin Trust,BTC-USD,2026-02-20,52.81,18000.0,1.5,363.439,70.056,70.885,57.356
983,GBTC,Grayscale Bitcoin Trust,Grayscale,GBTC,Grayscale Bitcoin Trust,BTC-USD,2026-02-23,50.23,18000.0,1.5,363.678,66.01,66.879,56.908
984,GBTC,Grayscale Bitcoin Trust,Grayscale,GBTC,Grayscale Bitcoin Trust,BTC-USD,2026-02-24,50.27,18000.0,1.5,358.545,61.839,62.708,56.842
985,GBTC,Grayscale Bitcoin Trust,Grayscale,GBTC,Grayscale Bitcoin Trust,BTC-USD,2026-02-25,53.94,18000.0,1.5,354.655,61.839,62.89,58.513
986,GBTC,Grayscale Bitcoin Trust,Grayscale,GBTC,Grayscale Bitcoin Trust,BTC-USD,2026-02-26,52.58,18000.0,1.5,353.248,63.255,64.313,58.603
987,GBTC,Grayscale Bitcoin Trust,Grayscale,GBTC,Grayscale Bitcoin Trust,BTC-USD,2026-02-27,51.13,18000.0,1.5,345.687,63.255,64.393,57.707
988,GBTC,Grayscale Bitcoin Trust,Grayscale,GBTC,Grayscale Bitcoin Trust,BTC-USD,2026-03-02,53.89,18000.0,1.5,330.748,63.255,64.455,57.239
989,GBTC,Grayscale Bitcoin Trust,Grayscale,GBTC,Grayscale Bitcoin Trust,BTC-USD,2026-03-03,53.18,18000.0,1.5,320.447,76.927,78.127,57.022
990,GBTC,Grayscale Bitcoin Trust,Grayscale,GBTC,Grayscale Bitcoin Trust,BTC-USD,2026-03-04,56.99,18000.0,1.5,308.417,76.927,78.127,59.027
991,GBTC,Grayscale Bitcoin Trust,Grayscale,GBTC,Grayscale Bitcoin Trust,BTC-USD,2026-03-05,55.53,18000.0,1.5,282.77,78.27,79.471,58.856
992,GBTC,Grayscale Bitcoin Trust,Grayscale,GBTC,Grayscale Bitcoin Trust,BTC-USD,2026-03-06,53.06,18000.0,1.5,256.594,74.559,76.059,59.326
993,GBTC,Grayscale Bitcoin Trust,Grayscale,GBTC,Grayscale Bitcoin Trust,BTC-USD,2026-03-09,53.79,18000.0,1.5,222.631,75.576,76.776,59.117
994,GBTC,Grayscale Bitcoin Trust,Grayscale,GBTC,Grayscale Bitcoin Trust,BTC-USD,2026-03-10,54.6,18000.0,1.5,217.661,70.073,71.212,59.258
995,GBTC,Grayscale Bitcoin Trust,Grayscale,GBTC,Grayscale Bitcoin Trust,BTC-USD,2026-03-11,55.05,18000.0,1.5,207.202,65.852,66.991,59.313
996,GBTC,Grayscale Bitcoin Trust,Grayscale,GBTC,Grayscale Bitcoin Trust,BTC-USD,2026-03-12,54.89,18000.0,1.5,204.793,64.639,65.778,59.256
997,GBTC,Grayscale Bitcoin Trust,Grayscale,GBTC,Grayscale Bitcoin Trust,BTC-USD,2026-03-13,55.47,18000.0,1.5,213.91,64.639,65.778,58.506
998,GBTC,Grayscale Bitcoin Trust,Grayscale,GBTC,Grayscale Bitcoin Trust,BTC-USD,2026-03-16,57.64,18000.0,1.5,214.364,49.798,50.937,58.915
999,GBTC,Grayscale Bitcoin Trust,Grayscale,GBTC,Grayscale Bitcoin Trust,BTC-USD,2026-03-17,58.08,18000.0,1.5,208.211,53.895,54.946,58.837
1000,GBTC,Grayscale Bitcoin Trust,Grayscale,GBTC,Grayscale Bitcoin Trust,BTC-USD,2026-03-18,55.34,18000.0,1.5,204.557,50.11,51.249,59.535
1001,GBTC,Grayscale Bitcoin Trust,Grayscale,GBTC,Grayscale Bitcoin Trust,BTC-USD,2026-03-19,54.71,18000.0,1.5,208.491,41.609,42.66,58.865
1002,GBTC,Grayscale Bitcoin Trust,Grayscale,GBTC,Grayscale Bitcoin Trust,BTC-USD,2026-03-20,54.65,18000.0,1.5,210.891,42.575,43.3,58.852
1003,GBTC,Grayscale Bitcoin Trust,Grayscale,GBTC,Grayscale Bitcoin Trust,BTC-USD,2026-03-23,55.02,18000.0,1.5,211.131,42.575,43.3,58.886
1004,GBTC,Grayscale Bitcoin Trust,Grayscale,GBTC,Grayscale Bitcoin Trust,BTC-USD,2026-03-24,53.97,18000.0,1.5,211.597,42.575,43.3,58.973
1005,GBTC,Grayscale Bitcoin Trust,Grayscale,GBTC,Grayscale Bitcoin Trust,BTC-USD,2026-03-25,55.18,18000.0,1.5,214.566,42.575,43.502,59.2
1006,GBTC,Grayscale Bitcoin Trust,Grayscale,GBTC,Grayscale Bitcoin Trust,BTC-USD,2026-03-26,53.34,18000.0,1.5,212.538,42.575,43.502,59.525
1007,GBTC,Grayscale Bitcoin Trust,Grayscale,GBTC,Grayscale Bitcoin Trust,BTC-USD,2026-03-27,51.37,18000.0,1.5,210.223,35.099,36.026,59.862
1008,GBTC,Grayscale Bitcoin Trust,Grayscale,GBTC,Grayscale Bitcoin Trust,BTC-USD,2026-03-30,51.74,18000.0,1.5,208.266,35.099,35.824,59.912
1009,GBTC,Grayscale Bitcoin Trust,Grayscale,GBTC,Grayscale Bitcoin Trust,BTC-USD,2026-03-31,52.76,18000.0,1.5,208.492,42.97,43.695,59.791
1010,GBTC,Grayscale Bitcoin Trust,Grayscale,GBTC,Grayscale Bitcoin Trust,BTC-USD,2026-04-01,53.05,18000.0,1.5,204.508,29.298,30.023,58.805
1011,GBTC,Grayscale Bitcoin Trust,Grayscale,GBTC,Grayscale Bitcoin Trust,BTC-USD,2026-04-02,52.15,18000.0,1.5,196.197,29.298,30.023,58.784
1012,GBTC,Grayscale Bitcoin Trust,Grayscale,GBTC,Grayscale Bitcoin Trust,BTC-USD,2026-04-06,54.26,18000.0,1.5,190.107,27.955,28.68,59.453
1013,GBTC,Grayscale Bitcoin Trust,Grayscale,GBTC,Grayscale Bitcoin Trust,BTC-USD,2026-04-07,53.7,18000.0,1.5,189.202,27.955,28.68,59.46
1014,GBTC,Grayscale Bitcoin Trust,Grayscale,GBTC,Grayscale Bitcoin Trust,BTC-USD,2026-04-08,55.52,18000.0,1.5,186.164,26.938,27.746,59.964
1015,GBTC,Grayscale Bitcoin Trust,Grayscale,GBTC,Grayscale Bitcoin Trust,BTC-USD,2026-04-09,56.11,18000.0,1.5,180.179,38.981,39.908,59.935
1016,GBTC,Grayscale Bitcoin Trust,Grayscale,GBTC,Grayscale Bitcoin Trust,BTC-USD,2026-04-10,57.04,18000.0,1.5,176.979,30.806,31.787,59.603
1017,GBTC,Grayscale Bitcoin Trust,Grayscale,GBTC,Grayscale Bitcoin Trust,BTC-USD,2026-04-13,57.09,18000.0,1.5,173.096,35.049,36.031,59.086
1018,GBTC,Grayscale Bitcoin Trust,Grayscale,GBTC,Grayscale Bitcoin Trust,BTC-USD,2026-04-14,57.81,18000.0,1.5,163.137,35.049,36.031,59.02
1019,GBTC,Grayscale Bitcoin Trust,Grayscale,GBTC,Grayscale Bitcoin Trust,BTC-USD,2026-04-15,58.37,18000.0,1.5,159.594,39.507,40.434,59.068
1020,GBTC,Grayscale Bitcoin Trust,Grayscale,GBTC,Grayscale Bitcoin Trust,BTC-USD,2026-04-16,58.64,18000.0,1.5,157.449,44.15,45.077,57.711
1021,GBTC,Grayscale Bitcoin Trust,Grayscale,GBTC,Grayscale Bitcoin Trust,BTC-USD,2026-04-17,60.29,18000.0,1.5,160.539,44.15,45.077,58.024
1022,GBTC,Grayscale Bitcoin Trust,Grayscale,GBTC,Grayscale Bitcoin Trust,BTC-USD,2026-04-20,59.37,18000.0,1.5,155.944,44.15,45.132,58.071
1023,GBTC,Grayscale Bitcoin Trust,Grayscale,GBTC,Grayscale Bitcoin Trust,BTC-USD,2026-04-21,58.35,18000.0,1.5,153.381,48.687,49.828,58.143
1024,GBTC,Grayscale Bitcoin Trust,Grayscale,GBTC,Grayscale Bitcoin Trust,BTC-USD,2026-04-22,61.37,18000.0,1.5,149.399,48.687,49.828,59.023
1025,GBTC,Grayscale Bitcoin Trust,Grayscale,GBTC,Grayscale Bitcoin Trust,BTC-USD,2026-04-23,60.48,18000.0,1.5,144.141,48.687,49.829,58.903
1026,GBTC,Grayscale Bitcoin Trust,Grayscale,GBTC,Grayscale Bitcoin Trust,BTC-USD,2026-04-24,60.37,18000.0,1.5,140.248,52.45,53.592,58.903
1027,GBTC,Grayscale Bitcoin Trust,Grayscale,GBTC,Grayscale Bitcoin Trust,BTC-USD,2026-04-27,59.77,18000.0,1.5,137.829,54.649,55.79,57.766
1028,GBTC,Grayscale Bitcoin Trust,Grayscale,GBTC,Grayscale Bitcoin Trust,BTC-USD,2026-04-28,59.34,18000.0,1.5,133.499,54.649,55.775,57.778
1029,GBTC,Grayscale Bitcoin Trust,Grayscale,GBTC,Grayscale Bitcoin Trust,BTC-USD,2026-04-29,58.68,18000.0,1.5,132.061,56.831,57.957,55.92
1030,GBTC,Grayscale Bitcoin Trust,Grayscale,GBTC,Grayscale Bitcoin Trust,BTC-USD,2026-04-30,59.4,18000.0,1.5,124.46,50.371,51.512,55.831
1031,GBTC,Grayscale Bitcoin Trust,Grayscale,GBTC,Grayscale Bitcoin Trust,BTC-USD,2026-05-01,60.97,18000.0,1.5,123.378,50.371,51.513,55.423
1032,GBTC,Grayscale Bitcoin Trust,Grayscale,GBTC,Grayscale Bitcoin Trust,BTC-USD,2026-05-04,62.23,18000.0,1.5,125.276,50.371,51.513,46.889
1033,GBTC,Grayscale Bitcoin Trust,Grayscale,GBTC,Grayscale Bitcoin Trust,BTC-USD,2026-05-05,63.46,18000.0,1.5,124.287,50.371,51.513,42.972
1034,GBTC,Grayscale Bitcoin Trust,Grayscale,GBTC,Grayscale Bitcoin Trust,BTC-USD,2026-05-06,63.3,18000.0,1.5,123.59,52.041,53.182,42.954
1035,GBTC,Grayscale Bitcoin Trust,Grayscale,GBTC,Grayscale Bitcoin Trust,BTC-USD,2026-05-07,62.28,18000.0,1.5,122.163,52.041,53.182,42.646
1036,GBTC,Grayscale Bitcoin Trust,Grayscale,GBTC,Grayscale Bitcoin Trust,BTC-USD,2026-05-08,62.31,18000.0,1.5,121.421,43.925,45.066,42.433
1037,GBTC,Grayscale Bitcoin Trust,Grayscale,GBTC,Grayscale Bitcoin Trust,BTC-USD,2026-05-11,63.67,18000.0,1.5,120.31,43.925,45.066,41.93
1038,GBTC,Grayscale Bitcoin Trust,Grayscale,GBTC,Grayscale Bitcoin Trust,BTC-USD,2026-05-12,62.79,18000.0,1.5,117.57,38.157,39.298,40.888
1039,GBTC,Grayscale Bitcoin Trust,Grayscale,GBTC,Grayscale Bitcoin Trust,BTC-USD,2026-05-13,61.84,18000.0,1.5,112.226,38.157,39.456,40.885
1040,GBTC,Grayscale Bitcoin Trust,Grayscale,GBTC,Grayscale Bitcoin Trust,BTC-USD,2026-05-14,63.27,18000.0,1.5,112.427,33.699,35.188,40.753
1041,GBTC,Grayscale Bitcoin Trust,Grayscale,GBTC,Grayscale Bitcoin Trust,BTC-USD,2026-05-15,61.44,18000.0,1.5,112.392,24.959,26.459,41.247
1042,GBTC,Grayscale Bitcoin Trust,Grayscale,GBTC,Grayscale Bitcoin Trust,BTC-USD,2026-05-18,59.66,18000.0,1.5,106.961,24.959,26.514,41.741
1043,GBTC,Grayscale Bitcoin Trust,Grayscale,GBTC,Grayscale Bitcoin Trust,BTC-USD,2026-05-19,59.6,18000.0,1.5,103.197,29.663,31.218,40.31
1044,GBTC,Grayscale Bitcoin Trust,Grayscale,GBTC,Grayscale Bitcoin Trust,BTC-USD,2026-05-20,60.29,18000.0,1.5,101.847,19.857,21.356,40.347
1045,GBTC,Grayscale Bitcoin Trust,Grayscale,GBTC,Grayscale Bitcoin Trust,BTC-USD,2026-05-21,60.27,18000.0,1.5,100.023,24.557,26.045,37.823
1046,GBTC,Grayscale Bitcoin Trust,Grayscale,GBTC,Grayscale Bitcoin Trust,BTC-USD,2026-05-22,58.85,18000.0,1.5,100.391,24.557,26.045,37.772
1047,GBTC,Grayscale Bitcoin Trust,Grayscale,GBTC,Grayscale Bitcoin Trust,BTC-USD,2026-05-26,58.94,18000.0,1.5,101.72,28.259,29.747,37.257
1048,GBTC,Grayscale Bitcoin Trust,Grayscale,GBTC,Grayscale Bitcoin Trust,BTC-USD,2026-05-27,58.15,18000.0,1.5,102.309,26.06,27.548,35.889
1049,GBTC,Grayscale Bitcoin Trust,Grayscale,GBTC,Grayscale Bitcoin Trust,BTC-USD,2026-05-28,56.94,18000.0,1.5,105.915,26.06,27.548,36.059
1050,GBTC,Grayscale Bitcoin Trust,Grayscale,GBTC,Grayscale Bitcoin Trust,BTC-USD,2026-05-29,57.02,18000.0,1.5,106.687,29.243,30.731,33.153
1051,GBTC,Grayscale Bitcoin Trust,Grayscale,GBTC,Grayscale Bitcoin Trust,BTC-USD,2026-06-01,55.48,18000.0,1.5,110.215,27.831,29.505,33.202
1052,GBTC,Grayscale Bitcoin Trust,Grayscale,GBTC,Grayscale Bitcoin Trust,BTC-USD,2026-06-02,52.16,18000.0,1.5,113.099,27.831,29.505,34.299
1053,GBTC,Grayscale Bitcoin Trust,Grayscale,GBTC,Grayscale Bitcoin Trust,BTC-USD,2026-06-03,50.73,18000.0,1.5,110.532,27.831,29.548,34.629
1054,GBTC,Grayscale Bitcoin Trust,Grayscale,GBTC,Grayscale Bitcoin Trust,BTC-USD,2026-06-04,49.34,18000.0,1.5,112.992,27.831,29.548,34.896
1055,GBTC,Grayscale Bitcoin Trust,Grayscale,GBTC,Grayscale Bitcoin Trust,BTC-USD,2026-06-05,46.8,18000.0,1.5,121.989,26.162,27.909,36.369
1056,GBTC,Grayscale Bitcoin Trust,Grayscale,GBTC,Grayscale Bitcoin Trust,BTC-USD,2026-06-08,49.17,18000.0,1.5,124.116,26.162,27.916,37.904
1057,GBTC,Grayscale Bitcoin Trust,Grayscale,GBTC,Grayscale Bitcoin Trust,BTC-USD,2026-06-09,48.14,18000.0,1.5,127.484,22.234,23.988,38.019
1058,GBTC,Grayscale Bitcoin Trust,Grayscale,GBTC,Grayscale Bitcoin Trust,BTC-USD,2026-06-10,48.02,18000.0,1.5,130.498,24.465,26.212,37.06
1059,GBTC,Grayscale Bitcoin Trust,Grayscale,GBTC,Grayscale Bitcoin Trust,BTC-USD,2026-06-11,49.32,18000.0,1.5,133.599,24.465,26.219,37.498
1060,GBTC,Grayscale Bitcoin Trust,Grayscale,GBTC,Grayscale Bitcoin Trust,BTC-USD,2026-06-12,49.34,18000.0,1.5,135.099,24.942,26.689,36.277
1061,GBTC,Grayscale Bitcoin Trust,Grayscale,GBTC,Grayscale Bitcoin Trust,BTC-USD,2026-06-15,51.65,18000.0,1.5,133.696,24.942,26.697,37.508
1062,GBTC,Grayscale Bitcoin Trust,Grayscale,GBTC,Grayscale Bitcoin Trust,BTC-USD,2026-06-16,50.91,18000.0,1.5,130.902,24.942,26.697,37.61
1063,GBTC,Grayscale Bitcoin Trust,Grayscale,GBTC,Grayscale Bitcoin Trust,BTC-USD,2026-06-17,49.85,18000.0,1.5,128.783,27.71,29.464,37.79
1064,GBTC,Grayscale Bitcoin Trust,Grayscale,GBTC,Grayscale Bitcoin Trust,BTC-USD,2026-06-18,48.8,18000.0,1.5,131.166,23.006,24.808,37.833
1065,GBTC,Grayscale Bitcoin Trust,Grayscale,GBTC,Grayscale Bitcoin Trust,BTC-USD,2026-06-22,49.96,18000.0,1.5,130.278,23.006,24.859,37.869
1066,GBTC,Grayscale Bitcoin Trust,Grayscale,GBTC,Grayscale Bitcoin Trust,BTC-USD,2026-06-23,48.35,18000.0,1.5,126.341,18.306,20.194,37.828
1067,GBTC,Grayscale Bitcoin Trust,Grayscale,GBTC,Grayscale Bitcoin Trust,BTC-USD,2026-06-24,46.41,18000.0,1.5,127.832,18.306,20.194,37.969
1068,GBTC,Grayscale Bitcoin Trust,Grayscale,GBTC,Grayscale Bitcoin Trust,BTC-USD,2026-06-25,45.9,18000.0,1.5,128.319,17.651,19.538,37.971
1069,GBTC,Grayscale Bitcoin Trust,Grayscale,GBTC,Grayscale Bitcoin Trust,BTC-USD,2026-06-26,46.28,18000.0,1.5,127.656,26.219,28.107,37.767
1070,GBTC,Grayscale Bitcoin Trust,Grayscale,GBTC,Grayscale Bitcoin Trust,BTC-USD,2026-06-29,46.77,18000.0,1.5,125.28,37.731,39.618,37.825
1071,GBTC,Grayscale Bitcoin Trust,Grayscale,GBTC,Grayscale Bitcoin Trust,BTC-USD,2026-06-30,45.52,18000.0,1.5,122.905,32.366,34.379,38.049
1072,GBTC,Grayscale Bitcoin Trust,Grayscale,GBTC,Grayscale Bitcoin Trust,BTC-USD,2026-07-01,46.5,18000.0,1.5,119.565,32.366,34.497,37.365
1073,GBTC,Grayscale Bitcoin Trust,Grayscale,GBTC,Grayscale Bitcoin Trust,BTC-USD,2026-07-02,47.64,18000.0,1.5,115.023,32.366,34.497,37.727
1074,GBTC,Grayscale Bitcoin Trust,Grayscale,GBTC,Grayscale Bitcoin Trust,BTC-USD,2026-07-06,49.4,18000.0,1.5,114.506,33.984,36.114,37.85
1075,GBTC,Grayscale Bitcoin Trust,Grayscale,GBTC,Grayscale Bitcoin Trust,BTC-USD,2026-07-07,49.46,18000.0,1.5,110.418,37.144,39.274,37.766
1076,GBTC,Grayscale Bitcoin Trust,Grayscale,GBTC,Grayscale Bitcoin Trust,BTC-USD,2026-07-08,48.24,18000.0,1.5,100.275,37.144,39.624,37.851
1077,GBTC,Grayscale Bitcoin Trust,Grayscale,GBTC,Grayscale Bitcoin Trust,BTC-USD,2026-07-09,49.0,18000.0,1.5,96.231,37.144,39.624,38.033
1078,GBTC,Grayscale Bitcoin Trust,Grayscale,GBTC,Grayscale Bitcoin Trust,BTC-USD,2026-07-10,49.56,18000.0,1.5,92.008,37.144,39.624,38.014
1079,GBTC,Grayscale Bitcoin Trust,Grayscale,GBTC,Grayscale Bitcoin Trust,BTC-USD,2026-07-13,48.22,18000.0,1.5,89.482,34.913,37.402,38.263
1080,GBTC,Grayscale Bitcoin Trust,Grayscale,GBTC,Grayscale Bitcoin Trust,BTC-USD,2026-07-14,50.03,18000.0,1.5,88.061,34.913,37.788,39.105
1081,GBTC,Grayscale Bitcoin Trust,Grayscale,GBTC,Grayscale Bitcoin Trust,BTC-USD,2026-07-15,50.34,18000.0,1.5,86.11,34.435,37.31,38.635
1082,GBTC,Grayscale Bitcoin Trust,Grayscale,GBTC,Grayscale Bitcoin Trust,BTC-USD,2026-07-16,49.78,18000.0,1.5,83.314,34.435,37.058,38.588
1083,GBTC,Grayscale Bitcoin Trust,Grayscale,GBTC,Grayscale Bitcoin Trust,BTC-USD,2026-07-17,49.71,18000.0,1.5,83.809,34.435,37.058,38.472
1084,GBTC,Grayscale Bitcoin Trust,Grayscale,GBTC,Grayscale Bitcoin Trust,BTC-USD,2026-07-20,50.45,18000.0,1.5,84.159,31.668,34.29,37.035
1085,GBTC,Grayscale Bitcoin Trust,Grayscale,GBTC,Grayscale Bitcoin Trust,BTC-USD,2026-07-21,51.49,18000.0,1.5,82.121,31.668,34.542,37.271
1086,GBTC,Grayscale Bitcoin Trust,Grayscale,GBTC,Grayscale Bitcoin Trust,BTC-USD,2026-07-22,51.08,18000.0,1.5,81.785,31.668,34.29,37.287
1087,GBTC,Grayscale Bitcoin Trust,Grayscale,GBTC,Grayscale Bitcoin Trust,BTC-USD,2026-07-23,50.19,18000.0,1.5,81.256,31.668,34.29,37.382
1088,GBTC,Grayscale Bitcoin Trust,Grayscale,GBTC,Grayscale Bitcoin Trust,BTC-USD,2026-07-24,49.72,18000.0,1.5,77.724,31.668,34.148,37.395
1089,GBTC,Grayscale Bitcoin Trust,Grayscale,GBTC,Grayscale Bitcoin Trust,BTC-USD,2026-07-27,50.28,18000.0,1.5,74.138,24.857,27.338,37.466
1090,GBTC,Grayscale Bitcoin Trust,Grayscale,GBTC,Grayscale Bitcoin Trust,BTC-USD,2026-07-28,49.44,18000.0,1.5,72.165,16.289,18.911,37.45
1091,GBTC,Grayscale Bitcoin Trust,Grayscale,GBTC,Grayscale Bitcoin Trust,BTC-USD,2026-07-29,49.2,18000.0,1.5,71.582,4.777,7.4,36.955
1092,GBTC,Grayscale Bitcoin Trust,Grayscale,GBTC,Grayscale Bitcoin Trust,BTC-USD,2026-07-30,50.16,18000.0,1.5,71.346,4.777,7.303,36.924
1093,GBTC,Grayscale Bitcoin Trust,Grayscale,GBTC,Grayscale Bitcoin Trust,BTC-USD,2026-07-31,48.73,18000.0,1.5,74.633,4.777,7.303,36.962
1094,GBTC,Grayscale Bitcoin Trust,Grayscale,GBTC,Grayscale Bitcoin Trust,BTC-USD,2026-08-03,49.43,18000.0,1.5,76.66,12.969,14.895,37.158
1095,GBTC,Grayscale Bitcoin Trust,Grayscale,GBTC,Grayscale Bitcoin Trust,BTC-USD,2026-08-04,49.73,18000.0,1.5,74.978,11.351,13.218,37.128
1096,GBTC,Grayscale Bitcoin Trust,Grayscale,GBTC,Grayscale Bitcoin Trust,BTC-USD,2026-08-05,50.19,18000.0,1.5,75.253,8.5,10.367,37.214
1097,GBTC,Grayscale Bitcoin Trust,Grayscale,GBTC,Grayscale Bitcoin Trust,BTC-USD,2026-08-06,49.88,18000.0,1.5,74.669,13.081,14.928,36.844
1098,GBTC,Grayscale Bitcoin Trust,Grayscale,GBTC,Grayscale Bitcoin Trust,BTC-USD,2026-08-07,50.3,18000.0,1.5,74.932,13.081,14.689,36.873
1099,GBTC,Grayscale Bitcoin Trust,Grayscale,GBTC,Grayscale Bitcoin Trust,BTC-USD,2026-08-10,49.53,18000.0,1.5,78.139,13.081,14.592,36.875
1100,GBTC,Grayscale Bitcoin Trust,Grayscale,GBTC,Grayscale Bitcoin Trust,BTC-USD,2026-08-11,49.13,18000.0,1.5,76.875,13.081,14.481,36.466
1101,GBTC,Grayscale Bitcoin Trust,Grayscale,GBTC,Grayscale Bitcoin Trust,BTC-USD,2026-08-12,49.04,18000.0,1.5,75.511,17.916,19.309,36.09
1102,GBTC,Grayscale Bitcoin Trust,Grayscale,GBTC,Grayscale Bitcoin Trust,BTC-USD,2026-08-13,49.05,18000.0,1.5,75.903,20.878,22.271,35.7
1103,GBTC,Grayscale Bitcoin Trust,Grayscale,GBTC,Grayscale Bitcoin Trust,BTC-USD,2026-08-14,48.68,18000.0,1.5,75.687,20.878,22.271,35.708
1104,GBTC,Grayscale Bitcoin Trust,Grayscale,GBTC,Grayscale Bitcoin Trust,BTC-USD,2026-08-17,49.75,18000.0,1.5,77.376,20.878,22.278,35.95
1105,GBTC,Grayscale Bitcoin Trust,Grayscale,GBTC,Grayscale Bitcoin Trust,BTC-USD,2026-08-18,50.0,18000.0,1.5,76.585,20.878,22.271,35.985
1106,GBTC,Grayscale Bitcoin Trust,Grayscale,GBTC,Grayscale Bitcoin Trust,BTC-USD,2026-08-19,53.0,18000.0,1.5,87.802,20.878,22.271,37.851
1107,GBTC,Grayscale Bitcoin Trust,Grayscale,GBTC,Grayscale Bitcoin Trust,BTC-USD,2026-08-20,56.28,18000.0,1.5,95.018,20.878,22.278,39.911
1108,GBTC,Grayscale Bitcoin Trust,Grayscale,GBTC,Grayscale Bitcoin Trust,BTC-USD,2026-08-21,59.63,18000.0,1.5,103.183,20.878,22.278,41.581
1109,GBTC,Grayscale Bitcoin Trust,Grayscale,GBTC,Grayscale Bitcoin Trust,BTC-USD,2026-08-24,60.96,18000.0,1.5,110.788,20.878,22.196,41.57
1110,GBTC,Grayscale Bitcoin Trust,Grayscale,GBTC,Grayscale Bitcoin Trust,BTC-USD,2026-08-25,61.07,18000.0,1.5,114.341,27.677,28.976,41.57
1111,GBTC,Grayscale Bitcoin Trust,Grayscale,GBTC,Grayscale Bitcoin Trust,BTC-USD,2026-08-26,60.73,18000.0,1.5,115.682,27.677,28.898,41.169
1112,GBTC,Grayscale Bitcoin Trust,Grayscale,GBTC,Grayscale Bitcoin Trust,BTC-USD,2026-08-27,61.86,18000.0,1.5,116.798,27.677,28.976,39.139
1113,ARKB,ARK 21Shares Bitcoin ETF,ARK / 21Shares,ARKB,ARK 21Shares Bitcoin ETF,BTC-USD,2025-03-07,28.9633,5000.0,0.21,105.625,86.978,88.837,46.403
1114,ARKB,ARK 21Shares Bitcoin ETF,ARK / 21Shares,ARKB,ARK 21Shares Bitcoin ETF,BTC-USD,2025-03-10,26.35,5000.0,0.21,109.353,78.012,80.028,48.967
1115,ARKB,ARK 21Shares Bitcoin ETF,ARK / 21Shares,ARKB,ARK 21Shares Bitcoin ETF,BTC-USD,2025-03-11,27.63,5000.0,0.21,108.859,78.573,80.861,50.044
1116,ARKB,ARK 21Shares Bitcoin ETF,ARK / 21Shares,ARKB,ARK 21Shares Bitcoin ETF,BTC-USD,2025-03-12,27.58,5000.0,0.21,109.651,88.012,90.028,48.745
1117,ARKB,ARK 21Shares Bitcoin ETF,ARK / 21Shares,ARKB,ARK 21Shares Bitcoin ETF,BTC-USD,2025-03-13,26.6567,5000.0,0.21,110.011,97.013,99.029,49.097
1118,ARKB,ARK 21Shares Bitcoin ETF,ARK / 21Shares,ARKB,ARK 21Shares Bitcoin ETF,BTC-USD,2025-03-14,28.1433,5000.0,0.21,111.81,86.268,88.284,50.376
1119,ARKB,ARK 21Shares Bitcoin ETF,ARK / 21Shares,ARKB,ARK 21Shares Bitcoin ETF,BTC-USD,2025-03-17,28.12,5000.0,0.21,113.088,91.392,93.408,49.572
1120,ARKB,ARK 21Shares Bitcoin ETF,ARK / 21Shares,ARKB,ARK 21Shares Bitcoin ETF,BTC-USD,2025-03-18,27.3767,5000.0,0.21,115.373,91.392,93.68,49.734
1121,ARKB,ARK 21Shares Bitcoin ETF,ARK / 21Shares,ARKB,ARK 21Shares Bitcoin ETF,BTC-USD,2025-03-19,28.4233,5000.0,0.21,114.79,91.392,93.68,49.08
1122,ARKB,ARK 21Shares Bitcoin ETF,ARK / 21Shares,ARKB,ARK 21Shares Bitcoin ETF,BTC-USD,2025-03-20,28.0,5000.0,0.21,114.576,100.927,103.215,48.456
1123,ARKB,ARK 21Shares Bitcoin ETF,ARK / 21Shares,ARKB,ARK 21Shares Bitcoin ETF,BTC-USD,2025-03-21,27.9083,5000.0,0.21,113.714,100.927,102.943,48.451
1124,ARKB,ARK 21Shares Bitcoin ETF,ARK / 21Shares,ARKB,ARK 21Shares Bitcoin ETF,BTC-USD,2025-03-24,29.35,5000.0,0.21,109.558,96.22,98.236,49.108
1125,ARKB,ARK 21Shares Bitcoin ETF,ARK / 21Shares,ARKB,ARK 21Shares Bitcoin ETF,BTC-USD,2025-03-25,29.3267,5000.0,0.21,106.575,100.097,102.113,47.35
1126,ARKB,ARK 21Shares Bitcoin ETF,ARK / 21Shares,ARKB,ARK 21Shares Bitcoin ETF,BTC-USD,2025-03-26,28.77,5000.0,0.21,98.746,100.097,102.113,46.987
1127,ARKB,ARK 21Shares Bitcoin ETF,ARK / 21Shares,ARKB,ARK 21Shares Bitcoin ETF,BTC-USD,2025-03-27,28.9467,5000.0,0.21,90.158,107.202,109.06,46.968
1128,ARKB,ARK 21Shares Bitcoin ETF,ARK / 21Shares,ARKB,ARK 21Shares Bitcoin ETF,BTC-USD,2025-03-28,27.8567,5000.0,0.21,88.529,92.49,94.803,47.577
1129,ARKB,ARK 21Shares Bitcoin ETF,ARK / 21Shares,ARKB,ARK 21Shares Bitcoin ETF,BTC-USD,2025-03-31,27.4,5000.0,0.21,82.015,87.646,90.751,47.65
1130,ARKB,ARK 21Shares Bitcoin ETF,ARK / 21Shares,ARKB,ARK 21Shares Bitcoin ETF,BTC-USD,2025-04-01,28.2633,5000.0,0.21,76.729,87.646,90.775,47.268
1131,ARKB,ARK 21Shares Bitcoin ETF,ARK / 21Shares,ARKB,ARK 21Shares Bitcoin ETF,BTC-USD,2025-04-02,28.92,5000.0,0.21,74.716,87.646,90.787,47.487
1132,ARKB,ARK 21Shares Bitcoin ETF,ARK / 21Shares,ARKB,ARK 21Shares Bitcoin ETF,BTC-USD,2025-04-03,27.2533,5000.0,0.21,74.302,87.646,90.787,48.152
1133,ARKB,ARK 21Shares Bitcoin ETF,ARK / 21Shares,ARKB,ARK 21Shares Bitcoin ETF,BTC-USD,2025-04-04,27.9233,5000.0,0.21,76.199,76.906,80.047,47.058
1134,ARKB,ARK 21Shares Bitcoin ETF,ARK / 21Shares,ARKB,ARK 21Shares Bitcoin ETF,BTC-USD,2025-04-07,25.9633,5000.0,0.21,83.435,65.108,68.249,49.006
1135,ARKB,ARK 21Shares Bitcoin ETF,ARK / 21Shares,ARKB,ARK 21Shares Bitcoin ETF,BTC-USD,2025-04-08,25.5133,5000.0,0.21,80.49,85.505,88.634,49.029
1136,ARKB,ARK 21Shares Bitcoin ETF,ARK / 21Shares,ARKB,ARK 21Shares Bitcoin ETF,BTC-USD,2025-04-09,27.3533,5000.0,0.21,85.195,82.533,85.662,51.231
1137,ARKB,ARK 21Shares Bitcoin ETF,ARK / 21Shares,ARKB,ARK 21Shares Bitcoin ETF,BTC-USD,2025-04-10,26.4567,5000.0,0.21,85.519,83.607,86.748,51.179
1138,ARKB,ARK 21Shares Bitcoin ETF,ARK / 21Shares,ARKB,ARK 21Shares Bitcoin ETF,BTC-USD,2025-04-11,27.88,5000.0,0.21,85.998,74.606,77.747,51.952
1139,ARKB,ARK 21Shares Bitcoin ETF,ARK / 21Shares,ARKB,ARK 21Shares Bitcoin ETF,BTC-USD,2025-04-14,28.25,5000.0,0.21,85.131,74.606,77.735,52.005
1140,ARKB,ARK 21Shares Bitcoin ETF,ARK / 21Shares,ARKB,ARK 21Shares Bitcoin ETF,BTC-USD,2025-04-15,27.9433,5000.0,0.21,84.054,74.055,77.184,51.156
1141,ARKB,ARK 21Shares Bitcoin ETF,ARK / 21Shares,ARKB,ARK 21Shares Bitcoin ETF,BTC-USD,2025-04-16,28.05,5000.0,0.21,82.27,77.146,80.275,51.05
1142,ARKB,ARK 21Shares Bitcoin ETF,ARK / 21Shares,ARKB,ARK 21Shares Bitcoin ETF,BTC-USD,2025-04-17,28.2367,5000.0,0.21,82.527,85.604,88.709,51.004
1143,ARKB,ARK 21Shares Bitcoin ETF,ARK / 21Shares,ARKB,ARK 21Shares Bitcoin ETF,BTC-USD,2025-04-21,29.0667,5000.0,0.21,87.754,74.164,76.79,51.416
1144,ARKB,ARK 21Shares Bitcoin ETF,ARK / 21Shares,ARKB,ARK 21Shares Bitcoin ETF,BTC-USD,2025-04-22,30.4367,5000.0,0.21,93.999,74.164,76.838,52.258
1145,ARKB,ARK 21Shares Bitcoin ETF,ARK / 21Shares,ARKB,ARK 21Shares Bitcoin ETF,BTC-USD,2025-04-23,31.0967,5000.0,0.21,97.17,74.164,76.79,52.024
1146,ARKB,ARK 21Shares Bitcoin ETF,ARK / 21Shares,ARKB,ARK 21Shares Bitcoin ETF,BTC-USD,2025-04-24,31.14,5000.0,0.21,101.623,72.92,75.547,52.027
1147,ARKB,ARK 21Shares Bitcoin ETF,ARK / 21Shares,ARKB,ARK 21Shares Bitcoin ETF,BTC-USD,2025-04-25,31.73,5000.0,0.21,104.614,72.92,74.885,51.778
1148,ARKB,ARK 21Shares Bitcoin ETF,ARK / 21Shares,ARKB,ARK 21Shares Bitcoin ETF,BTC-USD,2025-04-28,31.5167,5000.0,0.21,105.723,65.532,67.497,51.763
1149,ARKB,ARK 21Shares Bitcoin ETF,ARK / 21Shares,ARKB,ARK 21Shares Bitcoin ETF,BTC-USD,2025-04-29,31.7,5000.0,0.21,104.758,65.532,67.483,51.358
1150,ARKB,ARK 21Shares Bitcoin ETF,ARK / 21Shares,ARKB,ARK 21Shares Bitcoin ETF,BTC-USD,2025-04-30,31.2967,5000.0,0.21,106.124,65.532,67.442,51.414
1151,ARKB,ARK 21Shares Bitcoin ETF,ARK / 21Shares,ARKB,ARK 21Shares Bitcoin ETF,BTC-USD,2025-05-01,32.1133,5000.0,0.21,106.028,65.532,67.442,51.465
1152,ARKB,ARK 21Shares Bitcoin ETF,ARK / 21Shares,ARKB,ARK 21Shares Bitcoin ETF,BTC-USD,2025-05-02,32.26,5000.0,0.21,105.106,65.789,67.648,51.388
1153,ARKB,ARK 21Shares Bitcoin ETF,ARK / 21Shares,ARKB,ARK 21Shares Bitcoin ETF,BTC-USD,2025-05-05,31.3667,5000.0,0.21,104.515,65.789,67.648,51.704
1154,ARKB,ARK 21Shares Bitcoin ETF,ARK / 21Shares,ARKB,ARK 21Shares Bitcoin ETF,BTC-USD,2025-05-06,31.5767,5000.0,0.21,101.345,71.03,72.867,51.663
1155,ARKB,ARK 21Shares Bitcoin ETF,ARK / 21Shares,ARKB,ARK 21Shares Bitcoin ETF,BTC-USD,2025-05-07,31.99,5000.0,0.21,92.271,71.03,72.758,51.613
1156,ARKB,ARK 21Shares Bitcoin ETF,ARK / 21Shares,ARKB,ARK 21Shares Bitcoin ETF,BTC-USD,2025-05-08,33.6967,5000.0,0.21,91.961,50.633,52.361,52.491
1157,ARKB,ARK 21Shares Bitcoin ETF,ARK / 21Shares,ARKB,ARK 21Shares Bitcoin ETF,BTC-USD,2025-05-09,34.3333,5000.0,0.21,85.867,40.319,42.047,52.502
1158,ARKB,ARK 21Shares Bitcoin ETF,ARK / 21Shares,ARKB,ARK 21Shares Bitcoin ETF,BTC-USD,2025-05-12,33.8633,5000.0,0.21,87.418,30.91,32.522,52.561
1159,ARKB,ARK 21Shares Bitcoin ETF,ARK / 21Shares,ARKB,ARK 21Shares Bitcoin ETF,BTC-USD,2025-05-13,34.8633,5000.0,0.21,87.126,32.383,33.995,52.839
1160,ARKB,ARK 21Shares Bitcoin ETF,ARK / 21Shares,ARKB,ARK 21Shares Bitcoin ETF,BTC-USD,2025-05-14,34.3367,5000.0,0.21,86.584,36.636,38.248,52.463
1161,ARKB,ARK 21Shares Bitcoin ETF,ARK / 21Shares,ARKB,ARK 21Shares Bitcoin ETF,BTC-USD,2025-05-15,34.3,5000.0,0.21,87.838,32.696,34.204,52.307
1162,ARKB,ARK 21Shares Bitcoin ETF,ARK / 21Shares,ARKB,ARK 21Shares Bitcoin ETF,BTC-USD,2025-05-16,34.61,5000.0,0.21,86.857,29.605,31.163,52.114
1163,ARKB,ARK 21Shares Bitcoin ETF,ARK / 21Shares,ARKB,ARK 21Shares Bitcoin ETF,BTC-USD,2025-05-19,35.0967,5000.0,0.21,87.0,23.819,25.431,51.547
1164,ARKB,ARK 21Shares Bitcoin ETF,ARK / 21Shares,ARKB,ARK 21Shares Bitcoin ETF,BTC-USD,2025-05-20,35.63,5000.0,0.21,83.49,23.819,25.431,51.566
1165,ARKB,ARK 21Shares Bitcoin ETF,ARK / 21Shares,ARKB,ARK 21Shares Bitcoin ETF,BTC-USD,2025-05-21,36.1467,5000.0,0.21,82.638,23.819,25.377,49.662
1166,ARKB,ARK 21Shares Bitcoin ETF,ARK / 21Shares,ARKB,ARK 21Shares Bitcoin ETF,BTC-USD,2025-05-22,36.9967,5000.0,0.21,83.418,23.819,25.377,48.841
1167,ARKB,ARK 21Shares Bitcoin ETF,ARK / 21Shares,ARKB,ARK 21Shares Bitcoin ETF,BTC-USD,2025-05-23,36.1667,5000.0,0.21,81.172,21.185,22.797,49.04
1168,ARKB,ARK 21Shares Bitcoin ETF,ARK / 21Shares,ARKB,ARK 21Shares Bitcoin ETF,BTC-USD,2025-05-27,36.57,5000.0,0.21,79.921,22.81,24.422,49.037
1169,ARKB,ARK 21Shares Bitcoin ETF,ARK / 21Shares,ARKB,ARK 21Shares Bitcoin ETF,BTC-USD,2025-05-28,35.5667,5000.0,0.21,80.54,22.177,23.859,49.353
1170,ARKB,ARK 21Shares Bitcoin ETF,ARK / 21Shares,ARKB,ARK 21Shares Bitcoin ETF,BTC-USD,2025-05-29,35.12,5000.0,0.21,87.357,22.465,24.147,49.45
1171,ARKB,ARK 21Shares Bitcoin ETF,ARK / 21Shares,ARKB,ARK 21Shares Bitcoin ETF,BTC-USD,2025-05-30,34.7767,5000.0,0.21,87.646,22.465,24.023,48.889
1172,ARKB,ARK 21Shares Bitcoin ETF,ARK / 21Shares,ARKB,ARK 21Shares Bitcoin ETF,BTC-USD,2025-06-02,34.75,5000.0,0.21,87.346,25.227,26.73,48.748
1173,ARKB,ARK 21Shares Bitcoin ETF,ARK / 21Shares,ARKB,ARK 21Shares Bitcoin ETF,BTC-USD,2025-06-03,35.33,5000.0,0.21,88.682,24.971,26.529,48.545
1174,ARKB,ARK 21Shares Bitcoin ETF,ARK / 21Shares,ARKB,ARK 21Shares Bitcoin ETF,BTC-USD,2025-06-04,34.91,5000.0,0.21,87.897,24.971,26.529,44.188
1175,ARKB,ARK 21Shares Bitcoin ETF,ARK / 21Shares,ARKB,ARK 21Shares Bitcoin ETF,BTC-USD,2025-06-05,33.8733,5000.0,0.21,96.613,22.322,23.88,43.842
1176,ARKB,ARK 21Shares Bitcoin ETF,ARK / 21Shares,ARKB,ARK 21Shares Bitcoin ETF,BTC-USD,2025-06-06,34.67,5000.0,0.21,96.705,25.345,27.027,44.015
1177,ARKB,ARK 21Shares Bitcoin ETF,ARK / 21Shares,ARKB,ARK 21Shares Bitcoin ETF,BTC-USD,2025-06-09,36.1167,5000.0,0.21,97.707,25.345,27.027,43.941
1178,ARKB,ARK 21Shares Bitcoin ETF,ARK / 21Shares,ARKB,ARK 21Shares Bitcoin ETF,BTC-USD,2025-06-10,36.4133,5000.0,0.21,98.261,25.345,26.903,42.735
1179,ARKB,ARK 21Shares Bitcoin ETF,ARK / 21Shares,ARKB,ARK 21Shares Bitcoin ETF,BTC-USD,2025-06-11,36.1433,5000.0,0.21,97.818,30.458,32.015,42.79
1180,ARKB,ARK 21Shares Bitcoin ETF,ARK / 21Shares,ARKB,ARK 21Shares Bitcoin ETF,BTC-USD,2025-06-12,35.51,5000.0,0.21,98.921,28.985,30.543,42.548
1181,ARKB,ARK 21Shares Bitcoin ETF,ARK / 21Shares,ARKB,ARK 21Shares Bitcoin ETF,BTC-USD,2025-06-13,34.9633,5000.0,0.21,99.263,24.732,26.29,42.168
1182,ARKB,ARK 21Shares Bitcoin ETF,ARK / 21Shares,ARKB,ARK 21Shares Bitcoin ETF,BTC-USD,2025-06-16,36.15,5000.0,0.21,97.785,20.979,22.661,42.429
1183,ARKB,ARK 21Shares Bitcoin ETF,ARK / 21Shares,ARKB,ARK 21Shares Bitcoin ETF,BTC-USD,2025-06-17,34.82,5000.0,0.21,100.812,20.979,22.717,43.259
1184,ARKB,ARK 21Shares Bitcoin ETF,ARK / 21Shares,ARKB,ARK 21Shares Bitcoin ETF,BTC-USD,2025-06-18,34.52,5000.0,0.21,100.078,25.501,27.239,42.217
1185,ARKB,ARK 21Shares Bitcoin ETF,ARK / 21Shares,ARKB,ARK 21Shares Bitcoin ETF,BTC-USD,2025-06-20,34.34,5000.0,0.21,99.233,30.458,31.902,42.243
1186,ARKB,ARK 21Shares Bitcoin ETF,ARK / 21Shares,ARKB,ARK 21Shares Bitcoin ETF,BTC-USD,2025-06-23,34.32,5000.0,0.21,95.436,30.458,31.902,42.004
1187,ARKB,ARK 21Shares Bitcoin ETF,ARK / 21Shares,ARKB,ARK 21Shares Bitcoin ETF,BTC-USD,2025-06-24,35.13,5000.0,0.21,89.811,30.458,32.196,42.208
1188,ARKB,ARK 21Shares Bitcoin ETF,ARK / 21Shares,ARKB,ARK 21Shares Bitcoin ETF,BTC-USD,2025-06-25,35.84,5000.0,0.21,89.179,30.458,32.196,41.438
1189,ARKB,ARK 21Shares Bitcoin ETF,ARK / 21Shares,ARKB,ARK 21Shares Bitcoin ETF,BTC-USD,2025-06-26,35.79,5000.0,0.21,85.662,30.678,32.416,41.23
1190,ARKB,ARK 21Shares Bitcoin ETF,ARK / 21Shares,ARKB,ARK 21Shares Bitcoin ETF,BTC-USD,2025-06-27,35.53,5000.0,0.21,84.902,35.106,36.417,40.922
1191,ARKB,ARK 21Shares Bitcoin ETF,ARK / 21Shares,ARKB,ARK 21Shares Bitcoin ETF,BTC-USD,2025-06-30,35.79,5000.0,0.21,78.857,38.467,39.865,40.735
1192,ARKB,ARK 21Shares Bitcoin ETF,ARK / 21Shares,ARKB,ARK 21Shares Bitcoin ETF,BTC-USD,2025-07-01,35.02,5000.0,0.21,78.534,38.467,40.205,38.944
1193,ARKB,ARK 21Shares Bitcoin ETF,ARK / 21Shares,ARKB,ARK 21Shares Bitcoin ETF,BTC-USD,2025-07-02,36.49,5000.0,0.21,79.99,35.705,37.728,39.464
1194,ARKB,ARK 21Shares Bitcoin ETF,ARK / 21Shares,ARKB,ARK 21Shares Bitcoin ETF,BTC-USD,2025-07-03,36.33,5000.0,0.21,78.403,35.705,37.443,36.092
1195,ARKB,ARK 21Shares Bitcoin ETF,ARK / 21Shares,ARKB,ARK 21Shares Bitcoin ETF,BTC-USD,2025-07-07,35.92,5000.0,0.21,77.906,35.705,37.443,35.946
1196,ARKB,ARK 21Shares Bitcoin ETF,ARK / 21Shares,ARKB,ARK 21Shares Bitcoin ETF,BTC-USD,2025-07-08,36.175,5000.0,0.21,68.067,33.113,35.169,33.389
1197,ARKB,ARK 21Shares Bitcoin ETF,ARK / 21Shares,ARKB,ARK 21Shares Bitcoin ETF,BTC-USD,2025-07-09,37.18,5000.0,0.21,66.355,30.09,32.146,32.751
1198,ARKB,ARK 21Shares Bitcoin ETF,ARK / 21Shares,ARKB,ARK 21Shares Bitcoin ETF,BTC-USD,2025-07-10,37.72,5000.0,0.21,64.92,30.09,31.988,31.331
1199,ARKB,ARK 21Shares Bitcoin ETF,ARK / 21Shares,ARKB,ARK 21Shares Bitcoin ETF,BTC-USD,2025-07-11,39.29,5000.0,0.21,66.951,30.09,32.146,32.137
1200,ARKB,ARK 21Shares Bitcoin ETF,ARK / 21Shares,ARKB,ARK 21Shares Bitcoin ETF,BTC-USD,2025-07-14,39.87,5000.0,0.21,66.371,22.074,24.13,32.007
1201,ARKB,ARK 21Shares Bitcoin ETF,ARK / 21Shares,ARKB,ARK 21Shares Bitcoin ETF,BTC-USD,2025-07-15,38.7,5000.0,0.21,67.95,22.074,24.226,32.831
1202,ARKB,ARK 21Shares Bitcoin ETF,ARK / 21Shares,ARKB,ARK 21Shares Bitcoin ETF,BTC-USD,2025-07-16,39.65,5000.0,0.21,69.69,22.074,24.282,33.058
1203,ARKB,ARK 21Shares Bitcoin ETF,ARK / 21Shares,ARKB,ARK 21Shares Bitcoin ETF,BTC-USD,2025-07-17,39.56,5000.0,0.21,69.757,27.812,29.868,32.735
1204,ARKB,ARK 21Shares Bitcoin ETF,ARK / 21Shares,ARKB,ARK 21Shares Bitcoin ETF,BTC-USD,2025-07-18,39.02,5000.0,0.21,68.537,32.111,34.009,31.824
1205,ARKB,ARK 21Shares Bitcoin ETF,ARK / 21Shares,ARKB,ARK 21Shares Bitcoin ETF,BTC-USD,2025-07-21,38.82,5000.0,0.21,68.96,32.076,33.973,31.673
1206,ARKB,ARK 21Shares Bitcoin ETF,ARK / 21Shares,ARKB,ARK 21Shares Bitcoin ETF,BTC-USD,2025-07-22,39.66,5000.0,0.21,69.58,28.368,30.424,31.875
1207,ARKB,ARK 21Shares Bitcoin ETF,ARK / 21Shares,ARKB,ARK 21Shares Bitcoin ETF,BTC-USD,2025-07-23,39.37,5000.0,0.21,68.99,29.121,31.177,31.809
1208,ARKB,ARK 21Shares Bitcoin ETF,ARK / 21Shares,ARKB,ARK 21Shares Bitcoin ETF,BTC-USD,2025-07-24,39.57,5000.0,0.21,69.218,29.121,31.018,31.737
1209,ARKB,ARK 21Shares Bitcoin ETF,ARK / 21Shares,ARKB,ARK 21Shares Bitcoin ETF,BTC-USD,2025-07-25,38.83,5000.0,0.21,69.313,29.121,31.018,32.071
1210,ARKB,ARK 21Shares Bitcoin ETF,ARK / 21Shares,ARKB,ARK 21Shares Bitcoin ETF,BTC-USD,2025-07-28,39.25,5000.0,0.21,71.061,27.276,29.174,31.927
1211,ARKB,ARK 21Shares Bitcoin ETF,ARK / 21Shares,ARKB,ARK 21Shares Bitcoin ETF,BTC-USD,2025-07-29,39.05,5000.0,0.21,71.815,27.931,29.828,31.644
1212,ARKB,ARK 21Shares Bitcoin ETF,ARK / 21Shares,ARKB,ARK 21Shares Bitcoin ETF,BTC-USD,2025-07-30,38.84,5000.0,0.21,72.757,28.798,30.696,31.692
1213,ARKB,ARK 21Shares Bitcoin ETF,ARK / 21Shares,ARKB,ARK 21Shares Bitcoin ETF,BTC-USD,2025-07-31,38.78,5000.0,0.21,72.955,35.042,36.9,31.037
1214,ARKB,ARK 21Shares Bitcoin ETF,ARK / 21Shares,ARKB,ARK 21Shares Bitcoin ETF,BTC-USD,2025-08-01,37.59,5000.0,0.21,77.356,35.042,36.804,31.832
1215,ARKB,ARK 21Shares Bitcoin ETF,ARK / 21Shares,ARKB,ARK 21Shares Bitcoin ETF,BTC-USD,2025-08-04,38.13,5000.0,0.21,77.364,39.721,41.579,31.851
1216,ARKB,ARK 21Shares Bitcoin ETF,ARK / 21Shares,ARKB,ARK 21Shares Bitcoin ETF,BTC-USD,2025-08-05,37.79,5000.0,0.21,78.126,39.721,41.483,30.25
1217,ARKB,ARK 21Shares Bitcoin ETF,ARK / 21Shares,ARKB,ARK 21Shares Bitcoin ETF,BTC-USD,2025-08-06,38.32,5000.0,0.21,78.722,39.721,41.483,30.153
1218,ARKB,ARK 21Shares Bitcoin ETF,ARK / 21Shares,ARKB,ARK 21Shares Bitcoin ETF,BTC-USD,2025-08-07,39.1,5000.0,0.21,79.64,39.721,41.483,30.204
1219,ARKB,ARK 21Shares Bitcoin ETF,ARK / 21Shares,ARKB,ARK 21Shares Bitcoin ETF,BTC-USD,2025-08-08,38.71,5000.0,0.21,79.108,44.824,46.584,29.788
1220,ARKB,ARK 21Shares Bitcoin ETF,ARK / 21Shares,ARKB,ARK 21Shares Bitcoin ETF,BTC-USD,2025-08-11,39.55,5000.0,0.21,76.761,44.824,46.584,29.844
1221,ARKB,ARK 21Shares Bitcoin ETF,ARK / 21Shares,ARKB,ARK 21Shares Bitcoin ETF,BTC-USD,2025-08-12,39.75,5000.0,0.21,78.516,49.701,51.248,29.84
1222,ARKB,ARK 21Shares Bitcoin ETF,ARK / 21Shares,ARKB,ARK 21Shares Bitcoin ETF,BTC-USD,2025-08-13,40.84,5000.0,0.21,78.182,49.701,51.248,30.236
1223,ARKB,ARK 21Shares Bitcoin ETF,ARK / 21Shares,ARKB,ARK 21Shares Bitcoin ETF,BTC-USD,2025-08-14,39.25,5000.0,0.21,80.733,49.701,51.248,31.366
1224,ARKB,ARK 21Shares Bitcoin ETF,ARK / 21Shares,ARKB,ARK 21Shares Bitcoin ETF,BTC-USD,2025-08-15,38.88,5000.0,0.21,82.418,46.395,47.942,31.328
1225,ARKB,ARK 21Shares Bitcoin ETF,ARK / 21Shares,ARKB,ARK 21Shares Bitcoin ETF,BTC-USD,2025-08-18,38.66,5000.0,0.21,80.539,42.096,43.642,31.244
1226,ARKB,ARK 21Shares Bitcoin ETF,ARK / 21Shares,ARKB,ARK 21Shares Bitcoin ETF,BTC-USD,2025-08-19,37.58,5000.0,0.21,81.894,34.936,36.696,31.471
1227,ARKB,ARK 21Shares Bitcoin ETF,ARK / 21Shares,ARKB,ARK 21Shares Bitcoin ETF,BTC-USD,2025-08-20,37.99,5000.0,0.21,81.662,36.725,38.272,31.176
1228,ARKB,ARK 21Shares Bitcoin ETF,ARK / 21Shares,ARKB,ARK 21Shares Bitcoin ETF,BTC-USD,2025-08-21,37.27,5000.0,0.21,82.708,41.043,42.803,31.365
1229,ARKB,ARK 21Shares Bitcoin ETF,ARK / 21Shares,ARKB,ARK 21Shares Bitcoin ETF,BTC-USD,2025-08-22,38.78,5000.0,0.21,87.42,44.962,46.724,31.828
1230,ARKB,ARK 21Shares Bitcoin ETF,ARK / 21Shares,ARKB,ARK 21Shares Bitcoin ETF,BTC-USD,2025-08-25,36.82,5000.0,0.21,88.411,44.962,46.724,33.538
1231,ARKB,ARK 21Shares Bitcoin ETF,ARK / 21Shares,ARKB,ARK 21Shares Bitcoin ETF,BTC-USD,2025-08-26,36.94,5000.0,0.21,90.249,44.962,46.724,33.469
1232,ARKB,ARK 21Shares Bitcoin ETF,ARK / 21Shares,ARKB,ARK 21Shares Bitcoin ETF,BTC-USD,2025-08-27,37.25,5000.0,0.21,90.681,39.88,41.642,33.5
1233,ARKB,ARK 21Shares Bitcoin ETF,ARK / 21Shares,ARKB,ARK 21Shares Bitcoin ETF,BTC-USD,2025-08-28,37.2,5000.0,0.21,90.131,35.362,37.124,33.349
1234,ARKB,ARK 21Shares Bitcoin ETF,ARK / 21Shares,ARKB,ARK 21Shares Bitcoin ETF,BTC-USD,2025-08-29,35.96,5000.0,0.21,93.938,29.118,31.234,34.006
1235,ARKB,ARK 21Shares Bitcoin ETF,ARK / 21Shares,ARKB,ARK 21Shares Bitcoin ETF,BTC-USD,2025-09-02,36.83,5000.0,0.21,90.329,29.118,31.344,33.729
1236,ARKB,ARK 21Shares Bitcoin ETF,ARK / 21Shares,ARKB,ARK 21Shares Bitcoin ETF,BTC-USD,2025-09-03,37.3,5000.0,0.21,91.229,24.44,26.555,33.506
1237,ARKB,ARK 21Shares Bitcoin ETF,ARK / 21Shares,ARKB,ARK 21Shares Bitcoin ETF,BTC-USD,2025-09-04,36.49,5000.0,0.21,91.046,24.44,26.666,32.796
1238,ARKB,ARK 21Shares Bitcoin ETF,ARK / 21Shares,ARKB,ARK 21Shares Bitcoin ETF,BTC-USD,2025-09-05,37.1,5000.0,0.21,92.274,24.44,26.666,32.928
1239,ARKB,ARK 21Shares Bitcoin ETF,ARK / 21Shares,ARKB,ARK 21Shares Bitcoin ETF,BTC-USD,2025-09-08,37.25,5000.0,0.21,92.563,26.393,28.508,32.897
1240,ARKB,ARK 21Shares Bitcoin ETF,ARK / 21Shares,ARKB,ARK 21Shares Bitcoin ETF,BTC-USD,2025-09-09,36.99,5000.0,0.21,93.225,23.901,26.017,32.717
1241,ARKB,ARK 21Shares Bitcoin ETF,ARK / 21Shares,ARKB,ARK 21Shares Bitcoin ETF,BTC-USD,2025-09-10,37.74,5000.0,0.21,95.517,23.901,25.806,32.778
1242,ARKB,ARK 21Shares Bitcoin ETF,ARK / 21Shares,ARKB,ARK 21Shares Bitcoin ETF,BTC-USD,2025-09-11,38.05,5000.0,0.21,93.147,19.763,21.668,32.124
1243,ARKB,ARK 21Shares Bitcoin ETF,ARK / 21Shares,ARKB,ARK 21Shares Bitcoin ETF,BTC-USD,2025-09-12,38.86,5000.0,0.21,89.509,19.763,21.668,31.372
1244,ARKB,ARK 21Shares Bitcoin ETF,ARK / 21Shares,ARKB,ARK 21Shares Bitcoin ETF,BTC-USD,2025-09-15,38.34,5000.0,0.21,85.811,19.763,21.64,31.456
1245,ARKB,ARK 21Shares Bitcoin ETF,ARK / 21Shares,ARKB,ARK 21Shares Bitcoin ETF,BTC-USD,2025-09-16,38.85,5000.0,0.21,84.717,17.332,19.237,31.508
1246,ARKB,ARK 21Shares Bitcoin ETF,ARK / 21Shares,ARKB,ARK 21Shares Bitcoin ETF,BTC-USD,2025-09-17,38.44,5000.0,0.21,87.478,22.572,24.477,31.611
1247,ARKB,ARK 21Shares Bitcoin ETF,ARK / 21Shares,ARKB,ARK 21Shares Bitcoin ETF,BTC-USD,2025-09-18,39.04,5000.0,0.21,85.079,22.572,24.477,31.424
1248,ARKB,ARK 21Shares Bitcoin ETF,ARK / 21Shares,ARKB,ARK 21Shares Bitcoin ETF,BTC-USD,2025-09-19,38.25,5000.0,0.21,84.752,19.533,21.576,31.514
1249,ARKB,ARK 21Shares Bitcoin ETF,ARK / 21Shares,ARKB,ARK 21Shares Bitcoin ETF,BTC-USD,2025-09-22,37.27,5000.0,0.21,84.324,14.463,16.506,31.995
1250,ARKB,ARK 21Shares Bitcoin ETF,ARK / 21Shares,ARKB,ARK 21Shares Bitcoin ETF,BTC-USD,2025-09-23,37.09,5000.0,0.21,79.442,14.403,16.308,31.973
1251,ARKB,ARK 21Shares Bitcoin ETF,ARK / 21Shares,ARKB,ARK 21Shares Bitcoin ETF,BTC-USD,2025-09-24,37.71,5000.0,0.21,76.748,14.403,16.308,32.111
1252,ARKB,ARK 21Shares Bitcoin ETF,ARK / 21Shares,ARKB,ARK 21Shares Bitcoin ETF,BTC-USD,2025-09-25,36.34,5000.0,0.21,79.88,14.403,16.446,32.716
1253,ARKB,ARK 21Shares Bitcoin ETF,ARK / 21Shares,ARKB,ARK 21Shares Bitcoin ETF,BTC-USD,2025-09-26,36.28,5000.0,0.21,79.263,18.79,20.833,31.61
1254,ARKB,ARK 21Shares Bitcoin ETF,ARK / 21Shares,ARKB,ARK 21Shares Bitcoin ETF,BTC-USD,2025-09-29,38.02,5000.0,0.21,82.853,18.79,21.016,33.025
1255,ARKB,ARK 21Shares Bitcoin ETF,ARK / 21Shares,ARKB,ARK 21Shares Bitcoin ETF,BTC-USD,2025-09-30,38.02,5000.0,0.21,78.951,23.649,25.885,32.929
1256,ARKB,ARK 21Shares Bitcoin ETF,ARK / 21Shares,ARKB,ARK 21Shares Bitcoin ETF,BTC-USD,2025-10-01,39.05,5000.0,0.21,79.368,23.649,25.885,33.329
1257,ARKB,ARK 21Shares Bitcoin ETF,ARK / 21Shares,ARKB,ARK 21Shares Bitcoin ETF,BTC-USD,2025-10-02,40.205,5000.0,0.21,80.925,23.649,25.929,33.39
1258,ARKB,ARK 21Shares Bitcoin ETF,ARK / 21Shares,ARKB,ARK 21Shares Bitcoin ETF,BTC-USD,2025-10-03,40.83,5000.0,0.21,85.225,23.649,25.885,33.407
1259,ARKB,ARK 21Shares Bitcoin ETF,ARK / 21Shares,ARKB,ARK 21Shares Bitcoin ETF,BTC-USD,2025-10-06,41.7,5000.0,0.21,86.58,23.649,25.733,32.649
1260,ARKB,ARK 21Shares Bitcoin ETF,ARK / 21Shares,ARKB,ARK 21Shares Bitcoin ETF,BTC-USD,2025-10-07,40.41,5000.0,0.21,91.111,21.696,23.78,33.186
1261,ARKB,ARK 21Shares Bitcoin ETF,ARK / 21Shares,ARKB,ARK 21Shares Bitcoin ETF,BTC-USD,2025-10-08,41.01,5000.0,0.21,90.937,25.383,27.467,32.718
1262,ARKB,ARK 21Shares Bitcoin ETF,ARK / 21Shares,ARKB,ARK 21Shares Bitcoin ETF,BTC-USD,2025-10-09,40.22,5000.0,0.21,92.369,25.849,27.933,32.615
1263,ARKB,ARK 21Shares Bitcoin ETF,ARK / 21Shares,ARKB,ARK 21Shares Bitcoin ETF,BTC-USD,2025-10-10,38.74,5000.0,0.21,101.202,26.063,28.147,33.517
1264,ARKB,ARK 21Shares Bitcoin ETF,ARK / 21Shares,ARKB,ARK 21Shares Bitcoin ETF,BTC-USD,2025-10-13,38.51,5000.0,0.21,107.462,26.063,28.106,33.422
1265,ARKB,ARK 21Shares Bitcoin ETF,ARK / 21Shares,ARKB,ARK 21Shares Bitcoin ETF,BTC-USD,2025-10-14,37.43,5000.0,0.21,110.477,26.063,28.106,33.906
1266,ARKB,ARK 21Shares Bitcoin ETF,ARK / 21Shares,ARKB,ARK 21Shares Bitcoin ETF,BTC-USD,2025-10-15,36.98,5000.0,0.21,112.651,32.275,34.239,33.672
1267,ARKB,ARK 21Shares Bitcoin ETF,ARK / 21Shares,ARKB,ARK 21Shares Bitcoin ETF,BTC-USD,2025-10-16,35.95,5000.0,0.21,117.329,27.036,28.999,34.105
1268,ARKB,ARK 21Shares Bitcoin ETF,ARK / 21Shares,ARKB,ARK 21Shares Bitcoin ETF,BTC-USD,2025-10-17,35.38,5000.0,0.21,127.107,27.036,28.959,34.204
1269,ARKB,ARK 21Shares Bitcoin ETF,ARK / 21Shares,ARKB,ARK 21Shares Bitcoin ETF,BTC-USD,2025-10-20,36.85,5000.0,0.21,130.894,27.036,28.959,35.107
1270,ARKB,ARK 21Shares Bitcoin ETF,ARK / 21Shares,ARKB,ARK 21Shares Bitcoin ETF,BTC-USD,2025-10-21,37.18,5000.0,0.21,138.946,30.095,31.912,35.083
1271,ARKB,ARK 21Shares Bitcoin ETF,ARK / 21Shares,ARKB,ARK 21Shares Bitcoin ETF,BTC-USD,2025-10-22,35.825,5000.0,0.21,143.95,26.237,28.16,35.852
1272,ARKB,ARK 21Shares Bitcoin ETF,ARK / 21Shares,ARKB,ARK 21Shares Bitcoin ETF,BTC-USD,2025-10-23,36.63,5000.0,0.21,148.348,26.237,28.053,36.167
1273,ARKB,ARK 21Shares Bitcoin ETF,ARK / 21Shares,ARKB,ARK 21Shares Bitcoin ETF,BTC-USD,2025-10-24,36.74,5000.0,0.21,145.87,30.339,32.092,36.176
1274,ARKB,ARK 21Shares Bitcoin ETF,ARK / 21Shares,ARKB,ARK 21Shares Bitcoin ETF,BTC-USD,2025-10-27,38.18,5000.0,0.21,147.386,25.951,27.768,36.5
1275,ARKB,ARK 21Shares Bitcoin ETF,ARK / 21Shares,ARKB,ARK 21Shares Bitcoin ETF,BTC-USD,2025-10-28,37.75,5000.0,0.21,145.701,29.083,30.837,36.457
1276,ARKB,ARK 21Shares Bitcoin ETF,ARK / 21Shares,ARKB,ARK 21Shares Bitcoin ETF,BTC-USD,2025-10-29,36.73,5000.0,0.21,153.448,24.224,25.715,36.841
1277,ARKB,ARK 21Shares Bitcoin ETF,ARK / 21Shares,ARKB,ARK 21Shares Bitcoin ETF,BTC-USD,2025-10-30,35.33,5000.0,0.21,156.244,24.224,25.715,37.541
1278,ARKB,ARK 21Shares Bitcoin ETF,ARK / 21Shares,ARKB,ARK 21Shares Bitcoin ETF,BTC-USD,2025-10-31,36.48,5000.0,0.21,158.966,24.224,25.715,37.909
1279,ARKB,ARK 21Shares Bitcoin ETF,ARK / 21Shares,ARKB,ARK 21Shares Bitcoin ETF,BTC-USD,2025-11-03,35.39,5000.0,0.21,157.866,24.224,25.978,38.338
1280,ARKB,ARK 21Shares Bitcoin ETF,ARK / 21Shares,ARKB,ARK 21Shares Bitcoin ETF,BTC-USD,2025-11-04,33.45,5000.0,0.21,166.418,24.224,25.978,39.644
1281,ARKB,ARK 21Shares Bitcoin ETF,ARK / 21Shares,ARKB,ARK 21Shares Bitcoin ETF,BTC-USD,2025-11-05,34.5,5000.0,0.21,162.76,29.977,31.731,40.212
1282,ARKB,ARK 21Shares Bitcoin ETF,ARK / 21Shares,ARKB,ARK 21Shares Bitcoin ETF,BTC-USD,2025-11-06,33.51,5000.0,0.21,166.947,23.678,25.431,40.105
1283,ARKB,ARK 21Shares Bitcoin ETF,ARK / 21Shares,ARKB,ARK 21Shares Bitcoin ETF,BTC-USD,2025-11-07,34.49,5000.0,0.21,166.952,31.281,33.067,39.906
1284,ARKB,ARK 21Shares Bitcoin ETF,ARK / 21Shares,ARKB,ARK 21Shares Bitcoin ETF,BTC-USD,2025-11-10,35.21,5000.0,0.21,161.795,30.328,32.114,40.147
1285,ARKB,ARK 21Shares Bitcoin ETF,ARK / 21Shares,ARKB,ARK 21Shares Bitcoin ETF,BTC-USD,2025-11-11,34.14,5000.0,0.21,156.42,30.328,32.252,40.584
1286,ARKB,ARK 21Shares Bitcoin ETF,ARK / 21Shares,ARKB,ARK 21Shares Bitcoin ETF,BTC-USD,2025-11-12,33.73,5000.0,0.21,156.115,35.651,37.437,40.271
1287,ARKB,ARK 21Shares Bitcoin ETF,ARK / 21Shares,ARKB,ARK 21Shares Bitcoin ETF,BTC-USD,2025-11-13,32.55,5000.0,0.21,163.105,29.439,31.225,40.77
1288,ARKB,ARK 21Shares Bitcoin ETF,ARK / 21Shares,ARKB,ARK 21Shares Bitcoin ETF,BTC-USD,2025-11-14,31.31,5000.0,0.21,164.331,29.439,31.225,41.308
1289,ARKB,ARK 21Shares Bitcoin ETF,ARK / 21Shares,ARKB,ARK 21Shares Bitcoin ETF,BTC-USD,2025-11-17,30.49,5000.0,0.21,174.856,29.439,31.225,40.614
1290,ARKB,ARK 21Shares Bitcoin ETF,ARK / 21Shares,ARKB,ARK 21Shares Bitcoin ETF,BTC-USD,2025-11-18,30.82,5000.0,0.21,180.5,36.951,38.705,39.474
1291,ARKB,ARK 21Shares Bitcoin ETF,ARK / 21Shares,ARKB,ARK 21Shares Bitcoin ETF,BTC-USD,2025-11-19,29.7,5000.0,0.21,178.674,33.891,35.678,40.062
1292,ARKB,ARK 21Shares Bitcoin ETF,ARK / 21Shares,ARKB,ARK 21Shares Bitcoin ETF,BTC-USD,2025-11-20,28.67,5000.0,0.21,183.998,39.534,41.287,40.5
1293,ARKB,ARK 21Shares Bitcoin ETF,ARK / 21Shares,ARKB,ARK 21Shares Bitcoin ETF,BTC-USD,2025-11-21,28.06,5000.0,0.21,194.12,39.534,41.164,40.646
1294,ARKB,ARK 21Shares Bitcoin ETF,ARK / 21Shares,ARKB,ARK 21Shares Bitcoin ETF,BTC-USD,2025-11-24,29.59,5000.0,0.21,194.801,35.432,37.218,41.868
1295,ARKB,ARK 21Shares Bitcoin ETF,ARK / 21Shares,ARKB,ARK 21Shares Bitcoin ETF,BTC-USD,2025-11-25,29.01,5000.0,0.21,198.595,41.519,43.15,41.615
1296,ARKB,ARK 21Shares Bitcoin ETF,ARK / 21Shares,ARKB,ARK 21Shares Bitcoin ETF,BTC-USD,2025-11-26,29.86,5000.0,0.21,199.073,38.387,40.173,42.022
1297,ARKB,ARK 21Shares Bitcoin ETF,ARK / 21Shares,ARKB,ARK 21Shares Bitcoin ETF,BTC-USD,2025-11-28,30.14,5000.0,0.21,194.429,38.387,40.173,41.931
1298,ARKB,ARK 21Shares Bitcoin ETF,ARK / 21Shares,ARKB,ARK 21Shares Bitcoin ETF,BTC-USD,2025-12-01,28.39,5000.0,0.21,197.326,38.387,40.173,43.294
1299,ARKB,ARK 21Shares Bitcoin ETF,ARK / 21Shares,ARKB,ARK 21Shares Bitcoin ETF,BTC-USD,2025-12-02,30.26,5000.0,0.21,196.82,38.387,40.173,45.472
1300,ARKB,ARK 21Shares Bitcoin ETF,ARK / 21Shares,ARKB,ARK 21Shares Bitcoin ETF,BTC-USD,2025-12-03,30.89,5000.0,0.21,198.707,38.387,40.018,45.731
1301,ARKB,ARK 21Shares Bitcoin ETF,ARK / 21Shares,ARKB,ARK 21Shares Bitcoin ETF,BTC-USD,2025-12-04,30.73,5000.0,0.21,191.509,41.095,42.538,45.479
1302,ARKB,ARK 21Shares Bitcoin ETF,ARK / 21Shares,ARKB,ARK 21Shares Bitcoin ETF,BTC-USD,2025-12-05,29.68,5000.0,0.21,195.459,35.342,36.785,45.861
1303,ARKB,ARK 21Shares Bitcoin ETF,ARK / 21Shares,ARKB,ARK 21Shares Bitcoin ETF,BTC-USD,2025-12-08,30.15,5000.0,0.21,192.779,39.906,41.349,45.748
1304,ARKB,ARK 21Shares Bitcoin ETF,ARK / 21Shares,ARKB,ARK 21Shares Bitcoin ETF,BTC-USD,2025-12-09,30.92,5000.0,0.21,191.188,32.794,34.237,46.1
1305,ARKB,ARK 21Shares Bitcoin ETF,ARK / 21Shares,ARKB,ARK 21Shares Bitcoin ETF,BTC-USD,2025-12-10,30.72,5000.0,0.21,188.32,43.401,44.785,45.97
1306,ARKB,ARK 21Shares Bitcoin ETF,ARK / 21Shares,ARKB,ARK 21Shares Bitcoin ETF,BTC-USD,2025-12-11,30.47,5000.0,0.21,191.234,43.401,44.753,45.958
1307,ARKB,ARK 21Shares Bitcoin ETF,ARK / 21Shares,ARKB,ARK 21Shares Bitcoin ETF,BTC-USD,2025-12-12,29.95,5000.0,0.21,187.599,46.912,48.297,45.858
1308,ARKB,ARK 21Shares Bitcoin ETF,ARK / 21Shares,ARKB,ARK 21Shares Bitcoin ETF,BTC-USD,2025-12-15,28.48,5000.0,0.21,185.32,46.912,48.384,46.705
1309,ARKB,ARK 21Shares Bitcoin ETF,ARK / 21Shares,ARKB,ARK 21Shares Bitcoin ETF,BTC-USD,2025-12-16,29.06,5000.0,0.21,182.13,49.202,50.554,46.774
1310,ARKB,ARK 21Shares Bitcoin ETF,ARK / 21Shares,ARKB,ARK 21Shares Bitcoin ETF,BTC-USD,2025-12-17,28.51,5000.0,0.21,168.734,51.354,52.706,46.874
1311,ARKB,ARK 21Shares Bitcoin ETF,ARK / 21Shares,ARKB,ARK 21Shares Bitcoin ETF,BTC-USD,2025-12-18,28.09,5000.0,0.21,165.153,58.561,59.913,46.716
1312,ARKB,ARK 21Shares Bitcoin ETF,ARK / 21Shares,ARKB,ARK 21Shares Bitcoin ETF,BTC-USD,2025-12-19,29.21,5000.0,0.21,160.104,65.872,67.224,47.085
1313,ARKB,ARK 21Shares Bitcoin ETF,ARK / 21Shares,ARKB,ARK 21Shares Bitcoin ETF,BTC-USD,2025-12-22,29.31,5000.0,0.21,151.976,60.449,61.693,47.106
1314,ARKB,ARK 21Shares Bitcoin ETF,ARK / 21Shares,ARKB,ARK 21Shares Bitcoin ETF,BTC-USD,2025-12-23,29.1,5000.0,0.21,140.181,60.449,61.693,45.923
1315,ARKB,ARK 21Shares Bitcoin ETF,ARK / 21Shares,ARKB,ARK 21Shares Bitcoin ETF,BTC-USD,2025-12-24,28.97,5000.0,0.21,136.749,63.327,64.504,45.914
1316,ARKB,ARK 21Shares Bitcoin ETF,ARK / 21Shares,ARKB,ARK 21Shares Bitcoin ETF,BTC-USD,2025-12-26,29.05,5000.0,0.21,131.651,58.394,59.571,45.477
1317,ARKB,ARK 21Shares Bitcoin ETF,ARK / 21Shares,ARKB,ARK 21Shares Bitcoin ETF,BTC-USD,2025-12-29,28.91,5000.0,0.21,128.866,62.005,62.963,44.919
1318,ARKB,ARK 21Shares Bitcoin ETF,ARK / 21Shares,ARKB,ARK 21Shares Bitcoin ETF,BTC-USD,2025-12-30,29.17,5000.0,0.21,129.454,62.005,62.963,44.81
1319,ARKB,ARK 21Shares Bitcoin ETF,ARK / 21Shares,ARKB,ARK 21Shares Bitcoin ETF,BTC-USD,2025-12-31,29.04,5000.0,0.21,122.279,63.983,64.912,44.465
1320,ARKB,ARK 21Shares Bitcoin ETF,ARK / 21Shares,ARKB,ARK 21Shares Bitcoin ETF,BTC-USD,2026-01-02,29.79,5000.0,0.21,129.747,63.983,64.823,44.606
1321,ARKB,ARK 21Shares Bitcoin ETF,ARK / 21Shares,ARKB,ARK 21Shares Bitcoin ETF,BTC-USD,2026-01-05,31.29,5000.0,0.21,133.186,63.983,64.823,45.8
1322,ARKB,ARK 21Shares Bitcoin ETF,ARK / 21Shares,ARKB,ARK 21Shares Bitcoin ETF,BTC-USD,2026-01-06,30.71,5000.0,0.21,134.645,66.15,67.079,45.79
1323,ARKB,ARK 21Shares Bitcoin ETF,ARK / 21Shares,ARKB,ARK 21Shares Bitcoin ETF,BTC-USD,2026-01-07,30.185,5000.0,0.21,131.078,66.15,67.079,45.352
1324,ARKB,ARK 21Shares Bitcoin ETF,ARK / 21Shares,ARKB,ARK 21Shares Bitcoin ETF,BTC-USD,2026-01-08,30.18,5000.0,0.21,129.315,61.586,62.426,45.358
1325,ARKB,ARK 21Shares Bitcoin ETF,ARK / 21Shares,ARKB,ARK 21Shares Bitcoin ETF,BTC-USD,2026-01-09,29.95,5000.0,0.21,127.985,65.028,65.868,45.08
1326,ARKB,ARK 21Shares Bitcoin ETF,ARK / 21Shares,ARKB,ARK 21Shares Bitcoin ETF,BTC-USD,2026-01-12,30.36,5000.0,0.21,128.313,61.653,62.581,45.183
1327,ARKB,ARK 21Shares Bitcoin ETF,ARK / 21Shares,ARKB,ARK 21Shares Bitcoin ETF,BTC-USD,2026-01-13,31.35,5000.0,0.21,128.531,61.653,62.61,45.451
1328,ARKB,ARK 21Shares Bitcoin ETF,ARK / 21Shares,ARKB,ARK 21Shares Bitcoin ETF,BTC-USD,2026-01-14,32.46,5000.0,0.21,132.153,52.818,53.775,45.985
1329,ARKB,ARK 21Shares Bitcoin ETF,ARK / 21Shares,ARKB,ARK 21Shares Bitcoin ETF,BTC-USD,2026-01-15,31.63,5000.0,0.21,127.454,57.409,58.367,45.4
1330,ARKB,ARK 21Shares Bitcoin ETF,ARK / 21Shares,ARKB,ARK 21Shares Bitcoin ETF,BTC-USD,2026-01-16,31.71,5000.0,0.21,124.954,55.119,56.048,45.35
1331,ARKB,ARK 21Shares Bitcoin ETF,ARK / 21Shares,ARKB,ARK 21Shares Bitcoin ETF,BTC-USD,2026-01-20,29.73,5000.0,0.21,122.069,52.967,53.896,46.568
1332,ARKB,ARK 21Shares Bitcoin ETF,ARK / 21Shares,ARKB,ARK 21Shares Bitcoin ETF,BTC-USD,2026-01-21,29.91,5000.0,0.21,122.866,38.248,39.176,46.31
1333,ARKB,ARK 21Shares Bitcoin ETF,ARK / 21Shares,ARKB,ARK 21Shares Bitcoin ETF,BTC-USD,2026-01-22,29.66,5000.0,0.21,122.502,35.017,35.926,46.302
1334,ARKB,ARK 21Shares Bitcoin ETF,ARK / 21Shares,ARKB,ARK 21Shares Bitcoin ETF,BTC-USD,2026-01-23,29.69,5000.0,0.21,124.514,38.839,39.749,45.479
1335,ARKB,ARK 21Shares Bitcoin ETF,ARK / 21Shares,ARKB,ARK 21Shares Bitcoin ETF,BTC-USD,2026-01-26,29.05,5000.0,0.21,124.387,38.839,39.767,45.6
1336,ARKB,ARK 21Shares Bitcoin ETF,ARK / 21Shares,ARKB,ARK 21Shares Bitcoin ETF,BTC-USD,2026-01-27,29.64,5000.0,0.21,127.069,42.08,43.111,45.614
1337,ARKB,ARK 21Shares Bitcoin ETF,ARK / 21Shares,ARKB,ARK 21Shares Bitcoin ETF,BTC-USD,2026-01-28,29.54,5000.0,0.21,132.396,40.925,41.956,45.017
1338,ARKB,ARK 21Shares Bitcoin ETF,ARK / 21Shares,ARKB,ARK 21Shares Bitcoin ETF,BTC-USD,2026-01-29,27.91,5000.0,0.21,142.331,37.314,38.481,45.74
1339,ARKB,ARK 21Shares Bitcoin ETF,ARK / 21Shares,ARKB,ARK 21Shares Bitcoin ETF,BTC-USD,2026-01-30,27.8,5000.0,0.21,148.815,37.314,38.481,45.421
1340,ARKB,ARK 21Shares Bitcoin ETF,ARK / 21Shares,ARKB,ARK 21Shares Bitcoin ETF,BTC-USD,2026-02-02,25.87,5000.0,0.21,166.624,35.336,36.85,46.291
1341,ARKB,ARK 21Shares Bitcoin ETF,ARK / 21Shares,ARKB,ARK 21Shares Bitcoin ETF,BTC-USD,2026-02-03,25.36,5000.0,0.21,178.18,35.336,36.85,45.81
1342,ARKB,ARK 21Shares Bitcoin ETF,ARK / 21Shares,ARKB,ARK 21Shares Bitcoin ETF,BTC-USD,2026-02-04,24.35,5000.0,0.21,183.619,39.206,40.374,46.128
1343,ARKB,ARK 21Shares Bitcoin ETF,ARK / 21Shares,ARKB,ARK 21Shares Bitcoin ETF,BTC-USD,2026-02-05,21.14,5000.0,0.21,191.985,34.332,35.845,53.365
1344,ARKB,ARK 21Shares Bitcoin ETF,ARK / 21Shares,ARKB,ARK 21Shares Bitcoin ETF,BTC-USD,2026-02-06,23.24,5000.0,0.21,193.903,40.058,41.572,57.1
1345,ARKB,ARK 21Shares Bitcoin ETF,ARK / 21Shares,ARKB,ARK 21Shares Bitcoin ETF,BTC-USD,2026-02-09,23.49,5000.0,0.21,196.759,52.396,53.91,56.991
1346,ARKB,ARK 21Shares Bitcoin ETF,ARK / 21Shares,ARKB,ARK 21Shares Bitcoin ETF,BTC-USD,2026-02-10,22.82,5000.0,0.21,197.282,50.584,52.173,57.17
1347,ARKB,ARK 21Shares Bitcoin ETF,ARK / 21Shares,ARKB,ARK 21Shares Bitcoin ETF,BTC-USD,2026-02-11,22.42,5000.0,0.21,201.21,43.353,44.942,56.897
1348,ARKB,ARK 21Shares Bitcoin ETF,ARK / 21Shares,ARKB,ARK 21Shares Bitcoin ETF,BTC-USD,2026-02-12,21.68,5000.0,0.21,200.099,58.053,59.642,56.778
1349,ARKB,ARK 21Shares Bitcoin ETF,ARK / 21Shares,ARKB,ARK 21Shares Bitcoin ETF,BTC-USD,2026-02-13,22.82,5000.0,0.21,200.991,58.053,59.642,57.812
1350,ARKB,ARK 21Shares Bitcoin ETF,ARK / 21Shares,ARKB,ARK 21Shares Bitcoin ETF,BTC-USD,2026-02-17,22.48,5000.0,0.21,202.202,57.269,58.423,57.756
1351,ARKB,ARK 21Shares Bitcoin ETF,ARK / 21Shares,ARKB,ARK 21Shares Bitcoin ETF,BTC-USD,2026-02-18,21.98,5000.0,0.21,201.03,65.806,67.396,57.491
1352,ARKB,ARK 21Shares Bitcoin ETF,ARK / 21Shares,ARKB,ARK 21Shares Bitcoin ETF,BTC-USD,2026-02-19,22.29,5000.0,0.21,199.611,70.179,71.461,57.27
1353,ARKB,ARK 21Shares Bitcoin ETF,ARK / 21Shares,ARKB,ARK 21Shares Bitcoin ETF,BTC-USD,2026-02-20,22.48,5000.0,0.21,196.335,70.179,71.461,57.212
1354,ARKB,ARK 21Shares Bitcoin ETF,ARK / 21Shares,ARKB,ARK 21Shares Bitcoin ETF,BTC-USD,2026-02-23,21.385,5000.0,0.21,196.93,66.099,67.689,56.739
1355,ARKB,ARK 21Shares Bitcoin ETF,ARK / 21Shares,ARKB,ARK 21Shares Bitcoin ETF,BTC-USD,2026-02-24,21.41,5000.0,0.21,195.39,62.058,63.647,56.675
1356,ARKB,ARK 21Shares Bitcoin ETF,ARK / 21Shares,ARKB,ARK 21Shares Bitcoin ETF,BTC-USD,2026-02-25,22.98,5000.0,0.21,197.285,62.058,63.647,58.371
1357,ARKB,ARK 21Shares Bitcoin ETF,ARK / 21Shares,ARKB,ARK 21Shares Bitcoin ETF,BTC-USD,2026-02-26,22.38,5000.0,0.21,198.693,63.244,64.833,58.473
1358,ARKB,ARK 21Shares Bitcoin ETF,ARK / 21Shares,ARKB,ARK 21Shares Bitcoin ETF,BTC-USD,2026-02-27,21.78,5000.0,0.21,192.985,63.244,65.113,57.54
1359,ARKB,ARK 21Shares Bitcoin ETF,ARK / 21Shares,ARKB,ARK 21Shares Bitcoin ETF,BTC-USD,2026-03-02,22.96,5000.0,0.21,197.335,63.244,64.833,57.024
1360,ARKB,ARK 21Shares Bitcoin ETF,ARK / 21Shares,ARKB,ARK 21Shares Bitcoin ETF,BTC-USD,2026-03-03,22.65,5000.0,0.21,195.19,77.02,78.61,56.808
1361,ARKB,ARK 21Shares Bitcoin ETF,ARK / 21Shares,ARKB,ARK 21Shares Bitcoin ETF,BTC-USD,2026-03-04,24.26,5000.0,0.21,186.828,77.02,78.889,58.789
1362,ARKB,ARK 21Shares Bitcoin ETF,ARK / 21Shares,ARKB,ARK 21Shares Bitcoin ETF,BTC-USD,2026-03-05,23.64,5000.0,0.21,168.695,78.138,80.006,58.618
1363,ARKB,ARK 21Shares Bitcoin ETF,ARK / 21Shares,ARKB,ARK 21Shares Bitcoin ETF,BTC-USD,2026-03-06,22.6,5000.0,0.21,156.604,74.268,76.658,59.074
1364,ARKB,ARK 21Shares Bitcoin ETF,ARK / 21Shares,ARKB,ARK 21Shares Bitcoin ETF,BTC-USD,2026-03-09,22.93,5000.0,0.21,147.693,75.19,77.059,58.882
1365,ARKB,ARK 21Shares Bitcoin ETF,ARK / 21Shares,ARKB,ARK 21Shares Bitcoin ETF,BTC-USD,2026-03-10,23.255,5000.0,0.21,147.077,69.464,71.029,59.01
1366,ARKB,ARK 21Shares Bitcoin ETF,ARK / 21Shares,ARKB,ARK 21Shares Bitcoin ETF,BTC-USD,2026-03-11,23.46,5000.0,0.21,145.802,65.106,66.671,59.069
1367,ARKB,ARK 21Shares Bitcoin ETF,ARK / 21Shares,ARKB,ARK 21Shares Bitcoin ETF,BTC-USD,2026-03-12,23.39,5000.0,0.21,146.151,64.717,66.215,59.009
1368,ARKB,ARK 21Shares Bitcoin ETF,ARK / 21Shares,ARKB,ARK 21Shares Bitcoin ETF,BTC-USD,2026-03-13,23.62,5000.0,0.21,147.167,64.717,66.215,58.28
1369,ARKB,ARK 21Shares Bitcoin ETF,ARK / 21Shares,ARKB,ARK 21Shares Bitcoin ETF,BTC-USD,2026-03-16,24.55,5000.0,0.21,148.024,50.017,51.516,58.716
1370,ARKB,ARK 21Shares Bitcoin ETF,ARK / 21Shares,ARKB,ARK 21Shares Bitcoin ETF,BTC-USD,2026-03-17,24.75,5000.0,0.21,144.974,53.821,55.103,58.658
1371,ARKB,ARK 21Shares Bitcoin ETF,ARK / 21Shares,ARKB,ARK 21Shares Bitcoin ETF,BTC-USD,2026-03-18,23.59,5000.0,0.21,143.381,50.014,51.513,59.349
1372,ARKB,ARK 21Shares Bitcoin ETF,ARK / 21Shares,ARKB,ARK 21Shares Bitcoin ETF,BTC-USD,2026-03-19,23.31,5000.0,0.21,144.625,41.476,42.758,58.724
1373,ARKB,ARK 21Shares Bitcoin ETF,ARK / 21Shares,ARKB,ARK 21Shares Bitcoin ETF,BTC-USD,2026-03-20,23.28,5000.0,0.21,143.576,42.676,43.746,58.708
1374,ARKB,ARK 21Shares Bitcoin ETF,ARK / 21Shares,ARKB,ARK 21Shares Bitcoin ETF,BTC-USD,2026-03-23,23.45,5000.0,0.21,144.004,42.676,43.746,58.747
1375,ARKB,ARK 21Shares Bitcoin ETF,ARK / 21Shares,ARKB,ARK 21Shares Bitcoin ETF,BTC-USD,2026-03-24,23.01,5000.0,0.21,144.268,42.676,43.746,58.831
1376,ARKB,ARK 21Shares Bitcoin ETF,ARK / 21Shares,ARKB,ARK 21Shares Bitcoin ETF,BTC-USD,2026-03-25,23.52,5000.0,0.21,142.43,42.676,44.175,59.054
1377,ARKB,ARK 21Shares Bitcoin ETF,ARK / 21Shares,ARKB,ARK 21Shares Bitcoin ETF,BTC-USD,2026-03-26,22.73,5000.0,0.21,143.01,42.676,44.175,59.387
1378,ARKB,ARK 21Shares Bitcoin ETF,ARK / 21Shares,ARKB,ARK 21Shares Bitcoin ETF,BTC-USD,2026-03-27,21.9,5000.0,0.21,139.73,35.371,36.87,59.709
1379,ARKB,ARK 21Shares Bitcoin ETF,ARK / 21Shares,ARKB,ARK 21Shares Bitcoin ETF,BTC-USD,2026-03-30,22.06,5000.0,0.21,140.847,35.371,36.441,59.76
1380,ARKB,ARK 21Shares Bitcoin ETF,ARK / 21Shares,ARKB,ARK 21Shares Bitcoin ETF,BTC-USD,2026-03-31,22.49,5000.0,0.21,130.857,43.342,44.412,59.64
1381,ARKB,ARK 21Shares Bitcoin ETF,ARK / 21Shares,ARKB,ARK 21Shares Bitcoin ETF,BTC-USD,2026-04-01,22.62,5000.0,0.21,123.935,29.566,30.636,58.622
1382,ARKB,ARK 21Shares Bitcoin ETF,ARK / 21Shares,ARKB,ARK 21Shares Bitcoin ETF,BTC-USD,2026-04-02,22.24,5000.0,0.21,115.259,29.566,30.636,58.606
1383,ARKB,ARK 21Shares Bitcoin ETF,ARK / 21Shares,ARKB,ARK 21Shares Bitcoin ETF,BTC-USD,2026-04-06,23.15,5000.0,0.21,110.797,28.449,29.519,59.285
1384,ARKB,ARK 21Shares Bitcoin ETF,ARK / 21Shares,ARKB,ARK 21Shares Bitcoin ETF,BTC-USD,2026-04-07,22.9,5000.0,0.21,109.581,28.449,29.519,59.293
1385,ARKB,ARK 21Shares Bitcoin ETF,ARK / 21Shares,ARKB,ARK 21Shares Bitcoin ETF,BTC-USD,2026-04-08,23.69,5000.0,0.21,105.405,27.526,28.883,59.811
1386,ARKB,ARK 21Shares Bitcoin ETF,ARK / 21Shares,ARKB,ARK 21Shares Bitcoin ETF,BTC-USD,2026-04-09,23.95,5000.0,0.21,103.611,39.532,40.889,59.78
1387,ARKB,ARK 21Shares Bitcoin ETF,ARK / 21Shares,ARKB,ARK 21Shares Bitcoin ETF,BTC-USD,2026-04-10,24.31,5000.0,0.21,101.857,31.551,33.047,59.441
1388,ARKB,ARK 21Shares Bitcoin ETF,ARK / 21Shares,ARKB,ARK 21Shares Bitcoin ETF,BTC-USD,2026-04-13,24.35,5000.0,0.21,100.352,34.85,36.346,58.896
1389,ARKB,ARK 21Shares Bitcoin ETF,ARK / 21Shares,ARKB,ARK 21Shares Bitcoin ETF,BTC-USD,2026-04-14,24.66,5000.0,0.21,95.184,34.85,36.346,58.836
1390,ARKB,ARK 21Shares Bitcoin ETF,ARK / 21Shares,ARKB,ARK 21Shares Bitcoin ETF,BTC-USD,2026-04-15,24.91,5000.0,0.21,90.507,39.561,41.057,58.893
1391,ARKB,ARK 21Shares Bitcoin ETF,ARK / 21Shares,ARKB,ARK 21Shares Bitcoin ETF,BTC-USD,2026-04-16,25.02,5000.0,0.21,91.311,44.684,46.18,57.55
1392,ARKB,ARK 21Shares Bitcoin ETF,ARK / 21Shares,ARKB,ARK 21Shares Bitcoin ETF,BTC-USD,2026-04-17,25.72,5000.0,0.21,91.033,44.684,46.18,57.861
1393,ARKB,ARK 21Shares Bitcoin ETF,ARK / 21Shares,ARKB,ARK 21Shares Bitcoin ETF,BTC-USD,2026-04-20,25.32,5000.0,0.21,86.788,44.684,46.401,57.912
1394,ARKB,ARK 21Shares Bitcoin ETF,ARK / 21Shares,ARKB,ARK 21Shares Bitcoin ETF,BTC-USD,2026-04-21,24.89,5000.0,0.21,85.041,48.927,50.712,57.982
1395,ARKB,ARK 21Shares Bitcoin ETF,ARK / 21Shares,ARKB,ARK 21Shares Bitcoin ETF,BTC-USD,2026-04-22,26.17,5000.0,0.21,80.435,48.927,51.184,58.851
1396,ARKB,ARK 21Shares Bitcoin ETF,ARK / 21Shares,ARKB,ARK 21Shares Bitcoin ETF,BTC-USD,2026-04-23,25.795,5000.0,0.21,77.558,48.927,51.351,58.729
1397,ARKB,ARK 21Shares Bitcoin ETF,ARK / 21Shares,ARKB,ARK 21Shares Bitcoin ETF,BTC-USD,2026-04-24,25.77,5000.0,0.21,76.548,52.688,54.945,58.729
1398,ARKB,ARK 21Shares Bitcoin ETF,ARK / 21Shares,ARKB,ARK 21Shares Bitcoin ETF,BTC-USD,2026-04-27,25.52,5000.0,0.21,71.701,55.496,57.754,57.647
1399,ARKB,ARK 21Shares Bitcoin ETF,ARK / 21Shares,ARKB,ARK 21Shares Bitcoin ETF,BTC-USD,2026-04-28,25.325,5000.0,0.21,69.411,55.496,57.754,57.659
1400,ARKB,ARK 21Shares Bitcoin ETF,ARK / 21Shares,ARKB,ARK 21Shares Bitcoin ETF,BTC-USD,2026-04-29,25.04,5000.0,0.21,67.762,57.578,59.836,55.806
1401,ARKB,ARK 21Shares Bitcoin ETF,ARK / 21Shares,ARKB,ARK 21Shares Bitcoin ETF,BTC-USD,2026-04-30,25.35,5000.0,0.21,62.263,50.945,53.436,55.719
1402,ARKB,ARK 21Shares Bitcoin ETF,ARK / 21Shares,ARKB,ARK 21Shares Bitcoin ETF,BTC-USD,2026-05-01,26.02,5000.0,0.21,60.307,50.945,53.797,55.317
1403,ARKB,ARK 21Shares Bitcoin ETF,ARK / 21Shares,ARKB,ARK 21Shares Bitcoin ETF,BTC-USD,2026-05-04,26.57,5000.0,0.21,58.299,50.945,53.838,46.808
1404,ARKB,ARK 21Shares Bitcoin ETF,ARK / 21Shares,ARKB,ARK 21Shares Bitcoin ETF,BTC-USD,2026-05-05,27.1,5000.0,0.21,56.879,50.945,53.838,42.953
1405,ARKB,ARK 21Shares Bitcoin ETF,ARK / 21Shares,ARKB,ARK 21Shares Bitcoin ETF,BTC-USD,2026-05-06,27.03,5000.0,0.21,55.35,52.245,55.138,42.932
1406,ARKB,ARK 21Shares Bitcoin ETF,ARK / 21Shares,ARKB,ARK 21Shares Bitcoin ETF,BTC-USD,2026-05-07,26.58,5000.0,0.21,54.246,52.245,55.138,42.625
1407,ARKB,ARK 21Shares Bitcoin ETF,ARK / 21Shares,ARKB,ARK 21Shares Bitcoin ETF,BTC-USD,2026-05-08,26.6,5000.0,0.21,50.976,44.078,46.971,42.418
1408,ARKB,ARK 21Shares Bitcoin ETF,ARK / 21Shares,ARKB,ARK 21Shares Bitcoin ETF,BTC-USD,2026-05-11,27.19,5000.0,0.21,49.933,44.078,47.196,41.905
1409,ARKB,ARK 21Shares Bitcoin ETF,ARK / 21Shares,ARKB,ARK 21Shares Bitcoin ETF,BTC-USD,2026-05-12,26.8,5000.0,0.21,48.805,38.582,41.71,40.877
1410,ARKB,ARK 21Shares Bitcoin ETF,ARK / 21Shares,ARKB,ARK 21Shares Bitcoin ETF,BTC-USD,2026-05-13,26.38,5000.0,0.21,47.272,38.582,41.71,40.891
1411,ARKB,ARK 21Shares Bitcoin ETF,ARK / 21Shares,ARKB,ARK 21Shares Bitcoin ETF,BTC-USD,2026-05-14,26.99,5000.0,0.21,49.874,33.871,36.99,40.756
1412,ARKB,ARK 21Shares Bitcoin ETF,ARK / 21Shares,ARKB,ARK 21Shares Bitcoin ETF,BTC-USD,2026-05-15,26.25,5000.0,0.21,48.597,24.943,28.179,41.19
1413,ARKB,ARK 21Shares Bitcoin ETF,ARK / 21Shares,ARKB,ARK 21Shares Bitcoin ETF,BTC-USD,2026-05-18,25.48,5000.0,0.21,47.213,24.943,28.334,41.705
1414,ARKB,ARK 21Shares Bitcoin ETF,ARK / 21Shares,ARKB,ARK 21Shares Bitcoin ETF,BTC-USD,2026-05-19,25.47,5000.0,0.21,46.942,29.479,32.714,40.277
1415,ARKB,ARK 21Shares Bitcoin ETF,ARK / 21Shares,ARKB,ARK 21Shares Bitcoin ETF,BTC-USD,2026-05-20,25.75,5000.0,0.21,45.671,19.664,22.899,40.308
1416,ARKB,ARK 21Shares Bitcoin ETF,ARK / 21Shares,ARKB,ARK 21Shares Bitcoin ETF,BTC-USD,2026-05-21,25.76,5000.0,0.21,44.525,24.422,27.541,37.76
1417,ARKB,ARK 21Shares Bitcoin ETF,ARK / 21Shares,ARKB,ARK 21Shares Bitcoin ETF,BTC-USD,2026-05-22,25.135,5000.0,0.21,43.744,24.422,27.657,37.701
1418,ARKB,ARK 21Shares Bitcoin ETF,ARK / 21Shares,ARKB,ARK 21Shares Bitcoin ETF,BTC-USD,2026-05-26,25.17,5000.0,0.21,45.466,27.606,30.841,37.211
1419,ARKB,ARK 21Shares Bitcoin ETF,ARK / 21Shares,ARKB,ARK 21Shares Bitcoin ETF,BTC-USD,2026-05-27,24.84,5000.0,0.21,45.28,24.797,28.546,35.828
1420,ARKB,ARK 21Shares Bitcoin ETF,ARK / 21Shares,ARKB,ARK 21Shares Bitcoin ETF,BTC-USD,2026-05-28,24.31,5000.0,0.21,46.792,24.797,28.625,36.007
1421,ARKB,ARK 21Shares Bitcoin ETF,ARK / 21Shares,ARKB,ARK 21Shares Bitcoin ETF,BTC-USD,2026-05-29,24.35,5000.0,0.21,46.426,28.07,31.898,33.147
1422,ARKB,ARK 21Shares Bitcoin ETF,ARK / 21Shares,ARKB,ARK 21Shares Bitcoin ETF,BTC-USD,2026-06-01,23.71,5000.0,0.21,47.655,26.733,30.56,33.173
1423,ARKB,ARK 21Shares Bitcoin ETF,ARK / 21Shares,ARKB,ARK 21Shares Bitcoin ETF,BTC-USD,2026-06-02,22.29,5000.0,0.21,48.618,26.733,30.56,34.304
1424,ARKB,ARK 21Shares Bitcoin ETF,ARK / 21Shares,ARKB,ARK 21Shares Bitcoin ETF,BTC-USD,2026-06-03,21.68,5000.0,0.21,48.842,26.733,30.56,34.62
1425,ARKB,ARK 21Shares Bitcoin ETF,ARK / 21Shares,ARKB,ARK 21Shares Bitcoin ETF,BTC-USD,2026-06-04,21.08,5000.0,0.21,49.272,26.733,30.56,34.916
1426,ARKB,ARK 21Shares Bitcoin ETF,ARK / 21Shares,ARKB,ARK 21Shares Bitcoin ETF,BTC-USD,2026-06-05,20.0,5000.0,0.21,51.602,25.432,29.316,36.369
1427,ARKB,ARK 21Shares Bitcoin ETF,ARK / 21Shares,ARKB,ARK 21Shares Bitcoin ETF,BTC-USD,2026-06-08,21.02,5000.0,0.21,51.599,25.432,29.316,37.921
1428,ARKB,ARK 21Shares Bitcoin ETF,ARK / 21Shares,ARKB,ARK 21Shares Bitcoin ETF,BTC-USD,2026-06-09,20.58,5000.0,0.21,52.68,21.594,25.993,38.048
1429,ARKB,ARK 21Shares Bitcoin ETF,ARK / 21Shares,ARKB,ARK 21Shares Bitcoin ETF,BTC-USD,2026-06-10,20.52,5000.0,0.21,53.173,24.15,28.034,37.08
1430,ARKB,ARK 21Shares Bitcoin ETF,ARK / 21Shares,ARKB,ARK 21Shares Bitcoin ETF,BTC-USD,2026-06-11,21.08,5000.0,0.21,53.59,24.15,28.55,37.518
1431,ARKB,ARK 21Shares Bitcoin ETF,ARK / 21Shares,ARKB,ARK 21Shares Bitcoin ETF,BTC-USD,2026-06-12,21.08,5000.0,0.21,52.721,24.241,28.658,36.312
1432,ARKB,ARK 21Shares Bitcoin ETF,ARK / 21Shares,ARKB,ARK 21Shares Bitcoin ETF,BTC-USD,2026-06-15,22.09,5000.0,0.21,49.82,24.241,28.828,37.589
1433,ARKB,ARK 21Shares Bitcoin ETF,ARK / 21Shares,ARKB,ARK 21Shares Bitcoin ETF,BTC-USD,2026-06-16,21.77,5000.0,0.21,46.517,24.241,29.071,37.694
1434,ARKB,ARK 21Shares Bitcoin ETF,ARK / 21Shares,ARKB,ARK 21Shares Bitcoin ETF,BTC-USD,2026-06-17,21.3,5000.0,0.21,44.881,27.153,32.222,37.888
1435,ARKB,ARK 21Shares Bitcoin ETF,ARK / 21Shares,ARKB,ARK 21Shares Bitcoin ETF,BTC-USD,2026-06-18,20.88,5000.0,0.21,46.397,22.618,27.686,37.908
1436,ARKB,ARK 21Shares Bitcoin ETF,ARK / 21Shares,ARKB,ARK 21Shares Bitcoin ETF,BTC-USD,2026-06-22,21.36,5000.0,0.21,47.039,22.618,28.122,37.93
1437,ARKB,ARK 21Shares Bitcoin ETF,ARK / 21Shares,ARKB,ARK 21Shares Bitcoin ETF,BTC-USD,2026-06-23,20.68,5000.0,0.21,47.201,17.859,23.72,37.865
1438,ARKB,ARK 21Shares Bitcoin ETF,ARK / 21Shares,ARKB,ARK 21Shares Bitcoin ETF,BTC-USD,2026-06-24,19.86,5000.0,0.21,48.388,17.859,23.72,38.002
1439,ARKB,ARK 21Shares Bitcoin ETF,ARK / 21Shares,ARKB,ARK 21Shares Bitcoin ETF,BTC-USD,2026-06-25,19.64,5000.0,0.21,47.16,17.857,23.717,38.005
1440,ARKB,ARK 21Shares Bitcoin ETF,ARK / 21Shares,ARKB,ARK 21Shares Bitcoin ETF,BTC-USD,2026-06-26,19.8,5000.0,0.21,47.359,26.199,32.059,37.806
1441,ARKB,ARK 21Shares Bitcoin ETF,ARK / 21Shares,ARKB,ARK 21Shares Bitcoin ETF,BTC-USD,2026-06-29,20.0,5000.0,0.21,46.062,37.347,43.208,37.855
1442,ARKB,ARK 21Shares Bitcoin ETF,ARK / 21Shares,ARKB,ARK 21Shares Bitcoin ETF,BTC-USD,2026-06-30,19.46,5000.0,0.21,45.629,31.993,37.875,38.089
1443,ARKB,ARK 21Shares Bitcoin ETF,ARK / 21Shares,ARKB,ARK 21Shares Bitcoin ETF,BTC-USD,2026-07-01,19.89,5000.0,0.21,45.213,31.993,37.875,37.401
1444,ARKB,ARK 21Shares Bitcoin ETF,ARK / 21Shares,ARKB,ARK 21Shares Bitcoin ETF,BTC-USD,2026-07-02,20.37,5000.0,0.21,43.862,31.993,37.853,37.745
1445,ARKB,ARK 21Shares Bitcoin ETF,ARK / 21Shares,ARKB,ARK 21Shares Bitcoin ETF,BTC-USD,2026-07-06,21.13,5000.0,0.21,43.446,33.509,39.392,37.859
1446,ARKB,ARK 21Shares Bitcoin ETF,ARK / 21Shares,ARKB,ARK 21Shares Bitcoin ETF,BTC-USD,2026-07-07,21.16,5000.0,0.21,42.643,36.526,42.409,37.772
1447,ARKB,ARK 21Shares Bitcoin ETF,ARK / 21Shares,ARKB,ARK 21Shares Bitcoin ETF,BTC-USD,2026-07-08,20.63,5000.0,0.21,40.589,36.526,42.386,37.9
1448,ARKB,ARK 21Shares Bitcoin ETF,ARK / 21Shares,ARKB,ARK 21Shares Bitcoin ETF,BTC-USD,2026-07-09,20.97,5000.0,0.21,40.09,36.526,42.386,38.092
1449,ARKB,ARK 21Shares Bitcoin ETF,ARK / 21Shares,ARKB,ARK 21Shares Bitcoin ETF,BTC-USD,2026-07-10,21.2,5000.0,0.21,39.75,36.526,42.386,38.064
1450,ARKB,ARK 21Shares Bitcoin ETF,ARK / 21Shares,ARKB,ARK 21Shares Bitcoin ETF,BTC-USD,2026-07-13,20.63,5000.0,0.21,39.081,33.97,39.949,38.305
1451,ARKB,ARK 21Shares Bitcoin ETF,ARK / 21Shares,ARKB,ARK 21Shares Bitcoin ETF,BTC-USD,2026-07-14,21.42,5000.0,0.21,38.734,33.97,40.062,39.177
1452,ARKB,ARK 21Shares Bitcoin ETF,ARK / 21Shares,ARKB,ARK 21Shares Bitcoin ETF,BTC-USD,2026-07-15,21.55,5000.0,0.21,37.988,33.878,39.857,38.714
1453,ARKB,ARK 21Shares Bitcoin ETF,ARK / 21Shares,ARKB,ARK 21Shares Bitcoin ETF,BTC-USD,2026-07-16,21.31,5000.0,0.21,37.413,33.878,39.857,38.662
1454,ARKB,ARK 21Shares Bitcoin ETF,ARK / 21Shares,ARKB,ARK 21Shares Bitcoin ETF,BTC-USD,2026-07-17,21.28,5000.0,0.21,37.937,33.878,39.361,38.549
1455,ARKB,ARK 21Shares Bitcoin ETF,ARK / 21Shares,ARKB,ARK 21Shares Bitcoin ETF,BTC-USD,2026-07-20,21.6,5000.0,0.21,37.887,30.966,36.343,37.14
1456,ARKB,ARK 21Shares Bitcoin ETF,ARK / 21Shares,ARKB,ARK 21Shares Bitcoin ETF,BTC-USD,2026-07-21,22.04,5000.0,0.21,37.477,30.966,36.343,37.369
1457,ARKB,ARK 21Shares Bitcoin ETF,ARK / 21Shares,ARKB,ARK 21Shares Bitcoin ETF,BTC-USD,2026-07-22,21.86,5000.0,0.21,36.405,30.966,36.343,37.385
1458,ARKB,ARK 21Shares Bitcoin ETF,ARK / 21Shares,ARKB,ARK 21Shares Bitcoin ETF,BTC-USD,2026-07-23,21.47,5000.0,0.21,36.134,30.966,36.343,37.489
1459,ARKB,ARK 21Shares Bitcoin ETF,ARK / 21Shares,ARKB,ARK 21Shares Bitcoin ETF,BTC-USD,2026-07-24,21.28,5000.0,0.21,34.624,30.966,35.955,37.496
1460,ARKB,ARK 21Shares Bitcoin ETF,ARK / 21Shares,ARKB,ARK 21Shares Bitcoin ETF,BTC-USD,2026-07-27,21.52,5000.0,0.21,33.186,24.023,29.4,37.565
1461,ARKB,ARK 21Shares Bitcoin ETF,ARK / 21Shares,ARKB,ARK 21Shares Bitcoin ETF,BTC-USD,2026-07-28,21.17,5000.0,0.21,33.72,15.682,21.059,37.541
1462,ARKB,ARK 21Shares Bitcoin ETF,ARK / 21Shares,ARKB,ARK 21Shares Bitcoin ETF,BTC-USD,2026-07-29,21.055,5000.0,0.21,34.485,4.533,9.91,37.051
1463,ARKB,ARK 21Shares Bitcoin ETF,ARK / 21Shares,ARKB,ARK 21Shares Bitcoin ETF,BTC-USD,2026-07-30,21.48,5000.0,0.21,34.223,4.533,9.91,37.025
1464,ARKB,ARK 21Shares Bitcoin ETF,ARK / 21Shares,ARKB,ARK 21Shares Bitcoin ETF,BTC-USD,2026-07-31,20.85,5000.0,0.21,34.175,4.533,9.965,37.085
1465,ARKB,ARK 21Shares Bitcoin ETF,ARK / 21Shares,ARKB,ARK 21Shares Bitcoin ETF,BTC-USD,2026-08-03,21.17,5000.0,0.21,33.925,12.647,18.078,37.301
1466,ARKB,ARK 21Shares Bitcoin ETF,ARK / 21Shares,ARKB,ARK 21Shares Bitcoin ETF,BTC-USD,2026-08-04,21.29,5000.0,0.21,32.994,11.13,15.758,37.257
1467,ARKB,ARK 21Shares Bitcoin ETF,ARK / 21Shares,ARKB,ARK 21Shares Bitcoin ETF,BTC-USD,2026-08-05,21.5,5000.0,0.21,32.907,8.228,12.855,37.35
1468,ARKB,ARK 21Shares Bitcoin ETF,ARK / 21Shares,ARKB,ARK 21Shares Bitcoin ETF,BTC-USD,2026-08-06,21.35,5000.0,0.21,31.667,12.595,16.743,36.975
1469,ARKB,ARK 21Shares Bitcoin ETF,ARK / 21Shares,ARKB,ARK 21Shares Bitcoin ETF,BTC-USD,2026-08-07,21.54,5000.0,0.21,31.073,12.595,16.743,37.003
1470,ARKB,ARK 21Shares Bitcoin ETF,ARK / 21Shares,ARKB,ARK 21Shares Bitcoin ETF,BTC-USD,2026-08-10,21.21,5000.0,0.21,31.0,12.595,16.743,36.999
1471,ARKB,ARK 21Shares Bitcoin ETF,ARK / 21Shares,ARKB,ARK 21Shares Bitcoin ETF,BTC-USD,2026-08-11,21.05,5000.0,0.21,30.363,12.595,16.53,36.591
1472,ARKB,ARK 21Shares Bitcoin ETF,ARK / 21Shares,ARKB,ARK 21Shares Bitcoin ETF,BTC-USD,2026-08-12,21.01,5000.0,0.21,29.82,17.343,21.24,36.259
1473,ARKB,ARK 21Shares Bitcoin ETF,ARK / 21Shares,ARKB,ARK 21Shares Bitcoin ETF,BTC-USD,2026-08-13,21.0,5000.0,0.21,31.818,19.933,23.829,35.855
1474,ARKB,ARK 21Shares Bitcoin ETF,ARK / 21Shares,ARKB,ARK 21Shares Bitcoin ETF,BTC-USD,2026-08-14,20.85,5000.0,0.21,32.18,19.933,23.398,35.859
1475,ARKB,ARK 21Shares Bitcoin ETF,ARK / 21Shares,ARKB,ARK 21Shares Bitcoin ETF,BTC-USD,2026-08-17,21.31,5000.0,0.21,33.457,19.933,23.829,36.112
1476,ARKB,ARK 21Shares Bitcoin ETF,ARK / 21Shares,ARKB,ARK 21Shares Bitcoin ETF,BTC-USD,2026-08-18,21.43,5000.0,0.21,32.934,19.933,23.398,36.15
1477,ARKB,ARK 21Shares Bitcoin ETF,ARK / 21Shares,ARKB,ARK 21Shares Bitcoin ETF,BTC-USD,2026-08-19,22.7,5000.0,0.21,36.152,19.933,23.398,37.939
1478,ARKB,ARK 21Shares Bitcoin ETF,ARK / 21Shares,ARKB,ARK 21Shares Bitcoin ETF,BTC-USD,2026-08-20,24.1,5000.0,0.21,38.924,19.933,23.398,39.979
1479,ARKB,ARK 21Shares Bitcoin ETF,ARK / 21Shares,ARKB,ARK 21Shares Bitcoin ETF,BTC-USD,2026-08-21,25.55,5000.0,0.21,41.872,19.933,23.398,41.683
1480,ARKB,ARK 21Shares Bitcoin ETF,ARK / 21Shares,ARKB,ARK 21Shares Bitcoin ETF,BTC-USD,2026-08-24,26.12,5000.0,0.21,43.451,19.933,23.618,41.657
1481,ARKB,ARK 21Shares Bitcoin ETF,ARK / 21Shares,ARKB,ARK 21Shares Bitcoin ETF,BTC-USD,2026-08-25,26.17,5000.0,0.21,44.039,26.574,30.039,41.657
1482,ARKB,ARK 21Shares Bitcoin ETF,ARK / 21Shares,ARKB,ARK 21Shares Bitcoin ETF,BTC-USD,2026-08-26,26.03,5000.0,0.21,43.333,26.574,30.039,41.276
1483,ARKB,ARK 21Shares Bitcoin ETF,ARK / 21Shares,ARKB,ARK 21Shares Bitcoin ETF,BTC-USD,2026-08-27,26.51,5000.0,0.21,42.77,26.574,30.259,39.241
1484,BITB,Bitwise Bitcoin ETF,Bitwise,BITB,Bitwise Bitcoin ETF,BTC-USD,2025-03-07,47.33,4000.0,0.2,86.716,88.037,90.527,46.259
1485,BITB,Bitwise Bitcoin ETF,Bitwise,BITB,Bitwise Bitcoin ETF,BTC-USD,2025-03-10,42.99,4000.0,0.2,88.509,79.223,81.948,48.97
1486,BITB,Bitwise Bitcoin ETF,Bitwise,BITB,Bitwise Bitcoin ETF,BTC-USD,2025-03-11,45.21,4000.0,0.2,85.216,80.274,83.69,50.181
1487,BITB,Bitwise Bitcoin ETF,Bitwise,BITB,Bitwise Bitcoin ETF,BTC-USD,2025-03-12,45.12,4000.0,0.2,84.948,90.352,93.078,48.951
1488,BITB,Bitwise Bitcoin ETF,Bitwise,BITB,Bitwise Bitcoin ETF,BTC-USD,2025-03-13,43.61,4000.0,0.2,84.841,99.543,102.268,49.317
1489,BITB,Bitwise Bitcoin ETF,Bitwise,BITB,Bitwise Bitcoin ETF,BTC-USD,2025-03-14,46.08,4000.0,0.2,85.569,88.95,91.676,50.615
1490,BITB,Bitwise Bitcoin ETF,Bitwise,BITB,Bitwise Bitcoin ETF,BTC-USD,2025-03-17,45.99,4000.0,0.2,85.476,95.085,97.81,49.821
1491,BITB,Bitwise Bitcoin ETF,Bitwise,BITB,Bitwise Bitcoin ETF,BTC-USD,2025-03-18,44.8,4000.0,0.2,85.492,95.085,98.5,49.964
1492,BITB,Bitwise Bitcoin ETF,Bitwise,BITB,Bitwise Bitcoin ETF,BTC-USD,2025-03-19,46.55,4000.0,0.2,84.229,95.085,98.5,49.369
1493,BITB,Bitwise Bitcoin ETF,Bitwise,BITB,Bitwise Bitcoin ETF,BTC-USD,2025-03-20,45.81,4000.0,0.2,83.147,104.767,108.182,48.69
1494,BITB,Bitwise Bitcoin ETF,Bitwise,BITB,Bitwise Bitcoin ETF,BTC-USD,2025-03-21,45.68,4000.0,0.2,81.33,104.767,107.492,48.682
1495,BITB,Bitwise Bitcoin ETF,Bitwise,BITB,Bitwise Bitcoin ETF,BTC-USD,2025-03-24,48.04,4000.0,0.2,77.521,99.723,102.448,49.336
1496,BITB,Bitwise Bitcoin ETF,Bitwise,BITB,Bitwise Bitcoin ETF,BTC-USD,2025-03-25,48.0,4000.0,0.2,74.05,104.1,106.825,47.595
1497,BITB,Bitwise Bitcoin ETF,Bitwise,BITB,Bitwise Bitcoin ETF,BTC-USD,2025-03-26,47.09,4000.0,0.2,64.836,104.1,107.534,47.235
1498,BITB,Bitwise Bitcoin ETF,Bitwise,BITB,Bitwise Bitcoin ETF,BTC-USD,2025-03-27,47.38,4000.0,0.2,59.988,111.562,114.096,47.219
1499,BITB,Bitwise Bitcoin ETF,Bitwise,BITB,Bitwise Bitcoin ETF,BTC-USD,2025-03-28,45.58,4000.0,0.2,55.358,96.574,100.749,47.836
1500,BITB,Bitwise Bitcoin ETF,Bitwise,BITB,Bitwise Bitcoin ETF,BTC-USD,2025-03-31,44.88,4000.0,0.2,51.929,91.46,95.636,47.892
1501,BITB,Bitwise Bitcoin ETF,Bitwise,BITB,Bitwise Bitcoin ETF,BTC-USD,2025-04-01,46.27,4000.0,0.2,50.687,91.46,95.645,47.52
1502,BITB,Bitwise Bitcoin ETF,Bitwise,BITB,Bitwise Bitcoin ETF,BTC-USD,2025-04-02,47.33,4000.0,0.2,48.918,91.46,95.645,47.722
1503,BITB,Bitwise Bitcoin ETF,Bitwise,BITB,Bitwise Bitcoin ETF,BTC-USD,2025-04-03,44.59,4000.0,0.2,48.794,91.46,95.645,48.4
1504,BITB,Bitwise Bitcoin ETF,Bitwise,BITB,Bitwise Bitcoin ETF,BTC-USD,2025-04-04,45.69,4000.0,0.2,49.261,80.576,84.761,47.315
1505,BITB,Bitwise Bitcoin ETF,Bitwise,BITB,Bitwise Bitcoin ETF,BTC-USD,2025-04-07,42.43,4000.0,0.2,51.033,67.883,72.918,49.326
1506,BITB,Bitwise Bitcoin ETF,Bitwise,BITB,Bitwise Bitcoin ETF,BTC-USD,2025-04-08,41.75,4000.0,0.2,49.423,88.613,92.798,49.328
1507,BITB,Bitwise Bitcoin ETF,Bitwise,BITB,Bitwise Bitcoin ETF,BTC-USD,2025-04-09,44.77,4000.0,0.2,52.759,87.04,91.226,51.53
1508,BITB,Bitwise Bitcoin ETF,Bitwise,BITB,Bitwise Bitcoin ETF,BTC-USD,2025-04-10,43.3,4000.0,0.2,54.283,87.836,92.697,51.484
1509,BITB,Bitwise Bitcoin ETF,Bitwise,BITB,Bitwise Bitcoin ETF,BTC-USD,2025-04-11,45.65,4000.0,0.2,55.255,78.645,83.507,52.269
1510,BITB,Bitwise Bitcoin ETF,Bitwise,BITB,Bitwise Bitcoin ETF,BTC-USD,2025-04-14,46.22,4000.0,0.2,53.628,78.645,82.83,52.312
1511,BITB,Bitwise Bitcoin ETF,Bitwise,BITB,Bitwise Bitcoin ETF,BTC-USD,2025-04-15,45.74,4000.0,0.2,52.932,77.426,81.611,51.455
1512,BITB,Bitwise Bitcoin ETF,Bitwise,BITB,Bitwise Bitcoin ETF,BTC-USD,2025-04-16,45.92,4000.0,0.2,53.053,80.59,84.766,51.364
1513,BITB,Bitwise Bitcoin ETF,Bitwise,BITB,Bitwise Bitcoin ETF,BTC-USD,2025-04-17,46.23,4000.0,0.2,52.467,89.082,92.895,51.33
1514,BITB,Bitwise Bitcoin ETF,Bitwise,BITB,Bitwise Bitcoin ETF,BTC-USD,2025-04-21,47.57,4000.0,0.2,54.87,77.361,81.1,51.723
1515,BITB,Bitwise Bitcoin ETF,Bitwise,BITB,Bitwise Bitcoin ETF,BTC-USD,2025-04-22,49.8,4000.0,0.2,59.792,77.361,81.128,52.555
1516,BITB,Bitwise Bitcoin ETF,Bitwise,BITB,Bitwise Bitcoin ETF,BTC-USD,2025-04-23,50.89,4000.0,0.2,61.367,77.361,81.1,52.346
1517,BITB,Bitwise Bitcoin ETF,Bitwise,BITB,Bitwise Bitcoin ETF,BTC-USD,2025-04-24,50.96,4000.0,0.2,62.777,75.66,79.399,52.349
1518,BITB,Bitwise Bitcoin ETF,Bitwise,BITB,Bitwise Bitcoin ETF,BTC-USD,2025-04-25,51.93,4000.0,0.2,64.302,75.66,79.31,52.099
1519,BITB,Bitwise Bitcoin ETF,Bitwise,BITB,Bitwise Bitcoin ETF,BTC-USD,2025-04-28,51.59,4000.0,0.2,65.332,68.378,72.028,52.093
1520,BITB,Bitwise Bitcoin ETF,Bitwise,BITB,Bitwise Bitcoin ETF,BTC-USD,2025-04-29,51.88,4000.0,0.2,65.518,68.378,72.028,51.73
1521,BITB,Bitwise Bitcoin ETF,Bitwise,BITB,Bitwise Bitcoin ETF,BTC-USD,2025-04-30,51.23,4000.0,0.2,65.746,68.378,71.894,51.783
1522,BITB,Bitwise Bitcoin ETF,Bitwise,BITB,Bitwise Bitcoin ETF,BTC-USD,2025-05-01,52.59,4000.0,0.2,64.945,68.378,71.894,51.842
1523,BITB,Bitwise Bitcoin ETF,Bitwise,BITB,Bitwise Bitcoin ETF,BTC-USD,2025-05-02,52.81,4000.0,0.2,64.128,68.378,71.687,51.762
1524,BITB,Bitwise Bitcoin ETF,Bitwise,BITB,Bitwise Bitcoin ETF,BTC-USD,2025-05-05,51.31,4000.0,0.2,65.072,68.378,71.687,52.094
1525,BITB,Bitwise Bitcoin ETF,Bitwise,BITB,Bitwise Bitcoin ETF,BTC-USD,2025-05-06,51.68,4000.0,0.2,63.428,73.584,76.893,52.061
1526,BITB,Bitwise Bitcoin ETF,Bitwise,BITB,Bitwise Bitcoin ETF,BTC-USD,2025-05-07,52.38,4000.0,0.2,59.238,73.584,76.572,52.035
1527,BITB,Bitwise Bitcoin ETF,Bitwise,BITB,Bitwise Bitcoin ETF,BTC-USD,2025-05-08,55.15,4000.0,0.2,59.136,52.854,56.162,52.906
1528,BITB,Bitwise Bitcoin ETF,Bitwise,BITB,Bitwise Bitcoin ETF,BTC-USD,2025-05-09,56.18,4000.0,0.2,55.267,41.083,44.391,52.911
1529,BITB,Bitwise Bitcoin ETF,Bitwise,BITB,Bitwise Bitcoin ETF,BTC-USD,2025-05-12,55.43,4000.0,0.2,55.223,31.526,34.514,52.965
1530,BITB,Bitwise Bitcoin ETF,Bitwise,BITB,Bitwise Bitcoin ETF,BTC-USD,2025-05-13,57.07,4000.0,0.2,54.764,32.74,35.728,53.242
1531,BITB,Bitwise Bitcoin ETF,Bitwise,BITB,Bitwise Bitcoin ETF,BTC-USD,2025-05-14,56.21,4000.0,0.2,55.677,36.717,39.653,52.861
1532,BITB,Bitwise Bitcoin ETF,Bitwise,BITB,Bitwise Bitcoin ETF,BTC-USD,2025-05-15,56.13,4000.0,0.2,56.809,32.652,35.324,52.704
1533,BITB,Bitwise Bitcoin ETF,Bitwise,BITB,Bitwise Bitcoin ETF,BTC-USD,2025-05-16,56.64,4000.0,0.2,56.462,29.487,32.159,52.506
1534,BITB,Bitwise Bitcoin ETF,Bitwise,BITB,Bitwise Bitcoin ETF,BTC-USD,2025-05-19,57.45,4000.0,0.2,57.227,23.686,26.378,51.928
1535,BITB,Bitwise Bitcoin ETF,Bitwise,BITB,Bitwise Bitcoin ETF,BTC-USD,2025-05-20,58.31,4000.0,0.2,57.152,23.686,26.358,51.944
1536,BITB,Bitwise Bitcoin ETF,Bitwise,BITB,Bitwise Bitcoin ETF,BTC-USD,2025-05-21,59.16,4000.0,0.2,60.663,23.686,26.108,50.06
1537,BITB,Bitwise Bitcoin ETF,Bitwise,BITB,Bitwise Bitcoin ETF,BTC-USD,2025-05-22,60.51,4000.0,0.2,62.817,23.686,25.724,49.243
1538,BITB,Bitwise Bitcoin ETF,Bitwise,BITB,Bitwise Bitcoin ETF,BTC-USD,2025-05-23,59.2,4000.0,0.2,64.639,21.009,23.283,49.432
1539,BITB,Bitwise Bitcoin ETF,Bitwise,BITB,Bitwise Bitcoin ETF,BTC-USD,2025-05-27,59.9,4000.0,0.2,65.829,22.602,24.64,49.439
1540,BITB,Bitwise Bitcoin ETF,Bitwise,BITB,Bitwise Bitcoin ETF,BTC-USD,2025-05-28,58.22,4000.0,0.2,67.185,21.364,23.638,49.777
1541,BITB,Bitwise Bitcoin ETF,Bitwise,BITB,Bitwise Bitcoin ETF,BTC-USD,2025-05-29,57.45,4000.0,0.2,72.589,21.452,23.725,49.879
1542,BITB,Bitwise Bitcoin ETF,Bitwise,BITB,Bitwise Bitcoin ETF,BTC-USD,2025-05-30,56.93,4000.0,0.2,73.471,21.452,23.49,49.305
1543,BITB,Bitwise Bitcoin ETF,Bitwise,BITB,Bitwise Bitcoin ETF,BTC-USD,2025-06-02,56.86,4000.0,0.2,73.234,24.334,26.32,49.163
1544,BITB,Bitwise Bitcoin ETF,Bitwise,BITB,Bitwise Bitcoin ETF,BTC-USD,2025-06-03,57.82,4000.0,0.2,74.805,24.334,26.373,48.932
1545,BITB,Bitwise Bitcoin ETF,Bitwise,BITB,Bitwise Bitcoin ETF,BTC-USD,2025-06-04,57.14,4000.0,0.2,73.489,24.334,26.373,44.454
1546,BITB,Bitwise Bitcoin ETF,Bitwise,BITB,Bitwise Bitcoin ETF,BTC-USD,2025-06-05,55.44,4000.0,0.2,77.195,21.619,23.705,43.987
1547,BITB,Bitwise Bitcoin ETF,Bitwise,BITB,Bitwise Bitcoin ETF,BTC-USD,2025-06-06,56.76,4000.0,0.2,77.64,24.578,26.664,44.164
1548,BITB,Bitwise Bitcoin ETF,Bitwise,BITB,Bitwise Bitcoin ETF,BTC-USD,2025-06-09,59.14,4000.0,0.2,79.106,24.578,26.664,44.096
1549,BITB,Bitwise Bitcoin ETF,Bitwise,BITB,Bitwise Bitcoin ETF,BTC-USD,2025-06-10,59.6,4000.0,0.2,80.959,24.578,26.616,42.852
1550,BITB,Bitwise Bitcoin ETF,Bitwise,BITB,Bitwise Bitcoin ETF,BTC-USD,2025-06-11,59.21,4000.0,0.2,79.806,30.114,32.153,42.891
1551,BITB,Bitwise Bitcoin ETF,Bitwise,BITB,Bitwise Bitcoin ETF,BTC-USD,2025-06-12,58.11,4000.0,0.2,80.946,28.9,30.939,42.692
1552,BITB,Bitwise Bitcoin ETF,Bitwise,BITB,Bitwise Bitcoin ETF,BTC-USD,2025-06-13,57.22,4000.0,0.2,82.116,24.923,26.946,42.284
1553,BITB,Bitwise Bitcoin ETF,Bitwise,BITB,Bitwise Bitcoin ETF,BTC-USD,2025-06-16,59.16,4000.0,0.2,82.693,21.219,23.258,42.523
1554,BITB,Bitwise Bitcoin ETF,Bitwise,BITB,Bitwise Bitcoin ETF,BTC-USD,2025-06-17,56.98,4000.0,0.2,83.734,21.219,23.305,43.357
1555,BITB,Bitwise Bitcoin ETF,Bitwise,BITB,Bitwise Bitcoin ETF,BTC-USD,2025-06-18,56.52,4000.0,0.2,84.477,25.351,27.39,42.311
1556,BITB,Bitwise Bitcoin ETF,Bitwise,BITB,Bitwise Bitcoin ETF,BTC-USD,2025-06-20,56.22,4000.0,0.2,84.469,30.036,32.075,42.337
1557,BITB,Bitwise Bitcoin ETF,Bitwise,BITB,Bitwise Bitcoin ETF,BTC-USD,2025-06-23,56.2,4000.0,0.2,78.667,30.036,32.075,42.099
1558,BITB,Bitwise Bitcoin ETF,Bitwise,BITB,Bitwise Bitcoin ETF,BTC-USD,2025-06-24,57.49,4000.0,0.2,76.214,30.036,32.122,42.289
1559,BITB,Bitwise Bitcoin ETF,Bitwise,BITB,Bitwise Bitcoin ETF,BTC-USD,2025-06-25,58.66,4000.0,0.2,74.879,30.036,32.122,41.508
1560,BITB,Bitwise Bitcoin ETF,Bitwise,BITB,Bitwise Bitcoin ETF,BTC-USD,2025-06-26,58.53,4000.0,0.2,72.851,30.382,32.468,41.328
1561,BITB,Bitwise Bitcoin ETF,Bitwise,BITB,Bitwise Bitcoin ETF,BTC-USD,2025-06-27,58.14,4000.0,0.2,72.634,34.979,37.002,41.028
1562,BITB,Bitwise Bitcoin ETF,Bitwise,BITB,Bitwise Bitcoin ETF,BTC-USD,2025-06-30,58.59,4000.0,0.2,69.502,38.633,40.656,40.848
1563,BITB,Bitwise Bitcoin ETF,Bitwise,BITB,Bitwise Bitcoin ETF,BTC-USD,2025-07-01,57.32,4000.0,0.2,70.514,38.633,40.719,39.048
1564,BITB,Bitwise Bitcoin ETF,Bitwise,BITB,Bitwise Bitcoin ETF,BTC-USD,2025-07-02,59.74,4000.0,0.2,74.801,35.75,38.175,39.574
1565,BITB,Bitwise Bitcoin ETF,Bitwise,BITB,Bitwise Bitcoin ETF,BTC-USD,2025-07-03,59.48,4000.0,0.2,74.132,35.75,38.175,36.095
1566,BITB,Bitwise Bitcoin ETF,Bitwise,BITB,Bitwise Bitcoin ETF,BTC-USD,2025-07-07,58.78,4000.0,0.2,75.55,35.75,37.774,35.994
1567,BITB,Bitwise Bitcoin ETF,Bitwise,BITB,Bitwise Bitcoin ETF,BTC-USD,2025-07-08,59.18,4000.0,0.2,73.301,33.26,34.955,33.423
1568,BITB,Bitwise Bitcoin ETF,Bitwise,BITB,Bitwise Bitcoin ETF,BTC-USD,2025-07-09,60.86,4000.0,0.2,75.43,30.301,31.995,32.801
1569,BITB,Bitwise Bitcoin ETF,Bitwise,BITB,Bitwise Bitcoin ETF,BTC-USD,2025-07-10,61.74,4000.0,0.2,76.247,30.301,31.809,31.353
1570,BITB,Bitwise Bitcoin ETF,Bitwise,BITB,Bitwise Bitcoin ETF,BTC-USD,2025-07-11,64.31,4000.0,0.2,78.62,30.301,31.995,32.167
1571,BITB,Bitwise Bitcoin ETF,Bitwise,BITB,Bitwise Bitcoin ETF,BTC-USD,2025-07-14,65.25,4000.0,0.2,81.836,21.785,23.479,32.045
1572,BITB,Bitwise Bitcoin ETF,Bitwise,BITB,Bitwise Bitcoin ETF,BTC-USD,2025-07-15,63.36,4000.0,0.2,86.357,21.785,23.479,32.851
1573,BITB,Bitwise Bitcoin ETF,Bitwise,BITB,Bitwise Bitcoin ETF,BTC-USD,2025-07-16,64.92,4000.0,0.2,88.35,21.785,23.479,33.079
1574,BITB,Bitwise Bitcoin ETF,Bitwise,BITB,Bitwise Bitcoin ETF,BTC-USD,2025-07-17,64.76,4000.0,0.2,87.882,27.471,28.781,32.771
1575,BITB,Bitwise Bitcoin ETF,Bitwise,BITB,Bitwise Bitcoin ETF,BTC-USD,2025-07-18,63.87,4000.0,0.2,89.919,31.575,32.881,31.877
1576,BITB,Bitwise Bitcoin ETF,Bitwise,BITB,Bitwise Bitcoin ETF,BTC-USD,2025-07-21,63.53,4000.0,0.2,92.217,31.62,32.927,31.723
1577,BITB,Bitwise Bitcoin ETF,Bitwise,BITB,Bitwise Bitcoin ETF,BTC-USD,2025-07-22,64.92,4000.0,0.2,94.085,27.939,29.249,31.931
1578,BITB,Bitwise Bitcoin ETF,Bitwise,BITB,Bitwise Bitcoin ETF,BTC-USD,2025-07-23,64.43,4000.0,0.2,94.333,28.805,30.115,31.867
1579,BITB,Bitwise Bitcoin ETF,Bitwise,BITB,Bitwise Bitcoin ETF,BTC-USD,2025-07-24,64.78,4000.0,0.2,96.035,28.906,30.213,31.798
1580,BITB,Bitwise Bitcoin ETF,Bitwise,BITB,Bitwise Bitcoin ETF,BTC-USD,2025-07-25,63.57,4000.0,0.2,97.133,28.906,30.213,32.132
1581,BITB,Bitwise Bitcoin ETF,Bitwise,BITB,Bitwise Bitcoin ETF,BTC-USD,2025-07-28,64.22,4000.0,0.2,98.624,26.968,28.275,31.986
1582,BITB,Bitwise Bitcoin ETF,Bitwise,BITB,Bitwise Bitcoin ETF,BTC-USD,2025-07-29,63.91,4000.0,0.2,99.874,27.416,28.723,31.688
1583,BITB,Bitwise Bitcoin ETF,Bitwise,BITB,Bitwise Bitcoin ETF,BTC-USD,2025-07-30,63.56,4000.0,0.2,102.844,28.376,29.683,31.738
1584,BITB,Bitwise Bitcoin ETF,Bitwise,BITB,Bitwise Bitcoin ETF,BTC-USD,2025-07-31,63.49,4000.0,0.2,103.84,34.931,36.167,31.048
1585,BITB,Bitwise Bitcoin ETF,Bitwise,BITB,Bitwise Bitcoin ETF,BTC-USD,2025-08-01,61.51,4000.0,0.2,106.719,34.931,36.167,31.865
1586,BITB,Bitwise Bitcoin ETF,Bitwise,BITB,Bitwise Bitcoin ETF,BTC-USD,2025-08-04,62.42,4000.0,0.2,106.53,39.771,41.078,31.884
1587,BITB,Bitwise Bitcoin ETF,Bitwise,BITB,Bitwise Bitcoin ETF,BTC-USD,2025-08-05,61.85,4000.0,0.2,106.327,39.771,41.078,30.319
1588,BITB,Bitwise Bitcoin ETF,Bitwise,BITB,Bitwise Bitcoin ETF,BTC-USD,2025-08-06,62.72,4000.0,0.2,107.052,39.771,41.081,30.227
1589,BITB,Bitwise Bitcoin ETF,Bitwise,BITB,Bitwise Bitcoin ETF,BTC-USD,2025-08-07,63.98,4000.0,0.2,108.226,39.771,41.081,30.28
1590,BITB,Bitwise Bitcoin ETF,Bitwise,BITB,Bitwise Bitcoin ETF,BTC-USD,2025-08-08,63.36,4000.0,0.2,106.941,44.63,45.937,29.857
1591,BITB,Bitwise Bitcoin ETF,Bitwise,BITB,Bitwise Bitcoin ETF,BTC-USD,2025-08-11,64.76,4000.0,0.2,105.158,44.63,45.937,29.925
1592,BITB,Bitwise Bitcoin ETF,Bitwise,BITB,Bitwise Bitcoin ETF,BTC-USD,2025-08-12,65.09,4000.0,0.2,103.54,49.649,50.885,29.92
1593,BITB,Bitwise Bitcoin ETF,Bitwise,BITB,Bitwise Bitcoin ETF,BTC-USD,2025-08-13,66.87,4000.0,0.2,101.566,49.649,50.885,30.312
1594,BITB,Bitwise Bitcoin ETF,Bitwise,BITB,Bitwise Bitcoin ETF,BTC-USD,2025-08-14,64.19,4000.0,0.2,103.249,49.649,50.885,31.504
1595,BITB,Bitwise Bitcoin ETF,Bitwise,BITB,Bitwise Bitcoin ETF,BTC-USD,2025-08-15,63.63,4000.0,0.2,103.92,46.45,47.724,31.459
1596,BITB,Bitwise Bitcoin ETF,Bitwise,BITB,Bitwise Bitcoin ETF,BTC-USD,2025-08-18,63.26,4000.0,0.2,101.557,42.346,43.621,31.376
1597,BITB,Bitwise Bitcoin ETF,Bitwise,BITB,Bitwise Bitcoin ETF,BTC-USD,2025-08-19,61.49,4000.0,0.2,101.083,35.478,36.877,31.624
1598,BITB,Bitwise Bitcoin ETF,Bitwise,BITB,Bitwise Bitcoin ETF,BTC-USD,2025-08-20,62.15,4000.0,0.2,99.141,37.59,38.988,31.353
1599,BITB,Bitwise Bitcoin ETF,Bitwise,BITB,Bitwise Bitcoin ETF,BTC-USD,2025-08-21,60.98,4000.0,0.2,98.783,41.701,43.162,31.527
1600,BITB,Bitwise Bitcoin ETF,Bitwise,BITB,Bitwise Bitcoin ETF,BTC-USD,2025-08-22,63.47,4000.0,0.2,102.363,45.505,47.077,31.98
1601,BITB,Bitwise Bitcoin ETF,Bitwise,BITB,Bitwise Bitcoin ETF,BTC-USD,2025-08-25,60.27,4000.0,0.2,102.004,45.505,47.077,33.662
1602,BITB,Bitwise Bitcoin ETF,Bitwise,BITB,Bitwise Bitcoin ETF,BTC-USD,2025-08-26,60.45,4000.0,0.2,101.894,45.505,47.077,33.602
1603,BITB,Bitwise Bitcoin ETF,Bitwise,BITB,Bitwise Bitcoin ETF,BTC-USD,2025-08-27,60.97,4000.0,0.2,100.187,40.46,42.032,33.634
1604,BITB,Bitwise Bitcoin ETF,Bitwise,BITB,Bitwise Bitcoin ETF,BTC-USD,2025-08-28,60.9,4000.0,0.2,96.538,35.758,37.33,33.48
1605,BITB,Bitwise Bitcoin ETF,Bitwise,BITB,Bitwise Bitcoin ETF,BTC-USD,2025-08-29,58.87,4000.0,0.2,96.579,29.203,30.811,34.136
1606,BITB,Bitwise Bitcoin ETF,Bitwise,BITB,Bitwise Bitcoin ETF,BTC-USD,2025-09-02,60.26,4000.0,0.2,91.861,29.203,30.843,33.842
1607,BITB,Bitwise Bitcoin ETF,Bitwise,BITB,Bitwise Bitcoin ETF,BTC-USD,2025-09-03,61.05,4000.0,0.2,92.195,24.363,26.002,33.616
1608,BITB,Bitwise Bitcoin ETF,Bitwise,BITB,Bitwise Bitcoin ETF,BTC-USD,2025-09-04,59.72,4000.0,0.2,92.789,24.363,26.244,32.9
1609,BITB,Bitwise Bitcoin ETF,Bitwise,BITB,Bitwise Bitcoin ETF,BTC-USD,2025-09-05,60.71,4000.0,0.2,94.081,24.363,26.244,33.033
1610,BITB,Bitwise Bitcoin ETF,Bitwise,BITB,Bitwise Bitcoin ETF,BTC-USD,2025-09-08,60.98,4000.0,0.2,91.628,26.289,28.17,33.012
1611,BITB,Bitwise Bitcoin ETF,Bitwise,BITB,Bitwise Bitcoin ETF,BTC-USD,2025-09-09,60.57,4000.0,0.2,91.018,24.023,25.904,32.805
1612,BITB,Bitwise Bitcoin ETF,Bitwise,BITB,Bitwise Bitcoin ETF,BTC-USD,2025-09-10,61.81,4000.0,0.2,91.631,24.023,25.904,32.871
1613,BITB,Bitwise Bitcoin ETF,Bitwise,BITB,Bitwise Bitcoin ETF,BTC-USD,2025-09-11,62.3,4000.0,0.2,91.494,19.987,21.868,32.218
1614,BITB,Bitwise Bitcoin ETF,Bitwise,BITB,Bitwise Bitcoin ETF,BTC-USD,2025-09-12,63.6,4000.0,0.2,88.398,19.987,21.868,31.453
1615,BITB,Bitwise Bitcoin ETF,Bitwise,BITB,Bitwise Bitcoin ETF,BTC-USD,2025-09-15,62.73,4000.0,0.2,84.692,19.987,21.808,31.551
1616,BITB,Bitwise Bitcoin ETF,Bitwise,BITB,Bitwise Bitcoin ETF,BTC-USD,2025-09-16,63.57,4000.0,0.2,84.07,17.5,19.381,31.604
1617,BITB,Bitwise Bitcoin ETF,Bitwise,BITB,Bitwise Bitcoin ETF,BTC-USD,2025-09-17,62.91,4000.0,0.2,86.884,22.707,24.588,31.704
1618,BITB,Bitwise Bitcoin ETF,Bitwise,BITB,Bitwise Bitcoin ETF,BTC-USD,2025-09-18,63.94,4000.0,0.2,86.491,22.707,24.528,31.55
1619,BITB,Bitwise Bitcoin ETF,Bitwise,BITB,Bitwise Bitcoin ETF,BTC-USD,2025-09-19,62.61,4000.0,0.2,87.434,19.591,21.472,31.654
1620,BITB,Bitwise Bitcoin ETF,Bitwise,BITB,Bitwise Bitcoin ETF,BTC-USD,2025-09-22,61.0,4000.0,0.2,86.424,14.614,16.495,32.134
1621,BITB,Bitwise Bitcoin ETF,Bitwise,BITB,Bitwise Bitcoin ETF,BTC-USD,2025-09-23,60.72,4000.0,0.2,80.041,14.622,16.443,32.116
1622,BITB,Bitwise Bitcoin ETF,Bitwise,BITB,Bitwise Bitcoin ETF,BTC-USD,2025-09-24,61.71,4000.0,0.2,77.837,14.622,16.443,32.241
1623,BITB,Bitwise Bitcoin ETF,Bitwise,BITB,Bitwise Bitcoin ETF,BTC-USD,2025-09-25,59.46,4000.0,0.2,80.549,14.622,16.503,32.846
1624,BITB,Bitwise Bitcoin ETF,Bitwise,BITB,Bitwise Bitcoin ETF,BTC-USD,2025-09-26,59.37,4000.0,0.2,81.191,18.871,20.751,31.731
1625,BITB,Bitwise Bitcoin ETF,Bitwise,BITB,Bitwise Bitcoin ETF,BTC-USD,2025-09-29,62.24,4000.0,0.2,84.723,18.871,20.839,33.163
1626,BITB,Bitwise Bitcoin ETF,Bitwise,BITB,Bitwise Bitcoin ETF,BTC-USD,2025-09-30,62.22,4000.0,0.2,83.272,23.713,25.593,33.06
1627,BITB,Bitwise Bitcoin ETF,Bitwise,BITB,Bitwise Bitcoin ETF,BTC-USD,2025-10-01,63.92,4000.0,0.2,83.585,23.713,25.593,33.468
1628,BITB,Bitwise Bitcoin ETF,Bitwise,BITB,Bitwise Bitcoin ETF,BTC-USD,2025-10-02,65.8,4000.0,0.2,85.109,23.713,25.681,33.503
1629,BITB,Bitwise Bitcoin ETF,Bitwise,BITB,Bitwise Bitcoin ETF,BTC-USD,2025-10-03,66.82,4000.0,0.2,87.607,23.713,25.533,33.521
1630,BITB,Bitwise Bitcoin ETF,Bitwise,BITB,Bitwise Bitcoin ETF,BTC-USD,2025-10-06,68.27,4000.0,0.2,88.297,23.713,25.533,32.775
1631,BITB,Bitwise Bitcoin ETF,Bitwise,BITB,Bitwise Bitcoin ETF,BTC-USD,2025-10-07,66.14,4000.0,0.2,93.245,21.786,23.607,33.324
1632,BITB,Bitwise Bitcoin ETF,Bitwise,BITB,Bitwise Bitcoin ETF,BTC-USD,2025-10-08,67.12,4000.0,0.2,94.756,25.377,27.197,32.873
1633,BITB,Bitwise Bitcoin ETF,Bitwise,BITB,Bitwise Bitcoin ETF,BTC-USD,2025-10-09,65.83,4000.0,0.2,96.683,25.554,27.354,32.767
1634,BITB,Bitwise Bitcoin ETF,Bitwise,BITB,Bitwise Bitcoin ETF,BTC-USD,2025-10-10,63.4,4000.0,0.2,105.345,25.66,27.46,33.67
1635,BITB,Bitwise Bitcoin ETF,Bitwise,BITB,Bitwise Bitcoin ETF,BTC-USD,2025-10-13,63.05,4000.0,0.2,110.391,25.66,27.352,33.57
1636,BITB,Bitwise Bitcoin ETF,Bitwise,BITB,Bitwise Bitcoin ETF,BTC-USD,2025-10-14,61.25,4000.0,0.2,116.325,25.66,27.311,34.07
1637,BITB,Bitwise Bitcoin ETF,Bitwise,BITB,Bitwise Bitcoin ETF,BTC-USD,2025-10-15,60.52,4000.0,0.2,118.45,31.657,33.126,33.828
1638,BITB,Bitwise Bitcoin ETF,Bitwise,BITB,Bitwise Bitcoin ETF,BTC-USD,2025-10-16,58.86,4000.0,0.2,124.332,26.45,27.919,34.243
1639,BITB,Bitwise Bitcoin ETF,Bitwise,BITB,Bitwise Bitcoin ETF,BTC-USD,2025-10-17,57.88,4000.0,0.2,130.579,26.45,27.899,34.354
1640,BITB,Bitwise Bitcoin ETF,Bitwise,BITB,Bitwise Bitcoin ETF,BTC-USD,2025-10-20,60.29,4000.0,0.2,132.075,26.45,27.899,35.258
1641,BITB,Bitwise Bitcoin ETF,Bitwise,BITB,Bitwise Bitcoin ETF,BTC-USD,2025-10-21,60.84,4000.0,0.2,139.31,29.544,30.99,35.244
1642,BITB,Bitwise Bitcoin ETF,Bitwise,BITB,Bitwise Bitcoin ETF,BTC-USD,2025-10-22,58.6,4000.0,0.2,144.654,25.631,27.08,36.027
1643,BITB,Bitwise Bitcoin ETF,Bitwise,BITB,Bitwise Bitcoin ETF,BTC-USD,2025-10-23,59.94,4000.0,0.2,147.791,25.631,27.08,36.351
1644,BITB,Bitwise Bitcoin ETF,Bitwise,BITB,Bitwise Bitcoin ETF,BTC-USD,2025-10-24,60.16,4000.0,0.2,145.241,30.156,31.603,36.364
1645,BITB,Bitwise Bitcoin ETF,Bitwise,BITB,Bitwise Bitcoin ETF,BTC-USD,2025-10-27,62.52,4000.0,0.2,145.205,25.908,27.356,36.668
1646,BITB,Bitwise Bitcoin ETF,Bitwise,BITB,Bitwise Bitcoin ETF,BTC-USD,2025-10-28,61.81,4000.0,0.2,143.989,28.84,30.287,36.62
1647,BITB,Bitwise Bitcoin ETF,Bitwise,BITB,Bitwise Bitcoin ETF,BTC-USD,2025-10-29,60.12,4000.0,0.2,153.773,23.998,25.445,37.01
1648,BITB,Bitwise Bitcoin ETF,Bitwise,BITB,Bitwise Bitcoin ETF,BTC-USD,2025-10-30,57.83,4000.0,0.2,159.085,23.998,25.445,37.706
1649,BITB,Bitwise Bitcoin ETF,Bitwise,BITB,Bitwise Bitcoin ETF,BTC-USD,2025-10-31,59.67,4000.0,0.2,161.161,23.998,25.445,38.052
1650,BITB,Bitwise Bitcoin ETF,Bitwise,BITB,Bitwise Bitcoin ETF,BTC-USD,2025-11-03,57.98,4000.0,0.2,162.04,23.998,25.447,38.432
1651,BITB,Bitwise Bitcoin ETF,Bitwise,BITB,Bitwise Bitcoin ETF,BTC-USD,2025-11-04,54.77,4000.0,0.2,168.238,23.998,25.447,39.759
1652,BITB,Bitwise Bitcoin ETF,Bitwise,BITB,Bitwise Bitcoin ETF,BTC-USD,2025-11-05,56.48,4000.0,0.2,166.785,29.929,31.377,40.32
1653,BITB,Bitwise Bitcoin ETF,Bitwise,BITB,Bitwise Bitcoin ETF,BTC-USD,2025-11-06,54.85,4000.0,0.2,169.702,23.745,25.214,40.22
1654,BITB,Bitwise Bitcoin ETF,Bitwise,BITB,Bitwise Bitcoin ETF,BTC-USD,2025-11-07,56.39,4000.0,0.2,170.428,31.528,33.273,39.937
1655,BITB,Bitwise Bitcoin ETF,Bitwise,BITB,Bitwise Bitcoin ETF,BTC-USD,2025-11-10,57.63,4000.0,0.2,162.884,30.439,32.199,40.21
1656,BITB,Bitwise Bitcoin ETF,Bitwise,BITB,Bitwise Bitcoin ETF,BTC-USD,2025-11-11,55.88,4000.0,0.2,158.636,30.439,32.238,40.645
1657,BITB,Bitwise Bitcoin ETF,Bitwise,BITB,Bitwise Bitcoin ETF,BTC-USD,2025-11-12,55.2,4000.0,0.2,157.268,35.682,37.48,40.332
1658,BITB,Bitwise Bitcoin ETF,Bitwise,BITB,Bitwise Bitcoin ETF,BTC-USD,2025-11-13,53.25,4000.0,0.2,163.842,29.684,31.483,40.845
1659,BITB,Bitwise Bitcoin ETF,Bitwise,BITB,Bitwise Bitcoin ETF,BTC-USD,2025-11-14,51.24,4000.0,0.2,160.2,29.684,31.613,41.372
1660,BITB,Bitwise Bitcoin ETF,Bitwise,BITB,Bitwise Bitcoin ETF,BTC-USD,2025-11-17,49.92,4000.0,0.2,165.708,29.684,31.613,40.655
1661,BITB,Bitwise Bitcoin ETF,Bitwise,BITB,Bitwise Bitcoin ETF,BTC-USD,2025-11-18,50.44,4000.0,0.2,167.529,36.952,38.751,39.517
1662,BITB,Bitwise Bitcoin ETF,Bitwise,BITB,Bitwise Bitcoin ETF,BTC-USD,2025-11-19,48.62,4000.0,0.2,169.003,33.858,35.657,40.096
1663,BITB,Bitwise Bitcoin ETF,Bitwise,BITB,Bitwise Bitcoin ETF,BTC-USD,2025-11-20,46.91,4000.0,0.2,171.1,39.931,41.73,40.548
1664,BITB,Bitwise Bitcoin ETF,Bitwise,BITB,Bitwise Bitcoin ETF,BTC-USD,2025-11-21,45.95,4000.0,0.2,181.766,39.931,41.691,40.679
1665,BITB,Bitwise Bitcoin ETF,Bitwise,BITB,Bitwise Bitcoin ETF,BTC-USD,2025-11-24,48.45,4000.0,0.2,184.451,35.406,37.205,41.893
1666,BITB,Bitwise Bitcoin ETF,Bitwise,BITB,Bitwise Bitcoin ETF,BTC-USD,2025-11-25,47.48,4000.0,0.2,190.345,41.531,43.291,41.663
1667,BITB,Bitwise Bitcoin ETF,Bitwise,BITB,Bitwise Bitcoin ETF,BTC-USD,2025-11-26,48.86,4000.0,0.2,189.941,38.598,40.397,42.056
1668,BITB,Bitwise Bitcoin ETF,Bitwise,BITB,Bitwise Bitcoin ETF,BTC-USD,2025-11-28,49.32,4000.0,0.2,180.163,38.598,40.397,41.965
1669,BITB,Bitwise Bitcoin ETF,Bitwise,BITB,Bitwise Bitcoin ETF,BTC-USD,2025-12-01,46.47,4000.0,0.2,178.093,38.598,40.46,43.313
1670,BITB,Bitwise Bitcoin ETF,Bitwise,BITB,Bitwise Bitcoin ETF,BTC-USD,2025-12-02,49.5,4000.0,0.2,178.672,38.598,40.46,45.448
1671,BITB,Bitwise Bitcoin ETF,Bitwise,BITB,Bitwise Bitcoin ETF,BTC-USD,2025-12-03,50.52,4000.0,0.2,176.652,38.598,40.46,45.704
1672,BITB,Bitwise Bitcoin ETF,Bitwise,BITB,Bitwise Bitcoin ETF,BTC-USD,2025-12-04,50.3,4000.0,0.2,169.736,41.313,43.112,45.446
1673,BITB,Bitwise Bitcoin ETF,Bitwise,BITB,Bitwise Bitcoin ETF,BTC-USD,2025-12-05,48.55,4000.0,0.2,168.225,35.383,37.182,45.849
1674,BITB,Bitwise Bitcoin ETF,Bitwise,BITB,Bitwise Bitcoin ETF,BTC-USD,2025-12-08,49.37,4000.0,0.2,164.455,39.96,41.822,45.766
1675,BITB,Bitwise Bitcoin ETF,Bitwise,BITB,Bitwise Bitcoin ETF,BTC-USD,2025-12-09,50.6,4000.0,0.2,161.754,32.99,34.905,46.099
1676,BITB,Bitwise Bitcoin ETF,Bitwise,BITB,Bitwise Bitcoin ETF,BTC-USD,2025-12-10,50.29,4000.0,0.2,162.476,43.455,45.317,45.967
1677,BITB,Bitwise Bitcoin ETF,Bitwise,BITB,Bitwise Bitcoin ETF,BTC-USD,2025-12-11,49.89,4000.0,0.2,166.148,43.455,45.033,45.955
1678,BITB,Bitwise Bitcoin ETF,Bitwise,BITB,Bitwise Bitcoin ETF,BTC-USD,2025-12-12,49.04,4000.0,0.2,163.435,47.297,48.875,45.84
1679,BITB,Bitwise Bitcoin ETF,Bitwise,BITB,Bitwise Bitcoin ETF,BTC-USD,2025-12-15,46.61,4000.0,0.2,158.835,47.297,49.159,46.7
1680,BITB,Bitwise Bitcoin ETF,Bitwise,BITB,Bitwise Bitcoin ETF,BTC-USD,2025-12-16,47.59,4000.0,0.2,160.234,49.43,51.008,46.782
1681,BITB,Bitwise Bitcoin ETF,Bitwise,BITB,Bitwise Bitcoin ETF,BTC-USD,2025-12-17,46.63,4000.0,0.2,149.213,51.434,53.225,46.9
1682,BITB,Bitwise Bitcoin ETF,Bitwise,BITB,Bitwise Bitcoin ETF,BTC-USD,2025-12-18,45.93,4000.0,0.2,150.602,58.763,60.554,46.752
1683,BITB,Bitwise Bitcoin ETF,Bitwise,BITB,Bitwise Bitcoin ETF,BTC-USD,2025-12-19,47.8,4000.0,0.2,145.878,65.879,67.741,47.149
1684,BITB,Bitwise Bitcoin ETF,Bitwise,BITB,Bitwise Bitcoin ETF,BTC-USD,2025-12-22,47.97,4000.0,0.2,142.725,60.294,62.086,47.17
1685,BITB,Bitwise Bitcoin ETF,Bitwise,BITB,Bitwise Bitcoin ETF,BTC-USD,2025-12-23,47.61,4000.0,0.2,133.527,60.294,62.086,45.973
1686,BITB,Bitwise Bitcoin ETF,Bitwise,BITB,Bitwise Bitcoin ETF,BTC-USD,2025-12-24,47.4,4000.0,0.2,128.555,63.031,64.531,45.965
1687,BITB,Bitwise Bitcoin ETF,Bitwise,BITB,Bitwise Bitcoin ETF,BTC-USD,2025-12-26,47.54,4000.0,0.2,123.903,57.844,59.344,45.523
1688,BITB,Bitwise Bitcoin ETF,Bitwise,BITB,Bitwise Bitcoin ETF,BTC-USD,2025-12-29,47.31,4000.0,0.2,122.323,61.268,62.463,44.971
1689,BITB,Bitwise Bitcoin ETF,Bitwise,BITB,Bitwise Bitcoin ETF,BTC-USD,2025-12-30,47.73,4000.0,0.2,125.306,61.268,62.319,44.861
1690,BITB,Bitwise Bitcoin ETF,Bitwise,BITB,Bitwise Bitcoin ETF,BTC-USD,2025-12-31,47.56,4000.0,0.2,122.795,62.81,63.801,44.508
1691,BITB,Bitwise Bitcoin ETF,Bitwise,BITB,Bitwise Bitcoin ETF,BTC-USD,2026-01-02,48.8,4000.0,0.2,126.227,62.81,63.801,44.649
1692,BITB,Bitwise Bitcoin ETF,Bitwise,BITB,Bitwise Bitcoin ETF,BTC-USD,2026-01-05,51.21,4000.0,0.2,133.447,62.81,63.801,45.796
1693,BITB,Bitwise Bitcoin ETF,Bitwise,BITB,Bitwise Bitcoin ETF,BTC-USD,2026-01-06,50.25,4000.0,0.2,136.758,64.969,66.013,45.789
1694,BITB,Bitwise Bitcoin ETF,Bitwise,BITB,Bitwise Bitcoin ETF,BTC-USD,2026-01-07,49.41,4000.0,0.2,139.277,64.969,65.98,45.344
1695,BITB,Bitwise Bitcoin ETF,Bitwise,BITB,Bitwise Bitcoin ETF,BTC-USD,2026-01-08,49.35,4000.0,0.2,139.437,60.392,61.382,45.347
1696,BITB,Bitwise Bitcoin ETF,Bitwise,BITB,Bitwise Bitcoin ETF,BTC-USD,2026-01-09,49.0,4000.0,0.2,140.18,63.916,64.705,45.055
1697,BITB,Bitwise Bitcoin ETF,Bitwise,BITB,Bitwise Bitcoin ETF,BTC-USD,2026-01-12,49.69,4000.0,0.2,142.413,61.033,61.909,45.165
1698,BITB,Bitwise Bitcoin ETF,Bitwise,BITB,Bitwise Bitcoin ETF,BTC-USD,2026-01-13,51.34,4000.0,0.2,141.388,61.033,62.024,45.462
1699,BITB,Bitwise Bitcoin ETF,Bitwise,BITB,Bitwise Bitcoin ETF,BTC-USD,2026-01-14,53.08,4000.0,0.2,143.693,51.948,52.939,45.937
1700,BITB,Bitwise Bitcoin ETF,Bitwise,BITB,Bitwise Bitcoin ETF,BTC-USD,2026-01-15,51.72,4000.0,0.2,142.988,56.276,57.267,45.349
1701,BITB,Bitwise Bitcoin ETF,Bitwise,BITB,Bitwise Bitcoin ETF,BTC-USD,2026-01-16,51.9,4000.0,0.2,140.754,54.144,55.019,45.302
1702,BITB,Bitwise Bitcoin ETF,Bitwise,BITB,Bitwise Bitcoin ETF,BTC-USD,2026-01-20,48.63,4000.0,0.2,142.814,52.14,53.015,46.543
1703,BITB,Bitwise Bitcoin ETF,Bitwise,BITB,Bitwise Bitcoin ETF,BTC-USD,2026-01-21,48.95,4000.0,0.2,141.51,37.544,38.419,46.28
1704,BITB,Bitwise Bitcoin ETF,Bitwise,BITB,Bitwise Bitcoin ETF,BTC-USD,2026-01-22,48.55,4000.0,0.2,139.117,34.499,35.375,46.266
1705,BITB,Bitwise Bitcoin ETF,Bitwise,BITB,Bitwise Bitcoin ETF,BTC-USD,2026-01-23,48.59,4000.0,0.2,137.147,38.335,39.21,45.441
1706,BITB,Bitwise Bitcoin ETF,Bitwise,BITB,Bitwise Bitcoin ETF,BTC-USD,2026-01-26,47.55,4000.0,0.2,135.402,38.335,39.318,45.558
1707,BITB,Bitwise Bitcoin ETF,Bitwise,BITB,Bitwise Bitcoin ETF,BTC-USD,2026-01-27,48.51,4000.0,0.2,139.154,41.629,42.612,45.563
1708,BITB,Bitwise Bitcoin ETF,Bitwise,BITB,Bitwise Bitcoin ETF,BTC-USD,2026-01-28,48.38,4000.0,0.2,139.837,40.692,41.675,44.967
1709,BITB,Bitwise Bitcoin ETF,Bitwise,BITB,Bitwise Bitcoin ETF,BTC-USD,2026-01-29,45.67,4000.0,0.2,148.177,37.268,38.279,45.758
1710,BITB,Bitwise Bitcoin ETF,Bitwise,BITB,Bitwise Bitcoin ETF,BTC-USD,2026-01-30,45.51,4000.0,0.2,151.392,37.268,38.279,45.477
1711,BITB,Bitwise Bitcoin ETF,Bitwise,BITB,Bitwise Bitcoin ETF,BTC-USD,2026-02-02,42.34,4000.0,0.2,160.346,35.725,36.769,46.334
1712,BITB,Bitwise Bitcoin ETF,Bitwise,BITB,Bitwise Bitcoin ETF,BTC-USD,2026-02-03,41.47,4000.0,0.2,169.625,35.725,36.736,45.871
1713,BITB,Bitwise Bitcoin ETF,Bitwise,BITB,Bitwise Bitcoin ETF,BTC-USD,2026-02-04,39.84,4000.0,0.2,165.89,39.363,40.374,46.167
1714,BITB,Bitwise Bitcoin ETF,Bitwise,BITB,Bitwise Bitcoin ETF,BTC-USD,2026-02-05,34.56,4000.0,0.2,176.653,34.489,35.5,53.517
1715,BITB,Bitwise Bitcoin ETF,Bitwise,BITB,Bitwise Bitcoin ETF,BTC-USD,2026-02-06,38.04,4000.0,0.2,176.616,40.191,41.81,57.314
1716,BITB,Bitwise Bitcoin ETF,Bitwise,BITB,Bitwise Bitcoin ETF,BTC-USD,2026-02-09,38.44,4000.0,0.2,180.36,52.39,54.01,57.202
1717,BITB,Bitwise Bitcoin ETF,Bitwise,BITB,Bitwise Bitcoin ETF,BTC-USD,2026-02-10,37.35,4000.0,0.2,181.345,50.417,52.462,57.376
1718,BITB,Bitwise Bitcoin ETF,Bitwise,BITB,Bitwise Bitcoin ETF,BTC-USD,2026-02-11,36.69,4000.0,0.2,178.915,42.835,44.879,57.099
1719,BITB,Bitwise Bitcoin ETF,Bitwise,BITB,Bitwise Bitcoin ETF,BTC-USD,2026-02-12,35.5,4000.0,0.2,178.477,57.785,59.829,56.977
1720,BITB,Bitwise Bitcoin ETF,Bitwise,BITB,Bitwise Bitcoin ETF,BTC-USD,2026-02-13,37.35,4000.0,0.2,177.127,57.785,59.829,57.995
1721,BITB,Bitwise Bitcoin ETF,Bitwise,BITB,Bitwise Bitcoin ETF,BTC-USD,2026-02-17,36.79,4000.0,0.2,176.36,57.292,58.932,57.945
1722,BITB,Bitwise Bitcoin ETF,Bitwise,BITB,Bitwise Bitcoin ETF,BTC-USD,2026-02-18,35.96,4000.0,0.2,173.563,65.71,67.791,57.691
1723,BITB,Bitwise Bitcoin ETF,Bitwise,BITB,Bitwise Bitcoin ETF,BTC-USD,2026-02-19,36.45,4000.0,0.2,170.262,69.957,71.597,57.453
1724,BITB,Bitwise Bitcoin ETF,Bitwise,BITB,Bitwise Bitcoin ETF,BTC-USD,2026-02-20,36.79,4000.0,0.2,171.667,69.957,71.597,57.414
1725,BITB,Bitwise Bitcoin ETF,Bitwise,BITB,Bitwise Bitcoin ETF,BTC-USD,2026-02-23,35.01,4000.0,0.2,174.356,65.885,67.966,56.935
1726,BITB,Bitwise Bitcoin ETF,Bitwise,BITB,Bitwise Bitcoin ETF,BTC-USD,2026-02-24,35.01,4000.0,0.2,173.851,61.561,63.779,56.861
1727,BITB,Bitwise Bitcoin ETF,Bitwise,BITB,Bitwise Bitcoin ETF,BTC-USD,2026-02-25,37.59,4000.0,0.2,175.459,61.561,63.792,58.576
1728,BITB,Bitwise Bitcoin ETF,Bitwise,BITB,Bitwise Bitcoin ETF,BTC-USD,2026-02-26,36.65,4000.0,0.2,177.692,63.004,65.235,58.66
1729,BITB,Bitwise Bitcoin ETF,Bitwise,BITB,Bitwise Bitcoin ETF,BTC-USD,2026-02-27,35.63,4000.0,0.2,176.408,63.004,65.315,57.76
1730,BITB,Bitwise Bitcoin ETF,Bitwise,BITB,Bitwise Bitcoin ETF,BTC-USD,2026-03-02,37.56,4000.0,0.2,177.189,63.004,65.235,57.277
1731,BITB,Bitwise Bitcoin ETF,Bitwise,BITB,Bitwise Bitcoin ETF,BTC-USD,2026-03-03,37.06,4000.0,0.2,179.353,77.053,79.284,57.066
1732,BITB,Bitwise Bitcoin ETF,Bitwise,BITB,Bitwise Bitcoin ETF,BTC-USD,2026-03-04,39.72,4000.0,0.2,176.799,77.053,79.284,59.072
1733,BITB,Bitwise Bitcoin ETF,Bitwise,BITB,Bitwise Bitcoin ETF,BTC-USD,2026-03-05,38.7,4000.0,0.2,166.984,78.457,80.688,58.889
1734,BITB,Bitwise Bitcoin ETF,Bitwise,BITB,Bitwise Bitcoin ETF,BTC-USD,2026-03-06,36.98,4000.0,0.2,163.828,74.82,77.294,59.342
1735,BITB,Bitwise Bitcoin ETF,Bitwise,BITB,Bitwise Bitcoin ETF,BTC-USD,2026-03-09,37.5,4000.0,0.2,153.66,75.743,77.824,59.156
1736,BITB,Bitwise Bitcoin ETF,Bitwise,BITB,Bitwise Bitcoin ETF,BTC-USD,2026-03-10,38.05,4000.0,0.2,154.415,70.042,72.069,59.291
1737,BITB,Bitwise Bitcoin ETF,Bitwise,BITB,Bitwise Bitcoin ETF,BTC-USD,2026-03-11,38.37,4000.0,0.2,152.386,65.733,67.76,59.346
1738,BITB,Bitwise Bitcoin ETF,Bitwise,BITB,Bitwise Bitcoin ETF,BTC-USD,2026-03-12,38.27,4000.0,0.2,151.365,64.851,66.491,59.287
1739,BITB,Bitwise Bitcoin ETF,Bitwise,BITB,Bitwise Bitcoin ETF,BTC-USD,2026-03-13,38.67,4000.0,0.2,157.153,64.851,66.394,58.551
1740,BITB,Bitwise Bitcoin ETF,Bitwise,BITB,Bitwise Bitcoin ETF,BTC-USD,2026-03-16,40.18,4000.0,0.2,158.952,49.902,51.444,58.965
1741,BITB,Bitwise Bitcoin ETF,Bitwise,BITB,Bitwise Bitcoin ETF,BTC-USD,2026-03-17,40.51,4000.0,0.2,159.365,53.865,55.353,58.892
1742,BITB,Bitwise Bitcoin ETF,Bitwise,BITB,Bitwise Bitcoin ETF,BTC-USD,2026-03-18,38.58,4000.0,0.2,158.699,50.03,51.573,59.604
1743,BITB,Bitwise Bitcoin ETF,Bitwise,BITB,Bitwise Bitcoin ETF,BTC-USD,2026-03-19,38.16,4000.0,0.2,159.247,41.612,43.099,58.952
1744,BITB,Bitwise Bitcoin ETF,Bitwise,BITB,Bitwise Bitcoin ETF,BTC-USD,2026-03-20,38.13,4000.0,0.2,159.585,43.108,44.302,58.936
1745,BITB,Bitwise Bitcoin ETF,Bitwise,BITB,Bitwise Bitcoin ETF,BTC-USD,2026-03-23,38.38,4000.0,0.2,154.448,43.108,44.302,58.968
1746,BITB,Bitwise Bitcoin ETF,Bitwise,BITB,Bitwise Bitcoin ETF,BTC-USD,2026-03-24,37.65,4000.0,0.2,151.898,43.108,44.302,59.055
1747,BITB,Bitwise Bitcoin ETF,Bitwise,BITB,Bitwise Bitcoin ETF,BTC-USD,2026-03-25,38.47,4000.0,0.2,151.117,43.108,44.302,59.269
1748,BITB,Bitwise Bitcoin ETF,Bitwise,BITB,Bitwise Bitcoin ETF,BTC-USD,2026-03-26,37.21,4000.0,0.2,148.712,43.108,44.302,59.582
1749,BITB,Bitwise Bitcoin ETF,Bitwise,BITB,Bitwise Bitcoin ETF,BTC-USD,2026-03-27,35.84,4000.0,0.2,144.591,35.634,36.828,59.912
1750,BITB,Bitwise Bitcoin ETF,Bitwise,BITB,Bitwise Bitcoin ETF,BTC-USD,2026-03-30,36.11,4000.0,0.2,144.814,35.634,36.689,59.964
1751,BITB,Bitwise Bitcoin ETF,Bitwise,BITB,Bitwise Bitcoin ETF,BTC-USD,2026-03-31,36.81,4000.0,0.2,137.61,43.397,44.452,59.838
1752,BITB,Bitwise Bitcoin ETF,Bitwise,BITB,Bitwise Bitcoin ETF,BTC-USD,2026-04-01,37.01,4000.0,0.2,128.53,29.348,30.403,58.856
1753,BITB,Bitwise Bitcoin ETF,Bitwise,BITB,Bitwise Bitcoin ETF,BTC-USD,2026-04-02,36.39,4000.0,0.2,119.58,29.348,30.403,58.838
1754,BITB,Bitwise Bitcoin ETF,Bitwise,BITB,Bitwise Bitcoin ETF,BTC-USD,2026-04-06,37.87,4000.0,0.2,112.603,27.944,28.999,59.51
1755,BITB,Bitwise Bitcoin ETF,Bitwise,BITB,Bitwise Bitcoin ETF,BTC-USD,2026-04-07,37.47,4000.0,0.2,110.283,27.944,28.999,59.519
1756,BITB,Bitwise Bitcoin ETF,Bitwise,BITB,Bitwise Bitcoin ETF,BTC-USD,2026-04-08,38.74,4000.0,0.2,104.274,27.02,28.66,60.021
1757,BITB,Bitwise Bitcoin ETF,Bitwise,BITB,Bitwise Bitcoin ETF,BTC-USD,2026-04-09,39.18,4000.0,0.2,98.835,38.905,40.577,59.989
1758,BITB,Bitwise Bitcoin ETF,Bitwise,BITB,Bitwise Bitcoin ETF,BTC-USD,2026-04-10,39.82,4000.0,0.2,95.727,31.014,32.776,59.654
1759,BITB,Bitwise Bitcoin ETF,Bitwise,BITB,Bitwise Bitcoin ETF,BTC-USD,2026-04-13,39.85,4000.0,0.2,93.179,35.149,36.911,59.149
1760,BITB,Bitwise Bitcoin ETF,Bitwise,BITB,Bitwise Bitcoin ETF,BTC-USD,2026-04-14,40.35,4000.0,0.2,87.119,35.149,36.911,59.086
1761,BITB,Bitwise Bitcoin ETF,Bitwise,BITB,Bitwise Bitcoin ETF,BTC-USD,2026-04-15,40.76,4000.0,0.2,81.87,39.911,41.674,59.138
1762,BITB,Bitwise Bitcoin ETF,Bitwise,BITB,Bitwise Bitcoin ETF,BTC-USD,2026-04-16,40.94,4000.0,0.2,78.368,44.377,46.139,57.773
1763,BITB,Bitwise Bitcoin ETF,Bitwise,BITB,Bitwise Bitcoin ETF,BTC-USD,2026-04-17,42.09,4000.0,0.2,82.231,44.377,46.049,58.082
1764,BITB,Bitwise Bitcoin ETF,Bitwise,BITB,Bitwise Bitcoin ETF,BTC-USD,2026-04-20,41.46,4000.0,0.2,80.131,44.377,46.139,58.128
1765,BITB,Bitwise Bitcoin ETF,Bitwise,BITB,Bitwise Bitcoin ETF,BTC-USD,2026-04-21,40.76,4000.0,0.2,78.58,48.559,50.349,58.197
1766,BITB,Bitwise Bitcoin ETF,Bitwise,BITB,Bitwise Bitcoin ETF,BTC-USD,2026-04-22,42.84,4000.0,0.2,77.94,48.559,50.783,59.051
1767,BITB,Bitwise Bitcoin ETF,Bitwise,BITB,Bitwise Bitcoin ETF,BTC-USD,2026-04-23,42.23,4000.0,0.2,77.62,48.559,50.36,58.93
1768,BITB,Bitwise Bitcoin ETF,Bitwise,BITB,Bitwise Bitcoin ETF,BTC-USD,2026-04-24,42.18,4000.0,0.2,77.935,52.244,54.034,58.931
1769,BITB,Bitwise Bitcoin ETF,Bitwise,BITB,Bitwise Bitcoin ETF,BTC-USD,2026-04-27,41.75,4000.0,0.2,76.911,54.934,56.696,57.819
1770,BITB,Bitwise Bitcoin ETF,Bitwise,BITB,Bitwise Bitcoin ETF,BTC-USD,2026-04-28,41.45,4000.0,0.2,74.404,54.934,56.696,57.829
1771,BITB,Bitwise Bitcoin ETF,Bitwise,BITB,Bitwise Bitcoin ETF,BTC-USD,2026-04-29,40.98,4000.0,0.2,73.065,57.069,58.858,55.97
1772,BITB,Bitwise Bitcoin ETF,Bitwise,BITB,Bitwise Bitcoin ETF,BTC-USD,2026-04-30,41.48,4000.0,0.2,69.795,50.629,52.43,55.868
1773,BITB,Bitwise Bitcoin ETF,Bitwise,BITB,Bitwise Bitcoin ETF,BTC-USD,2026-05-01,42.59,4000.0,0.2,70.518,50.629,52.441,55.49
1774,BITB,Bitwise Bitcoin ETF,Bitwise,BITB,Bitwise Bitcoin ETF,BTC-USD,2026-05-04,43.48,4000.0,0.2,70.153,50.629,52.441,46.901
1775,BITB,Bitwise Bitcoin ETF,Bitwise,BITB,Bitwise Bitcoin ETF,BTC-USD,2026-05-05,44.32,4000.0,0.2,69.258,50.629,52.441,42.931
1776,BITB,Bitwise Bitcoin ETF,Bitwise,BITB,Bitwise Bitcoin ETF,BTC-USD,2026-05-06,44.22,4000.0,0.2,68.291,52.009,53.82,42.91
1777,BITB,Bitwise Bitcoin ETF,Bitwise,BITB,Bitwise Bitcoin ETF,BTC-USD,2026-05-07,43.52,4000.0,0.2,68.011,52.009,53.82,42.593
1778,BITB,Bitwise Bitcoin ETF,Bitwise,BITB,Bitwise Bitcoin ETF,BTC-USD,2026-05-08,43.54,4000.0,0.2,66.19,43.645,45.457,42.384
1779,BITB,Bitwise Bitcoin ETF,Bitwise,BITB,Bitwise Bitcoin ETF,BTC-USD,2026-05-11,44.51,4000.0,0.2,66.052,43.645,45.457,41.894
1780,BITB,Bitwise Bitcoin ETF,Bitwise,BITB,Bitwise Bitcoin ETF,BTC-USD,2026-05-12,43.87,4000.0,0.2,65.543,37.851,40.171,40.888
1781,BITB,Bitwise Bitcoin ETF,Bitwise,BITB,Bitwise Bitcoin ETF,BTC-USD,2026-05-13,43.22,4000.0,0.2,63.947,37.851,40.171,40.885
1782,BITB,Bitwise Bitcoin ETF,Bitwise,BITB,Bitwise Bitcoin ETF,BTC-USD,2026-05-14,44.22,4000.0,0.2,65.075,33.089,35.617,40.74
1783,BITB,Bitwise Bitcoin ETF,Bitwise,BITB,Bitwise Bitcoin ETF,BTC-USD,2026-05-15,42.95,4000.0,0.2,65.059,24.659,27.245,41.224
1784,BITB,Bitwise Bitcoin ETF,Bitwise,BITB,Bitwise Bitcoin ETF,BTC-USD,2026-05-18,41.73,4000.0,0.2,60.311,24.659,27.395,41.702
1785,BITB,Bitwise Bitcoin ETF,Bitwise,BITB,Bitwise Bitcoin ETF,BTC-USD,2026-05-19,41.68,4000.0,0.2,58.993,29.395,32.13,40.296
1786,BITB,Bitwise Bitcoin ETF,Bitwise,BITB,Bitwise Bitcoin ETF,BTC-USD,2026-05-20,42.15,4000.0,0.2,57.783,19.469,22.222,40.327
1787,BITB,Bitwise Bitcoin ETF,Bitwise,BITB,Bitwise Bitcoin ETF,BTC-USD,2026-05-21,42.14,4000.0,0.2,56.248,24.14,26.726,37.756
1788,BITB,Bitwise Bitcoin ETF,Bitwise,BITB,Bitwise Bitcoin ETF,BTC-USD,2026-05-22,41.14,4000.0,0.2,55.027,24.14,26.893,37.717
1789,BITB,Bitwise Bitcoin ETF,Bitwise,BITB,Bitwise Bitcoin ETF,BTC-USD,2026-05-26,41.21,4000.0,0.2,56.493,27.756,30.509,37.19
1790,BITB,Bitwise Bitcoin ETF,Bitwise,BITB,Bitwise Bitcoin ETF,BTC-USD,2026-05-27,40.66,4000.0,0.2,55.784,25.066,27.919,35.813
1791,BITB,Bitwise Bitcoin ETF,Bitwise,BITB,Bitwise Bitcoin ETF,BTC-USD,2026-05-28,39.82,4000.0,0.2,57.404,25.066,28.078,35.976
1792,BITB,Bitwise Bitcoin ETF,Bitwise,BITB,Bitwise Bitcoin ETF,BTC-USD,2026-05-29,39.87,4000.0,0.2,57.444,28.211,31.222,33.057
1793,BITB,Bitwise Bitcoin ETF,Bitwise,BITB,Bitwise Bitcoin ETF,BTC-USD,2026-06-01,38.81,4000.0,0.2,59.316,26.888,29.914,33.089
1794,BITB,Bitwise Bitcoin ETF,Bitwise,BITB,Bitwise Bitcoin ETF,BTC-USD,2026-06-02,36.49,4000.0,0.2,60.383,26.888,29.914,34.188
1795,BITB,Bitwise Bitcoin ETF,Bitwise,BITB,Bitwise Bitcoin ETF,BTC-USD,2026-06-03,35.49,4000.0,0.2,60.636,26.888,29.914,34.517
1796,BITB,Bitwise Bitcoin ETF,Bitwise,BITB,Bitwise Bitcoin ETF,BTC-USD,2026-06-04,34.51,4000.0,0.2,62.988,26.888,29.741,34.803
1797,BITB,Bitwise Bitcoin ETF,Bitwise,BITB,Bitwise Bitcoin ETF,BTC-USD,2026-06-05,32.74,4000.0,0.2,68.283,25.508,28.535,36.27
1798,BITB,Bitwise Bitcoin ETF,Bitwise,BITB,Bitwise Bitcoin ETF,BTC-USD,2026-06-08,34.4,4000.0,0.2,68.462,25.508,28.553,37.809
1799,BITB,Bitwise Bitcoin ETF,Bitwise,BITB,Bitwise Bitcoin ETF,BTC-USD,2026-06-09,33.68,4000.0,0.2,70.919,21.987,25.032,37.928
1800,BITB,Bitwise Bitcoin ETF,Bitwise,BITB,Bitwise Bitcoin ETF,BTC-USD,2026-06-10,33.61,4000.0,0.2,71.208,24.5,27.526,36.972
1801,BITB,Bitwise Bitcoin ETF,Bitwise,BITB,Bitwise Bitcoin ETF,BTC-USD,2026-06-11,34.51,4000.0,0.2,71.486,24.5,27.545,37.394
1802,BITB,Bitwise Bitcoin ETF,Bitwise,BITB,Bitwise Bitcoin ETF,BTC-USD,2026-06-12,34.52,4000.0,0.2,71.511,25.075,28.12,36.139
1803,BITB,Bitwise Bitcoin ETF,Bitwise,BITB,Bitwise Bitcoin ETF,BTC-USD,2026-06-15,36.15,4000.0,0.2,69.948,25.075,28.281,37.397
1804,BITB,Bitwise Bitcoin ETF,Bitwise,BITB,Bitwise Bitcoin ETF,BTC-USD,2026-06-16,35.63,4000.0,0.2,67.899,25.075,28.281,37.5
1805,BITB,Bitwise Bitcoin ETF,Bitwise,BITB,Bitwise Bitcoin ETF,BTC-USD,2026-06-17,34.86,4000.0,0.2,67.174,28.072,31.278,37.703
1806,BITB,Bitwise Bitcoin ETF,Bitwise,BITB,Bitwise Bitcoin ETF,BTC-USD,2026-06-18,34.13,4000.0,0.2,68.967,23.337,26.542,37.744
1807,BITB,Bitwise Bitcoin ETF,Bitwise,BITB,Bitwise Bitcoin ETF,BTC-USD,2026-06-22,34.97,4000.0,0.2,69.076,23.337,26.72,37.821
1808,BITB,Bitwise Bitcoin ETF,Bitwise,BITB,Bitwise Bitcoin ETF,BTC-USD,2026-06-23,33.84,4000.0,0.2,68.848,18.666,22.051,37.805
1809,BITB,Bitwise Bitcoin ETF,Bitwise,BITB,Bitwise Bitcoin ETF,BTC-USD,2026-06-24,32.48,4000.0,0.2,71.171,18.666,22.051,37.954
1810,BITB,Bitwise Bitcoin ETF,Bitwise,BITB,Bitwise Bitcoin ETF,BTC-USD,2026-06-25,32.12,4000.0,0.2,71.705,18.285,21.67,37.954
1811,BITB,Bitwise Bitcoin ETF,Bitwise,BITB,Bitwise Bitcoin ETF,BTC-USD,2026-06-26,32.37,4000.0,0.2,72.395,26.77,30.155,37.754
1812,BITB,Bitwise Bitcoin ETF,Bitwise,BITB,Bitwise Bitcoin ETF,BTC-USD,2026-06-29,32.74,4000.0,0.2,72.01,38.311,41.696,37.824
1813,BITB,Bitwise Bitcoin ETF,Bitwise,BITB,Bitwise Bitcoin ETF,BTC-USD,2026-06-30,31.86,4000.0,0.2,71.749,33.031,36.497,38.057
1814,BITB,Bitwise Bitcoin ETF,Bitwise,BITB,Bitwise Bitcoin ETF,BTC-USD,2026-07-01,32.55,4000.0,0.2,70.876,33.031,36.527,37.367
1815,BITB,Bitwise Bitcoin ETF,Bitwise,BITB,Bitwise Bitcoin ETF,BTC-USD,2026-07-02,33.35,4000.0,0.2,68.897,33.031,36.527,37.727
1816,BITB,Bitwise Bitcoin ETF,Bitwise,BITB,Bitwise Bitcoin ETF,BTC-USD,2026-07-06,34.58,4000.0,0.2,68.49,34.59,38.086,37.847
1817,BITB,Bitwise Bitcoin ETF,Bitwise,BITB,Bitwise Bitcoin ETF,BTC-USD,2026-07-07,34.63,4000.0,0.2,65.881,37.926,41.423,37.754
1818,BITB,Bitwise Bitcoin ETF,Bitwise,BITB,Bitwise Bitcoin ETF,BTC-USD,2026-07-08,33.77,4000.0,0.2,60.379,37.926,41.918,37.851
1819,BITB,Bitwise Bitcoin ETF,Bitwise,BITB,Bitwise Bitcoin ETF,BTC-USD,2026-07-09,34.31,4000.0,0.2,58.82,37.926,41.918,38.036
1820,BITB,Bitwise Bitcoin ETF,Bitwise,BITB,Bitwise Bitcoin ETF,BTC-USD,2026-07-10,34.7,4000.0,0.2,56.264,37.926,42.018,38.018
1821,BITB,Bitwise Bitcoin ETF,Bitwise,BITB,Bitwise Bitcoin ETF,BTC-USD,2026-07-13,33.78,4000.0,0.2,55.097,35.414,39.567,38.248
1822,BITB,Bitwise Bitcoin ETF,Bitwise,BITB,Bitwise Bitcoin ETF,BTC-USD,2026-07-14,35.05,4000.0,0.2,54.94,35.414,39.567,39.092
1823,BITB,Bitwise Bitcoin ETF,Bitwise,BITB,Bitwise Bitcoin ETF,BTC-USD,2026-07-15,35.25,4000.0,0.2,52.781,34.838,38.991,38.621
1824,BITB,Bitwise Bitcoin ETF,Bitwise,BITB,Bitwise Bitcoin ETF,BTC-USD,2026-07-16,34.88,4000.0,0.2,51.536,34.838,38.991,38.571
1825,BITB,Bitwise Bitcoin ETF,Bitwise,BITB,Bitwise Bitcoin ETF,BTC-USD,2026-07-17,34.82,4000.0,0.2,52.03,34.838,38.93,38.459
1826,BITB,Bitwise Bitcoin ETF,Bitwise,BITB,Bitwise Bitcoin ETF,BTC-USD,2026-07-20,35.35,4000.0,0.2,51.145,31.841,35.933,37.073
1827,BITB,Bitwise Bitcoin ETF,Bitwise,BITB,Bitwise Bitcoin ETF,BTC-USD,2026-07-21,36.07,4000.0,0.2,49.646,31.841,35.994,37.304
1828,BITB,Bitwise Bitcoin ETF,Bitwise,BITB,Bitwise Bitcoin ETF,BTC-USD,2026-07-22,35.78,4000.0,0.2,48.73,31.841,35.933,37.319
1829,BITB,Bitwise Bitcoin ETF,Bitwise,BITB,Bitwise Bitcoin ETF,BTC-USD,2026-07-23,35.15,4000.0,0.2,48.474,31.841,35.933,37.415
1830,BITB,Bitwise Bitcoin ETF,Bitwise,BITB,Bitwise Bitcoin ETF,BTC-USD,2026-07-24,34.84,4000.0,0.2,45.354,31.841,35.933,37.425
1831,BITB,Bitwise Bitcoin ETF,Bitwise,BITB,Bitwise Bitcoin ETF,BTC-USD,2026-07-27,35.23,4000.0,0.2,41.494,24.921,29.074,37.491
1832,BITB,Bitwise Bitcoin ETF,Bitwise,BITB,Bitwise Bitcoin ETF,BTC-USD,2026-07-28,34.63,4000.0,0.2,40.241,16.437,20.831,37.483
1833,BITB,Bitwise Bitcoin ETF,Bitwise,BITB,Bitwise Bitcoin ETF,BTC-USD,2026-07-29,34.48,4000.0,0.2,40.09,4.895,9.289,36.979
1834,BITB,Bitwise Bitcoin ETF,Bitwise,BITB,Bitwise Bitcoin ETF,BTC-USD,2026-07-30,35.14,4000.0,0.2,39.27,4.895,9.289,36.932
1835,BITB,Bitwise Bitcoin ETF,Bitwise,BITB,Bitwise Bitcoin ETF,BTC-USD,2026-07-31,34.13,4000.0,0.2,39.067,4.895,9.512,36.992
1836,BITB,Bitwise Bitcoin ETF,Bitwise,BITB,Bitwise Bitcoin ETF,BTC-USD,2026-08-03,34.65,4000.0,0.2,38.184,12.294,16.911,37.205
1837,BITB,Bitwise Bitcoin ETF,Bitwise,BITB,Bitwise Bitcoin ETF,BTC-USD,2026-08-04,34.86,4000.0,0.2,36.858,10.735,15.129,37.177
1838,BITB,Bitwise Bitcoin ETF,Bitwise,BITB,Bitwise Bitcoin ETF,BTC-USD,2026-08-05,35.18,4000.0,0.2,36.42,7.522,11.916,37.261
1839,BITB,Bitwise Bitcoin ETF,Bitwise,BITB,Bitwise Bitcoin ETF,BTC-USD,2026-08-06,34.95,4000.0,0.2,35.284,11.912,16.065,36.881
1840,BITB,Bitwise Bitcoin ETF,Bitwise,BITB,Bitwise Bitcoin ETF,BTC-USD,2026-08-07,35.24,4000.0,0.2,34.952,11.912,15.974,36.901
1841,BITB,Bitwise Bitcoin ETF,Bitwise,BITB,Bitwise Bitcoin ETF,BTC-USD,2026-08-10,34.71,4000.0,0.2,36.138,11.912,15.955,36.904
1842,BITB,Bitwise Bitcoin ETF,Bitwise,BITB,Bitwise Bitcoin ETF,BTC-USD,2026-08-11,34.43,4000.0,0.2,35.72,11.912,15.619,36.496
1843,BITB,Bitwise Bitcoin ETF,Bitwise,BITB,Bitwise Bitcoin ETF,BTC-USD,2026-08-12,34.38,4000.0,0.2,34.256,16.61,20.008,36.127
1844,BITB,Bitwise Bitcoin ETF,Bitwise,BITB,Bitwise Bitcoin ETF,BTC-USD,2026-08-13,34.39,4000.0,0.2,34.319,19.449,22.846,35.753
1845,BITB,Bitwise Bitcoin ETF,Bitwise,BITB,Bitwise Bitcoin ETF,BTC-USD,2026-08-14,34.13,4000.0,0.2,34.233,19.449,22.846,35.762
1846,BITB,Bitwise Bitcoin ETF,Bitwise,BITB,Bitwise Bitcoin ETF,BTC-USD,2026-08-17,34.9,4000.0,0.2,33.885,19.449,23.155,36.026
1847,BITB,Bitwise Bitcoin ETF,Bitwise,BITB,Bitwise Bitcoin ETF,BTC-USD,2026-08-18,35.07,4000.0,0.2,33.465,19.449,23.155,36.058
1848,BITB,Bitwise Bitcoin ETF,Bitwise,BITB,Bitwise Bitcoin ETF,BTC-USD,2026-08-19,37.16,4000.0,0.2,39.423,19.449,22.994,37.886
1849,BITB,Bitwise Bitcoin ETF,Bitwise,BITB,Bitwise Bitcoin ETF,BTC-USD,2026-08-20,39.45,4000.0,0.2,43.726,19.449,22.994,39.925
1850,BITB,Bitwise Bitcoin ETF,Bitwise,BITB,Bitwise Bitcoin ETF,BTC-USD,2026-08-21,41.82,4000.0,0.2,47.427,19.449,22.994,41.622
1851,BITB,Bitwise Bitcoin ETF,Bitwise,BITB,Bitwise Bitcoin ETF,BTC-USD,2026-08-24,42.74,4000.0,0.2,50.735,19.449,22.994,41.606
1852,BITB,Bitwise Bitcoin ETF,Bitwise,BITB,Bitwise Bitcoin ETF,BTC-USD,2026-08-25,42.84,4000.0,0.2,52.698,26.173,29.38,41.606
1853,BITB,Bitwise Bitcoin ETF,Bitwise,BITB,Bitwise Bitcoin ETF,BTC-USD,2026-08-26,42.59,4000.0,0.2,52.725,26.173,29.097,41.22
1854,BITB,Bitwise Bitcoin ETF,Bitwise,BITB,Bitwise Bitcoin ETF,BTC-USD,2026-08-27,43.39,4000.0,0.2,52.833,26.173,29.38,39.197
1855,HODL,VanEck Bitcoin Trust,VanEck,HODL,VanEck Bitcoin Trust,BTC-USD,2025-03-07,24.6,1300.0,0.2,26.695,85.812,94.962,46.004
1856,HODL,VanEck Bitcoin Trust,VanEck,HODL,VanEck Bitcoin Trust,BTC-USD,2025-03-10,22.4,1300.0,0.2,26.108,76.83,87.223,48.559
1857,HODL,VanEck Bitcoin Trust,VanEck,HODL,VanEck Bitcoin Trust,BTC-USD,2025-03-11,23.48,1300.0,0.2,25.331,77.52,88.26,49.637
1858,HODL,VanEck Bitcoin Trust,VanEck,HODL,VanEck Bitcoin Trust,BTC-USD,2025-03-12,23.45,1300.0,0.2,25.31,87.483,97.875,48.381
1859,HODL,VanEck Bitcoin Trust,VanEck,HODL,VanEck Bitcoin Trust,BTC-USD,2025-03-13,22.68,1300.0,0.2,24.404,94.922,107.246,48.746
1860,HODL,VanEck Bitcoin Trust,VanEck,HODL,VanEck Bitcoin Trust,BTC-USD,2025-03-14,23.93,1300.0,0.2,24.394,84.436,96.761,50.003
1861,HODL,VanEck Bitcoin Trust,VanEck,HODL,VanEck Bitcoin Trust,BTC-USD,2025-03-17,23.92,1300.0,0.2,24.144,90.439,102.763,49.26
1862,HODL,VanEck Bitcoin Trust,VanEck,HODL,VanEck Bitcoin Trust,BTC-USD,2025-03-18,23.3,1300.0,0.2,23.146,90.439,105.003,49.398
1863,HODL,VanEck Bitcoin Trust,VanEck,HODL,VanEck Bitcoin Trust,BTC-USD,2025-03-19,24.18,1300.0,0.2,23.475,90.439,102.808,48.813
1864,HODL,VanEck Bitcoin Trust,VanEck,HODL,VanEck Bitcoin Trust,BTC-USD,2025-03-20,23.8,1300.0,0.2,23.623,99.98,112.349,48.106
1865,HODL,VanEck Bitcoin Trust,VanEck,HODL,VanEck Bitcoin Trust,BTC-USD,2025-03-21,23.75,1300.0,0.2,23.424,99.98,112.304,48.103
1866,HODL,VanEck Bitcoin Trust,VanEck,HODL,VanEck Bitcoin Trust,BTC-USD,2025-03-24,24.96,1300.0,0.2,23.049,95.314,107.638,48.797
1867,HODL,VanEck Bitcoin Trust,VanEck,HODL,VanEck Bitcoin Trust,BTC-USD,2025-03-25,24.93,1300.0,0.2,22.56,99.305,111.629,47.168
1868,HODL,VanEck Bitcoin Trust,VanEck,HODL,VanEck Bitcoin Trust,BTC-USD,2025-03-26,24.47,1300.0,0.2,20.57,99.305,111.674,46.869
1869,HODL,VanEck Bitcoin Trust,VanEck,HODL,VanEck Bitcoin Trust,BTC-USD,2025-03-27,24.63,1300.0,0.2,18.93,106.645,119.014,46.858
1870,HODL,VanEck Bitcoin Trust,VanEck,HODL,VanEck Bitcoin Trust,BTC-USD,2025-03-28,23.69,1300.0,0.2,15.935,91.821,108.07,47.486
1871,HODL,VanEck Bitcoin Trust,VanEck,HODL,VanEck Bitcoin Trust,BTC-USD,2025-03-31,23.31,1300.0,0.2,16.083,86.658,102.907,47.552
1872,HODL,VanEck Bitcoin Trust,VanEck,HODL,VanEck Bitcoin Trust,BTC-USD,2025-04-01,24.04,1300.0,0.2,15.683,86.658,102.939,47.172
1873,HODL,VanEck Bitcoin Trust,VanEck,HODL,VanEck Bitcoin Trust,BTC-USD,2025-04-02,24.57,1300.0,0.2,15.307,86.658,102.939,47.357
1874,HODL,VanEck Bitcoin Trust,VanEck,HODL,VanEck Bitcoin Trust,BTC-USD,2025-04-03,23.18,1300.0,0.2,15.617,86.658,102.939,47.979
1875,HODL,VanEck Bitcoin Trust,VanEck,HODL,VanEck Bitcoin Trust,BTC-USD,2025-04-04,23.75,1300.0,0.2,16.108,75.893,92.173,46.898
1876,HODL,VanEck Bitcoin Trust,VanEck,HODL,VanEck Bitcoin Trust,BTC-USD,2025-04-07,22.08,1300.0,0.2,17.414,63.914,80.195,48.862
1877,HODL,VanEck Bitcoin Trust,VanEck,HODL,VanEck Bitcoin Trust,BTC-USD,2025-04-08,21.71,1300.0,0.2,17.682,83.795,100.044,48.891
1878,HODL,VanEck Bitcoin Trust,VanEck,HODL,VanEck Bitcoin Trust,BTC-USD,2025-04-09,23.25,1300.0,0.2,18.273,82.525,98.774,51.048
1879,HODL,VanEck Bitcoin Trust,VanEck,HODL,VanEck Bitcoin Trust,BTC-USD,2025-04-10,22.5,1300.0,0.2,18.489,83.05,99.33,51.035
1880,HODL,VanEck Bitcoin Trust,VanEck,HODL,VanEck Bitcoin Trust,BTC-USD,2025-04-11,23.71,1300.0,0.2,18.984,75.611,91.892,51.761
1881,HODL,VanEck Bitcoin Trust,VanEck,HODL,VanEck Bitcoin Trust,BTC-USD,2025-04-14,24.03,1300.0,0.2,19.374,75.611,91.86,51.829
1882,HODL,VanEck Bitcoin Trust,VanEck,HODL,VanEck Bitcoin Trust,BTC-USD,2025-04-15,23.78,1300.0,0.2,19.854,74.494,90.743,50.996
1883,HODL,VanEck Bitcoin Trust,VanEck,HODL,VanEck Bitcoin Trust,BTC-USD,2025-04-16,23.87,1300.0,0.2,20.05,77.405,89.775,50.882
1884,HODL,VanEck Bitcoin Trust,VanEck,HODL,VanEck Bitcoin Trust,BTC-USD,2025-04-17,24.04,1300.0,0.2,19.208,84.977,96.884,50.846
1885,HODL,VanEck Bitcoin Trust,VanEck,HODL,VanEck Bitcoin Trust,BTC-USD,2025-04-21,24.75,1300.0,0.2,20.27,73.415,82.501,51.27
1886,HODL,VanEck Bitcoin Trust,VanEck,HODL,VanEck Bitcoin Trust,BTC-USD,2025-04-22,25.92,1300.0,0.2,22.89,73.415,82.501,52.146
1887,HODL,VanEck Bitcoin Trust,VanEck,HODL,VanEck Bitcoin Trust,BTC-USD,2025-04-23,26.48,1300.0,0.2,23.349,73.415,82.097,51.917
1888,HODL,VanEck Bitcoin Trust,VanEck,HODL,VanEck Bitcoin Trust,BTC-USD,2025-04-24,26.49,1300.0,0.2,23.909,72.163,80.846,51.918
1889,HODL,VanEck Bitcoin Trust,VanEck,HODL,VanEck Bitcoin Trust,BTC-USD,2025-04-25,26.99,1300.0,0.2,24.496,72.163,80.022,51.673
1890,HODL,VanEck Bitcoin Trust,VanEck,HODL,VanEck Bitcoin Trust,BTC-USD,2025-04-28,26.82,1300.0,0.2,24.834,64.08,71.938,51.656
1891,HODL,VanEck Bitcoin Trust,VanEck,HODL,VanEck Bitcoin Trust,BTC-USD,2025-04-29,26.98,1300.0,0.2,25.021,64.08,71.537,51.236
1892,HODL,VanEck Bitcoin Trust,VanEck,HODL,VanEck Bitcoin Trust,BTC-USD,2025-04-30,26.63,1300.0,0.2,23.996,64.08,71.938,51.295
1893,HODL,VanEck Bitcoin Trust,VanEck,HODL,VanEck Bitcoin Trust,BTC-USD,2025-05-01,27.34,1300.0,0.2,24.294,64.08,71.938,51.331
1894,HODL,VanEck Bitcoin Trust,VanEck,HODL,VanEck Bitcoin Trust,BTC-USD,2025-05-02,27.45,1300.0,0.2,24.028,64.08,71.537,51.267
1895,HODL,VanEck Bitcoin Trust,VanEck,HODL,VanEck Bitcoin Trust,BTC-USD,2025-05-05,26.7,1300.0,0.2,23.722,64.08,71.537,51.574
1896,HODL,VanEck Bitcoin Trust,VanEck,HODL,VanEck Bitcoin Trust,BTC-USD,2025-05-06,26.86,1300.0,0.2,22.914,69.556,76.993,51.528
1897,HODL,VanEck Bitcoin Trust,VanEck,HODL,VanEck Bitcoin Trust,BTC-USD,2025-05-07,27.21,1300.0,0.2,21.455,69.556,76.993,51.476
1898,HODL,VanEck Bitcoin Trust,VanEck,HODL,VanEck Bitcoin Trust,BTC-USD,2025-05-08,28.66,1300.0,0.2,21.031,49.675,57.533,52.345
1899,HODL,VanEck Bitcoin Trust,VanEck,HODL,VanEck Bitcoin Trust,BTC-USD,2025-05-09,29.2,1300.0,0.2,20.481,38.274,46.133,52.34
1900,HODL,VanEck Bitcoin Trust,VanEck,HODL,VanEck Bitcoin Trust,BTC-USD,2025-05-12,28.82,1300.0,0.2,20.378,28.964,36.402,52.39
1901,HODL,VanEck Bitcoin Trust,VanEck,HODL,VanEck Bitcoin Trust,BTC-USD,2025-05-13,29.67,1300.0,0.2,20.333,30.214,37.652,52.665
1902,HODL,VanEck Bitcoin Trust,VanEck,HODL,VanEck Bitcoin Trust,BTC-USD,2025-05-14,29.23,1300.0,0.2,19.788,34.081,41.939,52.275
1903,HODL,VanEck Bitcoin Trust,VanEck,HODL,VanEck Bitcoin Trust,BTC-USD,2025-05-15,29.21,1300.0,0.2,19.468,30.589,38.448,52.111
1904,HODL,VanEck Bitcoin Trust,VanEck,HODL,VanEck Bitcoin Trust,BTC-USD,2025-05-16,29.43,1300.0,0.2,19.415,27.678,35.537,51.905
1905,HODL,VanEck Bitcoin Trust,VanEck,HODL,VanEck Bitcoin Trust,BTC-USD,2025-05-19,29.87,1300.0,0.2,20.319,22.647,30.505,51.315
1906,HODL,VanEck Bitcoin Trust,VanEck,HODL,VanEck Bitcoin Trust,BTC-USD,2025-05-20,30.29,1300.0,0.2,19.458,22.647,30.505,51.329
1907,HODL,VanEck Bitcoin Trust,VanEck,HODL,VanEck Bitcoin Trust,BTC-USD,2025-05-21,30.72,1300.0,0.2,18.172,22.647,30.505,49.394
1908,HODL,VanEck Bitcoin Trust,VanEck,HODL,VanEck Bitcoin Trust,BTC-USD,2025-05-22,31.46,1300.0,0.2,18.748,22.647,30.022,48.525
1909,HODL,VanEck Bitcoin Trust,VanEck,HODL,VanEck Bitcoin Trust,BTC-USD,2025-05-23,30.77,1300.0,0.2,19.19,19.907,27.766,48.733
1910,HODL,VanEck Bitcoin Trust,VanEck,HODL,VanEck Bitcoin Trust,BTC-USD,2025-05-27,31.14,1300.0,0.2,19.038,21.471,28.846,48.743
1911,HODL,VanEck Bitcoin Trust,VanEck,HODL,VanEck Bitcoin Trust,BTC-USD,2025-05-28,30.27,1300.0,0.2,19.152,21.471,29.546,49.054
1912,HODL,VanEck Bitcoin Trust,VanEck,HODL,VanEck Bitcoin Trust,BTC-USD,2025-05-29,29.9,1300.0,0.2,19.754,22.001,30.077,49.149
1913,HODL,VanEck Bitcoin Trust,VanEck,HODL,VanEck Bitcoin Trust,BTC-USD,2025-05-30,29.6,1300.0,0.2,19.829,22.001,29.376,48.57
1914,HODL,VanEck Bitcoin Trust,VanEck,HODL,VanEck Bitcoin Trust,BTC-USD,2025-06-02,29.56,1300.0,0.2,19.569,24.678,31.16,48.436
1915,HODL,VanEck Bitcoin Trust,VanEck,HODL,VanEck Bitcoin Trust,BTC-USD,2025-06-03,30.08,1300.0,0.2,19.864,24.678,32.052,48.193
1916,HODL,VanEck Bitcoin Trust,VanEck,HODL,VanEck Bitcoin Trust,BTC-USD,2025-06-04,29.71,1300.0,0.2,19.675,24.678,32.052,43.889
1917,HODL,VanEck Bitcoin Trust,VanEck,HODL,VanEck Bitcoin Trust,BTC-USD,2025-06-05,28.83,1300.0,0.2,20.05,21.589,29.664,43.554
1918,HODL,VanEck Bitcoin Trust,VanEck,HODL,VanEck Bitcoin Trust,BTC-USD,2025-06-06,29.52,1300.0,0.2,20.389,24.484,32.559,43.739
1919,HODL,VanEck Bitcoin Trust,VanEck,HODL,VanEck Bitcoin Trust,BTC-USD,2025-06-09,30.77,1300.0,0.2,20.648,24.484,32.559,43.708
1920,HODL,VanEck Bitcoin Trust,VanEck,HODL,VanEck Bitcoin Trust,BTC-USD,2025-06-10,31.0,1300.0,0.2,21.025,24.484,31.859,42.525
1921,HODL,VanEck Bitcoin Trust,VanEck,HODL,VanEck Bitcoin Trust,BTC-USD,2025-06-11,30.79,1300.0,0.2,21.32,29.969,36.452,42.575
1922,HODL,VanEck Bitcoin Trust,VanEck,HODL,VanEck Bitcoin Trust,BTC-USD,2025-06-12,30.23,1300.0,0.2,21.323,28.72,35.202,42.364
1923,HODL,VanEck Bitcoin Trust,VanEck,HODL,VanEck Bitcoin Trust,BTC-USD,2025-06-13,29.76,1300.0,0.2,21.772,24.853,31.336,42.001
1924,HODL,VanEck Bitcoin Trust,VanEck,HODL,VanEck Bitcoin Trust,BTC-USD,2025-06-16,30.74,1300.0,0.2,22.303,20.915,28.249,42.217
1925,HODL,VanEck Bitcoin Trust,VanEck,HODL,VanEck Bitcoin Trust,BTC-USD,2025-06-17,29.63,1300.0,0.2,22.789,20.915,28.99,43.031
1926,HODL,VanEck Bitcoin Trust,VanEck,HODL,VanEck Bitcoin Trust,BTC-USD,2025-06-18,29.38,1300.0,0.2,22.712,24.725,32.8,42.014
1927,HODL,VanEck Bitcoin Trust,VanEck,HODL,VanEck Bitcoin Trust,BTC-USD,2025-06-20,29.25,1300.0,0.2,23.792,29.005,36.34,42.032
1928,HODL,VanEck Bitcoin Trust,VanEck,HODL,VanEck Bitcoin Trust,BTC-USD,2025-06-23,29.21,1300.0,0.2,23.566,29.005,36.34,41.807
1929,HODL,VanEck Bitcoin Trust,VanEck,HODL,VanEck Bitcoin Trust,BTC-USD,2025-06-24,29.91,1300.0,0.2,22.485,29.005,37.081,42.017
1930,HODL,VanEck Bitcoin Trust,VanEck,HODL,VanEck Bitcoin Trust,BTC-USD,2025-06-25,30.5,1300.0,0.2,21.92,29.005,37.726,41.212
1931,HODL,VanEck Bitcoin Trust,VanEck,HODL,VanEck Bitcoin Trust,BTC-USD,2025-06-26,30.45,1300.0,0.2,22.058,29.56,38.281,41.012
1932,HODL,VanEck Bitcoin Trust,VanEck,HODL,VanEck Bitcoin Trust,BTC-USD,2025-06-27,30.23,1300.0,0.2,22.023,34.326,41.661,40.707
1933,HODL,VanEck Bitcoin Trust,VanEck,HODL,VanEck Bitcoin Trust,BTC-USD,2025-06-30,30.47,1300.0,0.2,21.951,37.423,44.757,40.544
1934,HODL,VanEck Bitcoin Trust,VanEck,HODL,VanEck Bitcoin Trust,BTC-USD,2025-07-01,29.83,1300.0,0.2,22.382,37.423,46.013,38.806
1935,HODL,VanEck Bitcoin Trust,VanEck,HODL,VanEck Bitcoin Trust,BTC-USD,2025-07-02,31.04,1300.0,0.2,23.317,34.747,43.467,39.275
1936,HODL,VanEck Bitcoin Trust,VanEck,HODL,VanEck Bitcoin Trust,BTC-USD,2025-07-03,30.93,1300.0,0.2,23.556,34.747,43.337,35.863
1937,HODL,VanEck Bitcoin Trust,VanEck,HODL,VanEck Bitcoin Trust,BTC-USD,2025-07-07,30.57,1300.0,0.2,23.802,34.747,42.081,35.739
1938,HODL,VanEck Bitcoin Trust,VanEck,HODL,VanEck Bitcoin Trust,BTC-USD,2025-07-08,30.78,1300.0,0.2,23.456,32.359,38.405,33.257
1939,HODL,VanEck Bitcoin Trust,VanEck,HODL,VanEck Bitcoin Trust,BTC-USD,2025-07-09,31.65,1300.0,0.2,24.119,29.464,35.51,32.656
1940,HODL,VanEck Bitcoin Trust,VanEck,HODL,VanEck Bitcoin Trust,BTC-USD,2025-07-10,32.11,1300.0,0.2,24.819,29.464,33.688,31.234
1941,HODL,VanEck Bitcoin Trust,VanEck,HODL,VanEck Bitcoin Trust,BTC-USD,2025-07-11,33.44,1300.0,0.2,25.688,29.464,35.51,32.031
1942,HODL,VanEck Bitcoin Trust,VanEck,HODL,VanEck Bitcoin Trust,BTC-USD,2025-07-14,33.93,1300.0,0.2,26.557,21.143,27.19,31.908
1943,HODL,VanEck Bitcoin Trust,VanEck,HODL,VanEck Bitcoin Trust,BTC-USD,2025-07-15,32.96,1300.0,0.2,28.123,21.143,26.768,32.7
1944,HODL,VanEck Bitcoin Trust,VanEck,HODL,VanEck Bitcoin Trust,BTC-USD,2025-07-16,33.76,1300.0,0.2,29.16,21.143,26.701,32.92
1945,HODL,VanEck Bitcoin Trust,VanEck,HODL,VanEck Bitcoin Trust,BTC-USD,2025-07-17,33.68,1300.0,0.2,29.383,26.935,31.159,32.593
1946,HODL,VanEck Bitcoin Trust,VanEck,HODL,VanEck Bitcoin Trust,BTC-USD,2025-07-18,33.21,1300.0,0.2,29.897,31.204,35.428,31.677
1947,HODL,VanEck Bitcoin Trust,VanEck,HODL,VanEck Bitcoin Trust,BTC-USD,2025-07-21,33.05,1300.0,0.2,30.733,32.003,36.227,31.523
1948,HODL,VanEck Bitcoin Trust,VanEck,HODL,VanEck Bitcoin Trust,BTC-USD,2025-07-22,33.77,1300.0,0.2,30.53,29.212,33.523,31.726
1949,HODL,VanEck Bitcoin Trust,VanEck,HODL,VanEck Bitcoin Trust,BTC-USD,2025-07-23,33.53,1300.0,0.2,30.718,30.844,35.155,31.658
1950,HODL,VanEck Bitcoin Trust,VanEck,HODL,VanEck Bitcoin Trust,BTC-USD,2025-07-24,33.7,1300.0,0.2,32.655,30.844,35.068,31.591
1951,HODL,VanEck Bitcoin Trust,VanEck,HODL,VanEck Bitcoin Trust,BTC-USD,2025-07-25,33.06,1300.0,0.2,33.608,30.844,35.068,31.936
1952,HODL,VanEck Bitcoin Trust,VanEck,HODL,VanEck Bitcoin Trust,BTC-USD,2025-07-28,33.41,1300.0,0.2,33.896,28.726,32.949,31.783
1953,HODL,VanEck Bitcoin Trust,VanEck,HODL,VanEck Bitcoin Trust,BTC-USD,2025-07-29,33.25,1300.0,0.2,35.03,28.941,33.165,31.479
1954,HODL,VanEck Bitcoin Trust,VanEck,HODL,VanEck Bitcoin Trust,BTC-USD,2025-07-30,33.07,1300.0,0.2,35.662,30.116,34.339,31.528
1955,HODL,VanEck Bitcoin Trust,VanEck,HODL,VanEck Bitcoin Trust,BTC-USD,2025-07-31,33.04,1300.0,0.2,35.658,36.523,40.228,30.882
1956,HODL,VanEck Bitcoin Trust,VanEck,HODL,VanEck Bitcoin Trust,BTC-USD,2025-08-01,32.01,1300.0,0.2,35.406,36.523,40.228,31.708
1957,HODL,VanEck Bitcoin Trust,VanEck,HODL,VanEck Bitcoin Trust,BTC-USD,2025-08-04,32.47,1300.0,0.2,35.437,40.825,45.048,31.727
1958,HODL,VanEck Bitcoin Trust,VanEck,HODL,VanEck Bitcoin Trust,BTC-USD,2025-08-05,32.16,1300.0,0.2,35.567,40.825,45.048,30.136
1959,HODL,VanEck Bitcoin Trust,VanEck,HODL,VanEck Bitcoin Trust,BTC-USD,2025-08-06,32.63,1300.0,0.2,35.929,40.825,45.136,30.05
1960,HODL,VanEck Bitcoin Trust,VanEck,HODL,VanEck Bitcoin Trust,BTC-USD,2025-08-07,33.27,1300.0,0.2,35.449,40.825,45.136,30.098
1961,HODL,VanEck Bitcoin Trust,VanEck,HODL,VanEck Bitcoin Trust,BTC-USD,2025-08-08,32.95,1300.0,0.2,35.367,45.88,50.19,29.675
1962,HODL,VanEck Bitcoin Trust,VanEck,HODL,VanEck Bitcoin Trust,BTC-USD,2025-08-11,33.67,1300.0,0.2,34.498,45.88,50.19,29.743
1963,HODL,VanEck Bitcoin Trust,VanEck,HODL,VanEck Bitcoin Trust,BTC-USD,2025-08-12,33.86,1300.0,0.2,33.493,50.86,55.171,29.743
1964,HODL,VanEck Bitcoin Trust,VanEck,HODL,VanEck Bitcoin Trust,BTC-USD,2025-08-13,34.77,1300.0,0.2,32.202,50.86,55.171,30.134
1965,HODL,VanEck Bitcoin Trust,VanEck,HODL,VanEck Bitcoin Trust,BTC-USD,2025-08-14,33.4,1300.0,0.2,31.627,50.86,55.171,31.282
1966,HODL,VanEck Bitcoin Trust,VanEck,HODL,VanEck Bitcoin Trust,BTC-USD,2025-08-15,33.1,1300.0,0.2,30.809,47.151,51.492,31.257
1967,HODL,VanEck Bitcoin Trust,VanEck,HODL,VanEck Bitcoin Trust,BTC-USD,2025-08-18,32.91,1300.0,0.2,29.949,42.882,47.222,31.179
1968,HODL,VanEck Bitcoin Trust,VanEck,HODL,VanEck Bitcoin Trust,BTC-USD,2025-08-19,31.99,1300.0,0.2,28.929,35.732,41.115,31.392
1969,HODL,VanEck Bitcoin Trust,VanEck,HODL,VanEck Bitcoin Trust,BTC-USD,2025-08-20,32.35,1300.0,0.2,29.961,37.346,41.687,31.116
1970,HODL,VanEck Bitcoin Trust,VanEck,HODL,VanEck Bitcoin Trust,BTC-USD,2025-08-21,31.73,1300.0,0.2,28.854,40.793,46.177,31.299
1971,HODL,VanEck Bitcoin Trust,VanEck,HODL,VanEck Bitcoin Trust,BTC-USD,2025-08-22,33.01,1300.0,0.2,27.352,44.81,50.603,31.734
1972,HODL,VanEck Bitcoin Trust,VanEck,HODL,VanEck Bitcoin Trust,BTC-USD,2025-08-25,31.35,1300.0,0.2,26.818,44.81,50.906,33.437
1973,HODL,VanEck Bitcoin Trust,VanEck,HODL,VanEck Bitcoin Trust,BTC-USD,2025-08-26,31.44,1300.0,0.2,26.48,44.81,50.906,33.363
1974,HODL,VanEck Bitcoin Trust,VanEck,HODL,VanEck Bitcoin Trust,BTC-USD,2025-08-27,31.71,1300.0,0.2,25.85,39.828,45.925,33.395
1975,HODL,VanEck Bitcoin Trust,VanEck,HODL,VanEck Bitcoin Trust,BTC-USD,2025-08-28,31.67,1300.0,0.2,24.918,35.026,41.123,33.225
1976,HODL,VanEck Bitcoin Trust,VanEck,HODL,VanEck Bitcoin Trust,BTC-USD,2025-08-29,30.61,1300.0,0.2,25.168,28.619,34.797,33.884
1977,HODL,VanEck Bitcoin Trust,VanEck,HODL,VanEck Bitcoin Trust,BTC-USD,2025-09-02,31.33,1300.0,0.2,25.353,28.619,34.797,33.59
1978,HODL,VanEck Bitcoin Trust,VanEck,HODL,VanEck Bitcoin Trust,BTC-USD,2025-09-03,31.74,1300.0,0.2,25.281,24.317,30.496,33.359
1979,HODL,VanEck Bitcoin Trust,VanEck,HODL,VanEck Bitcoin Trust,BTC-USD,2025-09-04,31.06,1300.0,0.2,25.497,24.317,30.935,32.605
1980,HODL,VanEck Bitcoin Trust,VanEck,HODL,VanEck Bitcoin Trust,BTC-USD,2025-09-05,31.58,1300.0,0.2,25.474,24.317,31.437,32.746
1981,HODL,VanEck Bitcoin Trust,VanEck,HODL,VanEck Bitcoin Trust,BTC-USD,2025-09-08,31.71,1300.0,0.2,25.553,26.409,33.026,32.721
1982,HODL,VanEck Bitcoin Trust,VanEck,HODL,VanEck Bitcoin Trust,BTC-USD,2025-09-09,31.49,1300.0,0.2,25.094,23.711,30.329,32.523
1983,HODL,VanEck Bitcoin Trust,VanEck,HODL,VanEck Bitcoin Trust,BTC-USD,2025-09-10,32.15,1300.0,0.2,25.902,23.711,29.89,32.597
1984,HODL,VanEck Bitcoin Trust,VanEck,HODL,VanEck Bitcoin Trust,BTC-USD,2025-09-11,32.41,1300.0,0.2,26.031,19.194,25.372,31.981
1985,HODL,VanEck Bitcoin Trust,VanEck,HODL,VanEck Bitcoin Trust,BTC-USD,2025-09-12,33.08,1300.0,0.2,26.023,19.194,25.372,31.245
1986,HODL,VanEck Bitcoin Trust,VanEck,HODL,VanEck Bitcoin Trust,BTC-USD,2025-09-15,32.63,1300.0,0.2,26.495,19.194,24.818,31.337
1987,HODL,VanEck Bitcoin Trust,VanEck,HODL,VanEck Bitcoin Trust,BTC-USD,2025-09-16,33.07,1300.0,0.2,27.234,17.111,22.123,31.4
1988,HODL,VanEck Bitcoin Trust,VanEck,HODL,VanEck Bitcoin Trust,BTC-USD,2025-09-17,32.73,1300.0,0.2,28.478,22.048,27.06,31.495
1989,HODL,VanEck Bitcoin Trust,VanEck,HODL,VanEck Bitcoin Trust,BTC-USD,2025-09-18,33.22,1300.0,0.2,29.859,22.048,26.493,31.285
1990,HODL,VanEck Bitcoin Trust,VanEck,HODL,VanEck Bitcoin Trust,BTC-USD,2025-09-19,32.56,1300.0,0.2,29.415,18.945,23.434,31.376
1991,HODL,VanEck Bitcoin Trust,VanEck,HODL,VanEck Bitcoin Trust,BTC-USD,2025-09-22,31.72,1300.0,0.2,31.058,13.865,18.354,31.865
1992,HODL,VanEck Bitcoin Trust,VanEck,HODL,VanEck Bitcoin Trust,BTC-USD,2025-09-23,31.58,1300.0,0.2,31.461,13.388,17.833,31.841
1993,HODL,VanEck Bitcoin Trust,VanEck,HODL,VanEck Bitcoin Trust,BTC-USD,2025-09-24,32.11,1300.0,0.2,31.742,13.388,17.833,31.975
1994,HODL,VanEck Bitcoin Trust,VanEck,HODL,VanEck Bitcoin Trust,BTC-USD,2025-09-25,30.93,1300.0,0.2,34.782,13.388,17.833,32.619
1995,HODL,VanEck Bitcoin Trust,VanEck,HODL,VanEck Bitcoin Trust,BTC-USD,2025-09-26,30.88,1300.0,0.2,35.506,17.542,21.987,31.584
1996,HODL,VanEck Bitcoin Trust,VanEck,HODL,VanEck Bitcoin Trust,BTC-USD,2025-09-29,32.36,1300.0,0.2,37.313,17.542,22.031,33.002
1997,HODL,VanEck Bitcoin Trust,VanEck,HODL,VanEck Bitcoin Trust,BTC-USD,2025-09-30,32.37,1300.0,0.2,37.995,22.107,26.552,32.9
1998,HODL,VanEck Bitcoin Trust,VanEck,HODL,VanEck Bitcoin Trust,BTC-USD,2025-10-01,33.24,1300.0,0.2,38.493,22.107,26.552,33.296
1999,HODL,VanEck Bitcoin Trust,VanEck,HODL,VanEck Bitcoin Trust,BTC-USD,2025-10-02,34.23,1300.0,0.2,40.488,22.107,26.552,33.347
2000,HODL,VanEck Bitcoin Trust,VanEck,HODL,VanEck Bitcoin Trust,BTC-USD,2025-10-03,34.76,1300.0,0.2,43.698,22.107,26.446,33.364
2001,HODL,VanEck Bitcoin Trust,VanEck,HODL,VanEck Bitcoin Trust,BTC-USD,2025-10-06,35.49,1300.0,0.2,46.228,22.107,25.489,32.606
2002,HODL,VanEck Bitcoin Trust,VanEck,HODL,VanEck Bitcoin Trust,BTC-USD,2025-10-07,34.41,1300.0,0.2,49.236,20.015,23.567,33.126
2003,HODL,VanEck Bitcoin Trust,VanEck,HODL,VanEck Bitcoin Trust,BTC-USD,2025-10-08,34.92,1300.0,0.2,50.114,23.899,27.452,32.686
2004,HODL,VanEck Bitcoin Trust,VanEck,HODL,VanEck Bitcoin Trust,BTC-USD,2025-10-09,34.24,1300.0,0.2,51.296,24.204,27.587,32.597
2005,HODL,VanEck Bitcoin Trust,VanEck,HODL,VanEck Bitcoin Trust,BTC-USD,2025-10-10,32.99,1300.0,0.2,54.696,24.622,28.174,33.485
2006,HODL,VanEck Bitcoin Trust,VanEck,HODL,VanEck Bitcoin Trust,BTC-USD,2025-10-13,32.77,1300.0,0.2,59.538,24.622,27.963,33.39
2007,HODL,VanEck Bitcoin Trust,VanEck,HODL,VanEck Bitcoin Trust,BTC-USD,2025-10-14,31.86,1300.0,0.2,60.805,24.622,28.174,33.867
2008,HODL,VanEck Bitcoin Trust,VanEck,HODL,VanEck Bitcoin Trust,BTC-USD,2025-10-15,31.47,1300.0,0.2,62.577,30.577,33.772,33.63
2009,HODL,VanEck Bitcoin Trust,VanEck,HODL,VanEck Bitcoin Trust,BTC-USD,2025-10-16,30.62,1300.0,0.2,66.325,25.64,28.835,34.037
2010,HODL,VanEck Bitcoin Trust,VanEck,HODL,VanEck Bitcoin Trust,BTC-USD,2025-10-17,30.12,1300.0,0.2,70.981,25.64,28.835,34.145
2011,HODL,VanEck Bitcoin Trust,VanEck,HODL,VanEck Bitcoin Trust,BTC-USD,2025-10-20,31.35,1300.0,0.2,72.056,25.64,28.835,35.009
2012,HODL,VanEck Bitcoin Trust,VanEck,HODL,VanEck Bitcoin Trust,BTC-USD,2025-10-21,31.64,1300.0,0.2,72.923,28.73,31.7,34.991
2013,HODL,VanEck Bitcoin Trust,VanEck,HODL,VanEck Bitcoin Trust,BTC-USD,2025-10-22,30.48,1300.0,0.2,75.612,25.191,28.387,35.773
2014,HODL,VanEck Bitcoin Trust,VanEck,HODL,VanEck Bitcoin Trust,BTC-USD,2025-10-23,31.19,1300.0,0.2,76.401,25.191,28.387,36.112
2015,HODL,VanEck Bitcoin Trust,VanEck,HODL,VanEck Bitcoin Trust,BTC-USD,2025-10-24,31.27,1300.0,0.2,73.775,29.633,32.603,36.119
2016,HODL,VanEck Bitcoin Trust,VanEck,HODL,VanEck Bitcoin Trust,BTC-USD,2025-10-27,32.51,1300.0,0.2,73.327,25.479,28.674,36.446
2017,HODL,VanEck Bitcoin Trust,VanEck,HODL,VanEck Bitcoin Trust,BTC-USD,2025-10-28,32.14,1300.0,0.2,72.474,28.554,31.531,36.405
2018,HODL,VanEck Bitcoin Trust,VanEck,HODL,VanEck Bitcoin Trust,BTC-USD,2025-10-29,31.28,1300.0,0.2,73.944,23.989,27.184,36.774
2019,HODL,VanEck Bitcoin Trust,VanEck,HODL,VanEck Bitcoin Trust,BTC-USD,2025-10-30,30.08,1300.0,0.2,77.556,23.989,27.184,37.477
2020,HODL,VanEck Bitcoin Trust,VanEck,HODL,VanEck Bitcoin Trust,BTC-USD,2025-10-31,31.03,1300.0,0.2,77.243,23.989,27.184,37.828
2021,HODL,VanEck Bitcoin Trust,VanEck,HODL,VanEck Bitcoin Trust,BTC-USD,2025-11-03,30.14,1300.0,0.2,75.496,23.989,27.21,38.222
2022,HODL,VanEck Bitcoin Trust,VanEck,HODL,VanEck Bitcoin Trust,BTC-USD,2025-11-04,28.49,1300.0,0.2,76.721,23.989,27.541,39.524
2023,HODL,VanEck Bitcoin Trust,VanEck,HODL,VanEck Bitcoin Trust,BTC-USD,2025-11-05,29.35,1300.0,0.2,75.017,29.917,33.529,40.049
2024,HODL,VanEck Bitcoin Trust,VanEck,HODL,VanEck Bitcoin Trust,BTC-USD,2025-11-06,28.52,1300.0,0.2,75.218,23.676,27.582,39.945
2025,HODL,VanEck Bitcoin Trust,VanEck,HODL,VanEck Bitcoin Trust,BTC-USD,2025-11-07,29.34,1300.0,0.2,74.832,31.469,35.635,39.71
2026,HODL,VanEck Bitcoin Trust,VanEck,HODL,VanEck Bitcoin Trust,BTC-USD,2025-11-10,29.98,1300.0,0.2,72.644,30.588,34.828,39.979
2027,HODL,VanEck Bitcoin Trust,VanEck,HODL,VanEck Bitcoin Trust,BTC-USD,2025-11-11,29.06,1300.0,0.2,67.847,30.588,34.969,40.427
2028,HODL,VanEck Bitcoin Trust,VanEck,HODL,VanEck Bitcoin Trust,BTC-USD,2025-11-12,28.72,1300.0,0.2,66.717,35.661,40.042,40.108
2029,HODL,VanEck Bitcoin Trust,VanEck,HODL,VanEck Bitcoin Trust,BTC-USD,2025-11-13,27.73,1300.0,0.2,65.913,29.706,34.584,40.586
2030,HODL,VanEck Bitcoin Trust,VanEck,HODL,VanEck Bitcoin Trust,BTC-USD,2025-11-14,26.66,1300.0,0.2,62.834,29.706,34.621,41.142
2031,HODL,VanEck Bitcoin Trust,VanEck,HODL,VanEck Bitcoin Trust,BTC-USD,2025-11-17,25.97,1300.0,0.2,61.803,29.706,34.621,40.446
2032,HODL,VanEck Bitcoin Trust,VanEck,HODL,VanEck Bitcoin Trust,BTC-USD,2025-11-18,26.23,1300.0,0.2,60.892,37.362,42.24,39.303
2033,HODL,VanEck Bitcoin Trust,VanEck,HODL,VanEck Bitcoin Trust,BTC-USD,2025-11-19,25.26,1300.0,0.2,61.616,34.271,39.149,39.92
2034,HODL,VanEck Bitcoin Trust,VanEck,HODL,VanEck Bitcoin Trust,BTC-USD,2025-11-20,24.4,1300.0,0.2,61.412,39.397,44.275,40.335
2035,HODL,VanEck Bitcoin Trust,VanEck,HODL,VanEck Bitcoin Trust,BTC-USD,2025-11-21,23.9,1300.0,0.2,63.662,39.397,44.168,40.468
2036,HODL,VanEck Bitcoin Trust,VanEck,HODL,VanEck Bitcoin Trust,BTC-USD,2025-11-24,25.21,1300.0,0.2,64.009,34.956,39.834,41.706
2037,HODL,VanEck Bitcoin Trust,VanEck,HODL,VanEck Bitcoin Trust,BTC-USD,2025-11-25,24.68,1300.0,0.2,69.185,40.915,45.685,41.495
2038,HODL,VanEck Bitcoin Trust,VanEck,HODL,VanEck Bitcoin Trust,BTC-USD,2025-11-26,25.42,1300.0,0.2,69.053,37.841,42.719,41.92
2039,HODL,VanEck Bitcoin Trust,VanEck,HODL,VanEck Bitcoin Trust,BTC-USD,2025-11-28,25.65,1300.0,0.2,67.013,37.841,42.719,41.83
2040,HODL,VanEck Bitcoin Trust,VanEck,HODL,VanEck Bitcoin Trust,BTC-USD,2025-12-01,24.2,1300.0,0.2,63.443,37.841,42.914,43.108
2041,HODL,VanEck Bitcoin Trust,VanEck,HODL,VanEck Bitcoin Trust,BTC-USD,2025-12-02,25.75,1300.0,0.2,62.879,37.841,42.914,45.186
2042,HODL,VanEck Bitcoin Trust,VanEck,HODL,VanEck Bitcoin Trust,BTC-USD,2025-12-03,26.3,1300.0,0.2,61.774,37.841,43.351,45.459
2043,HODL,VanEck Bitcoin Trust,VanEck,HODL,VanEck Bitcoin Trust,BTC-USD,2025-12-04,26.16,1300.0,0.2,58.589,40.652,45.53,45.191
2044,HODL,VanEck Bitcoin Trust,VanEck,HODL,VanEck Bitcoin Trust,BTC-USD,2025-12-05,25.26,1300.0,0.2,58.849,34.724,39.602,45.583
2045,HODL,VanEck Bitcoin Trust,VanEck,HODL,VanEck Bitcoin Trust,BTC-USD,2025-12-08,25.68,1300.0,0.2,58.656,39.168,43.939,45.499
2046,HODL,VanEck Bitcoin Trust,VanEck,HODL,VanEck Bitcoin Trust,BTC-USD,2025-12-09,26.33,1300.0,0.2,58.908,32.074,36.455,45.844
2047,HODL,VanEck Bitcoin Trust,VanEck,HODL,VanEck Bitcoin Trust,BTC-USD,2025-12-10,26.16,1300.0,0.2,58.495,42.72,46.854,45.711
2048,HODL,VanEck Bitcoin Trust,VanEck,HODL,VanEck Bitcoin Trust,BTC-USD,2025-12-11,25.95,1300.0,0.2,60.899,42.72,46.663,45.699
2049,HODL,VanEck Bitcoin Trust,VanEck,HODL,VanEck Bitcoin Trust,BTC-USD,2025-12-12,25.53,1300.0,0.2,61.131,46.35,50.293,45.6
2050,HODL,VanEck Bitcoin Trust,VanEck,HODL,VanEck Bitcoin Trust,BTC-USD,2025-12-15,24.26,1300.0,0.2,65.531,46.35,49.921,46.487
2051,HODL,VanEck Bitcoin Trust,VanEck,HODL,VanEck Bitcoin Trust,BTC-USD,2025-12-16,24.78,1300.0,0.2,69.416,48.682,52.249,46.576
2052,HODL,VanEck Bitcoin Trust,VanEck,HODL,VanEck Bitcoin Trust,BTC-USD,2025-12-17,24.28,1300.0,0.2,67.178,50.893,54.46,46.696
2053,HODL,VanEck Bitcoin Trust,VanEck,HODL,VanEck Bitcoin Trust,BTC-USD,2025-12-18,23.94,1300.0,0.2,68.746,57.688,61.255,46.529
2054,HODL,VanEck Bitcoin Trust,VanEck,HODL,VanEck Bitcoin Trust,BTC-USD,2025-12-19,24.88,1300.0,0.2,66.489,64.822,68.39,46.862
2055,HODL,VanEck Bitcoin Trust,VanEck,HODL,VanEck Bitcoin Trust,BTC-USD,2025-12-22,24.98,1300.0,0.2,63.867,59.749,63.097,46.887
2056,HODL,VanEck Bitcoin Trust,VanEck,HODL,VanEck Bitcoin Trust,BTC-USD,2025-12-23,24.79,1300.0,0.2,61.025,59.749,63.097,45.702
2057,HODL,VanEck Bitcoin Trust,VanEck,HODL,VanEck Bitcoin Trust,BTC-USD,2025-12-24,24.67,1300.0,0.2,60.198,62.193,64.986,45.692
2058,HODL,VanEck Bitcoin Trust,VanEck,HODL,VanEck Bitcoin Trust,BTC-USD,2025-12-26,24.74,1300.0,0.2,54.955,57.308,60.1,45.26
2059,HODL,VanEck Bitcoin Trust,VanEck,HODL,VanEck Bitcoin Trust,BTC-USD,2025-12-29,24.62,1300.0,0.2,54.315,60.551,62.98,44.693
2060,HODL,VanEck Bitcoin Trust,VanEck,HODL,VanEck Bitcoin Trust,BTC-USD,2025-12-30,24.85,1300.0,0.2,55.124,60.551,62.855,44.589
2061,HODL,VanEck Bitcoin Trust,VanEck,HODL,VanEck Bitcoin Trust,BTC-USD,2025-12-31,24.73,1300.0,0.2,55.515,62.241,64.458,44.25
2062,HODL,VanEck Bitcoin Trust,VanEck,HODL,VanEck Bitcoin Trust,BTC-USD,2026-01-02,25.37,1300.0,0.2,59.209,62.241,64.429,44.406
2063,HODL,VanEck Bitcoin Trust,VanEck,HODL,VanEck Bitcoin Trust,BTC-USD,2026-01-05,26.66,1300.0,0.2,60.387,62.241,64.429,45.629
2064,HODL,VanEck Bitcoin Trust,VanEck,HODL,VanEck Bitcoin Trust,BTC-USD,2026-01-06,26.14,1300.0,0.2,61.453,64.111,66.328,45.629
2065,HODL,VanEck Bitcoin Trust,VanEck,HODL,VanEck Bitcoin Trust,BTC-USD,2026-01-07,25.71,1300.0,0.2,59.87,64.111,66.328,45.192
2066,HODL,VanEck Bitcoin Trust,VanEck,HODL,VanEck Bitcoin Trust,BTC-USD,2026-01-08,25.69,1300.0,0.2,58.888,59.667,61.855,45.194
2067,HODL,VanEck Bitcoin Trust,VanEck,HODL,VanEck Bitcoin Trust,BTC-USD,2026-01-09,25.51,1300.0,0.2,58.128,62.876,64.934,44.92
2068,HODL,VanEck Bitcoin Trust,VanEck,HODL,VanEck Bitcoin Trust,BTC-USD,2026-01-12,25.85,1300.0,0.2,58.638,59.296,61.484,45.016
2069,HODL,VanEck Bitcoin Trust,VanEck,HODL,VanEck Bitcoin Trust,BTC-USD,2026-01-13,26.72,1300.0,0.2,56.853,59.296,61.513,45.338
2070,HODL,VanEck Bitcoin Trust,VanEck,HODL,VanEck Bitcoin Trust,BTC-USD,2026-01-14,27.62,1300.0,0.2,57.09,50.593,52.81,45.811
2071,HODL,VanEck Bitcoin Trust,VanEck,HODL,VanEck Bitcoin Trust,BTC-USD,2026-01-15,26.94,1300.0,0.2,52.342,54.668,56.884,45.23
2072,HODL,VanEck Bitcoin Trust,VanEck,HODL,VanEck Bitcoin Trust,BTC-USD,2026-01-16,27.03,1300.0,0.2,48.702,52.336,54.553,45.181
2073,HODL,VanEck Bitcoin Trust,VanEck,HODL,VanEck Bitcoin Trust,BTC-USD,2026-01-20,25.32,1300.0,0.2,47.504,50.125,52.342,46.447
2074,HODL,VanEck Bitcoin Trust,VanEck,HODL,VanEck Bitcoin Trust,BTC-USD,2026-01-21,25.47,1300.0,0.2,47.012,35.673,37.89,46.168
2075,HODL,VanEck Bitcoin Trust,VanEck,HODL,VanEck Bitcoin Trust,BTC-USD,2026-01-22,25.26,1300.0,0.2,47.747,32.61,34.798,46.162
2076,HODL,VanEck Bitcoin Trust,VanEck,HODL,VanEck Bitcoin Trust,BTC-USD,2026-01-23,25.3,1300.0,0.2,47.728,37.012,39.201,45.322
2077,HODL,VanEck Bitcoin Trust,VanEck,HODL,VanEck Bitcoin Trust,BTC-USD,2026-01-26,24.75,1300.0,0.2,47.536,37.012,39.201,45.445
2078,HODL,VanEck Bitcoin Trust,VanEck,HODL,VanEck Bitcoin Trust,BTC-USD,2026-01-27,25.26,1300.0,0.2,48.168,40.425,42.613,45.472
2079,HODL,VanEck Bitcoin Trust,VanEck,HODL,VanEck Bitcoin Trust,BTC-USD,2026-01-28,25.18,1300.0,0.2,48.276,39.351,41.539,44.864
2080,HODL,VanEck Bitcoin Trust,VanEck,HODL,VanEck Bitcoin Trust,BTC-USD,2026-01-29,23.76,1300.0,0.2,49.911,36.108,38.69,45.686
2081,HODL,VanEck Bitcoin Trust,VanEck,HODL,VanEck Bitcoin Trust,BTC-USD,2026-01-30,23.7,1300.0,0.2,52.044,36.108,38.69,45.397
2082,HODL,VanEck Bitcoin Trust,VanEck,HODL,VanEck Bitcoin Trust,BTC-USD,2026-02-02,22.05,1300.0,0.2,63.789,34.418,37.0,46.285
2083,HODL,VanEck Bitcoin Trust,VanEck,HODL,VanEck Bitcoin Trust,BTC-USD,2026-02-03,21.6,1300.0,0.2,66.356,34.418,37.0,45.853
2084,HODL,VanEck Bitcoin Trust,VanEck,HODL,VanEck Bitcoin Trust,BTC-USD,2026-02-04,20.75,1300.0,0.2,66.984,37.935,40.517,46.164
2085,HODL,VanEck Bitcoin Trust,VanEck,HODL,VanEck Bitcoin Trust,BTC-USD,2026-02-05,18.01,1300.0,0.2,69.651,33.253,35.835,53.44
2086,HODL,VanEck Bitcoin Trust,VanEck,HODL,VanEck Bitcoin Trust,BTC-USD,2026-02-06,19.82,1300.0,0.2,71.477,38.764,41.346,57.23
2087,HODL,VanEck Bitcoin Trust,VanEck,HODL,VanEck Bitcoin Trust,BTC-USD,2026-02-09,20.02,1300.0,0.2,72.765,51.024,53.606,57.107
2088,HODL,VanEck Bitcoin Trust,VanEck,HODL,VanEck Bitcoin Trust,BTC-USD,2026-02-10,19.45,1300.0,0.2,72.386,49.145,54.714,57.286
2089,HODL,VanEck Bitcoin Trust,VanEck,HODL,VanEck Bitcoin Trust,BTC-USD,2026-02-11,19.09,1300.0,0.2,71.962,42.079,47.648,57.034
2090,HODL,VanEck Bitcoin Trust,VanEck,HODL,VanEck Bitcoin Trust,BTC-USD,2026-02-12,18.48,1300.0,0.2,72.134,57.056,62.625,56.881
2091,HODL,VanEck Bitcoin Trust,VanEck,HODL,VanEck Bitcoin Trust,BTC-USD,2026-02-13,19.44,1300.0,0.2,71.166,57.056,62.625,57.892
2092,HODL,VanEck Bitcoin Trust,VanEck,HODL,VanEck Bitcoin Trust,BTC-USD,2026-02-17,19.15,1300.0,0.2,70.884,56.868,61.279,57.846
2093,HODL,VanEck Bitcoin Trust,VanEck,HODL,VanEck Bitcoin Trust,BTC-USD,2026-02-18,18.72,1300.0,0.2,69.308,65.415,70.984,57.568
2094,HODL,VanEck Bitcoin Trust,VanEck,HODL,VanEck Bitcoin Trust,BTC-USD,2026-02-19,18.96,1300.0,0.2,67.623,69.364,74.816,57.344
2095,HODL,VanEck Bitcoin Trust,VanEck,HODL,VanEck Bitcoin Trust,BTC-USD,2026-02-20,19.15,1300.0,0.2,66.092,69.364,74.816,57.312
2096,HODL,VanEck Bitcoin Trust,VanEck,HODL,VanEck Bitcoin Trust,BTC-USD,2026-02-23,18.23,1300.0,0.2,66.567,65.294,70.863,56.804
2097,HODL,VanEck Bitcoin Trust,VanEck,HODL,VanEck Bitcoin Trust,BTC-USD,2026-02-24,18.24,1300.0,0.2,66.714,60.838,66.408,56.72
2098,HODL,VanEck Bitcoin Trust,VanEck,HODL,VanEck Bitcoin Trust,BTC-USD,2026-02-25,19.57,1300.0,0.2,67.197,60.838,66.408,58.377
2099,HODL,VanEck Bitcoin Trust,VanEck,HODL,VanEck Bitcoin Trust,BTC-USD,2026-02-26,19.07,1300.0,0.2,68.642,62.369,67.821,58.474
2100,HODL,VanEck Bitcoin Trust,VanEck,HODL,VanEck Bitcoin Trust,BTC-USD,2026-02-27,18.55,1300.0,0.2,68.928,62.369,67.938,57.614
2101,HODL,VanEck Bitcoin Trust,VanEck,HODL,VanEck Bitcoin Trust,BTC-USD,2026-03-02,19.55,1300.0,0.2,69.751,62.369,67.938,57.174
2102,HODL,VanEck Bitcoin Trust,VanEck,HODL,VanEck Bitcoin Trust,BTC-USD,2026-03-03,19.3,1300.0,0.2,68.442,76.124,81.694,56.944
2103,HODL,VanEck Bitcoin Trust,VanEck,HODL,VanEck Bitcoin Trust,BTC-USD,2026-03-04,20.68,1300.0,0.2,58.063,76.124,82.935,58.941
2104,HODL,VanEck Bitcoin Trust,VanEck,HODL,VanEck Bitcoin Trust,BTC-USD,2026-03-05,20.15,1300.0,0.2,52.002,77.632,84.443,58.766
2105,HODL,VanEck Bitcoin Trust,VanEck,HODL,VanEck Bitcoin Trust,BTC-USD,2026-03-06,19.27,1300.0,0.2,50.162,74.115,81.226,59.2
2106,HODL,VanEck Bitcoin Trust,VanEck,HODL,VanEck Bitcoin Trust,BTC-USD,2026-03-09,19.52,1300.0,0.2,46.891,74.909,81.72,58.991
2107,HODL,VanEck Bitcoin Trust,VanEck,HODL,VanEck Bitcoin Trust,BTC-USD,2026-03-10,19.82,1300.0,0.2,46.216,69.398,74.85,59.136
2108,HODL,VanEck Bitcoin Trust,VanEck,HODL,VanEck Bitcoin Trust,BTC-USD,2026-03-11,19.97,1300.0,0.2,45.909,65.069,70.521,59.184
2109,HODL,VanEck Bitcoin Trust,VanEck,HODL,VanEck Bitcoin Trust,BTC-USD,2026-03-12,19.92,1300.0,0.2,45.853,64.285,69.395,59.132
2110,HODL,VanEck Bitcoin Trust,VanEck,HODL,VanEck Bitcoin Trust,BTC-USD,2026-03-13,20.135,1300.0,0.2,45.859,64.285,69.395,58.39
2111,HODL,VanEck Bitcoin Trust,VanEck,HODL,VanEck Bitcoin Trust,BTC-USD,2026-03-16,20.93,1300.0,0.2,46.446,49.308,54.418,58.811
2112,HODL,VanEck Bitcoin Trust,VanEck,HODL,VanEck Bitcoin Trust,BTC-USD,2026-03-17,21.1,1300.0,0.2,46.458,52.502,56.538,58.737
2113,HODL,VanEck Bitcoin Trust,VanEck,HODL,VanEck Bitcoin Trust,BTC-USD,2026-03-18,20.09,1300.0,0.2,46.325,48.615,53.724,59.468
2114,HODL,VanEck Bitcoin Trust,VanEck,HODL,VanEck Bitcoin Trust,BTC-USD,2026-03-19,19.86,1300.0,0.2,46.58,40.069,44.07,58.86
2115,HODL,VanEck Bitcoin Trust,VanEck,HODL,VanEck Bitcoin Trust,BTC-USD,2026-03-20,19.84,1300.0,0.2,46.584,41.341,44.926,58.84
2116,HODL,VanEck Bitcoin Trust,VanEck,HODL,VanEck Bitcoin Trust,BTC-USD,2026-03-23,19.98,1300.0,0.2,46.458,41.341,44.926,58.877
2117,HODL,VanEck Bitcoin Trust,VanEck,HODL,VanEck Bitcoin Trust,BTC-USD,2026-03-24,19.6,1300.0,0.2,45.47,41.341,44.926,58.963
2118,HODL,VanEck Bitcoin Trust,VanEck,HODL,VanEck Bitcoin Trust,BTC-USD,2026-03-25,20.05,1300.0,0.2,45.372,41.341,45.342,59.199
2119,HODL,VanEck Bitcoin Trust,VanEck,HODL,VanEck Bitcoin Trust,BTC-USD,2026-03-26,19.36,1300.0,0.2,44.77,41.341,45.342,59.551
2120,HODL,VanEck Bitcoin Trust,VanEck,HODL,VanEck Bitcoin Trust,BTC-USD,2026-03-27,18.66,1300.0,0.2,43.837,33.954,39.063,59.86
2121,HODL,VanEck Bitcoin Trust,VanEck,HODL,VanEck Bitcoin Trust,BTC-USD,2026-03-30,18.81,1300.0,0.2,43.257,33.954,37.539,59.917
2122,HODL,VanEck Bitcoin Trust,VanEck,HODL,VanEck Bitcoin Trust,BTC-USD,2026-03-31,19.16,1300.0,0.2,42.051,41.681,45.266,59.782
2123,HODL,VanEck Bitcoin Trust,VanEck,HODL,VanEck Bitcoin Trust,BTC-USD,2026-04-01,19.28,1300.0,0.2,41.867,27.925,31.51,58.752
2124,HODL,VanEck Bitcoin Trust,VanEck,HODL,VanEck Bitcoin Trust,BTC-USD,2026-04-02,18.95,1300.0,0.2,39.197,27.925,31.51,58.729
2125,HODL,VanEck Bitcoin Trust,VanEck,HODL,VanEck Bitcoin Trust,BTC-USD,2026-04-06,19.725,1300.0,0.2,38.746,26.417,30.003,59.411
2126,HODL,VanEck Bitcoin Trust,VanEck,HODL,VanEck Bitcoin Trust,BTC-USD,2026-04-07,19.51,1300.0,0.2,39.171,26.417,29.62,59.421
2127,HODL,VanEck Bitcoin Trust,VanEck,HODL,VanEck Bitcoin Trust,BTC-USD,2026-04-08,20.18,1300.0,0.2,38.022,25.623,29.208,59.935
2128,HODL,VanEck Bitcoin Trust,VanEck,HODL,VanEck Bitcoin Trust,BTC-USD,2026-04-09,20.41,1300.0,0.2,37.323,37.059,40.645,59.913
2129,HODL,VanEck Bitcoin Trust,VanEck,HODL,VanEck Bitcoin Trust,BTC-USD,2026-04-10,20.75,1300.0,0.2,36.204,29.129,32.929,59.571
2130,HODL,VanEck Bitcoin Trust,VanEck,HODL,VanEck Bitcoin Trust,BTC-USD,2026-04-13,20.76,1300.0,0.2,35.579,33.373,37.173,59.07
2131,HODL,VanEck Bitcoin Trust,VanEck,HODL,VanEck Bitcoin Trust,BTC-USD,2026-04-14,21.02,1300.0,0.2,35.25,33.373,37.173,59.022
2132,HODL,VanEck Bitcoin Trust,VanEck,HODL,VanEck Bitcoin Trust,BTC-USD,2026-04-15,21.225,1300.0,0.2,33.327,37.645,41.445,59.07
2133,HODL,VanEck Bitcoin Trust,VanEck,HODL,VanEck Bitcoin Trust,BTC-USD,2026-04-16,21.32,1300.0,0.2,32.903,43.013,46.813,57.691
2134,HODL,VanEck Bitcoin Trust,VanEck,HODL,VanEck Bitcoin Trust,BTC-USD,2026-04-17,21.92,1300.0,0.2,33.232,43.013,46.813,58.006
2135,HODL,VanEck Bitcoin Trust,VanEck,HODL,VanEck Bitcoin Trust,BTC-USD,2026-04-20,21.57,1300.0,0.2,32.543,43.013,48.308,58.062
2136,HODL,VanEck Bitcoin Trust,VanEck,HODL,VanEck Bitcoin Trust,BTC-USD,2026-04-21,21.21,1300.0,0.2,32.518,47.539,53.87,58.127
2137,HODL,VanEck Bitcoin Trust,VanEck,HODL,VanEck Bitcoin Trust,BTC-USD,2026-04-22,22.31,1300.0,0.2,32.232,47.539,54.251,59.007
2138,HODL,VanEck Bitcoin Trust,VanEck,HODL,VanEck Bitcoin Trust,BTC-USD,2026-04-23,21.985,1300.0,0.2,32.134,47.539,54.251,58.883
2139,HODL,VanEck Bitcoin Trust,VanEck,HODL,VanEck Bitcoin Trust,BTC-USD,2026-04-24,21.97,1300.0,0.2,31.535,51.042,57.374,58.883
2140,HODL,VanEck Bitcoin Trust,VanEck,HODL,VanEck Bitcoin Trust,BTC-USD,2026-04-27,21.74,1300.0,0.2,31.296,53.766,58.366,57.755
2141,HODL,VanEck Bitcoin Trust,VanEck,HODL,VanEck Bitcoin Trust,BTC-USD,2026-04-28,21.59,1300.0,0.2,29.658,53.766,58.366,57.766
2142,HODL,VanEck Bitcoin Trust,VanEck,HODL,VanEck Bitcoin Trust,BTC-USD,2026-04-29,21.34,1300.0,0.2,29.645,55.859,60.459,55.908
2143,HODL,VanEck Bitcoin Trust,VanEck,HODL,VanEck Bitcoin Trust,BTC-USD,2026-04-30,21.6,1300.0,0.2,28.029,49.446,55.777,55.808
2144,HODL,VanEck Bitcoin Trust,VanEck,HODL,VanEck Bitcoin Trust,BTC-USD,2026-05-01,22.19,1300.0,0.2,26.576,49.446,55.923,55.439
2145,HODL,VanEck Bitcoin Trust,VanEck,HODL,VanEck Bitcoin Trust,BTC-USD,2026-05-04,22.63,1300.0,0.2,26.703,49.446,56.005,46.898
2146,HODL,VanEck Bitcoin Trust,VanEck,HODL,VanEck Bitcoin Trust,BTC-USD,2026-05-05,23.09,1300.0,0.2,26.193,49.446,56.005,42.96
2147,HODL,VanEck Bitcoin Trust,VanEck,HODL,VanEck Bitcoin Trust,BTC-USD,2026-05-06,23.04,1300.0,0.2,24.866,51.065,57.624,42.942
2148,HODL,VanEck Bitcoin Trust,VanEck,HODL,VanEck Bitcoin Trust,BTC-USD,2026-05-07,22.67,1300.0,0.2,24.907,51.065,57.624,42.625
2149,HODL,VanEck Bitcoin Trust,VanEck,HODL,VanEck Bitcoin Trust,BTC-USD,2026-05-08,22.68,1300.0,0.2,23.963,43.4,49.96,42.398
2150,HODL,VanEck Bitcoin Trust,VanEck,HODL,VanEck Bitcoin Trust,BTC-USD,2026-05-11,23.18,1300.0,0.2,24.937,43.4,49.877,41.922
2151,HODL,VanEck Bitcoin Trust,VanEck,HODL,VanEck Bitcoin Trust,BTC-USD,2026-05-12,22.85,1300.0,0.2,24.427,37.606,44.166,40.922
2152,HODL,VanEck Bitcoin Trust,VanEck,HODL,VanEck Bitcoin Trust,BTC-USD,2026-05-13,22.5,1300.0,0.2,24.074,37.606,44.166,40.93
2153,HODL,VanEck Bitcoin Trust,VanEck,HODL,VanEck Bitcoin Trust,BTC-USD,2026-05-14,23.03,1300.0,0.2,24.323,33.334,39.894,40.796
2154,HODL,VanEck Bitcoin Trust,VanEck,HODL,VanEck Bitcoin Trust,BTC-USD,2026-05-15,22.36,1300.0,0.2,24.029,24.772,31.339,41.301
2155,HODL,VanEck Bitcoin Trust,VanEck,HODL,VanEck Bitcoin Trust,BTC-USD,2026-05-18,21.72,1300.0,0.2,23.107,24.772,31.339,41.781
2156,HODL,VanEck Bitcoin Trust,VanEck,HODL,VanEck Bitcoin Trust,BTC-USD,2026-05-19,21.71,1300.0,0.2,22.781,29.244,35.803,40.394
2157,HODL,VanEck Bitcoin Trust,VanEck,HODL,VanEck Bitcoin Trust,BTC-USD,2026-05-20,21.96,1300.0,0.2,22.316,19.496,26.056,40.429
2158,HODL,VanEck Bitcoin Trust,VanEck,HODL,VanEck Bitcoin Trust,BTC-USD,2026-05-21,21.95,1300.0,0.2,21.356,23.987,30.464,37.922
2159,HODL,VanEck Bitcoin Trust,VanEck,HODL,VanEck Bitcoin Trust,BTC-USD,2026-05-22,21.44,1300.0,0.2,20.273,23.987,30.546,37.85
2160,HODL,VanEck Bitcoin Trust,VanEck,HODL,VanEck Bitcoin Trust,BTC-USD,2026-05-26,21.46,1300.0,0.2,20.72,27.868,34.428,37.346
2161,HODL,VanEck Bitcoin Trust,VanEck,HODL,VanEck Bitcoin Trust,BTC-USD,2026-05-27,21.18,1300.0,0.2,20.745,25.145,31.705,35.984
2162,HODL,VanEck Bitcoin Trust,VanEck,HODL,VanEck Bitcoin Trust,BTC-USD,2026-05-28,20.74,1300.0,0.2,21.175,25.145,31.712,36.159
2163,HODL,VanEck Bitcoin Trust,VanEck,HODL,VanEck Bitcoin Trust,BTC-USD,2026-05-29,20.76,1300.0,0.2,20.737,28.191,34.758,33.279
2164,HODL,VanEck Bitcoin Trust,VanEck,HODL,VanEck Bitcoin Trust,BTC-USD,2026-06-01,20.21,1300.0,0.2,21.403,26.877,33.444,33.309
2165,HODL,VanEck Bitcoin Trust,VanEck,HODL,VanEck Bitcoin Trust,BTC-USD,2026-06-02,19.01,1300.0,0.2,21.615,26.877,33.444,34.413
2166,HODL,VanEck Bitcoin Trust,VanEck,HODL,VanEck Bitcoin Trust,BTC-USD,2026-06-03,18.48,1300.0,0.2,21.869,26.877,34.326,34.775
2167,HODL,VanEck Bitcoin Trust,VanEck,HODL,VanEck Bitcoin Trust,BTC-USD,2026-06-04,17.97,1300.0,0.2,21.998,26.877,34.893,35.044
2168,HODL,VanEck Bitcoin Trust,VanEck,HODL,VanEck Bitcoin Trust,BTC-USD,2026-06-05,17.05,1300.0,0.2,25.112,25.259,33.275,36.506
2169,HODL,VanEck Bitcoin Trust,VanEck,HODL,VanEck Bitcoin Trust,BTC-USD,2026-06-08,17.92,1300.0,0.2,25.285,25.259,33.647,38.053
2170,HODL,VanEck Bitcoin Trust,VanEck,HODL,VanEck Bitcoin Trust,BTC-USD,2026-06-09,17.54,1300.0,0.2,25.65,21.487,30.193,38.173
2171,HODL,VanEck Bitcoin Trust,VanEck,HODL,VanEck Bitcoin Trust,BTC-USD,2026-06-10,17.5,1300.0,0.2,25.352,23.447,32.153,37.203
2172,HODL,VanEck Bitcoin Trust,VanEck,HODL,VanEck Bitcoin Trust,BTC-USD,2026-06-11,17.97,1300.0,0.2,25.602,23.447,32.153,37.626
2173,HODL,VanEck Bitcoin Trust,VanEck,HODL,VanEck Bitcoin Trust,BTC-USD,2026-06-12,17.97,1300.0,0.2,25.441,23.715,33.112,36.366
2174,HODL,VanEck Bitcoin Trust,VanEck,HODL,VanEck Bitcoin Trust,BTC-USD,2026-06-15,18.84,1300.0,0.2,25.274,23.715,33.112,37.672
2175,HODL,VanEck Bitcoin Trust,VanEck,HODL,VanEck Bitcoin Trust,BTC-USD,2026-06-16,18.56,1300.0,0.2,24.918,23.715,33.112,37.782
2176,HODL,VanEck Bitcoin Trust,VanEck,HODL,VanEck Bitcoin Trust,BTC-USD,2026-06-17,18.15,1300.0,0.2,24.824,26.632,36.029,37.991
2177,HODL,VanEck Bitcoin Trust,VanEck,HODL,VanEck Bitcoin Trust,BTC-USD,2026-06-18,17.8,1300.0,0.2,26.447,22.161,31.558,37.996
2178,HODL,VanEck Bitcoin Trust,VanEck,HODL,VanEck Bitcoin Trust,BTC-USD,2026-06-22,18.21,1300.0,0.2,27.239,22.161,31.558,37.998
2179,HODL,VanEck Bitcoin Trust,VanEck,HODL,VanEck Bitcoin Trust,BTC-USD,2026-06-23,17.62,1300.0,0.2,27.479,17.67,27.992,37.922
2180,HODL,VanEck Bitcoin Trust,VanEck,HODL,VanEck Bitcoin Trust,BTC-USD,2026-06-24,16.92,1300.0,0.2,28.267,17.67,27.992,38.077
2181,HODL,VanEck Bitcoin Trust,VanEck,HODL,VanEck Bitcoin Trust,BTC-USD,2026-06-25,16.74,1300.0,0.2,30.668,16.658,26.98,38.068
2182,HODL,VanEck Bitcoin Trust,VanEck,HODL,VanEck Bitcoin Trust,BTC-USD,2026-06-26,16.87,1300.0,0.2,30.492,25.164,35.485,37.886
2183,HODL,VanEck Bitcoin Trust,VanEck,HODL,VanEck Bitcoin Trust,BTC-USD,2026-06-29,17.07,1300.0,0.2,31.664,35.882,45.28,37.955
2184,HODL,VanEck Bitcoin Trust,VanEck,HODL,VanEck Bitcoin Trust,BTC-USD,2026-06-30,16.61,1300.0,0.2,31.673,30.743,41.065,38.182
2185,HODL,VanEck Bitcoin Trust,VanEck,HODL,VanEck Bitcoin Trust,BTC-USD,2026-07-01,16.96,1300.0,0.2,30.86,30.743,41.905,37.47
2186,HODL,VanEck Bitcoin Trust,VanEck,HODL,VanEck Bitcoin Trust,BTC-USD,2026-07-02,17.37,1300.0,0.2,30.214,30.743,41.102,37.813
2187,HODL,VanEck Bitcoin Trust,VanEck,HODL,VanEck Bitcoin Trust,BTC-USD,2026-07-06,18.01,1300.0,0.2,29.603,31.75,42.913,37.914
2188,HODL,VanEck Bitcoin Trust,VanEck,HODL,VanEck Bitcoin Trust,BTC-USD,2026-07-07,18.05,1300.0,0.2,28.695,34.184,45.346,37.824
2189,HODL,VanEck Bitcoin Trust,VanEck,HODL,VanEck Bitcoin Trust,BTC-USD,2026-07-08,17.59,1300.0,0.2,26.136,34.184,45.346,37.931
2190,HODL,VanEck Bitcoin Trust,VanEck,HODL,VanEck Bitcoin Trust,BTC-USD,2026-07-09,17.88,1300.0,0.2,25.434,34.184,45.346,38.128
2191,HODL,VanEck Bitcoin Trust,VanEck,HODL,VanEck Bitcoin Trust,BTC-USD,2026-07-10,18.08,1300.0,0.2,25.028,34.184,45.346,38.107
2192,HODL,VanEck Bitcoin Trust,VanEck,HODL,VanEck Bitcoin Trust,BTC-USD,2026-07-13,17.59,1300.0,0.2,24.443,32.223,43.399,38.359
2193,HODL,VanEck Bitcoin Trust,VanEck,HODL,VanEck Bitcoin Trust,BTC-USD,2026-07-14,18.26,1300.0,0.2,24.651,32.223,43.399,39.221
2194,HODL,VanEck Bitcoin Trust,VanEck,HODL,VanEck Bitcoin Trust,BTC-USD,2026-07-15,18.36,1300.0,0.2,24.173,31.956,43.118,38.747
2195,HODL,VanEck Bitcoin Trust,VanEck,HODL,VanEck Bitcoin Trust,BTC-USD,2026-07-16,18.16,1300.0,0.2,23.933,31.956,42.364,38.687
2196,HODL,VanEck Bitcoin Trust,VanEck,HODL,VanEck Bitcoin Trust,BTC-USD,2026-07-17,18.13,1300.0,0.2,23.945,31.956,42.315,38.578
2197,HODL,VanEck Bitcoin Trust,VanEck,HODL,VanEck Bitcoin Trust,BTC-USD,2026-07-20,18.42,1300.0,0.2,23.793,29.039,38.918,37.165
2198,HODL,VanEck Bitcoin Trust,VanEck,HODL,VanEck Bitcoin Trust,BTC-USD,2026-07-21,18.795,1300.0,0.2,22.278,29.039,39.398,37.39
2199,HODL,VanEck Bitcoin Trust,VanEck,HODL,VanEck Bitcoin Trust,BTC-USD,2026-07-22,18.65,1300.0,0.2,21.479,29.039,39.398,37.402
2200,HODL,VanEck Bitcoin Trust,VanEck,HODL,VanEck Bitcoin Trust,BTC-USD,2026-07-23,18.325,1300.0,0.2,21.344,29.039,39.398,37.493
2201,HODL,VanEck Bitcoin Trust,VanEck,HODL,VanEck Bitcoin Trust,BTC-USD,2026-07-24,18.15,1300.0,0.2,20.519,29.039,38.918,37.509
2202,HODL,VanEck Bitcoin Trust,VanEck,HODL,VanEck Bitcoin Trust,BTC-USD,2026-07-27,18.36,1300.0,0.2,17.574,22.665,32.544,37.579
2203,HODL,VanEck Bitcoin Trust,VanEck,HODL,VanEck Bitcoin Trust,BTC-USD,2026-07-28,18.045,1300.0,0.2,17.513,14.16,24.039,37.573
2204,HODL,VanEck Bitcoin Trust,VanEck,HODL,VanEck Bitcoin Trust,BTC-USD,2026-07-29,17.96,1300.0,0.2,16.471,3.441,13.32,37.052
2205,HODL,VanEck Bitcoin Trust,VanEck,HODL,VanEck Bitcoin Trust,BTC-USD,2026-07-30,18.31,1300.0,0.2,16.592,3.441,12.872,37.044
2206,HODL,VanEck Bitcoin Trust,VanEck,HODL,VanEck Bitcoin Trust,BTC-USD,2026-07-31,17.78,1300.0,0.2,17.334,3.441,12.872,37.082
2207,HODL,VanEck Bitcoin Trust,VanEck,HODL,VanEck Bitcoin Trust,BTC-USD,2026-08-03,18.05,1300.0,0.2,17.754,11.128,20.527,37.294
2208,HODL,VanEck Bitcoin Trust,VanEck,HODL,VanEck Bitcoin Trust,BTC-USD,2026-08-04,18.16,1300.0,0.2,18.214,10.121,19.202,37.264
2209,HODL,VanEck Bitcoin Trust,VanEck,HODL,VanEck Bitcoin Trust,BTC-USD,2026-08-05,18.33,1300.0,0.2,18.749,8.2,17.281,37.35
2210,HODL,VanEck Bitcoin Trust,VanEck,HODL,VanEck Bitcoin Trust,BTC-USD,2026-08-06,18.21,1300.0,0.2,18.373,12.754,21.733,36.978
2211,HODL,VanEck Bitcoin Trust,VanEck,HODL,VanEck Bitcoin Trust,BTC-USD,2026-08-07,18.35,1300.0,0.2,18.799,12.754,21.665,36.991
2212,HODL,VanEck Bitcoin Trust,VanEck,HODL,VanEck Bitcoin Trust,BTC-USD,2026-08-10,18.09,1300.0,0.2,19.25,12.754,20.555,36.976
2213,HODL,VanEck Bitcoin Trust,VanEck,HODL,VanEck Bitcoin Trust,BTC-USD,2026-08-11,17.95,1300.0,0.2,18.669,12.754,19.324,36.555
2214,HODL,VanEck Bitcoin Trust,VanEck,HODL,VanEck Bitcoin Trust,BTC-USD,2026-08-12,17.92,1300.0,0.2,17.941,17.423,23.699,36.173
2215,HODL,VanEck Bitcoin Trust,VanEck,HODL,VanEck Bitcoin Trust,BTC-USD,2026-08-13,17.91,1300.0,0.2,17.657,20.324,26.6,35.79
2216,HODL,VanEck Bitcoin Trust,VanEck,HODL,VanEck Bitcoin Trust,BTC-USD,2026-08-14,17.785,1300.0,0.2,17.734,20.324,26.288,35.793
2217,HODL,VanEck Bitcoin Trust,VanEck,HODL,VanEck Bitcoin Trust,BTC-USD,2026-08-17,18.16,1300.0,0.2,19.976,20.324,26.288,36.011
2218,HODL,VanEck Bitcoin Trust,VanEck,HODL,VanEck Bitcoin Trust,BTC-USD,2026-08-18,18.27,1300.0,0.2,19.789,20.324,26.098,36.056
2219,HODL,VanEck Bitcoin Trust,VanEck,HODL,VanEck Bitcoin Trust,BTC-USD,2026-08-19,19.37,1300.0,0.2,21.343,20.324,26.098,37.935
2220,HODL,VanEck Bitcoin Trust,VanEck,HODL,VanEck Bitcoin Trust,BTC-USD,2026-08-20,20.57,1300.0,0.2,22.29,20.324,26.098,39.993
2221,HODL,VanEck Bitcoin Trust,VanEck,HODL,VanEck Bitcoin Trust,BTC-USD,2026-08-21,21.78,1300.0,0.2,23.274,20.324,26.098,41.621
2222,HODL,VanEck Bitcoin Trust,VanEck,HODL,VanEck Bitcoin Trust,BTC-USD,2026-08-24,22.28,1300.0,0.2,24.326,20.324,26.098,41.622
2223,HODL,VanEck Bitcoin Trust,VanEck,HODL,VanEck Bitcoin Trust,BTC-USD,2026-08-25,22.33,1300.0,0.2,24.623,27.157,31.884,41.623
2224,HODL,VanEck Bitcoin Trust,VanEck,HODL,VanEck Bitcoin Trust,BTC-USD,2026-08-26,22.2,1300.0,0.2,24.329,27.157,31.884,41.238
2225,HODL,VanEck Bitcoin Trust,VanEck,HODL,VanEck Bitcoin Trust,BTC-USD,2026-08-27,22.59,1300.0,0.2,26.675,27.157,31.884,39.225
2226,BTCO,Invesco Galaxy Bitcoin ETF,Invesco / Galaxy,BTCO,Invesco Galaxy Bitcoin ETF,BTC-USD,2025-03-07,86.82,800.0,0.25,32.381,84.987,93.355,45.871
2227,BTCO,Invesco Galaxy Bitcoin ETF,Invesco / Galaxy,BTCO,Invesco Galaxy Bitcoin ETF,BTC-USD,2025-03-10,79.1,800.0,0.25,32.545,76.6,85.719,48.368
2228,BTCO,Invesco Galaxy Bitcoin ETF,Invesco / Galaxy,BTCO,Invesco Galaxy Bitcoin ETF,BTC-USD,2025-03-11,82.88,800.0,0.25,34.042,75.511,84.63,49.429
2229,BTCO,Invesco Galaxy Bitcoin ETF,Invesco / Galaxy,BTCO,Invesco Galaxy Bitcoin ETF,BTC-USD,2025-03-12,82.77,800.0,0.25,30.372,84.39,93.509,48.203
2230,BTCO,Invesco Galaxy Bitcoin ETF,Invesco / Galaxy,BTCO,Invesco Galaxy Bitcoin ETF,BTC-USD,2025-03-13,79.97,800.0,0.25,29.892,89.818,98.937,48.583
2231,BTCO,Invesco Galaxy Bitcoin ETF,Invesco / Galaxy,BTCO,Invesco Galaxy Bitcoin ETF,BTC-USD,2025-03-14,84.46,800.0,0.25,28.991,79.009,88.503,49.874
2232,BTCO,Invesco Galaxy Bitcoin ETF,Invesco / Galaxy,BTCO,Invesco Galaxy Bitcoin ETF,BTC-USD,2025-03-17,84.4,800.0,0.25,29.114,84.579,94.073,49.108
2233,BTCO,Invesco Galaxy Bitcoin ETF,Invesco / Galaxy,BTCO,Invesco Galaxy Bitcoin ETF,BTC-USD,2025-03-18,82.14,800.0,0.25,29.622,84.579,94.661,49.277
2234,BTCO,Invesco Galaxy Bitcoin ETF,Invesco / Galaxy,BTCO,Invesco Galaxy Bitcoin ETF,BTC-USD,2025-03-19,85.32,800.0,0.25,29.178,84.579,94.661,48.747
2235,BTCO,Invesco Galaxy Bitcoin ETF,Invesco / Galaxy,BTCO,Invesco Galaxy Bitcoin ETF,BTC-USD,2025-03-20,84.02,800.0,0.25,29.167,93.698,103.781,48.057
2236,BTCO,Invesco Galaxy Bitcoin ETF,Invesco / Galaxy,BTCO,Invesco Galaxy Bitcoin ETF,BTC-USD,2025-03-21,83.8,800.0,0.25,28.893,93.698,103.192,48.053
2237,BTCO,Invesco Galaxy Bitcoin ETF,Invesco / Galaxy,BTCO,Invesco Galaxy Bitcoin ETF,BTC-USD,2025-03-24,88.08,800.0,0.25,27.46,89.311,98.805,48.73
2238,BTCO,Invesco Galaxy Bitcoin ETF,Invesco / Galaxy,BTCO,Invesco Galaxy Bitcoin ETF,BTC-USD,2025-03-25,88.01,800.0,0.25,27.264,93.708,102.883,47.103
2239,BTCO,Invesco Galaxy Bitcoin ETF,Invesco / Galaxy,BTCO,Invesco Galaxy Bitcoin ETF,BTC-USD,2025-03-26,86.4,800.0,0.25,21.167,93.708,103.791,46.792
2240,BTCO,Invesco Galaxy Bitcoin ETF,Invesco / Galaxy,BTCO,Invesco Galaxy Bitcoin ETF,BTC-USD,2025-03-27,86.85,800.0,0.25,19.52,100.306,110.389,46.759
2241,BTCO,Invesco Galaxy Bitcoin ETF,Invesco / Galaxy,BTCO,Invesco Galaxy Bitcoin ETF,BTC-USD,2025-03-28,83.71,800.0,0.25,18.625,85.562,96.663,47.319
2242,BTCO,Invesco Galaxy Bitcoin ETF,Invesco / Galaxy,BTCO,Invesco Galaxy Bitcoin ETF,BTC-USD,2025-03-31,82.22,800.0,0.25,18.136,80.546,91.847,47.406
2243,BTCO,Invesco Galaxy Bitcoin ETF,Invesco / Galaxy,BTCO,Invesco Galaxy Bitcoin ETF,BTC-USD,2025-04-01,84.82,800.0,0.25,17.846,80.546,92.414,47.038
2244,BTCO,Invesco Galaxy Bitcoin ETF,Invesco / Galaxy,BTCO,Invesco Galaxy Bitcoin ETF,BTC-USD,2025-04-02,86.73,800.0,0.25,16.192,80.546,94.181,47.243
2245,BTCO,Invesco Galaxy Bitcoin ETF,Invesco / Galaxy,BTCO,Invesco Galaxy Bitcoin ETF,BTC-USD,2025-04-03,81.78,800.0,0.25,15.277,80.546,94.786,47.849
2246,BTCO,Invesco Galaxy Bitcoin ETF,Invesco / Galaxy,BTCO,Invesco Galaxy Bitcoin ETF,BTC-USD,2025-04-04,83.77,800.0,0.25,15.87,70.754,84.994,46.745
2247,BTCO,Invesco Galaxy Bitcoin ETF,Invesco / Galaxy,BTCO,Invesco Galaxy Bitcoin ETF,BTC-USD,2025-04-07,77.93,800.0,0.25,16.868,59.223,74.707,48.675
2248,BTCO,Invesco Galaxy Bitcoin ETF,Invesco / Galaxy,BTCO,Invesco Galaxy Bitcoin ETF,BTC-USD,2025-04-08,76.6,800.0,0.25,16.53,79.502,93.741,48.709
2249,BTCO,Invesco Galaxy Bitcoin ETF,Invesco / Galaxy,BTCO,Invesco Galaxy Bitcoin ETF,BTC-USD,2025-04-09,82.07,800.0,0.25,14.916,77.758,93.241,50.902
2250,BTCO,Invesco Galaxy Bitcoin ETF,Invesco / Galaxy,BTCO,Invesco Galaxy Bitcoin ETF,BTC-USD,2025-04-10,79.4,800.0,0.25,14.984,79.704,99.633,50.893
2251,BTCO,Invesco Galaxy Bitcoin ETF,Invesco / Galaxy,BTCO,Invesco Galaxy Bitcoin ETF,BTC-USD,2025-04-11,83.68,800.0,0.25,14.987,74.276,94.204,51.652
2252,BTCO,Invesco Galaxy Bitcoin ETF,Invesco / Galaxy,BTCO,Invesco Galaxy Bitcoin ETF,BTC-USD,2025-04-14,84.74,800.0,0.25,14.65,74.276,94.204,51.702
2253,BTCO,Invesco Galaxy Bitcoin ETF,Invesco / Galaxy,BTCO,Invesco Galaxy Bitcoin ETF,BTC-USD,2025-04-15,83.91,800.0,0.25,14.191,73.195,93.419,50.839
2254,BTCO,Invesco Galaxy Bitcoin ETF,Invesco / Galaxy,BTCO,Invesco Galaxy Bitcoin ETF,BTC-USD,2025-04-16,84.23,800.0,0.25,13.504,75.776,96.001,50.741
2255,BTCO,Invesco Galaxy Bitcoin ETF,Invesco / Galaxy,BTCO,Invesco Galaxy Bitcoin ETF,BTC-USD,2025-04-17,84.79,800.0,0.25,13.058,83.62,103.548,50.706
2256,BTCO,Invesco Galaxy Bitcoin ETF,Invesco / Galaxy,BTCO,Invesco Galaxy Bitcoin ETF,BTC-USD,2025-04-21,87.3,800.0,0.25,13.506,71.942,88.983,51.127
2257,BTCO,Invesco Galaxy Bitcoin ETF,Invesco / Galaxy,BTCO,Invesco Galaxy Bitcoin ETF,BTC-USD,2025-04-22,91.41,800.0,0.25,15.115,71.942,88.983,51.977
2258,BTCO,Invesco Galaxy Bitcoin ETF,Invesco / Galaxy,BTCO,Invesco Galaxy Bitcoin ETF,BTC-USD,2025-04-23,93.21,800.0,0.25,15.569,71.942,87.425,51.723
2259,BTCO,Invesco Galaxy Bitcoin ETF,Invesco / Galaxy,BTCO,Invesco Galaxy Bitcoin ETF,BTC-USD,2025-04-24,93.49,800.0,0.25,15.748,70.417,85.901,51.73
2260,BTCO,Invesco Galaxy Bitcoin ETF,Invesco / Galaxy,BTCO,Invesco Galaxy Bitcoin ETF,BTC-USD,2025-04-25,95.27,800.0,0.25,16.061,70.417,84.657,51.479
2261,BTCO,Invesco Galaxy Bitcoin ETF,Invesco / Galaxy,BTCO,Invesco Galaxy Bitcoin ETF,BTC-USD,2025-04-28,94.63,800.0,0.25,16.524,64.239,78.479,51.462
2262,BTCO,Invesco Galaxy Bitcoin ETF,Invesco / Galaxy,BTCO,Invesco Galaxy Bitcoin ETF,BTC-USD,2025-04-29,95.21,800.0,0.25,16.445,64.239,77.874,51.052
2263,BTCO,Invesco Galaxy Bitcoin ETF,Invesco / Galaxy,BTCO,Invesco Galaxy Bitcoin ETF,BTC-USD,2025-04-30,94.01,800.0,0.25,16.228,64.239,77.874,51.107
2264,BTCO,Invesco Galaxy Bitcoin ETF,Invesco / Galaxy,BTCO,Invesco Galaxy Bitcoin ETF,BTC-USD,2025-05-01,96.38,800.0,0.25,15.83,64.239,79.723,51.124
2265,BTCO,Invesco Galaxy Bitcoin ETF,Invesco / Galaxy,BTCO,Invesco Galaxy Bitcoin ETF,BTC-USD,2025-05-02,96.84,800.0,0.25,15.918,64.663,77.326,51.05
2266,BTCO,Invesco Galaxy Bitcoin ETF,Invesco / Galaxy,BTCO,Invesco Galaxy Bitcoin ETF,BTC-USD,2025-05-05,94.18,800.0,0.25,15.556,64.663,77.326,51.363
2267,BTCO,Invesco Galaxy Bitcoin ETF,Invesco / Galaxy,BTCO,Invesco Galaxy Bitcoin ETF,BTC-USD,2025-05-06,94.77,800.0,0.25,14.577,69.711,82.375,51.319
2268,BTCO,Invesco Galaxy Bitcoin ETF,Invesco / Galaxy,BTCO,Invesco Galaxy Bitcoin ETF,BTC-USD,2025-05-07,96.01,800.0,0.25,12.718,69.711,82.375,51.289
2269,BTCO,Invesco Galaxy Bitcoin ETF,Invesco / Galaxy,BTCO,Invesco Galaxy Bitcoin ETF,BTC-USD,2025-05-08,101.15,800.0,0.25,12.573,49.433,65.158,52.191
2270,BTCO,Invesco Galaxy Bitcoin ETF,Invesco / Galaxy,BTCO,Invesco Galaxy Bitcoin ETF,BTC-USD,2025-05-09,103.08,800.0,0.25,12.039,39.882,55.607,52.196
2271,BTCO,Invesco Galaxy Bitcoin ETF,Invesco / Galaxy,BTCO,Invesco Galaxy Bitcoin ETF,BTC-USD,2025-05-12,101.66,800.0,0.25,11.84,30.271,43.18,52.257
2272,BTCO,Invesco Galaxy Bitcoin ETF,Invesco / Galaxy,BTCO,Invesco Galaxy Bitcoin ETF,BTC-USD,2025-05-13,104.7,800.0,0.25,11.687,30.271,43.18,52.544
2273,BTCO,Invesco Galaxy Bitcoin ETF,Invesco / Galaxy,BTCO,Invesco Galaxy Bitcoin ETF,BTC-USD,2025-05-14,103.16,800.0,0.25,11.915,32.763,45.672,52.137
2274,BTCO,Invesco Galaxy Bitcoin ETF,Invesco / Galaxy,BTCO,Invesco Galaxy Bitcoin ETF,BTC-USD,2025-05-15,103.04,800.0,0.25,12.162,28.619,41.283,51.982
2275,BTCO,Invesco Galaxy Bitcoin ETF,Invesco / Galaxy,BTCO,Invesco Galaxy Bitcoin ETF,BTC-USD,2025-05-16,103.88,800.0,0.25,11.949,26.038,38.947,51.768
2276,BTCO,Invesco Galaxy Bitcoin ETF,Invesco / Galaxy,BTCO,Invesco Galaxy Bitcoin ETF,BTC-USD,2025-05-19,105.32,800.0,0.25,11.871,20.332,35.42,51.197
2277,BTCO,Invesco Galaxy Bitcoin ETF,Invesco / Galaxy,BTCO,Invesco Galaxy Bitcoin ETF,BTC-USD,2025-05-20,106.88,800.0,0.25,11.45,20.332,35.42,51.207
2278,BTCO,Invesco Galaxy Bitcoin ETF,Invesco / Galaxy,BTCO,Invesco Galaxy Bitcoin ETF,BTC-USD,2025-05-21,108.41,800.0,0.25,11.137,20.332,35.42,49.349
2279,BTCO,Invesco Galaxy Bitcoin ETF,Invesco / Galaxy,BTCO,Invesco Galaxy Bitcoin ETF,BTC-USD,2025-05-22,111.02,800.0,0.25,11.119,20.332,36.056,48.489
2280,BTCO,Invesco Galaxy Bitcoin ETF,Invesco / Galaxy,BTCO,Invesco Galaxy Bitcoin ETF,BTC-USD,2025-05-23,108.57,800.0,0.25,12.125,17.459,33.184,48.696
2281,BTCO,Invesco Galaxy Bitcoin ETF,Invesco / Galaxy,BTCO,Invesco Galaxy Bitcoin ETF,BTC-USD,2025-05-27,109.82,800.0,0.25,12.06,19.294,35.019,48.703
2282,BTCO,Invesco Galaxy Bitcoin ETF,Invesco / Galaxy,BTCO,Invesco Galaxy Bitcoin ETF,BTC-USD,2025-05-28,106.76,800.0,0.25,12.298,18.065,33.79,49.025
2283,BTCO,Invesco Galaxy Bitcoin ETF,Invesco / Galaxy,BTCO,Invesco Galaxy Bitcoin ETF,BTC-USD,2025-05-29,105.39,800.0,0.25,14.825,18.645,34.37,49.127
2284,BTCO,Invesco Galaxy Bitcoin ETF,Invesco / Galaxy,BTCO,Invesco Galaxy Bitcoin ETF,BTC-USD,2025-05-30,104.47,800.0,0.25,15.179,18.645,33.733,48.556
2285,BTCO,Invesco Galaxy Bitcoin ETF,Invesco / Galaxy,BTCO,Invesco Galaxy Bitcoin ETF,BTC-USD,2025-06-02,104.28,800.0,0.25,15.18,21.561,36.365,48.419
2286,BTCO,Invesco Galaxy Bitcoin ETF,Invesco / Galaxy,BTCO,Invesco Galaxy Bitcoin ETF,BTC-USD,2025-06-03,106.11,800.0,0.25,15.111,21.138,36.226,48.201
2287,BTCO,Invesco Galaxy Bitcoin ETF,Invesco / Galaxy,BTCO,Invesco Galaxy Bitcoin ETF,BTC-USD,2025-06-04,104.95,800.0,0.25,15.115,21.138,35.942,43.93
2288,BTCO,Invesco Galaxy Bitcoin ETF,Invesco / Galaxy,BTCO,Invesco Galaxy Bitcoin ETF,BTC-USD,2025-06-05,101.71,800.0,0.25,15.301,18.616,33.705,43.656
2289,BTCO,Invesco Galaxy Bitcoin ETF,Invesco / Galaxy,BTCO,Invesco Galaxy Bitcoin ETF,BTC-USD,2025-06-06,104.07,800.0,0.25,15.353,21.396,36.484,43.827
2290,BTCO,Invesco Galaxy Bitcoin ETF,Invesco / Galaxy,BTCO,Invesco Galaxy Bitcoin ETF,BTC-USD,2025-06-09,108.44,800.0,0.25,15.088,21.396,36.484,43.746
2291,BTCO,Invesco Galaxy Bitcoin ETF,Invesco / Galaxy,BTCO,Invesco Galaxy Bitcoin ETF,BTC-USD,2025-06-10,109.34,800.0,0.25,14.847,21.396,36.247,42.518
2292,BTCO,Invesco Galaxy Bitcoin ETF,Invesco / Galaxy,BTCO,Invesco Galaxy Bitcoin ETF,BTC-USD,2025-06-11,108.64,800.0,0.25,14.628,26.406,41.257,42.563
2293,BTCO,Invesco Galaxy Bitcoin ETF,Invesco / Galaxy,BTCO,Invesco Galaxy Bitcoin ETF,BTC-USD,2025-06-12,106.59,800.0,0.25,14.637,26.406,41.257,42.34
2294,BTCO,Invesco Galaxy Bitcoin ETF,Invesco / Galaxy,BTCO,Invesco Galaxy Bitcoin ETF,BTC-USD,2025-06-13,104.98,800.0,0.25,14.451,23.915,38.766,41.937
2295,BTCO,Invesco Galaxy Bitcoin ETF,Invesco / Galaxy,BTCO,Invesco Galaxy Bitcoin ETF,BTC-USD,2025-06-16,108.5,800.0,0.25,14.153,20.556,36.393,42.18
2296,BTCO,Invesco Galaxy Bitcoin ETF,Invesco / Galaxy,BTCO,Invesco Galaxy Bitcoin ETF,BTC-USD,2025-06-17,104.54,800.0,0.25,14.336,20.556,36.393,43.007
2297,BTCO,Invesco Galaxy Bitcoin ETF,Invesco / Galaxy,BTCO,Invesco Galaxy Bitcoin ETF,BTC-USD,2025-06-18,103.76,800.0,0.25,14.564,24.372,39.223,41.973
2298,BTCO,Invesco Galaxy Bitcoin ETF,Invesco / Galaxy,BTCO,Invesco Galaxy Bitcoin ETF,BTC-USD,2025-06-20,103.02,800.0,0.25,14.632,28.485,43.289,42.016
2299,BTCO,Invesco Galaxy Bitcoin ETF,Invesco / Galaxy,BTCO,Invesco Galaxy Bitcoin ETF,BTC-USD,2025-06-23,103.08,800.0,0.25,13.809,28.485,43.289,41.788
2300,BTCO,Invesco Galaxy Bitcoin ETF,Invesco / Galaxy,BTCO,Invesco Galaxy Bitcoin ETF,BTC-USD,2025-06-24,105.46,800.0,0.25,13.292,28.485,43.289,41.985
2301,BTCO,Invesco Galaxy Bitcoin ETF,Invesco / Galaxy,BTCO,Invesco Galaxy Bitcoin ETF,BTC-USD,2025-06-25,107.59,800.0,0.25,12.033,28.485,43.336,41.278
2302,BTCO,Invesco Galaxy Bitcoin ETF,Invesco / Galaxy,BTCO,Invesco Galaxy Bitcoin ETF,BTC-USD,2025-06-26,107.44,800.0,0.25,11.702,28.612,43.463,41.037
2303,BTCO,Invesco Galaxy Bitcoin ETF,Invesco / Galaxy,BTCO,Invesco Galaxy Bitcoin ETF,BTC-USD,2025-06-27,106.65,800.0,0.25,11.208,32.519,47.37,40.726
2304,BTCO,Invesco Galaxy Bitcoin ETF,Invesco / Galaxy,BTCO,Invesco Galaxy Bitcoin ETF,BTC-USD,2025-06-30,107.53,800.0,0.25,8.687,35.146,49.997,40.556
2305,BTCO,Invesco Galaxy Bitcoin ETF,Invesco / Galaxy,BTCO,Invesco Galaxy Bitcoin ETF,BTC-USD,2025-07-01,105.14,800.0,0.25,8.626,35.146,50.97,38.817
2306,BTCO,Invesco Galaxy Bitcoin ETF,Invesco / Galaxy,BTCO,Invesco Galaxy Bitcoin ETF,BTC-USD,2025-07-02,109.55,800.0,0.25,9.21,32.231,48.055,39.343
2307,BTCO,Invesco Galaxy Bitcoin ETF,Invesco / Galaxy,BTCO,Invesco Galaxy Bitcoin ETF,BTC-USD,2025-07-03,109.1,800.0,0.25,9.203,32.231,47.596,36.003
2308,BTCO,Invesco Galaxy Bitcoin ETF,Invesco / Galaxy,BTCO,Invesco Galaxy Bitcoin ETF,BTC-USD,2025-07-07,107.85,800.0,0.25,8.978,32.231,48.055,35.868
2309,BTCO,Invesco Galaxy Bitcoin ETF,Invesco / Galaxy,BTCO,Invesco Galaxy Bitcoin ETF,BTC-USD,2025-07-08,108.59,800.0,0.25,8.62,29.703,45.527,33.359
2310,BTCO,Invesco Galaxy Bitcoin ETF,Invesco / Galaxy,BTCO,Invesco Galaxy Bitcoin ETF,BTC-USD,2025-07-09,111.62,800.0,0.25,8.509,26.924,42.748,32.736
2311,BTCO,Invesco Galaxy Bitcoin ETF,Invesco / Galaxy,BTCO,Invesco Galaxy Bitcoin ETF,BTC-USD,2025-07-10,113.23,800.0,0.25,8.426,26.924,42.289,31.308
2312,BTCO,Invesco Galaxy Bitcoin ETF,Invesco / Galaxy,BTCO,Invesco Galaxy Bitcoin ETF,BTC-USD,2025-07-11,117.93,800.0,0.25,8.544,26.924,42.748,32.116
2313,BTCO,Invesco Galaxy Bitcoin ETF,Invesco / Galaxy,BTCO,Invesco Galaxy Bitcoin ETF,BTC-USD,2025-07-14,119.69,800.0,0.25,8.722,19.143,34.967,32.01
2314,BTCO,Invesco Galaxy Bitcoin ETF,Invesco / Galaxy,BTCO,Invesco Galaxy Bitcoin ETF,BTC-USD,2025-07-15,116.23,800.0,0.25,8.783,19.143,34.967,32.813
2315,BTCO,Invesco Galaxy Bitcoin ETF,Invesco / Galaxy,BTCO,Invesco Galaxy Bitcoin ETF,BTC-USD,2025-07-16,119.07,800.0,0.25,8.76,19.143,34.967,33.038
2316,BTCO,Invesco Galaxy Bitcoin ETF,Invesco / Galaxy,BTCO,Invesco Galaxy Bitcoin ETF,BTC-USD,2025-07-17,118.8,800.0,0.25,8.887,24.314,39.68,32.709
2317,BTCO,Invesco Galaxy Bitcoin ETF,Invesco / Galaxy,BTCO,Invesco Galaxy Bitcoin ETF,BTC-USD,2025-07-18,117.11,800.0,0.25,8.851,27.481,42.846,31.813
2318,BTCO,Invesco Galaxy Bitcoin ETF,Invesco / Galaxy,BTCO,Invesco Galaxy Bitcoin ETF,BTC-USD,2025-07-21,116.51,800.0,0.25,8.89,27.074,42.439,31.706
2319,BTCO,Invesco Galaxy Bitcoin ETF,Invesco / Galaxy,BTCO,Invesco Galaxy Bitcoin ETF,BTC-USD,2025-07-22,119.06,800.0,0.25,8.712,22.961,38.785,31.917
2320,BTCO,Invesco Galaxy Bitcoin ETF,Invesco / Galaxy,BTCO,Invesco Galaxy Bitcoin ETF,BTC-USD,2025-07-23,118.23,800.0,0.25,8.305,23.151,39.679,31.844
2321,BTCO,Invesco Galaxy Bitcoin ETF,Invesco / Galaxy,BTCO,Invesco Galaxy Bitcoin ETF,BTC-USD,2025-07-24,118.85,800.0,0.25,8.251,23.151,39.679,31.772
2322,BTCO,Invesco Galaxy Bitcoin ETF,Invesco / Galaxy,BTCO,Invesco Galaxy Bitcoin ETF,BTC-USD,2025-07-25,116.61,800.0,0.25,8.513,23.151,39.679,32.11
2323,BTCO,Invesco Galaxy Bitcoin ETF,Invesco / Galaxy,BTCO,Invesco Galaxy Bitcoin ETF,BTC-USD,2025-07-28,117.87,800.0,0.25,8.455,21.189,38.515,31.968
2324,BTCO,Invesco Galaxy Bitcoin ETF,Invesco / Galaxy,BTCO,Invesco Galaxy Bitcoin ETF,BTC-USD,2025-07-29,117.24,800.0,0.25,8.463,22.187,39.513,31.714
2325,BTCO,Invesco Galaxy Bitcoin ETF,Invesco / Galaxy,BTCO,Invesco Galaxy Bitcoin ETF,BTC-USD,2025-07-30,116.63,800.0,0.25,8.503,22.937,40.263,31.76
2326,BTCO,Invesco Galaxy Bitcoin ETF,Invesco / Galaxy,BTCO,Invesco Galaxy Bitcoin ETF,BTC-USD,2025-07-31,116.46,800.0,0.25,8.02,28.821,46.146,31.116
2327,BTCO,Invesco Galaxy Bitcoin ETF,Invesco / Galaxy,BTCO,Invesco Galaxy Bitcoin ETF,BTC-USD,2025-08-01,112.8,800.0,0.25,7.449,28.821,46.274,31.946
2328,BTCO,Invesco Galaxy Bitcoin ETF,Invesco / Galaxy,BTCO,Invesco Galaxy Bitcoin ETF,BTC-USD,2025-08-04,114.43,800.0,0.25,7.403,33.217,50.67,31.966
2329,BTCO,Invesco Galaxy Bitcoin ETF,Invesco / Galaxy,BTCO,Invesco Galaxy Bitcoin ETF,BTC-USD,2025-08-05,113.37,800.0,0.25,7.485,33.217,50.543,30.364
2330,BTCO,Invesco Galaxy Bitcoin ETF,Invesco / Galaxy,BTCO,Invesco Galaxy Bitcoin ETF,BTC-USD,2025-08-06,115.03,800.0,0.25,7.679,33.217,50.543,30.273
2331,BTCO,Invesco Galaxy Bitcoin ETF,Invesco / Galaxy,BTCO,Invesco Galaxy Bitcoin ETF,BTC-USD,2025-08-07,117.33,800.0,0.25,7.749,33.217,50.543,30.314
2332,BTCO,Invesco Galaxy Bitcoin ETF,Invesco / Galaxy,BTCO,Invesco Galaxy Bitcoin ETF,BTC-USD,2025-08-08,116.14,800.0,0.25,7.739,37.482,54.808,29.887
2333,BTCO,Invesco Galaxy Bitcoin ETF,Invesco / Galaxy,BTCO,Invesco Galaxy Bitcoin ETF,BTC-USD,2025-08-11,118.77,800.0,0.25,7.708,37.482,54.808,29.98
2334,BTCO,Invesco Galaxy Bitcoin ETF,Invesco / Galaxy,BTCO,Invesco Galaxy Bitcoin ETF,BTC-USD,2025-08-12,119.4,800.0,0.25,7.436,41.305,58.631,29.977
2335,BTCO,Invesco Galaxy Bitcoin ETF,Invesco / Galaxy,BTCO,Invesco Galaxy Bitcoin ETF,BTC-USD,2025-08-13,122.63,800.0,0.25,7.452,41.305,58.631,30.366
2336,BTCO,Invesco Galaxy Bitcoin ETF,Invesco / Galaxy,BTCO,Invesco Galaxy Bitcoin ETF,BTC-USD,2025-08-14,117.72,800.0,0.25,7.717,41.305,58.631,31.561
2337,BTCO,Invesco Galaxy Bitcoin ETF,Invesco / Galaxy,BTCO,Invesco Galaxy Bitcoin ETF,BTC-USD,2025-08-15,116.7,800.0,0.25,7.64,38.13,55.583,31.519
2338,BTCO,Invesco Galaxy Bitcoin ETF,Invesco / Galaxy,BTCO,Invesco Galaxy Bitcoin ETF,BTC-USD,2025-08-18,116.02,800.0,0.25,7.605,34.963,52.288,31.44
2339,BTCO,Invesco Galaxy Bitcoin ETF,Invesco / Galaxy,BTCO,Invesco Galaxy Bitcoin ETF,BTC-USD,2025-08-19,112.8,800.0,0.25,7.691,29.416,47.385,31.642
2340,BTCO,Invesco Galaxy Bitcoin ETF,Invesco / Galaxy,BTCO,Invesco Galaxy Bitcoin ETF,BTC-USD,2025-08-20,114.03,800.0,0.25,7.774,32.693,50.019,31.36
2341,BTCO,Invesco Galaxy Bitcoin ETF,Invesco / Galaxy,BTCO,Invesco Galaxy Bitcoin ETF,BTC-USD,2025-08-21,111.89,800.0,0.25,7.853,35.87,53.839,31.538
2342,BTCO,Invesco Galaxy Bitcoin ETF,Invesco / Galaxy,BTCO,Invesco Galaxy Bitcoin ETF,BTC-USD,2025-08-22,116.4,800.0,0.25,8.514,39.551,58.08,31.971
2343,BTCO,Invesco Galaxy Bitcoin ETF,Invesco / Galaxy,BTCO,Invesco Galaxy Bitcoin ETF,BTC-USD,2025-08-25,110.52,800.0,0.25,8.717,39.551,58.08,33.668
2344,BTCO,Invesco Galaxy Bitcoin ETF,Invesco / Galaxy,BTCO,Invesco Galaxy Bitcoin ETF,BTC-USD,2025-08-26,110.9,800.0,0.25,8.693,39.551,57.52,33.613
2345,BTCO,Invesco Galaxy Bitcoin ETF,Invesco / Galaxy,BTCO,Invesco Galaxy Bitcoin ETF,BTC-USD,2025-08-27,111.79,800.0,0.25,8.436,34.646,53.175,33.638
2346,BTCO,Invesco Galaxy Bitcoin ETF,Invesco / Galaxy,BTCO,Invesco Galaxy Bitcoin ETF,BTC-USD,2025-08-28,111.67,800.0,0.25,8.403,30.689,49.218,33.469
2347,BTCO,Invesco Galaxy Bitcoin ETF,Invesco / Galaxy,BTCO,Invesco Galaxy Bitcoin ETF,BTC-USD,2025-08-29,107.94,800.0,0.25,8.833,24.805,46.448,34.141
2348,BTCO,Invesco Galaxy Bitcoin ETF,Invesco / Galaxy,BTCO,Invesco Galaxy Bitcoin ETF,BTC-USD,2025-09-02,110.53,800.0,0.25,8.518,24.805,46.674,33.813
2349,BTCO,Invesco Galaxy Bitcoin ETF,Invesco / Galaxy,BTCO,Invesco Galaxy Bitcoin ETF,BTC-USD,2025-09-03,111.99,800.0,0.25,8.32,20.409,43.18,33.604
2350,BTCO,Invesco Galaxy Bitcoin ETF,Invesco / Galaxy,BTCO,Invesco Galaxy Bitcoin ETF,BTC-USD,2025-09-04,109.51,800.0,0.25,8.429,20.409,43.774,32.896
2351,BTCO,Invesco Galaxy Bitcoin ETF,Invesco / Galaxy,BTCO,Invesco Galaxy Bitcoin ETF,BTC-USD,2025-09-05,111.295,800.0,0.25,8.421,20.409,43.774,33.019
2352,BTCO,Invesco Galaxy Bitcoin ETF,Invesco / Galaxy,BTCO,Invesco Galaxy Bitcoin ETF,BTC-USD,2025-09-08,111.83,800.0,0.25,8.851,22.238,45.01,33.002
2353,BTCO,Invesco Galaxy Bitcoin ETF,Invesco / Galaxy,BTCO,Invesco Galaxy Bitcoin ETF,BTC-USD,2025-09-09,111.05,800.0,0.25,8.789,20.478,43.249,32.789
2354,BTCO,Invesco Galaxy Bitcoin ETF,Invesco / Galaxy,BTCO,Invesco Galaxy Bitcoin ETF,BTC-USD,2025-09-10,113.31,800.0,0.25,9.055,20.478,42.346,32.857
2355,BTCO,Invesco Galaxy Bitcoin ETF,Invesco / Galaxy,BTCO,Invesco Galaxy Bitcoin ETF,BTC-USD,2025-09-11,114.24,800.0,0.25,9.171,17.044,38.913,32.222
2356,BTCO,Invesco Galaxy Bitcoin ETF,Invesco / Galaxy,BTCO,Invesco Galaxy Bitcoin ETF,BTC-USD,2025-09-12,116.63,800.0,0.25,9.239,17.044,38.129,31.478
2357,BTCO,Invesco Galaxy Bitcoin ETF,Invesco / Galaxy,BTCO,Invesco Galaxy Bitcoin ETF,BTC-USD,2025-09-15,115.05,800.0,0.25,9.164,17.044,35.95,31.581
2358,BTCO,Invesco Galaxy Bitcoin ETF,Invesco / Galaxy,BTCO,Invesco Galaxy Bitcoin ETF,BTC-USD,2025-09-16,116.59,800.0,0.25,9.346,15.049,33.955,31.614
2359,BTCO,Invesco Galaxy Bitcoin ETF,Invesco / Galaxy,BTCO,Invesco Galaxy Bitcoin ETF,BTC-USD,2025-09-17,115.37,800.0,0.25,9.759,20.644,39.55,31.718
2360,BTCO,Invesco Galaxy Bitcoin ETF,Invesco / Galaxy,BTCO,Invesco Galaxy Bitcoin ETF,BTC-USD,2025-09-18,117.27,800.0,0.25,11.083,20.644,36.173,31.562
2361,BTCO,Invesco Galaxy Bitcoin ETF,Invesco / Galaxy,BTCO,Invesco Galaxy Bitcoin ETF,BTC-USD,2025-09-19,114.88,800.0,0.25,11.835,17.368,32.896,31.657
2362,BTCO,Invesco Galaxy Bitcoin ETF,Invesco / Galaxy,BTCO,Invesco Galaxy Bitcoin ETF,BTC-USD,2025-09-22,111.9,800.0,0.25,12.036,13.999,29.528,32.147
2363,BTCO,Invesco Galaxy Bitcoin ETF,Invesco / Galaxy,BTCO,Invesco Galaxy Bitcoin ETF,BTC-USD,2025-09-23,111.37,800.0,0.25,11.504,13.87,29.199,32.124
2364,BTCO,Invesco Galaxy Bitcoin ETF,Invesco / Galaxy,BTCO,Invesco Galaxy Bitcoin ETF,BTC-USD,2025-09-24,113.15,800.0,0.25,11.239,13.87,29.199,32.238
2365,BTCO,Invesco Galaxy Bitcoin ETF,Invesco / Galaxy,BTCO,Invesco Galaxy Bitcoin ETF,BTC-USD,2025-09-25,109.04,800.0,0.25,11.711,13.87,29.399,32.819
2366,BTCO,Invesco Galaxy Bitcoin ETF,Invesco / Galaxy,BTCO,Invesco Galaxy Bitcoin ETF,BTC-USD,2025-09-26,108.87,800.0,0.25,12.048,17.927,33.256,31.717
2367,BTCO,Invesco Galaxy Bitcoin ETF,Invesco / Galaxy,BTCO,Invesco Galaxy Bitcoin ETF,BTC-USD,2025-09-29,114.1,800.0,0.25,13.845,17.927,33.256,33.134
2368,BTCO,Invesco Galaxy Bitcoin ETF,Invesco / Galaxy,BTCO,Invesco Galaxy Bitcoin ETF,BTC-USD,2025-09-30,114.01,800.0,0.25,14.419,23.317,37.757,33.037
2369,BTCO,Invesco Galaxy Bitcoin ETF,Invesco / Galaxy,BTCO,Invesco Galaxy Bitcoin ETF,BTC-USD,2025-10-01,117.2,800.0,0.25,15.13,23.317,35.675,33.467
2370,BTCO,Invesco Galaxy Bitcoin ETF,Invesco / Galaxy,BTCO,Invesco Galaxy Bitcoin ETF,BTC-USD,2025-10-02,120.72,800.0,0.25,16.085,23.317,35.304,33.539
2371,BTCO,Invesco Galaxy Bitcoin ETF,Invesco / Galaxy,BTCO,Invesco Galaxy Bitcoin ETF,BTC-USD,2025-10-03,122.55,800.0,0.25,16.839,23.317,35.269,33.552
2372,BTCO,Invesco Galaxy Bitcoin ETF,Invesco / Galaxy,BTCO,Invesco Galaxy Bitcoin ETF,BTC-USD,2025-10-06,125.14,800.0,0.25,17.802,23.317,34.11,32.798
2373,BTCO,Invesco Galaxy Bitcoin ETF,Invesco / Galaxy,BTCO,Invesco Galaxy Bitcoin ETF,BTC-USD,2025-10-07,121.35,800.0,0.25,18.749,21.488,32.281,33.303
2374,BTCO,Invesco Galaxy Bitcoin ETF,Invesco / Galaxy,BTCO,Invesco Galaxy Bitcoin ETF,BTC-USD,2025-10-08,123.12,800.0,0.25,19.24,25.145,35.938,32.849
2375,BTCO,Invesco Galaxy Bitcoin ETF,Invesco / Galaxy,BTCO,Invesco Galaxy Bitcoin ETF,BTC-USD,2025-10-09,120.66,800.0,0.25,19.523,25.784,36.459,32.769
2376,BTCO,Invesco Galaxy Bitcoin ETF,Invesco / Galaxy,BTCO,Invesco Galaxy Bitcoin ETF,BTC-USD,2025-10-10,116.24,800.0,0.25,21.395,25.682,34.434,33.658
2377,BTCO,Invesco Galaxy Bitcoin ETF,Invesco / Galaxy,BTCO,Invesco Galaxy Bitcoin ETF,BTC-USD,2025-10-13,115.535,800.0,0.25,22.14,25.682,34.04,33.554
2378,BTCO,Invesco Galaxy Bitcoin ETF,Invesco / Galaxy,BTCO,Invesco Galaxy Bitcoin ETF,BTC-USD,2025-10-14,112.29,800.0,0.25,22.557,25.682,34.04,34.038
2379,BTCO,Invesco Galaxy Bitcoin ETF,Invesco / Galaxy,BTCO,Invesco Galaxy Bitcoin ETF,BTC-USD,2025-10-15,110.95,800.0,0.25,23.823,31.876,40.138,33.796
2380,BTCO,Invesco Galaxy Bitcoin ETF,Invesco / Galaxy,BTCO,Invesco Galaxy Bitcoin ETF,BTC-USD,2025-10-16,107.93,800.0,0.25,24.877,26.281,34.543,34.208
2381,BTCO,Invesco Galaxy Bitcoin ETF,Invesco / Galaxy,BTCO,Invesco Galaxy Bitcoin ETF,BTC-USD,2025-10-17,106.15,800.0,0.25,24.869,26.281,34.543,34.317
2382,BTCO,Invesco Galaxy Bitcoin ETF,Invesco / Galaxy,BTCO,Invesco Galaxy Bitcoin ETF,BTC-USD,2025-10-20,110.56,800.0,0.25,25.604,26.281,34.543,35.214
2383,BTCO,Invesco Galaxy Bitcoin ETF,Invesco / Galaxy,BTCO,Invesco Galaxy Bitcoin ETF,BTC-USD,2025-10-21,111.62,800.0,0.25,27.232,29.165,37.291,35.198
2384,BTCO,Invesco Galaxy Bitcoin ETF,Invesco / Galaxy,BTCO,Invesco Galaxy Bitcoin ETF,BTC-USD,2025-10-22,107.48,800.0,0.25,28.17,25.614,33.74,35.992
2385,BTCO,Invesco Galaxy Bitcoin ETF,Invesco / Galaxy,BTCO,Invesco Galaxy Bitcoin ETF,BTC-USD,2025-10-23,109.96,800.0,0.25,28.392,25.614,33.74,36.324
2386,BTCO,Invesco Galaxy Bitcoin ETF,Invesco / Galaxy,BTCO,Invesco Galaxy Bitcoin ETF,BTC-USD,2025-10-24,110.31,800.0,0.25,28.124,30.236,38.083,36.334
2387,BTCO,Invesco Galaxy Bitcoin ETF,Invesco / Galaxy,BTCO,Invesco Galaxy Bitcoin ETF,BTC-USD,2025-10-27,114.65,800.0,0.25,28.176,26.179,34.305,36.634
2388,BTCO,Invesco Galaxy Bitcoin ETF,Invesco / Galaxy,BTCO,Invesco Galaxy Bitcoin ETF,BTC-USD,2025-10-28,113.36,800.0,0.25,26.596,29.024,37.149,36.591
2389,BTCO,Invesco Galaxy Bitcoin ETF,Invesco / Galaxy,BTCO,Invesco Galaxy Bitcoin ETF,BTC-USD,2025-10-29,110.2,800.0,0.25,26.431,23.634,31.992,36.998
2390,BTCO,Invesco Galaxy Bitcoin ETF,Invesco / Galaxy,BTCO,Invesco Galaxy Bitcoin ETF,BTC-USD,2025-10-30,106.11,800.0,0.25,25.91,23.634,31.992,37.641
2391,BTCO,Invesco Galaxy Bitcoin ETF,Invesco / Galaxy,BTCO,Invesco Galaxy Bitcoin ETF,BTC-USD,2025-10-31,109.4,800.0,0.25,25.379,23.634,31.992,37.961
2392,BTCO,Invesco Galaxy Bitcoin ETF,Invesco / Galaxy,BTCO,Invesco Galaxy Bitcoin ETF,BTC-USD,2025-11-03,106.28,800.0,0.25,24.698,23.634,34.081,38.344
2393,BTCO,Invesco Galaxy Bitcoin ETF,Invesco / Galaxy,BTCO,Invesco Galaxy Bitcoin ETF,BTC-USD,2025-11-04,100.39,800.0,0.25,24.545,23.634,34.308,39.663
2394,BTCO,Invesco Galaxy Bitcoin ETF,Invesco / Galaxy,BTCO,Invesco Galaxy Bitcoin ETF,BTC-USD,2025-11-05,103.53,800.0,0.25,23.602,29.146,40.151,40.226
2395,BTCO,Invesco Galaxy Bitcoin ETF,Invesco / Galaxy,BTCO,Invesco Galaxy Bitcoin ETF,BTC-USD,2025-11-06,100.59,800.0,0.25,23.14,22.984,36.033,40.121
2396,BTCO,Invesco Galaxy Bitcoin ETF,Invesco / Galaxy,BTCO,Invesco Galaxy Bitcoin ETF,BTC-USD,2025-11-07,103.45,800.0,0.25,22.775,30.526,45.389,39.85
2397,BTCO,Invesco Galaxy Bitcoin ETF,Invesco / Galaxy,BTCO,Invesco Galaxy Bitcoin ETF,BTC-USD,2025-11-10,105.67,800.0,0.25,22.496,30.239,45.102,40.111
2398,BTCO,Invesco Galaxy Bitcoin ETF,Invesco / Galaxy,BTCO,Invesco Galaxy Bitcoin ETF,BTC-USD,2025-11-11,102.43,800.0,0.25,21.525,30.239,45.9,40.556
2399,BTCO,Invesco Galaxy Bitcoin ETF,Invesco / Galaxy,BTCO,Invesco Galaxy Bitcoin ETF,BTC-USD,2025-11-12,101.21,800.0,0.25,21.295,34.919,49.781,40.247
2400,BTCO,Invesco Galaxy Bitcoin ETF,Invesco / Galaxy,BTCO,Invesco Galaxy Bitcoin ETF,BTC-USD,2025-11-13,97.69,800.0,0.25,20.852,28.724,43.587,40.738
2401,BTCO,Invesco Galaxy Bitcoin ETF,Invesco / Galaxy,BTCO,Invesco Galaxy Bitcoin ETF,BTC-USD,2025-11-14,93.99,800.0,0.25,19.871,28.724,45.645,41.272
2402,BTCO,Invesco Galaxy Bitcoin ETF,Invesco / Galaxy,BTCO,Invesco Galaxy Bitcoin ETF,BTC-USD,2025-11-17,91.53,800.0,0.25,19.177,28.724,45.645,40.586
2403,BTCO,Invesco Galaxy Bitcoin ETF,Invesco / Galaxy,BTCO,Invesco Galaxy Bitcoin ETF,BTC-USD,2025-11-18,92.47,800.0,0.25,20.247,36.06,52.981,39.439
2404,BTCO,Invesco Galaxy Bitcoin ETF,Invesco / Galaxy,BTCO,Invesco Galaxy Bitcoin ETF,BTC-USD,2025-11-19,89.14,800.0,0.25,19.139,33.176,50.617,40.013
2405,BTCO,Invesco Galaxy Bitcoin ETF,Invesco / Galaxy,BTCO,Invesco Galaxy Bitcoin ETF,BTC-USD,2025-11-20,86.06,800.0,0.25,18.973,37.771,55.212,40.452
2406,BTCO,Invesco Galaxy Bitcoin ETF,Invesco / Galaxy,BTCO,Invesco Galaxy Bitcoin ETF,BTC-USD,2025-11-21,84.31,800.0,0.25,19.78,37.771,55.212,40.581
2407,BTCO,Invesco Galaxy Bitcoin ETF,Invesco / Galaxy,BTCO,Invesco Galaxy Bitcoin ETF,BTC-USD,2025-11-24,88.84,800.0,0.25,20.065,33.148,51.265,41.758
2408,BTCO,Invesco Galaxy Bitcoin ETF,Invesco / Galaxy,BTCO,Invesco Galaxy Bitcoin ETF,BTC-USD,2025-11-25,87.07,800.0,0.25,20.241,38.814,56.256,41.515
2409,BTCO,Invesco Galaxy Bitcoin ETF,Invesco / Galaxy,BTCO,Invesco Galaxy Bitcoin ETF,BTC-USD,2025-11-26,89.62,800.0,0.25,20.322,35.97,54.087,41.916
2410,BTCO,Invesco Galaxy Bitcoin ETF,Invesco / Galaxy,BTCO,Invesco Galaxy Bitcoin ETF,BTC-USD,2025-11-28,90.41,800.0,0.25,19.698,35.97,54.087,41.809
2411,BTCO,Invesco Galaxy Bitcoin ETF,Invesco / Galaxy,BTCO,Invesco Galaxy Bitcoin ETF,BTC-USD,2025-12-01,85.28,800.0,0.25,19.644,35.97,54.087,43.107
2412,BTCO,Invesco Galaxy Bitcoin ETF,Invesco / Galaxy,BTCO,Invesco Galaxy Bitcoin ETF,BTC-USD,2025-12-02,90.79,800.0,0.25,19.711,35.97,54.087,45.213
2413,BTCO,Invesco Galaxy Bitcoin ETF,Invesco / Galaxy,BTCO,Invesco Galaxy Bitcoin ETF,BTC-USD,2025-12-03,92.69,800.0,0.25,19.601,35.97,54.087,45.477
2414,BTCO,Invesco Galaxy Bitcoin ETF,Invesco / Galaxy,BTCO,Invesco Galaxy Bitcoin ETF,BTC-USD,2025-12-04,92.22,800.0,0.25,18.719,38.221,55.663,45.221
2415,BTCO,Invesco Galaxy Bitcoin ETF,Invesco / Galaxy,BTCO,Invesco Galaxy Bitcoin ETF,BTC-USD,2025-12-05,89.08,800.0,0.25,18.325,32.709,50.151,45.602
2416,BTCO,Invesco Galaxy Bitcoin ETF,Invesco / Galaxy,BTCO,Invesco Galaxy Bitcoin ETF,BTC-USD,2025-12-08,90.52,800.0,0.25,18.166,37.669,55.111,45.503
2417,BTCO,Invesco Galaxy Bitcoin ETF,Invesco / Galaxy,BTCO,Invesco Galaxy Bitcoin ETF,BTC-USD,2025-12-09,92.84,800.0,0.25,18.23,29.488,46.929,45.857
2418,BTCO,Invesco Galaxy Bitcoin ETF,Invesco / Galaxy,BTCO,Invesco Galaxy Bitcoin ETF,BTC-USD,2025-12-10,92.23,800.0,0.25,16.748,39.613,57.054,45.726
2419,BTCO,Invesco Galaxy Bitcoin ETF,Invesco / Galaxy,BTCO,Invesco Galaxy Bitcoin ETF,BTC-USD,2025-12-11,91.53,800.0,0.25,16.768,39.613,55.636,45.712
2420,BTCO,Invesco Galaxy Bitcoin ETF,Invesco / Galaxy,BTCO,Invesco Galaxy Bitcoin ETF,BTC-USD,2025-12-12,89.95,800.0,0.25,16.331,43.279,60.721,45.598
2421,BTCO,Invesco Galaxy Bitcoin ETF,Invesco / Galaxy,BTCO,Invesco Galaxy Bitcoin ETF,BTC-USD,2025-12-15,85.47,800.0,0.25,15.661,43.279,63.411,46.48
2422,BTCO,Invesco Galaxy Bitcoin ETF,Invesco / Galaxy,BTCO,Invesco Galaxy Bitcoin ETF,BTC-USD,2025-12-16,87.3,800.0,0.25,15.209,45.315,65.446,46.566
2423,BTCO,Invesco Galaxy Bitcoin ETF,Invesco / Galaxy,BTCO,Invesco Galaxy Bitcoin ETF,BTC-USD,2025-12-17,85.57,800.0,0.25,14.795,47.178,67.31,46.68
2424,BTCO,Invesco Galaxy Bitcoin ETF,Invesco / Galaxy,BTCO,Invesco Galaxy Bitcoin ETF,BTC-USD,2025-12-18,84.3,800.0,0.25,12.412,54.08,74.212,46.536
2425,BTCO,Invesco Galaxy Bitcoin ETF,Invesco / Galaxy,BTCO,Invesco Galaxy Bitcoin ETF,BTC-USD,2025-12-19,87.63,800.0,0.25,11.997,61.492,85.6,46.892
2426,BTCO,Invesco Galaxy Bitcoin ETF,Invesco / Galaxy,BTCO,Invesco Galaxy Bitcoin ETF,BTC-USD,2025-12-22,87.98,800.0,0.25,11.391,56.897,81.006,46.916
2427,BTCO,Invesco Galaxy Bitcoin ETF,Invesco / Galaxy,BTCO,Invesco Galaxy Bitcoin ETF,BTC-USD,2025-12-23,87.3,800.0,0.25,10.49,56.897,81.006,45.727
2428,BTCO,Invesco Galaxy Bitcoin ETF,Invesco / Galaxy,BTCO,Invesco Galaxy Bitcoin ETF,BTC-USD,2025-12-24,86.91,800.0,0.25,9.954,58.777,78.909,45.721
2429,BTCO,Invesco Galaxy Bitcoin ETF,Invesco / Galaxy,BTCO,Invesco Galaxy Bitcoin ETF,BTC-USD,2025-12-26,87.14,800.0,0.25,9.659,53.548,73.679,45.256
2430,BTCO,Invesco Galaxy Bitcoin ETF,Invesco / Galaxy,BTCO,Invesco Galaxy Bitcoin ETF,BTC-USD,2025-12-29,86.73,800.0,0.25,9.418,56.8,69.949,44.68
2431,BTCO,Invesco Galaxy Bitcoin ETF,Invesco / Galaxy,BTCO,Invesco Galaxy Bitcoin ETF,BTC-USD,2025-12-30,87.49,800.0,0.25,9.864,56.8,69.949,44.574
2432,BTCO,Invesco Galaxy Bitcoin ETF,Invesco / Galaxy,BTCO,Invesco Galaxy Bitcoin ETF,BTC-USD,2025-12-31,87.17,800.0,0.25,10.923,58.382,69.968,44.233
2433,BTCO,Invesco Galaxy Bitcoin ETF,Invesco / Galaxy,BTCO,Invesco Galaxy Bitcoin ETF,BTC-USD,2026-01-02,89.42,800.0,0.25,11.654,58.382,69.895,44.391
2434,BTCO,Invesco Galaxy Bitcoin ETF,Invesco / Galaxy,BTCO,Invesco Galaxy Bitcoin ETF,BTC-USD,2026-01-05,93.91,800.0,0.25,12.507,58.382,69.895,45.589
2435,BTCO,Invesco Galaxy Bitcoin ETF,Invesco / Galaxy,BTCO,Invesco Galaxy Bitcoin ETF,BTC-USD,2026-01-06,92.085,800.0,0.25,13.575,61.085,72.598,45.58
2436,BTCO,Invesco Galaxy Bitcoin ETF,Invesco / Galaxy,BTCO,Invesco Galaxy Bitcoin ETF,BTC-USD,2026-01-07,90.585,800.0,0.25,13.412,61.085,72.598,45.137
2437,BTCO,Invesco Galaxy Bitcoin ETF,Invesco / Galaxy,BTCO,Invesco Galaxy Bitcoin ETF,BTC-USD,2026-01-08,90.46,800.0,0.25,13.451,56.125,66.682,45.139
2438,BTCO,Invesco Galaxy Bitcoin ETF,Invesco / Galaxy,BTCO,Invesco Galaxy Bitcoin ETF,BTC-USD,2026-01-09,89.84,800.0,0.25,13.082,60.175,70.732,44.856
2439,BTCO,Invesco Galaxy Bitcoin ETF,Invesco / Galaxy,BTCO,Invesco Galaxy Bitcoin ETF,BTC-USD,2026-01-12,91.11,800.0,0.25,13.112,55.858,67.371,44.968
2440,BTCO,Invesco Galaxy Bitcoin ETF,Invesco / Galaxy,BTCO,Invesco Galaxy Bitcoin ETF,BTC-USD,2026-01-13,94.06,800.0,0.25,13.49,55.858,67.444,45.245
2441,BTCO,Invesco Galaxy Bitcoin ETF,Invesco / Galaxy,BTCO,Invesco Galaxy Bitcoin ETF,BTC-USD,2026-01-14,97.365,800.0,0.25,14.004,47.512,59.097,45.764
2442,BTCO,Invesco Galaxy Bitcoin ETF,Invesco / Galaxy,BTCO,Invesco Galaxy Bitcoin ETF,BTC-USD,2026-01-15,94.91,800.0,0.25,14.014,51.063,62.648,45.169
2443,BTCO,Invesco Galaxy Bitcoin ETF,Invesco / Galaxy,BTCO,Invesco Galaxy Bitcoin ETF,BTC-USD,2026-01-16,95.2,800.0,0.25,15.416,49.027,59.584,45.114
2444,BTCO,Invesco Galaxy Bitcoin ETF,Invesco / Galaxy,BTCO,Invesco Galaxy Bitcoin ETF,BTC-USD,2026-01-20,89.27,800.0,0.25,15.151,47.164,57.721,46.308
2445,BTCO,Invesco Galaxy Bitcoin ETF,Invesco / Galaxy,BTCO,Invesco Galaxy Bitcoin ETF,BTC-USD,2026-01-21,89.77,800.0,0.25,15.259,32.926,41.335,46.03
2446,BTCO,Invesco Galaxy Bitcoin ETF,Invesco / Galaxy,BTCO,Invesco Galaxy Bitcoin ETF,BTC-USD,2026-01-22,89.0,800.0,0.25,15.112,29.393,37.803,46.022
2447,BTCO,Invesco Galaxy Bitcoin ETF,Invesco / Galaxy,BTCO,Invesco Galaxy Bitcoin ETF,BTC-USD,2026-01-23,89.11,800.0,0.25,15.071,31.824,40.233,45.189
2448,BTCO,Invesco Galaxy Bitcoin ETF,Invesco / Galaxy,BTCO,Invesco Galaxy Bitcoin ETF,BTC-USD,2026-01-26,87.19,800.0,0.25,14.975,31.824,41.176,45.31
2449,BTCO,Invesco Galaxy Bitcoin ETF,Invesco / Galaxy,BTCO,Invesco Galaxy Bitcoin ETF,BTC-USD,2026-01-27,88.98,800.0,0.25,15.085,35.47,44.822,45.31
2450,BTCO,Invesco Galaxy Bitcoin ETF,Invesco / Galaxy,BTCO,Invesco Galaxy Bitcoin ETF,BTC-USD,2026-01-28,88.68,800.0,0.25,14.981,35.033,44.385,44.744
2451,BTCO,Invesco Galaxy Bitcoin ETF,Invesco / Galaxy,BTCO,Invesco Galaxy Bitcoin ETF,BTC-USD,2026-01-29,83.7,800.0,0.25,15.666,31.781,46.063,45.571
2452,BTCO,Invesco Galaxy Bitcoin ETF,Invesco / Galaxy,BTCO,Invesco Galaxy Bitcoin ETF,BTC-USD,2026-01-30,83.44,800.0,0.25,15.881,31.781,46.063,45.285
2453,BTCO,Invesco Galaxy Bitcoin ETF,Invesco / Galaxy,BTCO,Invesco Galaxy Bitcoin ETF,BTC-USD,2026-02-02,77.68,800.0,0.25,16.478,30.198,44.816,46.101
2454,BTCO,Invesco Galaxy Bitcoin ETF,Invesco / Galaxy,BTCO,Invesco Galaxy Bitcoin ETF,BTC-USD,2026-02-03,76.11,800.0,0.25,16.433,30.198,44.816,45.629
2455,BTCO,Invesco Galaxy Bitcoin ETF,Invesco / Galaxy,BTCO,Invesco Galaxy Bitcoin ETF,BTC-USD,2026-02-04,73.04,800.0,0.25,16.055,31.961,46.579,45.972
2456,BTCO,Invesco Galaxy Bitcoin ETF,Invesco / Galaxy,BTCO,Invesco Galaxy Bitcoin ETF,BTC-USD,2026-02-05,63.41,800.0,0.25,16.314,27.007,42.633,53.255
2457,BTCO,Invesco Galaxy Bitcoin ETF,Invesco / Galaxy,BTCO,Invesco Galaxy Bitcoin ETF,BTC-USD,2026-02-06,69.72,800.0,0.25,17.1,31.78,47.406,56.997
2458,BTCO,Invesco Galaxy Bitcoin ETF,Invesco / Galaxy,BTCO,Invesco Galaxy Bitcoin ETF,BTC-USD,2026-02-09,70.49,800.0,0.25,17.233,42.873,58.499,56.886
2459,BTCO,Invesco Galaxy Bitcoin ETF,Invesco / Galaxy,BTCO,Invesco Galaxy Bitcoin ETF,BTC-USD,2026-02-10,68.48,800.0,0.25,17.476,38.968,60.039,57.065
2460,BTCO,Invesco Galaxy Bitcoin ETF,Invesco / Galaxy,BTCO,Invesco Galaxy Bitcoin ETF,BTC-USD,2026-02-11,67.26,800.0,0.25,17.663,33.16,54.231,56.8
2461,BTCO,Invesco Galaxy Bitcoin ETF,Invesco / Galaxy,BTCO,Invesco Galaxy Bitcoin ETF,BTC-USD,2026-02-12,65.05,800.0,0.25,17.787,46.766,66.265,56.683
2462,BTCO,Invesco Galaxy Bitcoin ETF,Invesco / Galaxy,BTCO,Invesco Galaxy Bitcoin ETF,BTC-USD,2026-02-13,68.51,800.0,0.25,17.658,46.766,66.265,57.743
2463,BTCO,Invesco Galaxy Bitcoin ETF,Invesco / Galaxy,BTCO,Invesco Galaxy Bitcoin ETF,BTC-USD,2026-02-17,67.47,800.0,0.25,17.379,45.977,65.476,57.696
2464,BTCO,Invesco Galaxy Bitcoin ETF,Invesco / Galaxy,BTCO,Invesco Galaxy Bitcoin ETF,BTC-USD,2026-02-18,65.95,800.0,0.25,15.854,53.26,75.488,57.443
2465,BTCO,Invesco Galaxy Bitcoin ETF,Invesco / Galaxy,BTCO,Invesco Galaxy Bitcoin ETF,BTC-USD,2026-02-19,66.82,800.0,0.25,15.535,57.305,79.533,57.212
2466,BTCO,Invesco Galaxy Bitcoin ETF,Invesco / Galaxy,BTCO,Invesco Galaxy Bitcoin ETF,BTC-USD,2026-02-20,67.44,800.0,0.25,15.213,57.305,79.533,57.175
2467,BTCO,Invesco Galaxy Bitcoin ETF,Invesco / Galaxy,BTCO,Invesco Galaxy Bitcoin ETF,BTC-USD,2026-02-23,64.18,800.0,0.25,15.067,53.426,76.325,56.719
2468,BTCO,Invesco Galaxy Bitcoin ETF,Invesco / Galaxy,BTCO,Invesco Galaxy Bitcoin ETF,BTC-USD,2026-02-24,64.23,800.0,0.25,14.997,50.996,73.894,56.649
2469,BTCO,Invesco Galaxy Bitcoin ETF,Invesco / Galaxy,BTCO,Invesco Galaxy Bitcoin ETF,BTC-USD,2026-02-25,68.94,800.0,0.25,14.877,50.996,75.427,58.347
2470,BTCO,Invesco Galaxy Bitcoin ETF,Invesco / Galaxy,BTCO,Invesco Galaxy Bitcoin ETF,BTC-USD,2026-02-26,67.16,800.0,0.25,15.747,51.833,74.06,58.45
2471,BTCO,Invesco Galaxy Bitcoin ETF,Invesco / Galaxy,BTCO,Invesco Galaxy Bitcoin ETF,BTC-USD,2026-02-27,65.34,800.0,0.25,15.774,51.833,76.263,57.578
2472,BTCO,Invesco Galaxy Bitcoin ETF,Invesco / Galaxy,BTCO,Invesco Galaxy Bitcoin ETF,BTC-USD,2026-03-02,68.87,800.0,0.25,15.529,51.833,76.263,57.116
2473,BTCO,Invesco Galaxy Bitcoin ETF,Invesco / Galaxy,BTCO,Invesco Galaxy Bitcoin ETF,BTC-USD,2026-03-03,67.95,800.0,0.25,14.904,65.969,90.399,56.898
2474,BTCO,Invesco Galaxy Bitcoin ETF,Invesco / Galaxy,BTCO,Invesco Galaxy Bitcoin ETF,BTC-USD,2026-03-04,72.83,800.0,0.25,13.169,65.969,92.19,58.912
2475,BTCO,Invesco Galaxy Bitcoin ETF,Invesco / Galaxy,BTCO,Invesco Galaxy Bitcoin ETF,BTC-USD,2026-03-05,70.96,800.0,0.25,12.17,66.421,95.635,58.747
2476,BTCO,Invesco Galaxy Bitcoin ETF,Invesco / Galaxy,BTCO,Invesco Galaxy Bitcoin ETF,BTC-USD,2026-03-06,67.79,800.0,0.25,11.474,64.658,95.697,59.217
2477,BTCO,Invesco Galaxy Bitcoin ETF,Invesco / Galaxy,BTCO,Invesco Galaxy Bitcoin ETF,BTC-USD,2026-03-09,68.77,800.0,0.25,10.115,65.152,94.366,59.021
2478,BTCO,Invesco Galaxy Bitcoin ETF,Invesco / Galaxy,BTCO,Invesco Galaxy Bitcoin ETF,BTC-USD,2026-03-10,69.79,800.0,0.25,9.433,60.378,86.599,59.158
2479,BTCO,Invesco Galaxy Bitcoin ETF,Invesco / Galaxy,BTCO,Invesco Galaxy Bitcoin ETF,BTC-USD,2026-03-11,70.39,800.0,0.25,9.275,56.355,82.576,59.217
2480,BTCO,Invesco Galaxy Bitcoin ETF,Invesco / Galaxy,BTCO,Invesco Galaxy Bitcoin ETF,BTC-USD,2026-03-12,70.18,800.0,0.25,8.942,56.21,82.364,59.155
2481,BTCO,Invesco Galaxy Bitcoin ETF,Invesco / Galaxy,BTCO,Invesco Galaxy Bitcoin ETF,BTC-USD,2026-03-13,70.9,800.0,0.25,8.696,56.21,82.364,58.406
2482,BTCO,Invesco Galaxy Bitcoin ETF,Invesco / Galaxy,BTCO,Invesco Galaxy Bitcoin ETF,BTC-USD,2026-03-16,73.68,800.0,0.25,8.187,42.604,68.825,58.819
2483,BTCO,Invesco Galaxy Bitcoin ETF,Invesco / Galaxy,BTCO,Invesco Galaxy Bitcoin ETF,BTC-USD,2026-03-17,74.25,800.0,0.25,7.812,45.861,72.015,58.747
2484,BTCO,Invesco Galaxy Bitcoin ETF,Invesco / Galaxy,BTCO,Invesco Galaxy Bitcoin ETF,BTC-USD,2026-03-18,70.73,800.0,0.25,7.798,43.1,69.321,59.454
2485,BTCO,Invesco Galaxy Bitcoin ETF,Invesco / Galaxy,BTCO,Invesco Galaxy Bitcoin ETF,BTC-USD,2026-03-19,69.98,800.0,0.25,7.732,35.817,61.971,58.834
2486,BTCO,Invesco Galaxy Bitcoin ETF,Invesco / Galaxy,BTCO,Invesco Galaxy Bitcoin ETF,BTC-USD,2026-03-20,69.91,800.0,0.25,7.63,36.882,62.271,58.815
2487,BTCO,Invesco Galaxy Bitcoin ETF,Invesco / Galaxy,BTCO,Invesco Galaxy Bitcoin ETF,BTC-USD,2026-03-23,70.34,800.0,0.25,7.494,36.882,62.271,58.844
2488,BTCO,Invesco Galaxy Bitcoin ETF,Invesco / Galaxy,BTCO,Invesco Galaxy Bitcoin ETF,BTC-USD,2026-03-24,69.0,800.0,0.25,7.315,36.882,62.271,58.932
2489,BTCO,Invesco Galaxy Bitcoin ETF,Invesco / Galaxy,BTCO,Invesco Galaxy Bitcoin ETF,BTC-USD,2026-03-25,70.545,800.0,0.25,7.143,36.882,63.035,59.158
2490,BTCO,Invesco Galaxy Bitcoin ETF,Invesco / Galaxy,BTCO,Invesco Galaxy Bitcoin ETF,BTC-USD,2026-03-26,68.21,800.0,0.25,7.022,36.882,63.035,59.48
2491,BTCO,Invesco Galaxy Bitcoin ETF,Invesco / Galaxy,BTCO,Invesco Galaxy Bitcoin ETF,BTC-USD,2026-03-27,65.64,800.0,0.25,6.347,30.518,61.557,59.832
2492,BTCO,Invesco Galaxy Bitcoin ETF,Invesco / Galaxy,BTCO,Invesco Galaxy Bitcoin ETF,BTC-USD,2026-03-30,66.17,800.0,0.25,7.06,30.518,56.672,59.89
2493,BTCO,Invesco Galaxy Bitcoin ETF,Invesco / Galaxy,BTCO,Invesco Galaxy Bitcoin ETF,BTC-USD,2026-03-31,67.47,800.0,0.25,6.736,36.739,62.128,59.773
2494,BTCO,Invesco Galaxy Bitcoin ETF,Invesco / Galaxy,BTCO,Invesco Galaxy Bitcoin ETF,BTC-USD,2026-04-01,67.85,800.0,0.25,6.461,22.603,47.992,58.761
2495,BTCO,Invesco Galaxy Bitcoin ETF,Invesco / Galaxy,BTCO,Invesco Galaxy Bitcoin ETF,BTC-USD,2026-04-02,66.71,800.0,0.25,6.396,22.603,43.84,58.736
2496,BTCO,Invesco Galaxy Bitcoin ETF,Invesco / Galaxy,BTCO,Invesco Galaxy Bitcoin ETF,BTC-USD,2026-04-06,69.43,800.0,0.25,6.412,22.151,43.388,59.416
2497,BTCO,Invesco Galaxy Bitcoin ETF,Invesco / Galaxy,BTCO,Invesco Galaxy Bitcoin ETF,BTC-USD,2026-04-07,68.69,800.0,0.25,6.471,22.151,42.971,59.426
2498,BTCO,Invesco Galaxy Bitcoin ETF,Invesco / Galaxy,BTCO,Invesco Galaxy Bitcoin ETF,BTC-USD,2026-04-08,71.05,800.0,0.25,6.591,21.657,42.478,59.941
2499,BTCO,Invesco Galaxy Bitcoin ETF,Invesco / Galaxy,BTCO,Invesco Galaxy Bitcoin ETF,BTC-USD,2026-04-09,71.84,800.0,0.25,6.423,33.655,54.893,59.906
2500,BTCO,Invesco Galaxy Bitcoin ETF,Invesco / Galaxy,BTCO,Invesco Galaxy Bitcoin ETF,BTC-USD,2026-04-10,73.03,800.0,0.25,6.514,26.586,48.092,59.595
2501,BTCO,Invesco Galaxy Bitcoin ETF,Invesco / Galaxy,BTCO,Invesco Galaxy Bitcoin ETF,BTC-USD,2026-04-13,73.07,800.0,0.25,6.617,31.719,53.226,59.055
2502,BTCO,Invesco Galaxy Bitcoin ETF,Invesco / Galaxy,BTCO,Invesco Galaxy Bitcoin ETF,BTC-USD,2026-04-14,74.0,800.0,0.25,6.752,31.719,53.226,59.001
2503,BTCO,Invesco Galaxy Bitcoin ETF,Invesco / Galaxy,BTCO,Invesco Galaxy Bitcoin ETF,BTC-USD,2026-04-15,74.73,800.0,0.25,6.595,34.127,55.634,59.052
2504,BTCO,Invesco Galaxy Bitcoin ETF,Invesco / Galaxy,BTCO,Invesco Galaxy Bitcoin ETF,BTC-USD,2026-04-16,75.07,800.0,0.25,6.572,38.325,59.832,57.721
2505,BTCO,Invesco Galaxy Bitcoin ETF,Invesco / Galaxy,BTCO,Invesco Galaxy Bitcoin ETF,BTC-USD,2026-04-17,77.19,800.0,0.25,7.437,38.325,59.563,58.04
2506,BTCO,Invesco Galaxy Bitcoin ETF,Invesco / Galaxy,BTCO,Invesco Galaxy Bitcoin ETF,BTC-USD,2026-04-20,76.02,800.0,0.25,7.443,38.325,59.563,58.086
2507,BTCO,Invesco Galaxy Bitcoin ETF,Invesco / Galaxy,BTCO,Invesco Galaxy Bitcoin ETF,BTC-USD,2026-04-21,74.7,800.0,0.25,7.457,42.807,64.314,58.16
2508,BTCO,Invesco Galaxy Bitcoin ETF,Invesco / Galaxy,BTCO,Invesco Galaxy Bitcoin ETF,BTC-USD,2026-04-22,78.5,800.0,0.25,7.459,42.807,70.843,59.007
2509,BTCO,Invesco Galaxy Bitcoin ETF,Invesco / Galaxy,BTCO,Invesco Galaxy Bitcoin ETF,BTC-USD,2026-04-23,77.38,800.0,0.25,7.61,42.807,68.672,58.881
2510,BTCO,Invesco Galaxy Bitcoin ETF,Invesco / Galaxy,BTCO,Invesco Galaxy Bitcoin ETF,BTC-USD,2026-04-24,77.29,800.0,0.25,7.701,46.285,67.791,58.881
2511,BTCO,Invesco Galaxy Bitcoin ETF,Invesco / Galaxy,BTCO,Invesco Galaxy Bitcoin ETF,BTC-USD,2026-04-27,76.51,800.0,0.25,7.786,47.061,68.298,57.761
2512,BTCO,Invesco Galaxy Bitcoin ETF,Invesco / Galaxy,BTCO,Invesco Galaxy Bitcoin ETF,BTC-USD,2026-04-28,75.99,800.0,0.25,7.425,47.061,68.298,57.771
2513,BTCO,Invesco Galaxy Bitcoin ETF,Invesco / Galaxy,BTCO,Invesco Galaxy Bitcoin ETF,BTC-USD,2026-04-29,75.12,800.0,0.25,6.861,49.004,70.242,55.946
2514,BTCO,Invesco Galaxy Bitcoin ETF,Invesco / Galaxy,BTCO,Invesco Galaxy Bitcoin ETF,BTC-USD,2026-04-30,76.05,800.0,0.25,6.555,43.842,65.349,55.852
2515,BTCO,Invesco Galaxy Bitcoin ETF,Invesco / Galaxy,BTCO,Invesco Galaxy Bitcoin ETF,BTC-USD,2026-05-01,78.04,800.0,0.25,6.613,43.842,66.001,55.43
2516,BTCO,Invesco Galaxy Bitcoin ETF,Invesco / Galaxy,BTCO,Invesco Galaxy Bitcoin ETF,BTC-USD,2026-05-04,79.72,800.0,0.25,6.691,43.842,66.001,46.945
2517,BTCO,Invesco Galaxy Bitcoin ETF,Invesco / Galaxy,BTCO,Invesco Galaxy Bitcoin ETF,BTC-USD,2026-05-05,81.26,800.0,0.25,6.547,43.842,66.001,43.078
2518,BTCO,Invesco Galaxy Bitcoin ETF,Invesco / Galaxy,BTCO,Invesco Galaxy Bitcoin ETF,BTC-USD,2026-05-06,81.09,800.0,0.25,6.656,45.633,67.792,43.052
2519,BTCO,Invesco Galaxy Bitcoin ETF,Invesco / Galaxy,BTCO,Invesco Galaxy Bitcoin ETF,BTC-USD,2026-05-07,79.73,800.0,0.25,6.91,45.633,67.787,42.748
2520,BTCO,Invesco Galaxy Bitcoin ETF,Invesco / Galaxy,BTCO,Invesco Galaxy Bitcoin ETF,BTC-USD,2026-05-08,79.74,800.0,0.25,6.896,36.76,58.266,42.538
2521,BTCO,Invesco Galaxy Bitcoin ETF,Invesco / Galaxy,BTCO,Invesco Galaxy Bitcoin ETF,BTC-USD,2026-05-11,81.59,800.0,0.25,7.268,36.76,53.086,42.052
2522,BTCO,Invesco Galaxy Bitcoin ETF,Invesco / Galaxy,BTCO,Invesco Galaxy Bitcoin ETF,BTC-USD,2026-05-12,80.4,800.0,0.25,7.236,31.626,53.779,41.002
2523,BTCO,Invesco Galaxy Bitcoin ETF,Invesco / Galaxy,BTCO,Invesco Galaxy Bitcoin ETF,BTC-USD,2026-05-13,79.19,800.0,0.25,7.042,31.626,53.779,40.999
2524,BTCO,Invesco Galaxy Bitcoin ETF,Invesco / Galaxy,BTCO,Invesco Galaxy Bitcoin ETF,BTC-USD,2026-05-14,81.03,800.0,0.25,7.246,29.218,51.372,40.858
2525,BTCO,Invesco Galaxy Bitcoin ETF,Invesco / Galaxy,BTCO,Invesco Galaxy Bitcoin ETF,BTC-USD,2026-05-15,78.685,800.0,0.25,7.269,21.763,43.922,41.353
2526,BTCO,Invesco Galaxy Bitcoin ETF,Invesco / Galaxy,BTCO,Invesco Galaxy Bitcoin ETF,BTC-USD,2026-05-18,76.43,800.0,0.25,6.88,21.763,43.922,41.838
2527,BTCO,Invesco Galaxy Bitcoin ETF,Invesco / Galaxy,BTCO,Invesco Galaxy Bitcoin ETF,BTC-USD,2026-05-19,76.35,800.0,0.25,6.8,25.33,47.483,40.439
2528,BTCO,Invesco Galaxy Bitcoin ETF,Invesco / Galaxy,BTCO,Invesco Galaxy Bitcoin ETF,BTC-USD,2026-05-20,77.25,800.0,0.25,6.912,15.738,37.015,40.476
2529,BTCO,Invesco Galaxy Bitcoin ETF,Invesco / Galaxy,BTCO,Invesco Galaxy Bitcoin ETF,BTC-USD,2026-05-21,77.29,800.0,0.25,6.964,20.062,41.308,37.939
2530,BTCO,Invesco Galaxy Bitcoin ETF,Invesco / Galaxy,BTCO,Invesco Galaxy Bitcoin ETF,BTC-USD,2026-05-22,75.4,800.0,0.25,6.902,20.062,41.308,37.896
2531,BTCO,Invesco Galaxy Bitcoin ETF,Invesco / Galaxy,BTCO,Invesco Galaxy Bitcoin ETF,BTC-USD,2026-05-26,75.52,800.0,0.25,6.992,23.47,44.717,37.398
2532,BTCO,Invesco Galaxy Bitcoin ETF,Invesco / Galaxy,BTCO,Invesco Galaxy Bitcoin ETF,BTC-USD,2026-05-27,74.57,800.0,0.25,6.898,22.694,43.97,36.022
2533,BTCO,Invesco Galaxy Bitcoin ETF,Invesco / Galaxy,BTCO,Invesco Galaxy Bitcoin ETF,BTC-USD,2026-05-28,72.99,800.0,0.25,6.988,22.694,43.97,36.198
2534,BTCO,Invesco Galaxy Bitcoin ETF,Invesco / Galaxy,BTCO,Invesco Galaxy Bitcoin ETF,BTC-USD,2026-05-29,73.03,800.0,0.25,6.784,25.556,46.833,33.295
2535,BTCO,Invesco Galaxy Bitcoin ETF,Invesco / Galaxy,BTCO,Invesco Galaxy Bitcoin ETF,BTC-USD,2026-06-01,71.1,800.0,0.25,7.116,24.498,45.774,33.321
2536,BTCO,Invesco Galaxy Bitcoin ETF,Invesco / Galaxy,BTCO,Invesco Galaxy Bitcoin ETF,BTC-USD,2026-06-02,66.86,800.0,0.25,7.265,24.498,45.774,34.386
2537,BTCO,Invesco Galaxy Bitcoin ETF,Invesco / Galaxy,BTCO,Invesco Galaxy Bitcoin ETF,BTC-USD,2026-06-03,65.03,800.0,0.25,7.159,24.498,45.774,34.705
2538,BTCO,Invesco Galaxy Bitcoin ETF,Invesco / Galaxy,BTCO,Invesco Galaxy Bitcoin ETF,BTC-USD,2026-06-04,63.21,800.0,0.25,7.398,24.498,45.774,34.997
2539,BTCO,Invesco Galaxy Bitcoin ETF,Invesco / Galaxy,BTCO,Invesco Galaxy Bitcoin ETF,BTC-USD,2026-06-05,60.01,800.0,0.25,7.857,22.706,49.201,36.412
2540,BTCO,Invesco Galaxy Bitcoin ETF,Invesco / Galaxy,BTCO,Invesco Galaxy Bitcoin ETF,BTC-USD,2026-06-08,63.07,800.0,0.25,7.47,22.706,49.807,37.962
2541,BTCO,Invesco Galaxy Bitcoin ETF,Invesco / Galaxy,BTCO,Invesco Galaxy Bitcoin ETF,BTC-USD,2026-06-09,61.75,800.0,0.25,7.787,19.582,46.682,38.082
2542,BTCO,Invesco Galaxy Bitcoin ETF,Invesco / Galaxy,BTCO,Invesco Galaxy Bitcoin ETF,BTC-USD,2026-06-10,61.6,800.0,0.25,7.239,23.377,50.477,37.123
2543,BTCO,Invesco Galaxy Bitcoin ETF,Invesco / Galaxy,BTCO,Invesco Galaxy Bitcoin ETF,BTC-USD,2026-06-11,63.25,800.0,0.25,7.259,23.377,50.477,37.549
2544,BTCO,Invesco Galaxy Bitcoin ETF,Invesco / Galaxy,BTCO,Invesco Galaxy Bitcoin ETF,BTC-USD,2026-06-12,63.25,800.0,0.25,7.145,23.377,53.212,36.313
2545,BTCO,Invesco Galaxy Bitcoin ETF,Invesco / Galaxy,BTCO,Invesco Galaxy Bitcoin ETF,BTC-USD,2026-06-15,66.25,800.0,0.25,7.053,23.377,53.212,37.58
2546,BTCO,Invesco Galaxy Bitcoin ETF,Invesco / Galaxy,BTCO,Invesco Galaxy Bitcoin ETF,BTC-USD,2026-06-16,65.32,800.0,0.25,6.968,23.377,53.212,37.677
2547,BTCO,Invesco Galaxy Bitcoin ETF,Invesco / Galaxy,BTCO,Invesco Galaxy Bitcoin ETF,BTC-USD,2026-06-17,63.89,800.0,0.25,6.499,23.377,53.774,37.889
2548,BTCO,Invesco Galaxy Bitcoin ETF,Invesco / Galaxy,BTCO,Invesco Galaxy Bitcoin ETF,BTC-USD,2026-06-18,62.64,800.0,0.25,7.696,19.809,50.207,37.9
2549,BTCO,Invesco Galaxy Bitcoin ETF,Invesco / Galaxy,BTCO,Invesco Galaxy Bitcoin ETF,BTC-USD,2026-06-22,64.12,800.0,0.25,7.73,19.809,56.05,37.933
2550,BTCO,Invesco Galaxy Bitcoin ETF,Invesco / Galaxy,BTCO,Invesco Galaxy Bitcoin ETF,BTC-USD,2026-06-23,62.02,800.0,0.25,7.751,15.486,52.955,37.92
2551,BTCO,Invesco Galaxy Bitcoin ETF,Invesco / Galaxy,BTCO,Invesco Galaxy Bitcoin ETF,BTC-USD,2026-06-24,59.55,800.0,0.25,8.219,15.486,51.727,38.015
2552,BTCO,Invesco Galaxy Bitcoin ETF,Invesco / Galaxy,BTCO,Invesco Galaxy Bitcoin ETF,BTC-USD,2026-06-25,58.91,800.0,0.25,10.122,14.754,50.994,38.007
2553,BTCO,Invesco Galaxy Bitcoin ETF,Invesco / Galaxy,BTCO,Invesco Galaxy Bitcoin ETF,BTC-USD,2026-06-26,59.36,800.0,0.25,10.209,23.255,59.495,37.799
2554,BTCO,Invesco Galaxy Bitcoin ETF,Invesco / Galaxy,BTCO,Invesco Galaxy Bitcoin ETF,BTC-USD,2026-06-29,60.05,800.0,0.25,10.225,34.944,65.341,37.871
2555,BTCO,Invesco Galaxy Bitcoin ETF,Invesco / Galaxy,BTCO,Invesco Galaxy Bitcoin ETF,BTC-USD,2026-06-30,58.4,800.0,0.25,10.127,30.138,66.379,38.119
2556,BTCO,Invesco Galaxy Bitcoin ETF,Invesco / Galaxy,BTCO,Invesco Galaxy Bitcoin ETF,BTC-USD,2026-07-01,59.67,800.0,0.25,9.861,30.138,67.607,37.429
2557,BTCO,Invesco Galaxy Bitcoin ETF,Invesco / Galaxy,BTCO,Invesco Galaxy Bitcoin ETF,BTC-USD,2026-07-02,61.16,800.0,0.25,9.798,30.138,67.582,37.798
2558,BTCO,Invesco Galaxy Bitcoin ETF,Invesco / Galaxy,BTCO,Invesco Galaxy Bitcoin ETF,BTC-USD,2026-07-06,63.38,800.0,0.25,9.597,30.326,67.77,37.876
2559,BTCO,Invesco Galaxy Bitcoin ETF,Invesco / Galaxy,BTCO,Invesco Galaxy Bitcoin ETF,BTC-USD,2026-07-07,63.5,800.0,0.25,9.247,33.285,70.729,37.789
2560,BTCO,Invesco Galaxy Bitcoin ETF,Invesco / Galaxy,BTCO,Invesco Galaxy Bitcoin ETF,BTC-USD,2026-07-08,61.9,800.0,0.25,8.561,33.285,70.754,37.89
2561,BTCO,Invesco Galaxy Bitcoin ETF,Invesco / Galaxy,BTCO,Invesco Galaxy Bitcoin ETF,BTC-USD,2026-07-09,62.9,800.0,0.25,8.392,33.285,70.754,38.08
2562,BTCO,Invesco Galaxy Bitcoin ETF,Invesco / Galaxy,BTCO,Invesco Galaxy Bitcoin ETF,BTC-USD,2026-07-10,63.56,800.0,0.25,8.01,33.285,78.777,38.045
2563,BTCO,Invesco Galaxy Bitcoin ETF,Invesco / Galaxy,BTCO,Invesco Galaxy Bitcoin ETF,BTC-USD,2026-07-13,61.86,800.0,0.25,8.016,29.49,79.705,38.285
2564,BTCO,Invesco Galaxy Bitcoin ETF,Invesco / Galaxy,BTCO,Invesco Galaxy Bitcoin ETF,BTC-USD,2026-07-14,64.18,800.0,0.25,7.94,29.49,79.705,39.124
2565,BTCO,Invesco Galaxy Bitcoin ETF,Invesco / Galaxy,BTCO,Invesco Galaxy Bitcoin ETF,BTC-USD,2026-07-15,64.615,800.0,0.25,7.829,29.49,74.982,38.659
2566,BTCO,Invesco Galaxy Bitcoin ETF,Invesco / Galaxy,BTCO,Invesco Galaxy Bitcoin ETF,BTC-USD,2026-07-16,63.89,800.0,0.25,7.638,29.49,74.982,38.613
2567,BTCO,Invesco Galaxy Bitcoin ETF,Invesco / Galaxy,BTCO,Invesco Galaxy Bitcoin ETF,BTC-USD,2026-07-17,63.8,800.0,0.25,7.643,29.49,66.959,38.493
2568,BTCO,Invesco Galaxy Bitcoin ETF,Invesco / Galaxy,BTCO,Invesco Galaxy Bitcoin ETF,BTC-USD,2026-07-20,64.78,800.0,0.25,7.521,29.49,72.667,37.121
2569,BTCO,Invesco Galaxy Bitcoin ETF,Invesco / Galaxy,BTCO,Invesco Galaxy Bitcoin ETF,BTC-USD,2026-07-21,66.11,800.0,0.25,6.333,29.49,74.982,37.355
2570,BTCO,Invesco Galaxy Bitcoin ETF,Invesco / Galaxy,BTCO,Invesco Galaxy Bitcoin ETF,BTC-USD,2026-07-22,65.58,800.0,0.25,6.14,29.49,74.982,37.37
2571,BTCO,Invesco Galaxy Bitcoin ETF,Invesco / Galaxy,BTCO,Invesco Galaxy Bitcoin ETF,BTC-USD,2026-07-23,64.42,800.0,0.25,6.015,29.49,74.982,37.469
2572,BTCO,Invesco Galaxy Bitcoin ETF,Invesco / Galaxy,BTCO,Invesco Galaxy Bitcoin ETF,BTC-USD,2026-07-24,63.82,800.0,0.25,5.461,29.49,74.982,37.484
2573,BTCO,Invesco Galaxy Bitcoin ETF,Invesco / Galaxy,BTCO,Invesco Galaxy Bitcoin ETF,BTC-USD,2026-07-27,64.56,800.0,0.25,3.373,23.337,68.829,37.555
2574,BTCO,Invesco Galaxy Bitcoin ETF,Invesco / Galaxy,BTCO,Invesco Galaxy Bitcoin ETF,BTC-USD,2026-07-28,63.48,800.0,0.25,3.155,14.836,65.051,37.539
2575,BTCO,Invesco Galaxy Bitcoin ETF,Invesco / Galaxy,BTCO,Invesco Galaxy Bitcoin ETF,BTC-USD,2026-07-29,63.18,800.0,0.25,3.034,3.147,53.361,37.056
2576,BTCO,Invesco Galaxy Bitcoin ETF,Invesco / Galaxy,BTCO,Invesco Galaxy Bitcoin ETF,BTC-USD,2026-07-30,64.41,800.0,0.25,2.9,3.147,53.361,37.0
2577,BTCO,Invesco Galaxy Bitcoin ETF,Invesco / Galaxy,BTCO,Invesco Galaxy Bitcoin ETF,BTC-USD,2026-07-31,62.55,800.0,0.25,2.914,3.147,63.372,37.063
2578,BTCO,Invesco Galaxy Bitcoin ETF,Invesco / Galaxy,BTCO,Invesco Galaxy Bitcoin ETF,BTC-USD,2026-08-03,63.51,800.0,0.25,3.191,10.379,70.604,37.278
2579,BTCO,Invesco Galaxy Bitcoin ETF,Invesco / Galaxy,BTCO,Invesco Galaxy Bitcoin ETF,BTC-USD,2026-08-04,63.89,800.0,0.25,3.114,10.192,55.683,37.236
2580,BTCO,Invesco Galaxy Bitcoin ETF,Invesco / Galaxy,BTCO,Invesco Galaxy Bitcoin ETF,BTC-USD,2026-08-05,64.49,800.0,0.25,3.069,7.233,52.724,37.324
2581,BTCO,Invesco Galaxy Bitcoin ETF,Invesco / Galaxy,BTCO,Invesco Galaxy Bitcoin ETF,BTC-USD,2026-08-06,64.05,800.0,0.25,2.989,11.32,56.812,36.919
2582,BTCO,Invesco Galaxy Bitcoin ETF,Invesco / Galaxy,BTCO,Invesco Galaxy Bitcoin ETF,BTC-USD,2026-08-07,64.6,800.0,0.25,2.962,11.32,56.812,36.94
2583,BTCO,Invesco Galaxy Bitcoin ETF,Invesco / Galaxy,BTCO,Invesco Galaxy Bitcoin ETF,BTC-USD,2026-08-10,63.62,800.0,0.25,3.282,11.32,54.497,36.941
2584,BTCO,Invesco Galaxy Bitcoin ETF,Invesco / Galaxy,BTCO,Invesco Galaxy Bitcoin ETF,BTC-USD,2026-08-11,63.14,800.0,0.25,3.268,11.32,50.179,36.529
2585,BTCO,Invesco Galaxy Bitcoin ETF,Invesco / Galaxy,BTCO,Invesco Galaxy Bitcoin ETF,BTC-USD,2026-08-12,63.03,800.0,0.25,3.168,16.043,54.626,36.152
2586,BTCO,Invesco Galaxy Bitcoin ETF,Invesco / Galaxy,BTCO,Invesco Galaxy Bitcoin ETF,BTC-USD,2026-08-13,62.98,800.0,0.25,3.155,18.502,57.086,35.766
2587,BTCO,Invesco Galaxy Bitcoin ETF,Invesco / Galaxy,BTCO,Invesco Galaxy Bitcoin ETF,BTC-USD,2026-08-14,62.57,800.0,0.25,3.157,18.502,57.086,35.77
2588,BTCO,Invesco Galaxy Bitcoin ETF,Invesco / Galaxy,BTCO,Invesco Galaxy Bitcoin ETF,BTC-USD,2026-08-17,63.95,800.0,0.25,3.146,18.502,57.361,36.01
2589,BTCO,Invesco Galaxy Bitcoin ETF,Invesco / Galaxy,BTCO,Invesco Galaxy Bitcoin ETF,BTC-USD,2026-08-18,64.27,800.0,0.25,3.064,18.502,57.086,36.041
2590,BTCO,Invesco Galaxy Bitcoin ETF,Invesco / Galaxy,BTCO,Invesco Galaxy Bitcoin ETF,BTC-USD,2026-08-19,68.1,800.0,0.25,3.312,18.502,57.086,37.851
2591,BTCO,Invesco Galaxy Bitcoin ETF,Invesco / Galaxy,BTCO,Invesco Galaxy Bitcoin ETF,BTC-USD,2026-08-20,72.3,800.0,0.25,3.474,18.502,57.361,39.895
2592,BTCO,Invesco Galaxy Bitcoin ETF,Invesco / Galaxy,BTCO,Invesco Galaxy Bitcoin ETF,BTC-USD,2026-08-21,76.67,800.0,0.25,3.714,18.502,57.361,41.626
2593,BTCO,Invesco Galaxy Bitcoin ETF,Invesco / Galaxy,BTCO,Invesco Galaxy Bitcoin ETF,BTC-USD,2026-08-24,78.35,800.0,0.25,3.828,18.502,61.636,41.595
2594,BTCO,Invesco Galaxy Bitcoin ETF,Invesco / Galaxy,BTCO,Invesco Galaxy Bitcoin ETF,BTC-USD,2026-08-25,78.52,800.0,0.25,3.858,25.308,68.442,41.595
2595,BTCO,Invesco Galaxy Bitcoin ETF,Invesco / Galaxy,BTCO,Invesco Galaxy Bitcoin ETF,BTC-USD,2026-08-26,78.08,800.0,0.25,3.867,25.308,64.167,41.211
2596,BTCO,Invesco Galaxy Bitcoin ETF,Invesco / Galaxy,BTCO,Invesco Galaxy Bitcoin ETF,BTC-USD,2026-08-27,79.51,800.0,0.25,3.843,25.308,68.442,39.19
2597,BRRR,CoinShares Valkyrie Bitcoin,CoinShares,BRRR,CoinShares Valkyrie Bitcoin,BTC-USD,2025-03-07,24.58,600.0,0.25,17.183,81.397,102.158,46.385
2598,BRRR,CoinShares Valkyrie Bitcoin,CoinShares,BRRR,CoinShares Valkyrie Bitcoin,BTC-USD,2025-03-10,22.34,600.0,0.25,17.162,72.914,96.25,49.025
2599,BRRR,CoinShares Valkyrie Bitcoin,CoinShares,BRRR,CoinShares Valkyrie Bitcoin,BTC-USD,2025-03-11,23.48,600.0,0.25,19.59,73.052,96.388,50.201
2600,BRRR,CoinShares Valkyrie Bitcoin,CoinShares,BRRR,CoinShares Valkyrie Bitcoin,BTC-USD,2025-03-12,23.44,600.0,0.25,18.392,82.19,105.526,49.011
2601,BRRR,CoinShares Valkyrie Bitcoin,CoinShares,BRRR,CoinShares Valkyrie Bitcoin,BTC-USD,2025-03-13,22.66,600.0,0.25,18.484,90.173,113.509,49.365
2602,BRRR,CoinShares Valkyrie Bitcoin,CoinShares,BRRR,CoinShares Valkyrie Bitcoin,BTC-USD,2025-03-14,23.93,600.0,0.25,17.38,80.253,103.67,50.624
2603,BRRR,CoinShares Valkyrie Bitcoin,CoinShares,BRRR,CoinShares Valkyrie Bitcoin,BTC-USD,2025-03-17,23.91,600.0,0.25,17.489,87.87,111.286,49.868
2604,BRRR,CoinShares Valkyrie Bitcoin,CoinShares,BRRR,CoinShares Valkyrie Bitcoin,BTC-USD,2025-03-18,23.27,600.0,0.25,17.62,87.87,114.49,50.016
2605,BRRR,CoinShares Valkyrie Bitcoin,CoinShares,BRRR,CoinShares Valkyrie Bitcoin,BTC-USD,2025-03-19,24.17,600.0,0.25,17.554,87.87,114.49,49.385
2606,BRRR,CoinShares Valkyrie Bitcoin,CoinShares,BRRR,CoinShares Valkyrie Bitcoin,BTC-USD,2025-03-20,23.81,600.0,0.25,17.743,96.765,121.885,48.71
2607,BRRR,CoinShares Valkyrie Bitcoin,CoinShares,BRRR,CoinShares Valkyrie Bitcoin,BTC-USD,2025-03-21,23.74,600.0,0.25,17.646,96.765,120.181,48.708
2608,BRRR,CoinShares Valkyrie Bitcoin,CoinShares,BRRR,CoinShares Valkyrie Bitcoin,BTC-USD,2025-03-24,24.96,600.0,0.25,16.54,92.006,117.127,49.393
2609,BRRR,CoinShares Valkyrie Bitcoin,CoinShares,BRRR,CoinShares Valkyrie Bitcoin,BTC-USD,2025-03-25,24.94,600.0,0.25,16.699,95.651,120.771,47.649
2610,BRRR,CoinShares Valkyrie Bitcoin,CoinShares,BRRR,CoinShares Valkyrie Bitcoin,BTC-USD,2025-03-26,24.47,600.0,0.25,12.853,95.651,120.771,47.289
2611,BRRR,CoinShares Valkyrie Bitcoin,CoinShares,BRRR,CoinShares Valkyrie Bitcoin,BTC-USD,2025-03-27,24.61,600.0,0.25,12.757,102.33,125.747,47.274
2612,BRRR,CoinShares Valkyrie Bitcoin,CoinShares,BRRR,CoinShares Valkyrie Bitcoin,BTC-USD,2025-03-28,23.68,600.0,0.25,11.741,87.768,112.888,47.883
2613,BRRR,CoinShares Valkyrie Bitcoin,CoinShares,BRRR,CoinShares Valkyrie Bitcoin,BTC-USD,2025-03-31,23.3,600.0,0.25,11.941,85.046,108.462,47.957
2614,BRRR,CoinShares Valkyrie Bitcoin,CoinShares,BRRR,CoinShares Valkyrie Bitcoin,BTC-USD,2025-04-01,24.04,600.0,0.25,12.123,85.046,108.462,47.633
2615,BRRR,CoinShares Valkyrie Bitcoin,CoinShares,BRRR,CoinShares Valkyrie Bitcoin,BTC-USD,2025-04-02,24.57,600.0,0.25,10.925,85.046,110.166,47.819
2616,BRRR,CoinShares Valkyrie Bitcoin,CoinShares,BRRR,CoinShares Valkyrie Bitcoin,BTC-USD,2025-04-03,23.17,600.0,0.25,10.042,85.046,111.666,48.417
2617,BRRR,CoinShares Valkyrie Bitcoin,CoinShares,BRRR,CoinShares Valkyrie Bitcoin,BTC-USD,2025-04-04,23.75,600.0,0.25,10.483,74.177,99.297,47.303
2618,BRRR,CoinShares Valkyrie Bitcoin,CoinShares,BRRR,CoinShares Valkyrie Bitcoin,BTC-USD,2025-04-07,22.06,600.0,0.25,10.576,62.463,89.083,49.306
2619,BRRR,CoinShares Valkyrie Bitcoin,CoinShares,BRRR,CoinShares Valkyrie Bitcoin,BTC-USD,2025-04-08,21.72,600.0,0.25,10.24,81.362,107.982,49.317
2620,BRRR,CoinShares Valkyrie Bitcoin,CoinShares,BRRR,CoinShares Valkyrie Bitcoin,BTC-USD,2025-04-09,23.27,600.0,0.25,7.763,79.347,108.825,51.471
2621,BRRR,CoinShares Valkyrie Bitcoin,CoinShares,BRRR,CoinShares Valkyrie Bitcoin,BTC-USD,2025-04-10,22.51,600.0,0.25,7.629,79.873,113.842,51.411
2622,BRRR,CoinShares Valkyrie Bitcoin,CoinShares,BRRR,CoinShares Valkyrie Bitcoin,BTC-USD,2025-04-11,23.7,600.0,0.25,7.461,71.89,105.858,52.13
2623,BRRR,CoinShares Valkyrie Bitcoin,CoinShares,BRRR,CoinShares Valkyrie Bitcoin,BTC-USD,2025-04-14,24.02,600.0,0.25,7.17,71.89,105.858,52.192
2624,BRRR,CoinShares Valkyrie Bitcoin,CoinShares,BRRR,CoinShares Valkyrie Bitcoin,BTC-USD,2025-04-15,23.77,600.0,0.25,7.013,69.393,106.525,51.329
2625,BRRR,CoinShares Valkyrie Bitcoin,CoinShares,BRRR,CoinShares Valkyrie Bitcoin,BTC-USD,2025-04-16,23.86,600.0,0.25,6.647,72.162,109.295,51.23
2626,BRRR,CoinShares Valkyrie Bitcoin,CoinShares,BRRR,CoinShares Valkyrie Bitcoin,BTC-USD,2025-04-17,24.03,600.0,0.25,6.185,79.348,118.231,51.195
2627,BRRR,CoinShares Valkyrie Bitcoin,CoinShares,BRRR,CoinShares Valkyrie Bitcoin,BTC-USD,2025-04-21,24.75,600.0,0.25,6.222,67.982,111.675,51.618
2628,BRRR,CoinShares Valkyrie Bitcoin,CoinShares,BRRR,CoinShares Valkyrie Bitcoin,BTC-USD,2025-04-22,25.91,600.0,0.25,7.155,67.982,111.675,52.447
2629,BRRR,CoinShares Valkyrie Bitcoin,CoinShares,BRRR,CoinShares Valkyrie Bitcoin,BTC-USD,2025-04-23,26.48,600.0,0.25,7.384,67.982,106.865,52.234
2630,BRRR,CoinShares Valkyrie Bitcoin,CoinShares,BRRR,CoinShares Valkyrie Bitcoin,BTC-USD,2025-04-24,26.49,600.0,0.25,7.123,66.566,105.449,52.235
2631,BRRR,CoinShares Valkyrie Bitcoin,CoinShares,BRRR,CoinShares Valkyrie Bitcoin,BTC-USD,2025-04-25,26.99,600.0,0.25,6.933,66.566,105.449,51.99
2632,BRRR,CoinShares Valkyrie Bitcoin,CoinShares,BRRR,CoinShares Valkyrie Bitcoin,BTC-USD,2025-04-28,26.81,600.0,0.25,6.796,59.887,98.77,51.972
2633,BRRR,CoinShares Valkyrie Bitcoin,CoinShares,BRRR,CoinShares Valkyrie Bitcoin,BTC-USD,2025-04-29,26.97,600.0,0.25,6.389,59.887,98.77,51.577
2634,BRRR,CoinShares Valkyrie Bitcoin,CoinShares,BRRR,CoinShares Valkyrie Bitcoin,BTC-USD,2025-04-30,26.62,600.0,0.25,6.305,59.887,98.77,51.634
2635,BRRR,CoinShares Valkyrie Bitcoin,CoinShares,BRRR,CoinShares Valkyrie Bitcoin,BTC-USD,2025-05-01,27.31,600.0,0.25,6.194,59.887,98.77,51.678
2636,BRRR,CoinShares Valkyrie Bitcoin,CoinShares,BRRR,CoinShares Valkyrie Bitcoin,BTC-USD,2025-05-02,27.42,600.0,0.25,6.198,60.385,93.126,51.602
2637,BRRR,CoinShares Valkyrie Bitcoin,CoinShares,BRRR,CoinShares Valkyrie Bitcoin,BTC-USD,2025-05-05,26.68,600.0,0.25,5.873,60.385,93.126,51.899
2638,BRRR,CoinShares Valkyrie Bitcoin,CoinShares,BRRR,CoinShares Valkyrie Bitcoin,BTC-USD,2025-05-06,26.85,600.0,0.25,5.33,65.53,98.27,51.86
2639,BRRR,CoinShares Valkyrie Bitcoin,CoinShares,BRRR,CoinShares Valkyrie Bitcoin,BTC-USD,2025-05-07,27.19,600.0,0.25,4.84,65.53,98.27,51.818
2640,BRRR,CoinShares Valkyrie Bitcoin,CoinShares,BRRR,CoinShares Valkyrie Bitcoin,BTC-USD,2025-05-08,28.66,600.0,0.25,4.96,46.631,79.371,52.72
2641,BRRR,CoinShares Valkyrie Bitcoin,CoinShares,BRRR,CoinShares Valkyrie Bitcoin,BTC-USD,2025-05-09,29.2,600.0,0.25,4.829,36.64,69.38,52.719
2642,BRRR,CoinShares Valkyrie Bitcoin,CoinShares,BRRR,CoinShares Valkyrie Bitcoin,BTC-USD,2025-05-12,28.8,600.0,0.25,4.843,28.033,60.773,52.777
2643,BRRR,CoinShares Valkyrie Bitcoin,CoinShares,BRRR,CoinShares Valkyrie Bitcoin,BTC-USD,2025-05-13,29.65,600.0,0.25,4.831,28.033,60.773,53.054
2644,BRRR,CoinShares Valkyrie Bitcoin,CoinShares,BRRR,CoinShares Valkyrie Bitcoin,BTC-USD,2025-05-14,29.23,600.0,0.25,4.784,31.287,64.028,52.658
2645,BRRR,CoinShares Valkyrie Bitcoin,CoinShares,BRRR,CoinShares Valkyrie Bitcoin,BTC-USD,2025-05-15,29.18,600.0,0.25,4.72,26.431,58.923,52.502
2646,BRRR,CoinShares Valkyrie Bitcoin,CoinShares,BRRR,CoinShares Valkyrie Bitcoin,BTC-USD,2025-05-16,29.43,600.0,0.25,4.7,23.661,56.401,52.297
2647,BRRR,CoinShares Valkyrie Bitcoin,CoinShares,BRRR,CoinShares Valkyrie Bitcoin,BTC-USD,2025-05-19,29.84,600.0,0.25,4.77,18.031,50.771,51.712
2648,BRRR,CoinShares Valkyrie Bitcoin,CoinShares,BRRR,CoinShares Valkyrie Bitcoin,BTC-USD,2025-05-20,30.3,600.0,0.25,4.581,18.031,50.771,51.739
2649,BRRR,CoinShares Valkyrie Bitcoin,CoinShares,BRRR,CoinShares Valkyrie Bitcoin,BTC-USD,2025-05-21,30.74,600.0,0.25,3.949,18.031,50.771,49.822
2650,BRRR,CoinShares Valkyrie Bitcoin,CoinShares,BRRR,CoinShares Valkyrie Bitcoin,BTC-USD,2025-05-22,31.47,600.0,0.25,3.795,18.031,51.523,49.024
2651,BRRR,CoinShares Valkyrie Bitcoin,CoinShares,BRRR,CoinShares Valkyrie Bitcoin,BTC-USD,2025-05-23,30.77,600.0,0.25,3.871,15.803,56.92,49.231
2652,BRRR,CoinShares Valkyrie Bitcoin,CoinShares,BRRR,CoinShares Valkyrie Bitcoin,BTC-USD,2025-05-27,31.11,600.0,0.25,3.596,17.066,63.947,49.238
2653,BRRR,CoinShares Valkyrie Bitcoin,CoinShares,BRRR,CoinShares Valkyrie Bitcoin,BTC-USD,2025-05-28,30.25,600.0,0.25,3.762,17.066,63.947,49.543
2654,BRRR,CoinShares Valkyrie Bitcoin,CoinShares,BRRR,CoinShares Valkyrie Bitcoin,BTC-USD,2025-05-29,29.86,600.0,0.25,4.259,17.746,64.626,49.646
2655,BRRR,CoinShares Valkyrie Bitcoin,CoinShares,BRRR,CoinShares Valkyrie Bitcoin,BTC-USD,2025-05-30,29.58,600.0,0.25,4.347,17.746,64.626,49.051
2656,BRRR,CoinShares Valkyrie Bitcoin,CoinShares,BRRR,CoinShares Valkyrie Bitcoin,BTC-USD,2025-06-02,29.54,600.0,0.25,4.125,20.328,67.209,48.899
2657,BRRR,CoinShares Valkyrie Bitcoin,CoinShares,BRRR,CoinShares Valkyrie Bitcoin,BTC-USD,2025-06-03,30.07,600.0,0.25,4.262,19.829,66.71,48.663
2658,BRRR,CoinShares Valkyrie Bitcoin,CoinShares,BRRR,CoinShares Valkyrie Bitcoin,BTC-USD,2025-06-04,29.69,600.0,0.25,4.192,19.829,60.946,44.231
2659,BRRR,CoinShares Valkyrie Bitcoin,CoinShares,BRRR,CoinShares Valkyrie Bitcoin,BTC-USD,2025-06-05,28.8,600.0,0.25,4.29,17.317,64.197,43.795
2660,BRRR,CoinShares Valkyrie Bitcoin,CoinShares,BRRR,CoinShares Valkyrie Bitcoin,BTC-USD,2025-06-06,29.48,600.0,0.25,4.452,20.356,62.352,43.971
2661,BRRR,CoinShares Valkyrie Bitcoin,CoinShares,BRRR,CoinShares Valkyrie Bitcoin,BTC-USD,2025-06-09,30.74,600.0,0.25,4.285,20.356,62.352,43.938
2662,BRRR,CoinShares Valkyrie Bitcoin,CoinShares,BRRR,CoinShares Valkyrie Bitcoin,BTC-USD,2025-06-10,30.99,600.0,0.25,4.27,20.356,62.352,42.72
2663,BRRR,CoinShares Valkyrie Bitcoin,CoinShares,BRRR,CoinShares Valkyrie Bitcoin,BTC-USD,2025-06-11,30.78,600.0,0.25,4.186,25.123,67.119,42.768
2664,BRRR,CoinShares Valkyrie Bitcoin,CoinShares,BRRR,CoinShares Valkyrie Bitcoin,BTC-USD,2025-06-12,30.19,600.0,0.25,4.161,25.123,67.119,42.553
2665,BRRR,CoinShares Valkyrie Bitcoin,CoinShares,BRRR,CoinShares Valkyrie Bitcoin,BTC-USD,2025-06-13,29.74,600.0,0.25,4.189,21.868,63.864,42.149
2666,BRRR,CoinShares Valkyrie Bitcoin,CoinShares,BRRR,CoinShares Valkyrie Bitcoin,BTC-USD,2025-06-16,30.74,600.0,0.25,4.293,19.116,62.605,42.401
2667,BRRR,CoinShares Valkyrie Bitcoin,CoinShares,BRRR,CoinShares Valkyrie Bitcoin,BTC-USD,2025-06-17,29.61,600.0,0.25,4.302,19.116,65.996,43.233
2668,BRRR,CoinShares Valkyrie Bitcoin,CoinShares,BRRR,CoinShares Valkyrie Bitcoin,BTC-USD,2025-06-18,29.36,600.0,0.25,4.238,22.481,74.798,42.2
2669,BRRR,CoinShares Valkyrie Bitcoin,CoinShares,BRRR,CoinShares Valkyrie Bitcoin,BTC-USD,2025-06-20,29.19,600.0,0.25,4.543,25.739,69.229,42.23
2670,BRRR,CoinShares Valkyrie Bitcoin,CoinShares,BRRR,CoinShares Valkyrie Bitcoin,BTC-USD,2025-06-23,29.18,600.0,0.25,4.343,25.739,69.229,41.994
2671,BRRR,CoinShares Valkyrie Bitcoin,CoinShares,BRRR,CoinShares Valkyrie Bitcoin,BTC-USD,2025-06-24,29.88,600.0,0.25,4.232,25.739,69.229,42.206
2672,BRRR,CoinShares Valkyrie Bitcoin,CoinShares,BRRR,CoinShares Valkyrie Bitcoin,BTC-USD,2025-06-25,30.49,600.0,0.25,4.127,25.739,69.229,41.434
2673,BRRR,CoinShares Valkyrie Bitcoin,CoinShares,BRRR,CoinShares Valkyrie Bitcoin,BTC-USD,2025-06-26,30.43,600.0,0.25,4.103,26.496,68.491,41.237
2674,BRRR,CoinShares Valkyrie Bitcoin,CoinShares,BRRR,CoinShares Valkyrie Bitcoin,BTC-USD,2025-06-27,30.22,600.0,0.25,3.877,28.661,70.656,40.918
2675,BRRR,CoinShares Valkyrie Bitcoin,CoinShares,BRRR,CoinShares Valkyrie Bitcoin,BTC-USD,2025-06-30,30.47,600.0,0.25,3.499,30.796,72.791,40.757
2676,BRRR,CoinShares Valkyrie Bitcoin,CoinShares,BRRR,CoinShares Valkyrie Bitcoin,BTC-USD,2025-07-01,29.79,600.0,0.25,3.367,30.796,74.285,39.037
2677,BRRR,CoinShares Valkyrie Bitcoin,CoinShares,BRRR,CoinShares Valkyrie Bitcoin,BTC-USD,2025-07-02,31.04,600.0,0.25,3.732,28.213,71.702,39.546
2678,BRRR,CoinShares Valkyrie Bitcoin,CoinShares,BRRR,CoinShares Valkyrie Bitcoin,BTC-USD,2025-07-03,30.91,600.0,0.25,3.491,28.213,71.702,36.083
2679,BRRR,CoinShares Valkyrie Bitcoin,CoinShares,BRRR,CoinShares Valkyrie Bitcoin,BTC-USD,2025-07-07,30.55,600.0,0.25,3.489,28.213,71.702,35.995
2680,BRRR,CoinShares Valkyrie Bitcoin,CoinShares,BRRR,CoinShares Valkyrie Bitcoin,BTC-USD,2025-07-08,30.77,600.0,0.25,3.409,25.581,67.577,33.499
2681,BRRR,CoinShares Valkyrie Bitcoin,CoinShares,BRRR,CoinShares Valkyrie Bitcoin,BTC-USD,2025-07-09,31.65,600.0,0.25,3.485,22.542,61.929,32.893
2682,BRRR,CoinShares Valkyrie Bitcoin,CoinShares,BRRR,CoinShares Valkyrie Bitcoin,BTC-USD,2025-07-10,32.08,600.0,0.25,3.761,22.542,59.052,31.525
2683,BRRR,CoinShares Valkyrie Bitcoin,CoinShares,BRRR,CoinShares Valkyrie Bitcoin,BTC-USD,2025-07-11,33.42,600.0,0.25,4.101,22.542,59.052,32.33
2684,BRRR,CoinShares Valkyrie Bitcoin,CoinShares,BRRR,CoinShares Valkyrie Bitcoin,BTC-USD,2025-07-14,33.92,600.0,0.25,4.505,15.179,51.689,32.212
2685,BRRR,CoinShares Valkyrie Bitcoin,CoinShares,BRRR,CoinShares Valkyrie Bitcoin,BTC-USD,2025-07-15,32.93,600.0,0.25,4.862,15.179,49.633,33.024
2686,BRRR,CoinShares Valkyrie Bitcoin,CoinShares,BRRR,CoinShares Valkyrie Bitcoin,BTC-USD,2025-07-16,33.74,600.0,0.25,5.404,15.179,45.191,33.25
2687,BRRR,CoinShares Valkyrie Bitcoin,CoinShares,BRRR,CoinShares Valkyrie Bitcoin,BTC-USD,2025-07-17,33.67,600.0,0.25,5.605,20.835,50.145,32.91
2688,BRRR,CoinShares Valkyrie Bitcoin,CoinShares,BRRR,CoinShares Valkyrie Bitcoin,BTC-USD,2025-07-18,33.19,600.0,0.25,6.287,24.138,53.441,32.032
2689,BRRR,CoinShares Valkyrie Bitcoin,CoinShares,BRRR,CoinShares Valkyrie Bitcoin,BTC-USD,2025-07-21,33.0,600.0,0.25,6.953,26.509,45.523,31.881
2690,BRRR,CoinShares Valkyrie Bitcoin,CoinShares,BRRR,CoinShares Valkyrie Bitcoin,BTC-USD,2025-07-22,33.74,600.0,0.25,6.875,23.25,52.554,32.097
2691,BRRR,CoinShares Valkyrie Bitcoin,CoinShares,BRRR,CoinShares Valkyrie Bitcoin,BTC-USD,2025-07-23,33.49,600.0,0.25,6.813,23.25,52.554,32.034
2692,BRRR,CoinShares Valkyrie Bitcoin,CoinShares,BRRR,CoinShares Valkyrie Bitcoin,BTC-USD,2025-07-24,33.68,600.0,0.25,6.962,23.25,48.543,31.965
2693,BRRR,CoinShares Valkyrie Bitcoin,CoinShares,BRRR,CoinShares Valkyrie Bitcoin,BTC-USD,2025-07-25,33.03,600.0,0.25,7.308,23.25,46.907,32.315
2694,BRRR,CoinShares Valkyrie Bitcoin,CoinShares,BRRR,CoinShares Valkyrie Bitcoin,BTC-USD,2025-07-28,33.39,600.0,0.25,7.351,21.23,46.523,32.166
2695,BRRR,CoinShares Valkyrie Bitcoin,CoinShares,BRRR,CoinShares Valkyrie Bitcoin,BTC-USD,2025-07-29,33.2,600.0,0.25,7.522,23.957,47.614,31.898
2696,BRRR,CoinShares Valkyrie Bitcoin,CoinShares,BRRR,CoinShares Valkyrie Bitcoin,BTC-USD,2025-07-30,33.03,600.0,0.25,7.681,25.858,49.515,31.944
2697,BRRR,CoinShares Valkyrie Bitcoin,CoinShares,BRRR,CoinShares Valkyrie Bitcoin,BTC-USD,2025-07-31,33.0,600.0,0.25,7.877,32.15,50.996,31.321
2698,BRRR,CoinShares Valkyrie Bitcoin,CoinShares,BRRR,CoinShares Valkyrie Bitcoin,BTC-USD,2025-08-01,31.97,600.0,0.25,8.158,32.15,50.623,32.135
2699,BRRR,CoinShares Valkyrie Bitcoin,CoinShares,BRRR,CoinShares Valkyrie Bitcoin,BTC-USD,2025-08-04,32.44,600.0,0.25,8.218,35.045,53.892,32.164
2700,BRRR,CoinShares Valkyrie Bitcoin,CoinShares,BRRR,CoinShares Valkyrie Bitcoin,BTC-USD,2025-08-05,32.12,600.0,0.25,8.369,35.045,53.519,30.549
2701,BRRR,CoinShares Valkyrie Bitcoin,CoinShares,BRRR,CoinShares Valkyrie Bitcoin,BTC-USD,2025-08-06,32.59,600.0,0.25,8.386,35.045,53.519,30.464
2702,BRRR,CoinShares Valkyrie Bitcoin,CoinShares,BRRR,CoinShares Valkyrie Bitcoin,BTC-USD,2025-08-07,33.23,600.0,0.25,8.403,35.045,53.519,30.497
2703,BRRR,CoinShares Valkyrie Bitcoin,CoinShares,BRRR,CoinShares Valkyrie Bitcoin,BTC-USD,2025-08-08,32.93,600.0,0.25,8.539,40.008,57.782,30.07
2704,BRRR,CoinShares Valkyrie Bitcoin,CoinShares,BRRR,CoinShares Valkyrie Bitcoin,BTC-USD,2025-08-11,33.67,600.0,0.25,8.357,40.008,57.782,30.169
2705,BRRR,CoinShares Valkyrie Bitcoin,CoinShares,BRRR,CoinShares Valkyrie Bitcoin,BTC-USD,2025-08-12,33.83,600.0,0.25,8.126,44.591,62.365,30.161
2706,BRRR,CoinShares Valkyrie Bitcoin,CoinShares,BRRR,CoinShares Valkyrie Bitcoin,BTC-USD,2025-08-13,34.74,600.0,0.25,7.933,44.591,62.365,30.539
2707,BRRR,CoinShares Valkyrie Bitcoin,CoinShares,BRRR,CoinShares Valkyrie Bitcoin,BTC-USD,2025-08-14,33.35,600.0,0.25,8.21,44.591,63.064,31.725
2708,BRRR,CoinShares Valkyrie Bitcoin,CoinShares,BRRR,CoinShares Valkyrie Bitcoin,BTC-USD,2025-08-15,33.06,600.0,0.25,8.007,40.805,61.756,31.672
2709,BRRR,CoinShares Valkyrie Bitcoin,CoinShares,BRRR,CoinShares Valkyrie Bitcoin,BTC-USD,2025-08-18,32.88,600.0,0.25,7.325,37.502,61.16,31.587
2710,BRRR,CoinShares Valkyrie Bitcoin,CoinShares,BRRR,CoinShares Valkyrie Bitcoin,BTC-USD,2025-08-19,31.95,600.0,0.25,6.867,30.211,54.486,31.819
2711,BRRR,CoinShares Valkyrie Bitcoin,CoinShares,BRRR,CoinShares Valkyrie Bitcoin,BTC-USD,2025-08-20,32.29,600.0,0.25,6.744,34.469,58.127,31.529
2712,BRRR,CoinShares Valkyrie Bitcoin,CoinShares,BRRR,CoinShares Valkyrie Bitcoin,BTC-USD,2025-08-21,31.71,600.0,0.25,6.737,37.628,61.285,31.692
2713,BRRR,CoinShares Valkyrie Bitcoin,CoinShares,BRRR,CoinShares Valkyrie Bitcoin,BTC-USD,2025-08-22,32.97,600.0,0.25,6.835,41.168,65.443,32.104
2714,BRRR,CoinShares Valkyrie Bitcoin,CoinShares,BRRR,CoinShares Valkyrie Bitcoin,BTC-USD,2025-08-25,31.31,600.0,0.25,6.769,41.168,66.184,33.78
2715,BRRR,CoinShares Valkyrie Bitcoin,CoinShares,BRRR,CoinShares Valkyrie Bitcoin,BTC-USD,2025-08-26,31.43,600.0,0.25,7.331,41.168,65.443,33.718
2716,BRRR,CoinShares Valkyrie Bitcoin,CoinShares,BRRR,CoinShares Valkyrie Bitcoin,BTC-USD,2025-08-27,31.7,600.0,0.25,7.132,36.276,61.292,33.75
2717,BRRR,CoinShares Valkyrie Bitcoin,CoinShares,BRRR,CoinShares Valkyrie Bitcoin,BTC-USD,2025-08-28,31.65,600.0,0.25,7.245,31.561,56.578,33.576
2718,BRRR,CoinShares Valkyrie Bitcoin,CoinShares,BRRR,CoinShares Valkyrie Bitcoin,BTC-USD,2025-08-29,30.588,600.0,0.25,7.398,25.269,51.165,34.226
2719,BRRR,CoinShares Valkyrie Bitcoin,CoinShares,BRRR,CoinShares Valkyrie Bitcoin,BTC-USD,2025-09-02,31.33,600.0,0.25,6.843,25.269,53.432,33.941
2720,BRRR,CoinShares Valkyrie Bitcoin,CoinShares,BRRR,CoinShares Valkyrie Bitcoin,BTC-USD,2025-09-03,31.75,600.0,0.25,6.974,22.374,48.27,33.726
2721,BRRR,CoinShares Valkyrie Bitcoin,CoinShares,BRRR,CoinShares Valkyrie Bitcoin,BTC-USD,2025-09-04,31.04,600.0,0.25,6.896,22.374,50.537,32.989
2722,BRRR,CoinShares Valkyrie Bitcoin,CoinShares,BRRR,CoinShares Valkyrie Bitcoin,BTC-USD,2025-09-05,31.534,600.0,0.25,7.134,22.374,48.27,33.106
2723,BRRR,CoinShares Valkyrie Bitcoin,CoinShares,BRRR,CoinShares Valkyrie Bitcoin,BTC-USD,2025-09-08,31.71,600.0,0.25,7.339,24.085,49.102,33.09
2724,BRRR,CoinShares Valkyrie Bitcoin,CoinShares,BRRR,CoinShares Valkyrie Bitcoin,BTC-USD,2025-09-09,31.46,600.0,0.25,7.293,21.411,46.427,32.879
2725,BRRR,CoinShares Valkyrie Bitcoin,CoinShares,BRRR,CoinShares Valkyrie Bitcoin,BTC-USD,2025-09-10,32.11,600.0,0.25,7.756,21.411,45.686,32.959
2726,BRRR,CoinShares Valkyrie Bitcoin,CoinShares,BRRR,CoinShares Valkyrie Bitcoin,BTC-USD,2025-09-11,32.35,600.0,0.25,7.577,16.938,41.954,32.315
2727,BRRR,CoinShares Valkyrie Bitcoin,CoinShares,BRRR,CoinShares Valkyrie Bitcoin,BTC-USD,2025-09-12,33.03,600.0,0.25,7.785,16.938,41.213,31.562
2728,BRRR,CoinShares Valkyrie Bitcoin,CoinShares,BRRR,CoinShares Valkyrie Bitcoin,BTC-USD,2025-09-15,32.59,600.0,0.25,7.056,16.938,41.954,31.647
2729,BRRR,CoinShares Valkyrie Bitcoin,CoinShares,BRRR,CoinShares Valkyrie Bitcoin,BTC-USD,2025-09-16,33.03,600.0,0.25,7.213,15.067,39.342,31.696
2730,BRRR,CoinShares Valkyrie Bitcoin,CoinShares,BRRR,CoinShares Valkyrie Bitcoin,BTC-USD,2025-09-17,32.68,600.0,0.25,7.587,19.798,41.085,31.8
2731,BRRR,CoinShares Valkyrie Bitcoin,CoinShares,BRRR,CoinShares Valkyrie Bitcoin,BTC-USD,2025-09-18,33.22,600.0,0.25,7.549,19.798,41.085,31.621
2732,BRRR,CoinShares Valkyrie Bitcoin,CoinShares,BRRR,CoinShares Valkyrie Bitcoin,BTC-USD,2025-09-19,32.54,600.0,0.25,7.94,15.539,35.926,31.712
2733,BRRR,CoinShares Valkyrie Bitcoin,CoinShares,BRRR,CoinShares Valkyrie Bitcoin,BTC-USD,2025-09-22,31.67,600.0,0.25,7.929,12.38,32.768,32.23
2734,BRRR,CoinShares Valkyrie Bitcoin,CoinShares,BRRR,CoinShares Valkyrie Bitcoin,BTC-USD,2025-09-23,31.543,600.0,0.25,7.675,13.027,33.415,32.206
2735,BRRR,CoinShares Valkyrie Bitcoin,CoinShares,BRRR,CoinShares Valkyrie Bitcoin,BTC-USD,2025-09-24,32.055,600.0,0.25,7.502,13.027,33.415,32.324
2736,BRRR,CoinShares Valkyrie Bitcoin,CoinShares,BRRR,CoinShares Valkyrie Bitcoin,BTC-USD,2025-09-25,30.9,600.0,0.25,7.423,13.027,41.19,32.886
2737,BRRR,CoinShares Valkyrie Bitcoin,CoinShares,BRRR,CoinShares Valkyrie Bitcoin,BTC-USD,2025-09-26,30.85,600.0,0.25,7.939,17.1,37.487,31.786
2738,BRRR,CoinShares Valkyrie Bitcoin,CoinShares,BRRR,CoinShares Valkyrie Bitcoin,BTC-USD,2025-09-29,32.32,600.0,0.25,8.577,17.1,37.487,33.178
2739,BRRR,CoinShares Valkyrie Bitcoin,CoinShares,BRRR,CoinShares Valkyrie Bitcoin,BTC-USD,2025-09-30,32.33,600.0,0.25,9.448,21.957,41.938,33.077
2740,BRRR,CoinShares Valkyrie Bitcoin,CoinShares,BRRR,CoinShares Valkyrie Bitcoin,BTC-USD,2025-10-01,33.205,600.0,0.25,9.566,21.957,41.938,33.474
2741,BRRR,CoinShares Valkyrie Bitcoin,CoinShares,BRRR,CoinShares Valkyrie Bitcoin,BTC-USD,2025-10-02,34.191,600.0,0.25,10.297,21.957,41.938,33.511
2742,BRRR,CoinShares Valkyrie Bitcoin,CoinShares,BRRR,CoinShares Valkyrie Bitcoin,BTC-USD,2025-10-03,34.72,600.0,0.25,10.9,21.957,41.817,33.542
2743,BRRR,CoinShares Valkyrie Bitcoin,CoinShares,BRRR,CoinShares Valkyrie Bitcoin,BTC-USD,2025-10-06,35.461,600.0,0.25,11.078,21.957,41.705,32.78
2744,BRRR,CoinShares Valkyrie Bitcoin,CoinShares,BRRR,CoinShares Valkyrie Bitcoin,BTC-USD,2025-10-07,34.37,600.0,0.25,11.76,20.245,39.993,33.305
2745,BRRR,CoinShares Valkyrie Bitcoin,CoinShares,BRRR,CoinShares Valkyrie Bitcoin,BTC-USD,2025-10-08,34.87,600.0,0.25,11.796,23.551,43.299,32.839
2746,BRRR,CoinShares Valkyrie Bitcoin,CoinShares,BRRR,CoinShares Valkyrie Bitcoin,BTC-USD,2025-10-09,34.18,600.0,0.25,11.286,23.551,43.411,32.749
2747,BRRR,CoinShares Valkyrie Bitcoin,CoinShares,BRRR,CoinShares Valkyrie Bitcoin,BTC-USD,2025-10-10,32.94,600.0,0.25,12.378,24.306,44.054,33.621
2748,BRRR,CoinShares Valkyrie Bitcoin,CoinShares,BRRR,CoinShares Valkyrie Bitcoin,BTC-USD,2025-10-13,32.736,600.0,0.25,12.614,24.306,42.715,33.518
2749,BRRR,CoinShares Valkyrie Bitcoin,CoinShares,BRRR,CoinShares Valkyrie Bitcoin,BTC-USD,2025-10-14,31.823,600.0,0.25,13.228,24.306,40.868,33.991
2750,BRRR,CoinShares Valkyrie Bitcoin,CoinShares,BRRR,CoinShares Valkyrie Bitcoin,BTC-USD,2025-10-15,31.44,600.0,0.25,13.48,30.027,45.728,33.735
2751,BRRR,CoinShares Valkyrie Bitcoin,CoinShares,BRRR,CoinShares Valkyrie Bitcoin,BTC-USD,2025-10-16,30.57,600.0,0.25,13.658,25.296,41.857,34.161
2752,BRRR,CoinShares Valkyrie Bitcoin,CoinShares,BRRR,CoinShares Valkyrie Bitcoin,BTC-USD,2025-10-17,30.1,600.0,0.25,14.928,25.296,40.997,34.246
2753,BRRR,CoinShares Valkyrie Bitcoin,CoinShares,BRRR,CoinShares Valkyrie Bitcoin,BTC-USD,2025-10-20,31.33,600.0,0.25,15.208,25.296,41.857,35.101
2754,BRRR,CoinShares Valkyrie Bitcoin,CoinShares,BRRR,CoinShares Valkyrie Bitcoin,BTC-USD,2025-10-21,31.61,600.0,0.25,15.6,28.306,43.035,35.075
2755,BRRR,CoinShares Valkyrie Bitcoin,CoinShares,BRRR,CoinShares Valkyrie Bitcoin,BTC-USD,2025-10-22,30.47,600.0,0.25,16.896,24.119,38.781,35.825
2756,BRRR,CoinShares Valkyrie Bitcoin,CoinShares,BRRR,CoinShares Valkyrie Bitcoin,BTC-USD,2025-10-23,31.13,600.0,0.25,17.396,24.119,38.781,36.12
2757,BRRR,CoinShares Valkyrie Bitcoin,CoinShares,BRRR,CoinShares Valkyrie Bitcoin,BTC-USD,2025-10-24,31.27,600.0,0.25,17.233,28.657,41.918,36.137
2758,BRRR,CoinShares Valkyrie Bitcoin,CoinShares,BRRR,CoinShares Valkyrie Bitcoin,BTC-USD,2025-10-27,32.49,600.0,0.25,16.877,24.584,39.247,36.433
2759,BRRR,CoinShares Valkyrie Bitcoin,CoinShares,BRRR,CoinShares Valkyrie Bitcoin,BTC-USD,2025-10-28,32.12,600.0,0.25,16.327,27.508,40.768,36.387
2760,BRRR,CoinShares Valkyrie Bitcoin,CoinShares,BRRR,CoinShares Valkyrie Bitcoin,BTC-USD,2025-10-29,31.24,600.0,0.25,15.792,22.651,37.133,36.774
2761,BRRR,CoinShares Valkyrie Bitcoin,CoinShares,BRRR,CoinShares Valkyrie Bitcoin,BTC-USD,2025-10-30,30.08,600.0,0.25,15.981,22.651,37.133,37.422
2762,BRRR,CoinShares Valkyrie Bitcoin,CoinShares,BRRR,CoinShares Valkyrie Bitcoin,BTC-USD,2025-10-31,31.02,600.0,0.25,15.504,22.651,37.313,37.761
2763,BRRR,CoinShares Valkyrie Bitcoin,CoinShares,BRRR,CoinShares Valkyrie Bitcoin,BTC-USD,2025-11-03,30.12,600.0,0.25,15.247,22.651,37.38,38.172
2764,BRRR,CoinShares Valkyrie Bitcoin,CoinShares,BRRR,CoinShares Valkyrie Bitcoin,BTC-USD,2025-11-04,28.44,600.0,0.25,16.076,22.651,37.38,39.523
2765,BRRR,CoinShares Valkyrie Bitcoin,CoinShares,BRRR,CoinShares Valkyrie Bitcoin,BTC-USD,2025-11-05,29.33,600.0,0.25,15.475,28.278,43.881,40.093
2766,BRRR,CoinShares Valkyrie Bitcoin,CoinShares,BRRR,CoinShares Valkyrie Bitcoin,BTC-USD,2025-11-06,28.5,600.0,0.25,15.733,22.685,39.246,39.99
2767,BRRR,CoinShares Valkyrie Bitcoin,CoinShares,BRRR,CoinShares Valkyrie Bitcoin,BTC-USD,2025-11-07,29.292,600.0,0.25,16.221,30.807,47.368,39.699
2768,BRRR,CoinShares Valkyrie Bitcoin,CoinShares,BRRR,CoinShares Valkyrie Bitcoin,BTC-USD,2025-11-10,29.95,600.0,0.25,15.471,29.942,48.811,39.985
2769,BRRR,CoinShares Valkyrie Bitcoin,CoinShares,BRRR,CoinShares Valkyrie Bitcoin,BTC-USD,2025-11-11,29.04,600.0,0.25,15.123,29.942,48.942,40.425
2770,BRRR,CoinShares Valkyrie Bitcoin,CoinShares,BRRR,CoinShares Valkyrie Bitcoin,BTC-USD,2025-11-12,28.68,600.0,0.25,15.437,35.104,54.105,40.104
2771,BRRR,CoinShares Valkyrie Bitcoin,CoinShares,BRRR,CoinShares Valkyrie Bitcoin,BTC-USD,2025-11-13,27.68,600.0,0.25,15.835,29.384,48.384,40.605
2772,BRRR,CoinShares Valkyrie Bitcoin,CoinShares,BRRR,CoinShares Valkyrie Bitcoin,BTC-USD,2025-11-14,26.607,600.0,0.25,15.581,29.384,48.384,41.188
2773,BRRR,CoinShares Valkyrie Bitcoin,CoinShares,BRRR,CoinShares Valkyrie Bitcoin,BTC-USD,2025-11-17,25.94,600.0,0.25,14.946,29.384,48.384,40.499
2774,BRRR,CoinShares Valkyrie Bitcoin,CoinShares,BRRR,CoinShares Valkyrie Bitcoin,BTC-USD,2025-11-18,26.19,600.0,0.25,14.406,36.653,55.523,39.349
2775,BRRR,CoinShares Valkyrie Bitcoin,CoinShares,BRRR,CoinShares Valkyrie Bitcoin,BTC-USD,2025-11-19,25.26,600.0,0.25,14.505,33.643,52.644,39.903
2776,BRRR,CoinShares Valkyrie Bitcoin,CoinShares,BRRR,CoinShares Valkyrie Bitcoin,BTC-USD,2025-11-20,24.39,600.0,0.25,13.843,38.288,58.156,40.332
2777,BRRR,CoinShares Valkyrie Bitcoin,CoinShares,BRRR,CoinShares Valkyrie Bitcoin,BTC-USD,2025-11-21,23.86,600.0,0.25,14.067,38.288,58.156,40.488
2778,BRRR,CoinShares Valkyrie Bitcoin,CoinShares,BRRR,CoinShares Valkyrie Bitcoin,BTC-USD,2025-11-24,25.16,600.0,0.25,13.897,33.749,56.524,41.706
2779,BRRR,CoinShares Valkyrie Bitcoin,CoinShares,BRRR,CoinShares Valkyrie Bitcoin,BTC-USD,2025-11-25,24.67,600.0,0.25,14.096,39.886,60.976,41.447
2780,BRRR,CoinShares Valkyrie Bitcoin,CoinShares,BRRR,CoinShares Valkyrie Bitcoin,BTC-USD,2025-11-26,25.39,600.0,0.25,13.867,36.962,59.737,41.842
2781,BRRR,CoinShares Valkyrie Bitcoin,CoinShares,BRRR,CoinShares Valkyrie Bitcoin,BTC-USD,2025-11-28,25.62,600.0,0.25,13.205,36.962,59.737,41.734
2782,BRRR,CoinShares Valkyrie Bitcoin,CoinShares,BRRR,CoinShares Valkyrie Bitcoin,BTC-USD,2025-12-01,24.16,600.0,0.25,12.85,36.962,59.737,43.056
2783,BRRR,CoinShares Valkyrie Bitcoin,CoinShares,BRRR,CoinShares Valkyrie Bitcoin,BTC-USD,2025-12-02,25.73,600.0,0.25,12.633,36.962,59.737,45.18
2784,BRRR,CoinShares Valkyrie Bitcoin,CoinShares,BRRR,CoinShares Valkyrie Bitcoin,BTC-USD,2025-12-03,26.27,600.0,0.25,12.249,36.962,59.737,45.441
2785,BRRR,CoinShares Valkyrie Bitcoin,CoinShares,BRRR,CoinShares Valkyrie Bitcoin,BTC-USD,2025-12-04,26.13,600.0,0.25,11.033,39.875,62.65,45.179
2786,BRRR,CoinShares Valkyrie Bitcoin,CoinShares,BRRR,CoinShares Valkyrie Bitcoin,BTC-USD,2025-12-05,25.23,600.0,0.25,10.793,34.247,57.757,45.58
2787,BRRR,CoinShares Valkyrie Bitcoin,CoinShares,BRRR,CoinShares Valkyrie Bitcoin,BTC-USD,2025-12-08,25.65,600.0,0.25,10.247,40.078,64.726,45.488
2788,BRRR,CoinShares Valkyrie Bitcoin,CoinShares,BRRR,CoinShares Valkyrie Bitcoin,BTC-USD,2025-12-09,26.32,600.0,0.25,10.051,31.955,56.96,45.857
2789,BRRR,CoinShares Valkyrie Bitcoin,CoinShares,BRRR,CoinShares Valkyrie Bitcoin,BTC-USD,2025-12-10,26.13,600.0,0.25,9.786,41.572,66.577,45.726
2790,BRRR,CoinShares Valkyrie Bitcoin,CoinShares,BRRR,CoinShares Valkyrie Bitcoin,BTC-USD,2025-12-11,25.94,600.0,0.25,9.628,41.572,66.221,45.71
2791,BRRR,CoinShares Valkyrie Bitcoin,CoinShares,BRRR,CoinShares Valkyrie Bitcoin,BTC-USD,2025-12-12,25.486,600.0,0.25,8.76,45.348,70.353,45.598
2792,BRRR,CoinShares Valkyrie Bitcoin,CoinShares,BRRR,CoinShares Valkyrie Bitcoin,BTC-USD,2025-12-15,24.21,600.0,0.25,8.376,45.348,73.435,46.491
2793,BRRR,CoinShares Valkyrie Bitcoin,CoinShares,BRRR,CoinShares Valkyrie Bitcoin,BTC-USD,2025-12-16,24.72,600.0,0.25,8.246,47.487,75.575,46.552
2794,BRRR,CoinShares Valkyrie Bitcoin,CoinShares,BRRR,CoinShares Valkyrie Bitcoin,BTC-USD,2025-12-17,24.25,600.0,0.25,7.933,49.486,77.573,46.655
2795,BRRR,CoinShares Valkyrie Bitcoin,CoinShares,BRRR,CoinShares Valkyrie Bitcoin,BTC-USD,2025-12-18,23.88,600.0,0.25,7.923,56.171,84.258,46.51
2796,BRRR,CoinShares Valkyrie Bitcoin,CoinShares,BRRR,CoinShares Valkyrie Bitcoin,BTC-USD,2025-12-19,24.827,600.0,0.25,7.671,63.193,95.613,46.882
2797,BRRR,CoinShares Valkyrie Bitcoin,CoinShares,BRRR,CoinShares Valkyrie Bitcoin,BTC-USD,2025-12-22,24.94,600.0,0.25,7.217,58.649,91.069,46.91
2798,BRRR,CoinShares Valkyrie Bitcoin,CoinShares,BRRR,CoinShares Valkyrie Bitcoin,BTC-USD,2025-12-23,24.74,600.0,0.25,6.572,58.649,91.069,45.74
2799,BRRR,CoinShares Valkyrie Bitcoin,CoinShares,BRRR,CoinShares Valkyrie Bitcoin,BTC-USD,2025-12-24,24.62,600.0,0.25,6.409,60.807,85.812,45.729
2800,BRRR,CoinShares Valkyrie Bitcoin,CoinShares,BRRR,CoinShares Valkyrie Bitcoin,BTC-USD,2025-12-26,24.7,600.0,0.25,6.563,56.316,81.321,45.295
2801,BRRR,CoinShares Valkyrie Bitcoin,CoinShares,BRRR,CoinShares Valkyrie Bitcoin,BTC-USD,2025-12-29,24.57,600.0,0.25,6.628,59.854,84.205,44.731
2802,BRRR,CoinShares Valkyrie Bitcoin,CoinShares,BRRR,CoinShares Valkyrie Bitcoin,BTC-USD,2025-12-30,24.8,600.0,0.25,7.304,59.854,84.205,44.628
2803,BRRR,CoinShares Valkyrie Bitcoin,CoinShares,BRRR,CoinShares Valkyrie Bitcoin,BTC-USD,2025-12-31,24.73,600.0,0.25,8.394,61.173,81.672,44.284
2804,BRRR,CoinShares Valkyrie Bitcoin,CoinShares,BRRR,CoinShares Valkyrie Bitcoin,BTC-USD,2026-01-02,25.36,600.0,0.25,9.508,61.173,79.807,44.419
2805,BRRR,CoinShares Valkyrie Bitcoin,CoinShares,BRRR,CoinShares Valkyrie Bitcoin,BTC-USD,2026-01-05,26.62,600.0,0.25,10.304,61.173,79.807,45.59
2806,BRRR,CoinShares Valkyrie Bitcoin,CoinShares,BRRR,CoinShares Valkyrie Bitcoin,BTC-USD,2026-01-06,26.11,600.0,0.25,10.991,63.125,81.759,45.581
2807,BRRR,CoinShares Valkyrie Bitcoin,CoinShares,BRRR,CoinShares Valkyrie Bitcoin,BTC-USD,2026-01-07,25.67,600.0,0.25,10.956,63.125,81.759,45.155
2808,BRRR,CoinShares Valkyrie Bitcoin,CoinShares,BRRR,CoinShares Valkyrie Bitcoin,BTC-USD,2026-01-08,25.63,600.0,0.25,11.126,57.295,73.707,45.156
2809,BRRR,CoinShares Valkyrie Bitcoin,CoinShares,BRRR,CoinShares Valkyrie Bitcoin,BTC-USD,2026-01-09,25.46,600.0,0.25,11.069,60.864,76.927,44.878
2810,BRRR,CoinShares Valkyrie Bitcoin,CoinShares,BRRR,CoinShares Valkyrie Bitcoin,BTC-USD,2026-01-12,25.82,600.0,0.25,11.672,58.224,73.598,44.989
2811,BRRR,CoinShares Valkyrie Bitcoin,CoinShares,BRRR,CoinShares Valkyrie Bitcoin,BTC-USD,2026-01-13,26.68,600.0,0.25,12.228,58.224,74.287,45.284
2812,BRRR,CoinShares Valkyrie Bitcoin,CoinShares,BRRR,CoinShares Valkyrie Bitcoin,BTC-USD,2026-01-14,27.6,600.0,0.25,12.97,49.286,65.349,45.796
2813,BRRR,CoinShares Valkyrie Bitcoin,CoinShares,BRRR,CoinShares Valkyrie Bitcoin,BTC-USD,2026-01-15,26.89,600.0,0.25,12.719,52.346,68.409,45.239
2814,BRRR,CoinShares Valkyrie Bitcoin,CoinShares,BRRR,CoinShares Valkyrie Bitcoin,BTC-USD,2026-01-16,26.99,600.0,0.25,14.962,50.207,61.093,45.195
2815,BRRR,CoinShares Valkyrie Bitcoin,CoinShares,BRRR,CoinShares Valkyrie Bitcoin,BTC-USD,2026-01-20,25.29,600.0,0.25,15.228,48.208,59.094,46.463
2816,BRRR,CoinShares Valkyrie Bitcoin,CoinShares,BRRR,CoinShares Valkyrie Bitcoin,BTC-USD,2026-01-21,25.43,600.0,0.25,15.687,34.254,43.94,46.218
2817,BRRR,CoinShares Valkyrie Bitcoin,CoinShares,BRRR,CoinShares Valkyrie Bitcoin,BTC-USD,2026-01-22,25.22,600.0,0.25,15.839,31.27,39.754,46.199
2818,BRRR,CoinShares Valkyrie Bitcoin,CoinShares,BRRR,CoinShares Valkyrie Bitcoin,BTC-USD,2026-01-23,25.25,600.0,0.25,15.926,34.859,43.003,45.382
2819,BRRR,CoinShares Valkyrie Bitcoin,CoinShares,BRRR,CoinShares Valkyrie Bitcoin,BTC-USD,2026-01-26,24.72,600.0,0.25,15.957,34.859,43.003,45.493
2820,BRRR,CoinShares Valkyrie Bitcoin,CoinShares,BRRR,CoinShares Valkyrie Bitcoin,BTC-USD,2026-01-27,25.2,600.0,0.25,16.127,38.649,46.793,45.479
2821,BRRR,CoinShares Valkyrie Bitcoin,CoinShares,BRRR,CoinShares Valkyrie Bitcoin,BTC-USD,2026-01-28,25.13,600.0,0.25,15.653,37.004,45.488,44.915
2822,BRRR,CoinShares Valkyrie Bitcoin,CoinShares,BRRR,CoinShares Valkyrie Bitcoin,BTC-USD,2026-01-29,23.72,600.0,0.25,15.708,33.467,44.12,45.729
2823,BRRR,CoinShares Valkyrie Bitcoin,CoinShares,BRRR,CoinShares Valkyrie Bitcoin,BTC-USD,2026-01-30,23.64,600.0,0.25,15.398,33.467,44.12,45.432
2824,BRRR,CoinShares Valkyrie Bitcoin,CoinShares,BRRR,CoinShares Valkyrie Bitcoin,BTC-USD,2026-02-02,22.02,600.0,0.25,15.518,32.147,43.033,46.193
2825,BRRR,CoinShares Valkyrie Bitcoin,CoinShares,BRRR,CoinShares Valkyrie Bitcoin,BTC-USD,2026-02-03,21.57,600.0,0.25,14.993,32.147,43.033,45.726
2826,BRRR,CoinShares Valkyrie Bitcoin,CoinShares,BRRR,CoinShares Valkyrie Bitcoin,BTC-USD,2026-02-04,20.69,600.0,0.25,14.403,34.191,45.077,46.086
2827,BRRR,CoinShares Valkyrie Bitcoin,CoinShares,BRRR,CoinShares Valkyrie Bitcoin,BTC-USD,2026-02-05,17.96,600.0,0.25,14.511,29.326,45.452,53.383
2828,BRRR,CoinShares Valkyrie Bitcoin,CoinShares,BRRR,CoinShares Valkyrie Bitcoin,BTC-USD,2026-02-06,19.76,600.0,0.25,14.46,34.347,50.473,57.145
2829,BRRR,CoinShares Valkyrie Bitcoin,CoinShares,BRRR,CoinShares Valkyrie Bitcoin,BTC-USD,2026-02-09,19.97,600.0,0.25,14.394,46.268,64.134,57.035
2830,BRRR,CoinShares Valkyrie Bitcoin,CoinShares,BRRR,CoinShares Valkyrie Bitcoin,BTC-USD,2026-02-10,19.41,600.0,0.25,14.264,45.325,65.274,57.203
2831,BRRR,CoinShares Valkyrie Bitcoin,CoinShares,BRRR,CoinShares Valkyrie Bitcoin,BTC-USD,2026-02-11,19.05,600.0,0.25,13.833,38.348,62.068,56.943
2832,BRRR,CoinShares Valkyrie Bitcoin,CoinShares,BRRR,CoinShares Valkyrie Bitcoin,BTC-USD,2026-02-12,18.44,600.0,0.25,13.472,52.991,77.946,56.786
2833,BRRR,CoinShares Valkyrie Bitcoin,CoinShares,BRRR,CoinShares Valkyrie Bitcoin,BTC-USD,2026-02-13,19.41,600.0,0.25,12.978,52.991,87.585,57.838
2834,BRRR,CoinShares Valkyrie Bitcoin,CoinShares,BRRR,CoinShares Valkyrie Bitcoin,BTC-USD,2026-02-17,19.11,600.0,0.25,13.148,52.64,77.595,57.799
2835,BRRR,CoinShares Valkyrie Bitcoin,CoinShares,BRRR,CoinShares Valkyrie Bitcoin,BTC-USD,2026-02-18,18.69,600.0,0.25,10.796,61.076,95.671,57.551
2836,BRRR,CoinShares Valkyrie Bitcoin,CoinShares,BRRR,CoinShares Valkyrie Bitcoin,BTC-USD,2026-02-19,18.94,600.0,0.25,10.084,64.73,99.324,57.326
2837,BRRR,CoinShares Valkyrie Bitcoin,CoinShares,BRRR,CoinShares Valkyrie Bitcoin,BTC-USD,2026-02-20,19.1,600.0,0.25,9.538,64.73,99.324,57.262
2838,BRRR,CoinShares Valkyrie Bitcoin,CoinShares,BRRR,CoinShares Valkyrie Bitcoin,BTC-USD,2026-02-23,18.18,600.0,0.25,9.233,60.691,97.491,56.771
2839,BRRR,CoinShares Valkyrie Bitcoin,CoinShares,BRRR,CoinShares Valkyrie Bitcoin,BTC-USD,2026-02-24,18.2,600.0,0.25,9.092,57.002,93.802,56.708
2840,BRRR,CoinShares Valkyrie Bitcoin,CoinShares,BRRR,CoinShares Valkyrie Bitcoin,BTC-USD,2026-02-25,19.53,600.0,0.25,9.04,57.002,93.802,58.393
2841,BRRR,CoinShares Valkyrie Bitcoin,CoinShares,BRRR,CoinShares Valkyrie Bitcoin,BTC-USD,2026-02-26,19.05,600.0,0.25,9.453,57.634,94.433,58.474
2842,BRRR,CoinShares Valkyrie Bitcoin,CoinShares,BRRR,CoinShares Valkyrie Bitcoin,BTC-USD,2026-02-27,18.53,600.0,0.25,9.457,57.634,102.039,57.596
2843,BRRR,CoinShares Valkyrie Bitcoin,CoinShares,BRRR,CoinShares Valkyrie Bitcoin,BTC-USD,2026-03-02,19.52,600.0,0.25,9.356,57.634,102.039,57.092
2844,BRRR,CoinShares Valkyrie Bitcoin,CoinShares,BRRR,CoinShares Valkyrie Bitcoin,BTC-USD,2026-03-03,19.246,600.0,0.25,9.16,71.331,115.736,56.877
2845,BRRR,CoinShares Valkyrie Bitcoin,CoinShares,BRRR,CoinShares Valkyrie Bitcoin,BTC-USD,2026-03-04,20.64,600.0,0.25,8.163,71.331,119.546,58.923
2846,BRRR,CoinShares Valkyrie Bitcoin,CoinShares,BRRR,CoinShares Valkyrie Bitcoin,BTC-USD,2026-03-05,20.11,600.0,0.25,7.645,72.667,120.882,58.748
2847,BRRR,CoinShares Valkyrie Bitcoin,CoinShares,BRRR,CoinShares Valkyrie Bitcoin,BTC-USD,2026-03-06,19.22,600.0,0.25,7.414,70.623,118.838,59.199
2848,BRRR,CoinShares Valkyrie Bitcoin,CoinShares,BRRR,CoinShares Valkyrie Bitcoin,BTC-USD,2026-03-09,19.48,600.0,0.25,6.762,72.0,116.405,58.981
2849,BRRR,CoinShares Valkyrie Bitcoin,CoinShares,BRRR,CoinShares Valkyrie Bitcoin,BTC-USD,2026-03-10,19.78,600.0,0.25,6.849,66.979,103.779,59.125
2850,BRRR,CoinShares Valkyrie Bitcoin,CoinShares,BRRR,CoinShares Valkyrie Bitcoin,BTC-USD,2026-03-11,19.95,600.0,0.25,6.887,62.833,99.632,59.184
2851,BRRR,CoinShares Valkyrie Bitcoin,CoinShares,BRRR,CoinShares Valkyrie Bitcoin,BTC-USD,2026-03-12,19.89,600.0,0.25,6.851,61.027,90.037,59.119
2852,BRRR,CoinShares Valkyrie Bitcoin,CoinShares,BRRR,CoinShares Valkyrie Bitcoin,BTC-USD,2026-03-13,20.086,600.0,0.25,6.849,61.027,90.037,58.356
2853,BRRR,CoinShares Valkyrie Bitcoin,CoinShares,BRRR,CoinShares Valkyrie Bitcoin,BTC-USD,2026-03-16,20.88,600.0,0.25,6.596,46.385,75.395,58.784
2854,BRRR,CoinShares Valkyrie Bitcoin,CoinShares,BRRR,CoinShares Valkyrie Bitcoin,BTC-USD,2026-03-17,21.04,600.0,0.25,6.253,49.667,71.925,58.722
2855,BRRR,CoinShares Valkyrie Bitcoin,CoinShares,BRRR,CoinShares Valkyrie Bitcoin,BTC-USD,2026-03-18,20.05,600.0,0.25,5.867,46.957,75.968,59.414
2856,BRRR,CoinShares Valkyrie Bitcoin,CoinShares,BRRR,CoinShares Valkyrie Bitcoin,BTC-USD,2026-03-19,19.83,600.0,0.25,5.794,38.521,67.531,58.791
2857,BRRR,CoinShares Valkyrie Bitcoin,CoinShares,BRRR,CoinShares Valkyrie Bitcoin,BTC-USD,2026-03-20,19.8,600.0,0.25,5.816,39.254,61.513,58.768
2858,BRRR,CoinShares Valkyrie Bitcoin,CoinShares,BRRR,CoinShares Valkyrie Bitcoin,BTC-USD,2026-03-23,19.94,600.0,0.25,5.668,39.254,66.582,58.803
2859,BRRR,CoinShares Valkyrie Bitcoin,CoinShares,BRRR,CoinShares Valkyrie Bitcoin,BTC-USD,2026-03-24,19.56,600.0,0.25,5.555,39.254,66.582,58.89
2860,BRRR,CoinShares Valkyrie Bitcoin,CoinShares,BRRR,CoinShares Valkyrie Bitcoin,BTC-USD,2026-03-25,20.0,600.0,0.25,5.471,39.254,68.264,59.116
2861,BRRR,CoinShares Valkyrie Bitcoin,CoinShares,BRRR,CoinShares Valkyrie Bitcoin,BTC-USD,2026-03-26,19.33,600.0,0.25,5.547,39.254,68.264,59.446
2862,BRRR,CoinShares Valkyrie Bitcoin,CoinShares,BRRR,CoinShares Valkyrie Bitcoin,BTC-USD,2026-03-27,18.62,600.0,0.25,5.053,32.674,89.046,59.77
2863,BRRR,CoinShares Valkyrie Bitcoin,CoinShares,BRRR,CoinShares Valkyrie Bitcoin,BTC-USD,2026-03-30,18.76,600.0,0.25,5.182,32.674,61.684,59.822
2864,BRRR,CoinShares Valkyrie Bitcoin,CoinShares,BRRR,CoinShares Valkyrie Bitcoin,BTC-USD,2026-03-31,19.13,600.0,0.25,5.231,40.53,67.858,59.713
2865,BRRR,CoinShares Valkyrie Bitcoin,CoinShares,BRRR,CoinShares Valkyrie Bitcoin,BTC-USD,2026-04-01,19.24,600.0,0.25,5.036,26.832,54.161,58.721
2866,BRRR,CoinShares Valkyrie Bitcoin,CoinShares,BRRR,CoinShares Valkyrie Bitcoin,BTC-USD,2026-04-02,18.91,600.0,0.25,4.868,26.832,54.161,58.702
2867,BRRR,CoinShares Valkyrie Bitcoin,CoinShares,BRRR,CoinShares Valkyrie Bitcoin,BTC-USD,2026-04-06,19.68,600.0,0.25,4.654,25.496,52.825,59.376
2868,BRRR,CoinShares Valkyrie Bitcoin,CoinShares,BRRR,CoinShares Valkyrie Bitcoin,BTC-USD,2026-04-07,19.47,600.0,0.25,4.633,25.496,52.825,59.386
2869,BRRR,CoinShares Valkyrie Bitcoin,CoinShares,BRRR,CoinShares Valkyrie Bitcoin,BTC-USD,2026-04-08,20.14,600.0,0.25,4.57,24.119,55.722,59.903
2870,BRRR,CoinShares Valkyrie Bitcoin,CoinShares,BRRR,CoinShares Valkyrie Bitcoin,BTC-USD,2026-04-09,20.35,600.0,0.25,4.288,30.301,63.838,59.861
2871,BRRR,CoinShares Valkyrie Bitcoin,CoinShares,BRRR,CoinShares Valkyrie Bitcoin,BTC-USD,2026-04-10,20.675,600.0,0.25,4.101,22.527,62.918,59.517
2872,BRRR,CoinShares Valkyrie Bitcoin,CoinShares,BRRR,CoinShares Valkyrie Bitcoin,BTC-USD,2026-04-13,20.71,600.0,0.25,4.007,27.086,67.477,58.999
2873,BRRR,CoinShares Valkyrie Bitcoin,CoinShares,BRRR,CoinShares Valkyrie Bitcoin,BTC-USD,2026-04-14,20.97,600.0,0.25,3.849,27.086,67.477,58.934
2874,BRRR,CoinShares Valkyrie Bitcoin,CoinShares,BRRR,CoinShares Valkyrie Bitcoin,BTC-USD,2026-04-15,21.17,600.0,0.25,3.857,31.257,64.794,58.979
2875,BRRR,CoinShares Valkyrie Bitcoin,CoinShares,BRRR,CoinShares Valkyrie Bitcoin,BTC-USD,2026-04-16,21.27,600.0,0.25,3.826,36.597,70.134,57.614
2876,BRRR,CoinShares Valkyrie Bitcoin,CoinShares,BRRR,CoinShares Valkyrie Bitcoin,BTC-USD,2026-04-17,21.87,600.0,0.25,4.507,36.597,68.2,57.933
2877,BRRR,CoinShares Valkyrie Bitcoin,CoinShares,BRRR,CoinShares Valkyrie Bitcoin,BTC-USD,2026-04-20,21.54,600.0,0.25,4.525,36.597,68.2,57.98
2878,BRRR,CoinShares Valkyrie Bitcoin,CoinShares,BRRR,CoinShares Valkyrie Bitcoin,BTC-USD,2026-04-21,21.15,600.0,0.25,4.442,42.065,75.602,58.062
2879,BRRR,CoinShares Valkyrie Bitcoin,CoinShares,BRRR,CoinShares Valkyrie Bitcoin,BTC-USD,2026-04-22,22.268,600.0,0.25,4.431,42.065,82.456,58.991
2880,BRRR,CoinShares Valkyrie Bitcoin,CoinShares,BRRR,CoinShares Valkyrie Bitcoin,BTC-USD,2026-04-23,21.92,600.0,0.25,4.524,42.065,81.919,58.895
2881,BRRR,CoinShares Valkyrie Bitcoin,CoinShares,BRRR,CoinShares Valkyrie Bitcoin,BTC-USD,2026-04-24,21.9,600.0,0.25,4.549,45.006,78.542,58.896
2882,BRRR,CoinShares Valkyrie Bitcoin,CoinShares,BRRR,CoinShares Valkyrie Bitcoin,BTC-USD,2026-04-27,21.68,600.0,0.25,4.646,47.382,78.984,57.779
2883,BRRR,CoinShares Valkyrie Bitcoin,CoinShares,BRRR,CoinShares Valkyrie Bitcoin,BTC-USD,2026-04-28,21.53,600.0,0.25,4.544,47.382,78.984,57.788
2884,BRRR,CoinShares Valkyrie Bitcoin,CoinShares,BRRR,CoinShares Valkyrie Bitcoin,BTC-USD,2026-04-29,21.29,600.0,0.25,4.459,49.328,80.931,55.991
2885,BRRR,CoinShares Valkyrie Bitcoin,CoinShares,BRRR,CoinShares Valkyrie Bitcoin,BTC-USD,2026-04-30,21.54,600.0,0.25,4.106,42.662,76.199,55.888
2886,BRRR,CoinShares Valkyrie Bitcoin,CoinShares,BRRR,CoinShares Valkyrie Bitcoin,BTC-USD,2026-05-01,22.132,600.0,0.25,3.994,42.662,82.517,55.475
2887,BRRR,CoinShares Valkyrie Bitcoin,CoinShares,BRRR,CoinShares Valkyrie Bitcoin,BTC-USD,2026-05-04,22.59,600.0,0.25,3.963,42.662,83.022,46.968
2888,BRRR,CoinShares Valkyrie Bitcoin,CoinShares,BRRR,CoinShares Valkyrie Bitcoin,BTC-USD,2026-05-05,23.03,600.0,0.25,3.826,42.662,83.022,43.046
2889,BRRR,CoinShares Valkyrie Bitcoin,CoinShares,BRRR,CoinShares Valkyrie Bitcoin,BTC-USD,2026-05-06,22.98,600.0,0.25,3.873,44.237,84.597,43.024
2890,BRRR,CoinShares Valkyrie Bitcoin,CoinShares,BRRR,CoinShares Valkyrie Bitcoin,BTC-USD,2026-05-07,22.61,600.0,0.25,3.992,44.237,84.092,42.722
2891,BRRR,CoinShares Valkyrie Bitcoin,CoinShares,BRRR,CoinShares Valkyrie Bitcoin,BTC-USD,2026-05-08,22.599,600.0,0.25,3.953,41.249,72.131,42.498
2892,BRRR,CoinShares Valkyrie Bitcoin,CoinShares,BRRR,CoinShares Valkyrie Bitcoin,BTC-USD,2026-05-11,23.12,600.0,0.25,4.028,41.249,72.131,42.04
2893,BRRR,CoinShares Valkyrie Bitcoin,CoinShares,BRRR,CoinShares Valkyrie Bitcoin,BTC-USD,2026-05-12,22.8,600.0,0.25,4.118,35.869,66.751,41.005
2894,BRRR,CoinShares Valkyrie Bitcoin,CoinShares,BRRR,CoinShares Valkyrie Bitcoin,BTC-USD,2026-05-13,22.44,600.0,0.25,4.112,35.869,75.603,41.011
2895,BRRR,CoinShares Valkyrie Bitcoin,CoinShares,BRRR,CoinShares Valkyrie Bitcoin,BTC-USD,2026-05-14,22.97,600.0,0.25,4.118,31.699,71.553,40.892
2896,BRRR,CoinShares Valkyrie Bitcoin,CoinShares,BRRR,CoinShares Valkyrie Bitcoin,BTC-USD,2026-05-15,22.307,600.0,0.25,4.055,23.076,63.436,41.382
2897,BRRR,CoinShares Valkyrie Bitcoin,CoinShares,BRRR,CoinShares Valkyrie Bitcoin,BTC-USD,2026-05-18,21.66,600.0,0.25,3.387,23.076,65.466,41.884
2898,BRRR,CoinShares Valkyrie Bitcoin,CoinShares,BRRR,CoinShares Valkyrie Bitcoin,BTC-USD,2026-05-19,21.64,600.0,0.25,3.4,27.761,68.121,40.495
2899,BRRR,CoinShares Valkyrie Bitcoin,CoinShares,BRRR,CoinShares Valkyrie Bitcoin,BTC-USD,2026-05-20,21.88,600.0,0.25,3.648,17.907,57.761,40.528
2900,BRRR,CoinShares Valkyrie Bitcoin,CoinShares,BRRR,CoinShares Valkyrie Bitcoin,BTC-USD,2026-05-21,21.894,600.0,0.25,3.701,21.885,61.618,38.012
2901,BRRR,CoinShares Valkyrie Bitcoin,CoinShares,BRRR,CoinShares Valkyrie Bitcoin,BTC-USD,2026-05-22,21.373,600.0,0.25,3.653,21.885,61.618,37.988
2902,BRRR,CoinShares Valkyrie Bitcoin,CoinShares,BRRR,CoinShares Valkyrie Bitcoin,BTC-USD,2026-05-26,21.4,600.0,0.25,3.99,26.052,65.785,37.485
2903,BRRR,CoinShares Valkyrie Bitcoin,CoinShares,BRRR,CoinShares Valkyrie Bitcoin,BTC-USD,2026-05-27,21.13,600.0,0.25,3.761,23.676,63.409,36.146
2904,BRRR,CoinShares Valkyrie Bitcoin,CoinShares,BRRR,CoinShares Valkyrie Bitcoin,BTC-USD,2026-05-28,20.67,600.0,0.25,3.954,23.676,62.369,36.326
2905,BRRR,CoinShares Valkyrie Bitcoin,CoinShares,BRRR,CoinShares Valkyrie Bitcoin,BTC-USD,2026-05-29,20.7,600.0,0.25,4.212,27.1,65.793,33.383
2906,BRRR,CoinShares Valkyrie Bitcoin,CoinShares,BRRR,CoinShares Valkyrie Bitcoin,BTC-USD,2026-06-01,20.15,600.0,0.25,4.555,25.909,64.145,33.414
2907,BRRR,CoinShares Valkyrie Bitcoin,CoinShares,BRRR,CoinShares Valkyrie Bitcoin,BTC-USD,2026-06-02,18.95,600.0,0.25,4.802,25.909,64.145,34.494
2908,BRRR,CoinShares Valkyrie Bitcoin,CoinShares,BRRR,CoinShares Valkyrie Bitcoin,BTC-USD,2026-06-03,18.43,600.0,0.25,4.81,25.909,64.145,34.831
2909,BRRR,CoinShares Valkyrie Bitcoin,CoinShares,BRRR,CoinShares Valkyrie Bitcoin,BTC-USD,2026-06-04,17.91,600.0,0.25,5.111,25.909,62.146,35.119
2910,BRRR,CoinShares Valkyrie Bitcoin,CoinShares,BRRR,CoinShares Valkyrie Bitcoin,BTC-USD,2026-06-05,16.99,600.0,0.25,5.455,24.335,62.57,36.574
2911,BRRR,CoinShares Valkyrie Bitcoin,CoinShares,BRRR,CoinShares Valkyrie Bitcoin,BTC-USD,2026-06-08,17.88,600.0,0.25,5.398,24.335,63.028,38.195
2912,BRRR,CoinShares Valkyrie Bitcoin,CoinShares,BRRR,CoinShares Valkyrie Bitcoin,BTC-USD,2026-06-09,17.5,600.0,0.25,5.627,21.141,59.834,38.328
2913,BRRR,CoinShares Valkyrie Bitcoin,CoinShares,BRRR,CoinShares Valkyrie Bitcoin,BTC-USD,2026-06-10,17.45,600.0,0.25,5.559,22.461,60.696,37.36
2914,BRRR,CoinShares Valkyrie Bitcoin,CoinShares,BRRR,CoinShares Valkyrie Bitcoin,BTC-USD,2026-06-11,17.93,600.0,0.25,5.46,22.461,61.154,37.808
2915,BRRR,CoinShares Valkyrie Bitcoin,CoinShares,BRRR,CoinShares Valkyrie Bitcoin,BTC-USD,2026-06-12,17.93,600.0,0.25,5.433,22.461,61.154,36.6
2916,BRRR,CoinShares Valkyrie Bitcoin,CoinShares,BRRR,CoinShares Valkyrie Bitcoin,BTC-USD,2026-06-15,18.78,600.0,0.25,5.354,22.461,61.154,37.852
2917,BRRR,CoinShares Valkyrie Bitcoin,CoinShares,BRRR,CoinShares Valkyrie Bitcoin,BTC-USD,2026-06-16,18.51,600.0,0.25,5.323,22.461,61.154,37.954
2918,BRRR,CoinShares Valkyrie Bitcoin,CoinShares,BRRR,CoinShares Valkyrie Bitcoin,BTC-USD,2026-06-17,18.11,600.0,0.25,5.365,24.465,63.158,38.15
2919,BRRR,CoinShares Valkyrie Bitcoin,CoinShares,BRRR,CoinShares Valkyrie Bitcoin,BTC-USD,2026-06-18,17.73,600.0,0.25,6.13,19.78,58.473,38.191
2920,BRRR,CoinShares Valkyrie Bitcoin,CoinShares,BRRR,CoinShares Valkyrie Bitcoin,BTC-USD,2026-06-22,18.16,600.0,0.25,5.926,19.78,65.975,38.238
2921,BRRR,CoinShares Valkyrie Bitcoin,CoinShares,BRRR,CoinShares Valkyrie Bitcoin,BTC-USD,2026-06-23,17.56,600.0,0.25,5.808,15.802,71.45,38.221
2922,BRRR,CoinShares Valkyrie Bitcoin,CoinShares,BRRR,CoinShares Valkyrie Bitcoin,BTC-USD,2026-06-24,16.87,600.0,0.25,5.805,15.802,71.45,38.332
2923,BRRR,CoinShares Valkyrie Bitcoin,CoinShares,BRRR,CoinShares Valkyrie Bitcoin,BTC-USD,2026-06-25,16.7,600.0,0.25,5.696,15.804,71.451,38.322
2924,BRRR,CoinShares Valkyrie Bitcoin,CoinShares,BRRR,CoinShares Valkyrie Bitcoin,BTC-USD,2026-06-26,16.83,600.0,0.25,5.751,24.256,79.903,38.116
2925,BRRR,CoinShares Valkyrie Bitcoin,CoinShares,BRRR,CoinShares Valkyrie Bitcoin,BTC-USD,2026-06-29,17.02,600.0,0.25,5.632,34.349,89.996,38.181
2926,BRRR,CoinShares Valkyrie Bitcoin,CoinShares,BRRR,CoinShares Valkyrie Bitcoin,BTC-USD,2026-06-30,16.55,600.0,0.25,5.286,28.978,87.34,38.426
2927,BRRR,CoinShares Valkyrie Bitcoin,CoinShares,BRRR,CoinShares Valkyrie Bitcoin,BTC-USD,2026-07-01,16.9,600.0,0.25,4.953,28.978,106.949,37.727
2928,BRRR,CoinShares Valkyrie Bitcoin,CoinShares,BRRR,CoinShares Valkyrie Bitcoin,BTC-USD,2026-07-02,17.33,600.0,0.25,4.679,28.978,106.949,38.109
2929,BRRR,CoinShares Valkyrie Bitcoin,CoinShares,BRRR,CoinShares Valkyrie Bitcoin,BTC-USD,2026-07-06,17.97,600.0,0.25,4.646,29.331,109.883,38.209
2930,BRRR,CoinShares Valkyrie Bitcoin,CoinShares,BRRR,CoinShares Valkyrie Bitcoin,BTC-USD,2026-07-07,17.99,600.0,0.25,4.391,32.022,112.574,38.129
2931,BRRR,CoinShares Valkyrie Bitcoin,CoinShares,BRRR,CoinShares Valkyrie Bitcoin,BTC-USD,2026-07-08,17.54,600.0,0.25,3.917,32.022,116.178,38.237
2932,BRRR,CoinShares Valkyrie Bitcoin,CoinShares,BRRR,CoinShares Valkyrie Bitcoin,BTC-USD,2026-07-09,17.83,600.0,0.25,3.664,32.022,139.478,38.428
2933,BRRR,CoinShares Valkyrie Bitcoin,CoinShares,BRRR,CoinShares Valkyrie Bitcoin,BTC-USD,2026-07-10,18.015,600.0,0.25,3.491,32.022,139.478,38.395
2934,BRRR,CoinShares Valkyrie Bitcoin,CoinShares,BRRR,CoinShares Valkyrie Bitcoin,BTC-USD,2026-07-13,17.53,600.0,0.25,3.429,30.701,169.094,38.642
2935,BRRR,CoinShares Valkyrie Bitcoin,CoinShares,BRRR,CoinShares Valkyrie Bitcoin,BTC-USD,2026-07-14,18.19,600.0,0.25,3.332,30.701,169.573,39.478
2936,BRRR,CoinShares Valkyrie Bitcoin,CoinShares,BRRR,CoinShares Valkyrie Bitcoin,BTC-USD,2026-07-15,18.3,600.0,0.25,3.207,30.701,169.094,39.011
2937,BRRR,CoinShares Valkyrie Bitcoin,CoinShares,BRRR,CoinShares Valkyrie Bitcoin,BTC-USD,2026-07-16,18.1,600.0,0.25,3.204,30.701,138.157,38.964
2938,BRRR,CoinShares Valkyrie Bitcoin,CoinShares,BRRR,CoinShares Valkyrie Bitcoin,BTC-USD,2026-07-17,18.075,600.0,0.25,3.207,30.701,114.857,38.833
2939,BRRR,CoinShares Valkyrie Bitcoin,CoinShares,BRRR,CoinShares Valkyrie Bitcoin,BTC-USD,2026-07-20,18.36,600.0,0.25,3.095,28.697,136.154,37.366
2940,BRRR,CoinShares Valkyrie Bitcoin,CoinShares,BRRR,CoinShares Valkyrie Bitcoin,BTC-USD,2026-07-21,18.73,600.0,0.25,2.239,28.697,140.669,37.57
2941,BRRR,CoinShares Valkyrie Bitcoin,CoinShares,BRRR,CoinShares Valkyrie Bitcoin,BTC-USD,2026-07-22,18.57,600.0,0.25,2.176,28.697,140.669,37.588
2942,BRRR,CoinShares Valkyrie Bitcoin,CoinShares,BRRR,CoinShares Valkyrie Bitcoin,BTC-USD,2026-07-23,18.26,600.0,0.25,2.163,28.697,140.669,37.669
2943,BRRR,CoinShares Valkyrie Bitcoin,CoinShares,BRRR,CoinShares Valkyrie Bitcoin,BTC-USD,2026-07-24,18.086,600.0,0.25,2.07,28.697,129.728,37.685
2944,BRRR,CoinShares Valkyrie Bitcoin,CoinShares,BRRR,CoinShares Valkyrie Bitcoin,BTC-USD,2026-07-27,18.31,600.0,0.25,1.779,21.588,133.56,37.772
2945,BRRR,CoinShares Valkyrie Bitcoin,CoinShares,BRRR,CoinShares Valkyrie Bitcoin,BTC-USD,2026-07-28,17.99,600.0,0.25,1.597,13.136,136.487,37.779
2946,BRRR,CoinShares Valkyrie Bitcoin,CoinShares,BRRR,CoinShares Valkyrie Bitcoin,BTC-USD,2026-07-29,17.92,600.0,0.25,1.49,3.043,126.394,37.255
2947,BRRR,CoinShares Valkyrie Bitcoin,CoinShares,BRRR,CoinShares Valkyrie Bitcoin,BTC-USD,2026-07-30,18.25,600.0,0.25,1.464,3.043,126.394,37.196
2948,BRRR,CoinShares Valkyrie Bitcoin,CoinShares,BRRR,CoinShares Valkyrie Bitcoin,BTC-USD,2026-07-31,17.72,600.0,0.25,1.488,3.043,126.394,37.259
2949,BRRR,CoinShares Valkyrie Bitcoin,CoinShares,BRRR,CoinShares Valkyrie Bitcoin,BTC-USD,2026-08-03,17.99,600.0,0.25,1.463,9.574,126.974,37.47
2950,BRRR,CoinShares Valkyrie Bitcoin,CoinShares,BRRR,CoinShares Valkyrie Bitcoin,BTC-USD,2026-08-04,18.1,600.0,0.25,1.291,9.221,126.621,37.441
2951,BRRR,CoinShares Valkyrie Bitcoin,CoinShares,BRRR,CoinShares Valkyrie Bitcoin,BTC-USD,2026-08-05,18.27,600.0,0.25,1.24,6.531,123.931,37.531
2952,BRRR,CoinShares Valkyrie Bitcoin,CoinShares,BRRR,CoinShares Valkyrie Bitcoin,BTC-USD,2026-08-06,18.15,600.0,0.25,1.209,10.726,122.698,37.131
2953,BRRR,CoinShares Valkyrie Bitcoin,CoinShares,BRRR,CoinShares Valkyrie Bitcoin,BTC-USD,2026-08-07,18.307,600.0,0.25,1.175,10.726,122.698,37.162
2954,BRRR,CoinShares Valkyrie Bitcoin,CoinShares,BRRR,CoinShares Valkyrie Bitcoin,BTC-USD,2026-08-10,18.03,600.0,0.25,1.051,10.726,128.127,37.153
2955,BRRR,CoinShares Valkyrie Bitcoin,CoinShares,BRRR,CoinShares Valkyrie Bitcoin,BTC-USD,2026-08-11,17.88,600.0,0.25,0.985,10.726,128.127,36.735
2956,BRRR,CoinShares Valkyrie Bitcoin,CoinShares,BRRR,CoinShares Valkyrie Bitcoin,BTC-USD,2026-08-12,17.86,600.0,0.25,0.927,13.733,125.705,36.364
2957,BRRR,CoinShares Valkyrie Bitcoin,CoinShares,BRRR,CoinShares Valkyrie Bitcoin,BTC-USD,2026-08-13,17.85,600.0,0.25,0.906,16.37,128.341,35.971
2958,BRRR,CoinShares Valkyrie Bitcoin,CoinShares,BRRR,CoinShares Valkyrie Bitcoin,BTC-USD,2026-08-14,17.723,600.0,0.25,0.824,16.37,133.77,35.976
2959,BRRR,CoinShares Valkyrie Bitcoin,CoinShares,BRRR,CoinShares Valkyrie Bitcoin,BTC-USD,2026-08-17,18.11,600.0,0.25,0.805,16.37,139.721,36.221
2960,BRRR,CoinShares Valkyrie Bitcoin,CoinShares,BRRR,CoinShares Valkyrie Bitcoin,BTC-USD,2026-08-18,18.21,600.0,0.25,0.793,16.37,139.721,36.256
2961,BRRR,CoinShares Valkyrie Bitcoin,CoinShares,BRRR,CoinShares Valkyrie Bitcoin,BTC-USD,2026-08-19,19.28,600.0,0.25,0.907,16.37,139.721,38.021
2962,BRRR,CoinShares Valkyrie Bitcoin,CoinShares,BRRR,CoinShares Valkyrie Bitcoin,BTC-USD,2026-08-20,20.49,600.0,0.25,0.935,16.37,162.337,40.125
2963,BRRR,CoinShares Valkyrie Bitcoin,CoinShares,BRRR,CoinShares Valkyrie Bitcoin,BTC-USD,2026-08-21,21.72,600.0,0.25,0.984,16.37,162.337,41.822
2964,BRRR,CoinShares Valkyrie Bitcoin,CoinShares,BRRR,CoinShares Valkyrie Bitcoin,BTC-USD,2026-08-24,22.21,600.0,0.25,0.974,16.37,178.629,41.791
2965,BRRR,CoinShares Valkyrie Bitcoin,CoinShares,BRRR,CoinShares Valkyrie Bitcoin,BTC-USD,2026-08-25,22.26,600.0,0.25,0.948,16.908,179.168,41.792
2966,BRRR,CoinShares Valkyrie Bitcoin,CoinShares,BRRR,CoinShares Valkyrie Bitcoin,BTC-USD,2026-08-26,22.13,600.0,0.25,0.928,16.908,179.168,41.407
2967,BRRR,CoinShares Valkyrie Bitcoin,CoinShares,BRRR,CoinShares Valkyrie Bitcoin,BTC-USD,2026-08-27,22.53,600.0,0.25,0.931,16.908,187.195,39.397
2968,BTCW,WisdomTree Bitcoin Fund,WisdomTree,BTCW,WisdomTree Bitcoin Fund,BTC-USD,2025-03-07,92.13,400.0,0.25,29.86,83.538,91.705,46.545
2969,BTCW,WisdomTree Bitcoin Fund,WisdomTree,BTCW,WisdomTree Bitcoin Fund,BTC-USD,2025-03-10,83.67,400.0,0.25,29.983,75.031,83.62,49.223
2970,BTCW,WisdomTree Bitcoin Fund,WisdomTree,BTCW,WisdomTree Bitcoin Fund,BTC-USD,2025-03-11,88.06,400.0,0.25,32.088,74.876,83.465,50.458
2971,BTCW,WisdomTree Bitcoin Fund,WisdomTree,BTCW,WisdomTree Bitcoin Fund,BTC-USD,2025-03-12,87.76,400.0,0.25,28.545,83.025,91.614,49.28
2972,BTCW,WisdomTree Bitcoin Fund,WisdomTree,BTCW,WisdomTree Bitcoin Fund,BTC-USD,2025-03-13,84.86,400.0,0.25,28.412,91.0,99.589,49.63
2973,BTCW,WisdomTree Bitcoin Fund,WisdomTree,BTCW,WisdomTree Bitcoin Fund,BTC-USD,2025-03-14,89.68,400.0,0.25,28.309,80.841,89.43,50.933
2974,BTCW,WisdomTree Bitcoin Fund,WisdomTree,BTCW,WisdomTree Bitcoin Fund,BTC-USD,2025-03-17,89.6,400.0,0.25,28.214,86.224,94.813,50.121
2975,BTCW,WisdomTree Bitcoin Fund,WisdomTree,BTCW,WisdomTree Bitcoin Fund,BTC-USD,2025-03-18,87.19,400.0,0.25,28.323,86.224,94.813,50.286
2976,BTCW,WisdomTree Bitcoin Fund,WisdomTree,BTCW,WisdomTree Bitcoin Fund,BTC-USD,2025-03-19,90.62,400.0,0.25,26.969,86.224,96.971,49.759
2977,BTCW,WisdomTree Bitcoin Fund,WisdomTree,BTCW,WisdomTree Bitcoin Fund,BTC-USD,2025-03-20,89.18,400.0,0.25,26.79,96.06,106.807,49.057
2978,BTCW,WisdomTree Bitcoin Fund,WisdomTree,BTCW,WisdomTree Bitcoin Fund,BTC-USD,2025-03-21,88.92,400.0,0.25,26.479,96.06,104.649,49.053
2979,BTCW,WisdomTree Bitcoin Fund,WisdomTree,BTCW,WisdomTree Bitcoin Fund,BTC-USD,2025-03-24,93.56,400.0,0.25,25.274,91.45,100.039,49.689
2980,BTCW,WisdomTree Bitcoin Fund,WisdomTree,BTCW,WisdomTree Bitcoin Fund,BTC-USD,2025-03-25,93.36,400.0,0.25,24.569,95.969,104.558,47.955
2981,BTCW,WisdomTree Bitcoin Fund,WisdomTree,BTCW,WisdomTree Bitcoin Fund,BTC-USD,2025-03-26,91.68,400.0,0.25,19.602,95.969,106.716,47.581
2982,BTCW,WisdomTree Bitcoin Fund,WisdomTree,BTCW,WisdomTree Bitcoin Fund,BTC-USD,2025-03-27,92.19,400.0,0.25,18.951,102.993,111.583,47.561
2983,BTCW,WisdomTree Bitcoin Fund,WisdomTree,BTCW,WisdomTree Bitcoin Fund,BTC-USD,2025-03-28,88.62,400.0,0.25,17.833,88.99,99.737,48.192
2984,BTCW,WisdomTree Bitcoin Fund,WisdomTree,BTCW,WisdomTree Bitcoin Fund,BTC-USD,2025-03-31,87.265,400.0,0.25,18.151,85.498,96.246,48.25
2985,BTCW,WisdomTree Bitcoin Fund,WisdomTree,BTCW,WisdomTree Bitcoin Fund,BTC-USD,2025-04-01,90.05,400.0,0.25,17.836,85.498,96.333,47.649
2986,BTCW,WisdomTree Bitcoin Fund,WisdomTree,BTCW,WisdomTree Bitcoin Fund,BTC-USD,2025-04-02,92.14,400.0,0.25,16.321,85.498,99.467,47.88
2987,BTCW,WisdomTree Bitcoin Fund,WisdomTree,BTCW,WisdomTree Bitcoin Fund,BTC-USD,2025-04-03,86.76,400.0,0.25,14.81,85.498,103.488,48.527
2988,BTCW,WisdomTree Bitcoin Fund,WisdomTree,BTCW,WisdomTree Bitcoin Fund,BTC-USD,2025-04-04,88.96,400.0,0.25,15.365,74.405,92.395,47.568
2989,BTCW,WisdomTree Bitcoin Fund,WisdomTree,BTCW,WisdomTree Bitcoin Fund,BTC-USD,2025-04-07,82.54,400.0,0.25,15.466,61.841,83.745,49.6
2990,BTCW,WisdomTree Bitcoin Fund,WisdomTree,BTCW,WisdomTree Bitcoin Fund,BTC-USD,2025-04-08,81.29,400.0,0.25,14.999,80.635,98.625,49.606
2991,BTCW,WisdomTree Bitcoin Fund,WisdomTree,BTCW,WisdomTree Bitcoin Fund,BTC-USD,2025-04-09,87.29,400.0,0.25,12.84,79.55,101.455,51.899
2992,BTCW,WisdomTree Bitcoin Fund,WisdomTree,BTCW,WisdomTree Bitcoin Fund,BTC-USD,2025-04-10,84.17,400.0,0.25,13.336,82.168,104.072,51.973
2993,BTCW,WisdomTree Bitcoin Fund,WisdomTree,BTCW,WisdomTree Bitcoin Fund,BTC-USD,2025-04-11,88.76,400.0,0.25,13.433,74.193,96.097,52.746
2994,BTCW,WisdomTree Bitcoin Fund,WisdomTree,BTCW,WisdomTree Bitcoin Fund,BTC-USD,2025-04-14,89.93,400.0,0.25,13.577,74.193,92.182,52.809
2995,BTCW,WisdomTree Bitcoin Fund,WisdomTree,BTCW,WisdomTree Bitcoin Fund,BTC-USD,2025-04-15,89.03,400.0,0.25,13.273,72.782,90.772,51.936
2996,BTCW,WisdomTree Bitcoin Fund,WisdomTree,BTCW,WisdomTree Bitcoin Fund,BTC-USD,2025-04-16,89.33,400.0,0.25,13.399,74.51,91.498,51.845
2997,BTCW,WisdomTree Bitcoin Fund,WisdomTree,BTCW,WisdomTree Bitcoin Fund,BTC-USD,2025-04-17,89.98,400.0,0.25,13.002,80.619,96.73,51.811
2998,BTCW,WisdomTree Bitcoin Fund,WisdomTree,BTCW,WisdomTree Bitcoin Fund,BTC-USD,2025-04-21,92.69,400.0,0.25,13.092,69.178,85.289,52.237
2999,BTCW,WisdomTree Bitcoin Fund,WisdomTree,BTCW,WisdomTree Bitcoin Fund,BTC-USD,2025-04-22,97.14,400.0,0.25,14.475,69.178,85.289,53.12
3000,BTCW,WisdomTree Bitcoin Fund,WisdomTree,BTCW,WisdomTree Bitcoin Fund,BTC-USD,2025-04-23,99.18,400.0,0.25,14.829,69.178,85.289,52.92
3001,BTCW,WisdomTree Bitcoin Fund,WisdomTree,BTCW,WisdomTree Bitcoin Fund,BTC-USD,2025-04-24,99.24,400.0,0.25,14.786,67.371,83.482,52.921
3002,BTCW,WisdomTree Bitcoin Fund,WisdomTree,BTCW,WisdomTree Bitcoin Fund,BTC-USD,2025-04-25,101.17,400.0,0.25,14.619,67.371,83.482,52.705
3003,BTCW,WisdomTree Bitcoin Fund,WisdomTree,BTCW,WisdomTree Bitcoin Fund,BTC-USD,2025-04-28,100.49,400.0,0.25,14.305,60.056,76.167,52.691
3004,BTCW,WisdomTree Bitcoin Fund,WisdomTree,BTCW,WisdomTree Bitcoin Fund,BTC-USD,2025-04-29,101.1,400.0,0.25,14.029,60.056,75.293,52.298
3005,BTCW,WisdomTree Bitcoin Fund,WisdomTree,BTCW,WisdomTree Bitcoin Fund,BTC-USD,2025-04-30,99.74,400.0,0.25,13.242,60.056,76.167,52.361
3006,BTCW,WisdomTree Bitcoin Fund,WisdomTree,BTCW,WisdomTree Bitcoin Fund,BTC-USD,2025-05-01,102.34,400.0,0.25,12.305,60.056,76.238,52.386
3007,BTCW,WisdomTree Bitcoin Fund,WisdomTree,BTCW,WisdomTree Bitcoin Fund,BTC-USD,2025-05-02,102.81,400.0,0.25,12.695,60.056,76.167,52.337
3008,BTCW,WisdomTree Bitcoin Fund,WisdomTree,BTCW,WisdomTree Bitcoin Fund,BTC-USD,2025-05-05,100.0,400.0,0.25,12.837,60.056,76.14,52.632
3009,BTCW,WisdomTree Bitcoin Fund,WisdomTree,BTCW,WisdomTree Bitcoin Fund,BTC-USD,2025-05-06,100.6,400.0,0.25,11.801,65.013,81.097,52.582
3010,BTCW,WisdomTree Bitcoin Fund,WisdomTree,BTCW,WisdomTree Bitcoin Fund,BTC-USD,2025-05-07,101.93,400.0,0.25,11.187,65.013,81.097,52.535
3011,BTCW,WisdomTree Bitcoin Fund,WisdomTree,BTCW,WisdomTree Bitcoin Fund,BTC-USD,2025-05-08,107.55,400.0,0.25,11.09,46.219,62.33,53.455
3012,BTCW,WisdomTree Bitcoin Fund,WisdomTree,BTCW,WisdomTree Bitcoin Fund,BTC-USD,2025-05-09,109.41,400.0,0.25,10.655,34.919,51.03,53.421
3013,BTCW,WisdomTree Bitcoin Fund,WisdomTree,BTCW,WisdomTree Bitcoin Fund,BTC-USD,2025-05-12,107.93,400.0,0.25,9.941,25.118,41.299,53.469
3014,BTCW,WisdomTree Bitcoin Fund,WisdomTree,BTCW,WisdomTree Bitcoin Fund,BTC-USD,2025-05-13,111.11,400.0,0.25,9.383,25.309,41.49,53.745
3015,BTCW,WisdomTree Bitcoin Fund,WisdomTree,BTCW,WisdomTree Bitcoin Fund,BTC-USD,2025-05-14,109.52,400.0,0.25,9.188,27.585,44.574,53.37
3016,BTCW,WisdomTree Bitcoin Fund,WisdomTree,BTCW,WisdomTree Bitcoin Fund,BTC-USD,2025-05-15,109.4,400.0,0.25,9.108,24.427,40.608,53.209
3017,BTCW,WisdomTree Bitcoin Fund,WisdomTree,BTCW,WisdomTree Bitcoin Fund,BTC-USD,2025-05-16,110.3,400.0,0.25,8.793,22.7,38.881,52.997
3018,BTCW,WisdomTree Bitcoin Fund,WisdomTree,BTCW,WisdomTree Bitcoin Fund,BTC-USD,2025-05-19,111.92,400.0,0.25,8.715,18.954,36.878,52.382
3019,BTCW,WisdomTree Bitcoin Fund,WisdomTree,BTCW,WisdomTree Bitcoin Fund,BTC-USD,2025-05-20,113.48,400.0,0.25,8.627,18.954,36.878,52.392
3020,BTCW,WisdomTree Bitcoin Fund,WisdomTree,BTCW,WisdomTree Bitcoin Fund,BTC-USD,2025-05-21,115.22,400.0,0.25,7.736,18.954,36.878,50.545
3021,BTCW,WisdomTree Bitcoin Fund,WisdomTree,BTCW,WisdomTree Bitcoin Fund,BTC-USD,2025-05-22,117.94,400.0,0.25,7.471,18.954,37.807,49.702
3022,BTCW,WisdomTree Bitcoin Fund,WisdomTree,BTCW,WisdomTree Bitcoin Fund,BTC-USD,2025-05-23,115.27,400.0,0.25,7.789,16.242,37.4,49.912
3023,BTCW,WisdomTree Bitcoin Fund,WisdomTree,BTCW,WisdomTree Bitcoin Fund,BTC-USD,2025-05-27,116.65,400.0,0.25,7.832,16.242,35.095,49.91
3024,BTCW,WisdomTree Bitcoin Fund,WisdomTree,BTCW,WisdomTree Bitcoin Fund,BTC-USD,2025-05-28,113.3,400.0,0.25,8.015,16.242,37.4,50.262
3025,BTCW,WisdomTree Bitcoin Fund,WisdomTree,BTCW,WisdomTree Bitcoin Fund,BTC-USD,2025-05-29,112.05,400.0,0.25,8.11,16.494,37.652,50.333
3026,BTCW,WisdomTree Bitcoin Fund,WisdomTree,BTCW,WisdomTree Bitcoin Fund,BTC-USD,2025-05-30,110.82,400.0,0.25,8.204,16.494,35.347,49.843
3027,BTCW,WisdomTree Bitcoin Fund,WisdomTree,BTCW,WisdomTree Bitcoin Fund,BTC-USD,2025-06-02,110.675,400.0,0.25,8.053,18.271,36.196,49.71
3028,BTCW,WisdomTree Bitcoin Fund,WisdomTree,BTCW,WisdomTree Bitcoin Fund,BTC-USD,2025-06-03,112.68,400.0,0.25,7.459,18.271,37.125,49.499
3029,BTCW,WisdomTree Bitcoin Fund,WisdomTree,BTCW,WisdomTree Bitcoin Fund,BTC-USD,2025-06-04,111.08,400.0,0.25,6.92,18.271,39.43,45.103
3030,BTCW,WisdomTree Bitcoin Fund,WisdomTree,BTCW,WisdomTree Bitcoin Fund,BTC-USD,2025-06-05,107.92,400.0,0.25,7.258,15.867,37.729,44.563
3031,BTCW,WisdomTree Bitcoin Fund,WisdomTree,BTCW,WisdomTree Bitcoin Fund,BTC-USD,2025-06-06,110.51,400.0,0.25,7.401,18.805,43.006,44.733
3032,BTCW,WisdomTree Bitcoin Fund,WisdomTree,BTCW,WisdomTree Bitcoin Fund,BTC-USD,2025-06-09,115.25,400.0,0.25,7.16,18.805,43.006,44.713
3033,BTCW,WisdomTree Bitcoin Fund,WisdomTree,BTCW,WisdomTree Bitcoin Fund,BTC-USD,2025-06-10,116.18,400.0,0.25,7.044,18.805,43.006,43.482
3034,BTCW,WisdomTree Bitcoin Fund,WisdomTree,BTCW,WisdomTree Bitcoin Fund,BTC-USD,2025-06-11,115.35,400.0,0.25,6.824,23.429,47.63,43.533
3035,BTCW,WisdomTree Bitcoin Fund,WisdomTree,BTCW,WisdomTree Bitcoin Fund,BTC-USD,2025-06-12,113.17,400.0,0.25,6.741,23.239,47.439,43.312
3036,BTCW,WisdomTree Bitcoin Fund,WisdomTree,BTCW,WisdomTree Bitcoin Fund,BTC-USD,2025-06-13,111.45,400.0,0.25,6.688,20.962,45.235,42.899
3037,BTCW,WisdomTree Bitcoin Fund,WisdomTree,BTCW,WisdomTree Bitcoin Fund,BTC-USD,2025-06-16,115.3,400.0,0.25,6.848,17.271,42.595,43.152
3038,BTCW,WisdomTree Bitcoin Fund,WisdomTree,BTCW,WisdomTree Bitcoin Fund,BTC-USD,2025-06-17,110.93,400.0,0.25,7.17,17.271,42.642,44.019
3039,BTCW,WisdomTree Bitcoin Fund,WisdomTree,BTCW,WisdomTree Bitcoin Fund,BTC-USD,2025-06-18,109.95,400.0,0.25,7.37,21.691,47.015,42.974
3040,BTCW,WisdomTree Bitcoin Fund,WisdomTree,BTCW,WisdomTree Bitcoin Fund,BTC-USD,2025-06-20,109.39,400.0,0.25,7.532,26.163,51.487,42.993
3041,BTCW,WisdomTree Bitcoin Fund,WisdomTree,BTCW,WisdomTree Bitcoin Fund,BTC-USD,2025-06-23,109.39,400.0,0.25,7.325,26.163,51.534,42.778
3042,BTCW,WisdomTree Bitcoin Fund,WisdomTree,BTCW,WisdomTree Bitcoin Fund,BTC-USD,2025-06-24,112.045,400.0,0.25,7.459,26.163,51.487,42.992
3043,BTCW,WisdomTree Bitcoin Fund,WisdomTree,BTCW,WisdomTree Bitcoin Fund,BTC-USD,2025-06-25,114.25,400.0,0.25,7.269,26.163,51.487,42.179
3044,BTCW,WisdomTree Bitcoin Fund,WisdomTree,BTCW,WisdomTree Bitcoin Fund,BTC-USD,2025-06-26,114.1,400.0,0.25,7.46,28.007,53.332,41.997
3045,BTCW,WisdomTree Bitcoin Fund,WisdomTree,BTCW,WisdomTree Bitcoin Fund,BTC-USD,2025-06-27,113.19,400.0,0.25,7.217,30.575,54.848,41.693
3046,BTCW,WisdomTree Bitcoin Fund,WisdomTree,BTCW,WisdomTree Bitcoin Fund,BTC-USD,2025-06-30,114.22,400.0,0.25,7.27,32.711,56.984,41.517
3047,BTCW,WisdomTree Bitcoin Fund,WisdomTree,BTCW,WisdomTree Bitcoin Fund,BTC-USD,2025-07-01,111.59,400.0,0.25,7.054,32.711,58.035,39.75
3048,BTCW,WisdomTree Bitcoin Fund,WisdomTree,BTCW,WisdomTree Bitcoin Fund,BTC-USD,2025-07-02,116.4,400.0,0.25,8.089,30.933,56.257,40.286
3049,BTCW,WisdomTree Bitcoin Fund,WisdomTree,BTCW,WisdomTree Bitcoin Fund,BTC-USD,2025-07-03,115.75,400.0,0.25,8.152,30.933,55.206,36.806
3050,BTCW,WisdomTree Bitcoin Fund,WisdomTree,BTCW,WisdomTree Bitcoin Fund,BTC-USD,2025-07-07,114.53,400.0,0.25,8.634,30.933,55.206,36.705
3051,BTCW,WisdomTree Bitcoin Fund,WisdomTree,BTCW,WisdomTree Bitcoin Fund,BTC-USD,2025-07-08,115.33,400.0,0.25,8.572,28.38,52.472,34.076
3052,BTCW,WisdomTree Bitcoin Fund,WisdomTree,BTCW,WisdomTree Bitcoin Fund,BTC-USD,2025-07-09,118.49,400.0,0.25,8.418,25.442,49.534,33.283
3053,BTCW,WisdomTree Bitcoin Fund,WisdomTree,BTCW,WisdomTree Bitcoin Fund,BTC-USD,2025-07-10,120.3,400.0,0.25,8.73,25.442,49.223,31.853
3054,BTCW,WisdomTree Bitcoin Fund,WisdomTree,BTCW,WisdomTree Bitcoin Fund,BTC-USD,2025-07-11,125.3,400.0,0.25,8.736,25.442,49.223,32.644
3055,BTCW,WisdomTree Bitcoin Fund,WisdomTree,BTCW,WisdomTree Bitcoin Fund,BTC-USD,2025-07-14,127.21,400.0,0.25,9.043,18.055,37.543,32.538
3056,BTCW,WisdomTree Bitcoin Fund,WisdomTree,BTCW,WisdomTree Bitcoin Fund,BTC-USD,2025-07-15,123.46,400.0,0.25,9.241,18.055,37.543,33.356
3057,BTCW,WisdomTree Bitcoin Fund,WisdomTree,BTCW,WisdomTree Bitcoin Fund,BTC-USD,2025-07-16,126.55,400.0,0.25,9.314,18.055,37.543,33.589
3058,BTCW,WisdomTree Bitcoin Fund,WisdomTree,BTCW,WisdomTree Bitcoin Fund,BTC-USD,2025-07-17,126.23,400.0,0.25,9.116,23.46,39.51,33.253
3059,BTCW,WisdomTree Bitcoin Fund,WisdomTree,BTCW,WisdomTree Bitcoin Fund,BTC-USD,2025-07-18,124.41,400.0,0.25,8.694,24.459,40.508,32.329
3060,BTCW,WisdomTree Bitcoin Fund,WisdomTree,BTCW,WisdomTree Bitcoin Fund,BTC-USD,2025-07-21,123.84,400.0,0.25,8.418,24.072,40.121,32.189
3061,BTCW,WisdomTree Bitcoin Fund,WisdomTree,BTCW,WisdomTree Bitcoin Fund,BTC-USD,2025-07-22,126.56,400.0,0.25,8.085,20.453,39.941,32.392
3062,BTCW,WisdomTree Bitcoin Fund,WisdomTree,BTCW,WisdomTree Bitcoin Fund,BTC-USD,2025-07-23,125.46,400.0,0.25,7.697,21.184,40.673,32.339
3063,BTCW,WisdomTree Bitcoin Fund,WisdomTree,BTCW,WisdomTree Bitcoin Fund,BTC-USD,2025-07-24,126.26,400.0,0.25,7.405,21.184,37.32,32.272
3064,BTCW,WisdomTree Bitcoin Fund,WisdomTree,BTCW,WisdomTree Bitcoin Fund,BTC-USD,2025-07-25,123.85,400.0,0.25,7.578,21.184,37.32,32.612
3065,BTCW,WisdomTree Bitcoin Fund,WisdomTree,BTCW,WisdomTree Bitcoin Fund,BTC-USD,2025-07-28,125.25,400.0,0.25,7.163,19.339,38.828,32.458
3066,BTCW,WisdomTree Bitcoin Fund,WisdomTree,BTCW,WisdomTree Bitcoin Fund,BTC-USD,2025-07-29,124.48,400.0,0.25,7.516,19.883,36.019,32.194
3067,BTCW,WisdomTree Bitcoin Fund,WisdomTree,BTCW,WisdomTree Bitcoin Fund,BTC-USD,2025-07-30,123.8,400.0,0.25,7.568,23.093,39.228,32.242
3068,BTCW,WisdomTree Bitcoin Fund,WisdomTree,BTCW,WisdomTree Bitcoin Fund,BTC-USD,2025-07-31,123.71,400.0,0.25,7.633,29.63,45.679,31.609
3069,BTCW,WisdomTree Bitcoin Fund,WisdomTree,BTCW,WisdomTree Bitcoin Fund,BTC-USD,2025-08-01,119.74,400.0,0.25,7.095,29.63,45.766,32.46
3070,BTCW,WisdomTree Bitcoin Fund,WisdomTree,BTCW,WisdomTree Bitcoin Fund,BTC-USD,2025-08-04,121.66,400.0,0.25,7.05,34.2,53.868,32.503
3071,BTCW,WisdomTree Bitcoin Fund,WisdomTree,BTCW,WisdomTree Bitcoin Fund,BTC-USD,2025-08-05,120.43,400.0,0.25,6.538,34.2,53.868,30.838
3072,BTCW,WisdomTree Bitcoin Fund,WisdomTree,BTCW,WisdomTree Bitcoin Fund,BTC-USD,2025-08-06,122.18,400.0,0.25,6.242,34.2,56.398,30.786
3073,BTCW,WisdomTree Bitcoin Fund,WisdomTree,BTCW,WisdomTree Bitcoin Fund,BTC-USD,2025-08-07,124.61,400.0,0.25,6.241,34.2,56.398,30.828
3074,BTCW,WisdomTree Bitcoin Fund,WisdomTree,BTCW,WisdomTree Bitcoin Fund,BTC-USD,2025-08-08,123.35,400.0,0.25,6.164,38.459,60.657,30.425
3075,BTCW,WisdomTree Bitcoin Fund,WisdomTree,BTCW,WisdomTree Bitcoin Fund,BTC-USD,2025-08-11,126.2,400.0,0.25,6.274,38.459,60.657,30.538
3076,BTCW,WisdomTree Bitcoin Fund,WisdomTree,BTCW,WisdomTree Bitcoin Fund,BTC-USD,2025-08-12,126.85,400.0,0.25,5.964,41.601,63.799,30.535
3077,BTCW,WisdomTree Bitcoin Fund,WisdomTree,BTCW,WisdomTree Bitcoin Fund,BTC-USD,2025-08-13,130.29,400.0,0.25,6.021,41.601,63.799,30.918
3078,BTCW,WisdomTree Bitcoin Fund,WisdomTree,BTCW,WisdomTree Bitcoin Fund,BTC-USD,2025-08-14,125.11,400.0,0.25,5.952,41.601,63.799,32.063
3079,BTCW,WisdomTree Bitcoin Fund,WisdomTree,BTCW,WisdomTree Bitcoin Fund,BTC-USD,2025-08-15,123.96,400.0,0.25,5.832,36.697,68.39,32.044
3080,BTCW,WisdomTree Bitcoin Fund,WisdomTree,BTCW,WisdomTree Bitcoin Fund,BTC-USD,2025-08-18,123.29,400.0,0.25,5.703,35.698,65.602,31.944
3081,BTCW,WisdomTree Bitcoin Fund,WisdomTree,BTCW,WisdomTree Bitcoin Fund,BTC-USD,2025-08-19,119.81,400.0,0.25,5.662,29.303,60.995,32.176
3082,BTCW,WisdomTree Bitcoin Fund,WisdomTree,BTCW,WisdomTree Bitcoin Fund,BTC-USD,2025-08-20,121.12,400.0,0.25,5.692,32.726,62.63,31.881
3083,BTCW,WisdomTree Bitcoin Fund,WisdomTree,BTCW,WisdomTree Bitcoin Fund,BTC-USD,2025-08-21,118.87,400.0,0.25,5.712,34.392,64.295,32.044
3084,BTCW,WisdomTree Bitcoin Fund,WisdomTree,BTCW,WisdomTree Bitcoin Fund,BTC-USD,2025-08-22,123.63,400.0,0.25,5.96,37.178,68.871,32.423
3085,BTCW,WisdomTree Bitcoin Fund,WisdomTree,BTCW,WisdomTree Bitcoin Fund,BTC-USD,2025-08-25,117.36,400.0,0.25,5.748,37.178,70.172,34.141
3086,BTCW,WisdomTree Bitcoin Fund,WisdomTree,BTCW,WisdomTree Bitcoin Fund,BTC-USD,2025-08-26,117.85,400.0,0.25,5.732,37.178,68.871,34.058
3087,BTCW,WisdomTree Bitcoin Fund,WisdomTree,BTCW,WisdomTree Bitcoin Fund,BTC-USD,2025-08-27,118.85,400.0,0.25,5.329,34.067,65.759,34.088
3088,BTCW,WisdomTree Bitcoin Fund,WisdomTree,BTCW,WisdomTree Bitcoin Fund,BTC-USD,2025-08-28,118.67,400.0,0.25,5.031,28.47,60.162,33.912
3089,BTCW,WisdomTree Bitcoin Fund,WisdomTree,BTCW,WisdomTree Bitcoin Fund,BTC-USD,2025-08-29,114.63,400.0,0.25,4.935,21.932,54.926,34.551
3090,BTCW,WisdomTree Bitcoin Fund,WisdomTree,BTCW,WisdomTree Bitcoin Fund,BTC-USD,2025-09-02,117.44,400.0,0.25,4.468,21.932,55.373,34.335
3091,BTCW,WisdomTree Bitcoin Fund,WisdomTree,BTCW,WisdomTree Bitcoin Fund,BTC-USD,2025-09-03,119.02,400.0,0.25,4.336,17.363,53.04,34.112
3092,BTCW,WisdomTree Bitcoin Fund,WisdomTree,BTCW,WisdomTree Bitcoin Fund,BTC-USD,2025-09-04,116.3,400.0,0.25,4.293,17.363,54.494,33.391
3093,BTCW,WisdomTree Bitcoin Fund,WisdomTree,BTCW,WisdomTree Bitcoin Fund,BTC-USD,2025-09-05,118.26,400.0,0.25,4.456,17.363,53.04,33.526
3094,BTCW,WisdomTree Bitcoin Fund,WisdomTree,BTCW,WisdomTree Bitcoin Fund,BTC-USD,2025-09-08,118.83,400.0,0.25,4.448,19.066,54.744,33.502
3095,BTCW,WisdomTree Bitcoin Fund,WisdomTree,BTCW,WisdomTree Bitcoin Fund,BTC-USD,2025-09-09,118.03,400.0,0.25,4.261,17.045,52.723,33.289
3096,BTCW,WisdomTree Bitcoin Fund,WisdomTree,BTCW,WisdomTree Bitcoin Fund,BTC-USD,2025-09-10,120.42,400.0,0.25,4.525,17.045,48.738,33.351
3097,BTCW,WisdomTree Bitcoin Fund,WisdomTree,BTCW,WisdomTree Bitcoin Fund,BTC-USD,2025-09-11,121.38,400.0,0.25,4.546,14.57,46.262,32.682
3098,BTCW,WisdomTree Bitcoin Fund,WisdomTree,BTCW,WisdomTree Bitcoin Fund,BTC-USD,2025-09-12,123.82,400.0,0.25,4.373,14.57,50.247,31.852
3099,BTCW,WisdomTree Bitcoin Fund,WisdomTree,BTCW,WisdomTree Bitcoin Fund,BTC-USD,2025-09-15,122.2,400.0,0.25,4.286,14.57,49.675,31.926
3100,BTCW,WisdomTree Bitcoin Fund,WisdomTree,BTCW,WisdomTree Bitcoin Fund,BTC-USD,2025-09-16,123.84,400.0,0.25,4.467,14.068,43.971,31.98
3101,BTCW,WisdomTree Bitcoin Fund,WisdomTree,BTCW,WisdomTree Bitcoin Fund,BTC-USD,2025-09-17,122.55,400.0,0.25,4.607,19.299,47.553,32.08
3102,BTCW,WisdomTree Bitcoin Fund,WisdomTree,BTCW,WisdomTree Bitcoin Fund,BTC-USD,2025-09-18,124.55,400.0,0.25,4.762,19.299,46.962,31.89
3103,BTCW,WisdomTree Bitcoin Fund,WisdomTree,BTCW,WisdomTree Bitcoin Fund,BTC-USD,2025-09-19,121.97,400.0,0.25,4.777,15.022,43.277,32.007
3104,BTCW,WisdomTree Bitcoin Fund,WisdomTree,BTCW,WisdomTree Bitcoin Fund,BTC-USD,2025-09-22,118.75,400.0,0.25,4.797,12.625,40.88,32.509
3105,BTCW,WisdomTree Bitcoin Fund,WisdomTree,BTCW,WisdomTree Bitcoin Fund,BTC-USD,2025-09-23,118.28,400.0,0.25,4.398,13.258,41.513,32.473
3106,BTCW,WisdomTree Bitcoin Fund,WisdomTree,BTCW,WisdomTree Bitcoin Fund,BTC-USD,2025-09-24,120.17,400.0,0.25,4.349,13.258,41.513,32.577
3107,BTCW,WisdomTree Bitcoin Fund,WisdomTree,BTCW,WisdomTree Bitcoin Fund,BTC-USD,2025-09-25,115.85,400.0,0.25,4.605,13.258,48.363,33.109
3108,BTCW,WisdomTree Bitcoin Fund,WisdomTree,BTCW,WisdomTree Bitcoin Fund,BTC-USD,2025-09-26,115.66,400.0,0.25,4.548,16.08,51.185,31.957
3109,BTCW,WisdomTree Bitcoin Fund,WisdomTree,BTCW,WisdomTree Bitcoin Fund,BTC-USD,2025-09-29,121.23,400.0,0.25,5.805,16.08,51.185,33.36
3110,BTCW,WisdomTree Bitcoin Fund,WisdomTree,BTCW,WisdomTree Bitcoin Fund,BTC-USD,2025-09-30,121.27,400.0,0.25,5.983,20.898,49.153,33.276
3111,BTCW,WisdomTree Bitcoin Fund,WisdomTree,BTCW,WisdomTree Bitcoin Fund,BTC-USD,2025-10-01,124.51,400.0,0.25,6.026,20.898,49.153,33.661
3112,BTCW,WisdomTree Bitcoin Fund,WisdomTree,BTCW,WisdomTree Bitcoin Fund,BTC-USD,2025-10-02,128.24,400.0,0.25,6.949,20.898,48.377,33.746
3113,BTCW,WisdomTree Bitcoin Fund,WisdomTree,BTCW,WisdomTree Bitcoin Fund,BTC-USD,2025-10-03,130.2,400.0,0.25,7.519,20.898,44.43,33.746
3114,BTCW,WisdomTree Bitcoin Fund,WisdomTree,BTCW,WisdomTree Bitcoin Fund,BTC-USD,2025-10-06,132.96,400.0,0.25,7.684,20.898,44.43,32.996
3115,BTCW,WisdomTree Bitcoin Fund,WisdomTree,BTCW,WisdomTree Bitcoin Fund,BTC-USD,2025-10-07,128.87,400.0,0.25,8.384,19.195,42.727,33.511
3116,BTCW,WisdomTree Bitcoin Fund,WisdomTree,BTCW,WisdomTree Bitcoin Fund,BTC-USD,2025-10-08,130.79,400.0,0.25,8.62,21.412,44.944,33.043
3117,BTCW,WisdomTree Bitcoin Fund,WisdomTree,BTCW,WisdomTree Bitcoin Fund,BTC-USD,2025-10-09,128.11,400.0,0.25,8.329,21.412,48.89,32.96
3118,BTCW,WisdomTree Bitcoin Fund,WisdomTree,BTCW,WisdomTree Bitcoin Fund,BTC-USD,2025-10-10,123.42,400.0,0.25,8.906,24.174,51.653,33.841
3119,BTCW,WisdomTree Bitcoin Fund,WisdomTree,BTCW,WisdomTree Bitcoin Fund,BTC-USD,2025-10-13,122.75,400.0,0.25,9.161,24.174,48.253,33.73
3120,BTCW,WisdomTree Bitcoin Fund,WisdomTree,BTCW,WisdomTree Bitcoin Fund,BTC-USD,2025-10-14,119.29,400.0,0.25,9.299,24.174,48.253,34.218
3121,BTCW,WisdomTree Bitcoin Fund,WisdomTree,BTCW,WisdomTree Bitcoin Fund,BTC-USD,2025-10-15,117.85,400.0,0.25,9.476,30.501,52.466,33.976
3122,BTCW,WisdomTree Bitcoin Fund,WisdomTree,BTCW,WisdomTree Bitcoin Fund,BTC-USD,2025-10-16,114.6,400.0,0.25,10.434,25.27,44.747,34.385
3123,BTCW,WisdomTree Bitcoin Fund,WisdomTree,BTCW,WisdomTree Bitcoin Fund,BTC-USD,2025-10-17,112.77,400.0,0.25,11.883,25.27,42.021,34.473
3124,BTCW,WisdomTree Bitcoin Fund,WisdomTree,BTCW,WisdomTree Bitcoin Fund,BTC-USD,2025-10-20,117.46,400.0,0.25,11.894,25.27,42.021,35.363
3125,BTCW,WisdomTree Bitcoin Fund,WisdomTree,BTCW,WisdomTree Bitcoin Fund,BTC-USD,2025-10-21,118.54,400.0,0.25,12.02,28.385,44.845,35.335
3126,BTCW,WisdomTree Bitcoin Fund,WisdomTree,BTCW,WisdomTree Bitcoin Fund,BTC-USD,2025-10-22,114.17,400.0,0.25,12.522,24.965,41.426,36.111
3127,BTCW,WisdomTree Bitcoin Fund,WisdomTree,BTCW,WisdomTree Bitcoin Fund,BTC-USD,2025-10-23,116.78,400.0,0.25,12.663,24.965,41.426,36.434
3128,BTCW,WisdomTree Bitcoin Fund,WisdomTree,BTCW,WisdomTree Bitcoin Fund,BTC-USD,2025-10-24,117.2,400.0,0.25,12.415,29.645,45.243,36.446
3129,BTCW,WisdomTree Bitcoin Fund,WisdomTree,BTCW,WisdomTree Bitcoin Fund,BTC-USD,2025-10-27,121.84,400.0,0.25,12.406,26.823,43.284,36.731
3130,BTCW,WisdomTree Bitcoin Fund,WisdomTree,BTCW,WisdomTree Bitcoin Fund,BTC-USD,2025-10-28,120.33,400.0,0.25,11.302,28.936,45.688,36.676
3131,BTCW,WisdomTree Bitcoin Fund,WisdomTree,BTCW,WisdomTree Bitcoin Fund,BTC-USD,2025-10-29,117.07,400.0,0.25,11.488,24.118,43.595,37.047
3132,BTCW,WisdomTree Bitcoin Fund,WisdomTree,BTCW,WisdomTree Bitcoin Fund,BTC-USD,2025-10-30,112.7,400.0,0.25,11.394,24.118,43.595,37.7
3133,BTCW,WisdomTree Bitcoin Fund,WisdomTree,BTCW,WisdomTree Bitcoin Fund,BTC-USD,2025-10-31,116.29,400.0,0.25,10.626,24.118,47.251,38.052
3134,BTCW,WisdomTree Bitcoin Fund,WisdomTree,BTCW,WisdomTree Bitcoin Fund,BTC-USD,2025-11-03,112.89,400.0,0.25,9.992,24.118,48.197,38.457
3135,BTCW,WisdomTree Bitcoin Fund,WisdomTree,BTCW,WisdomTree Bitcoin Fund,BTC-USD,2025-11-04,106.73,400.0,0.25,9.675,24.118,49.871,39.709
3136,BTCW,WisdomTree Bitcoin Fund,WisdomTree,BTCW,WisdomTree Bitcoin Fund,BTC-USD,2025-11-05,110.02,400.0,0.25,9.031,28.678,61.91,40.256
3137,BTCW,WisdomTree Bitcoin Fund,WisdomTree,BTCW,WisdomTree Bitcoin Fund,BTC-USD,2025-11-06,106.86,400.0,0.25,8.787,24.222,60.95,40.159
3138,BTCW,WisdomTree Bitcoin Fund,WisdomTree,BTCW,WisdomTree Bitcoin Fund,BTC-USD,2025-11-07,109.92,400.0,0.25,8.749,31.914,68.641,39.906
3139,BTCW,WisdomTree Bitcoin Fund,WisdomTree,BTCW,WisdomTree Bitcoin Fund,BTC-USD,2025-11-10,112.33,400.0,0.25,8.268,28.485,68.709,40.174
3140,BTCW,WisdomTree Bitcoin Fund,WisdomTree,BTCW,WisdomTree Bitcoin Fund,BTC-USD,2025-11-11,108.91,400.0,0.25,7.854,28.485,71.44,40.614
3141,BTCW,WisdomTree Bitcoin Fund,WisdomTree,BTCW,WisdomTree Bitcoin Fund,BTC-USD,2025-11-12,107.525,400.0,0.25,7.626,31.475,75.0,40.3
3142,BTCW,WisdomTree Bitcoin Fund,WisdomTree,BTCW,WisdomTree Bitcoin Fund,BTC-USD,2025-11-13,103.8,400.0,0.25,7.312,25.148,85.071,40.787
3143,BTCW,WisdomTree Bitcoin Fund,WisdomTree,BTCW,WisdomTree Bitcoin Fund,BTC-USD,2025-11-14,99.9,400.0,0.25,6.476,25.148,85.071,41.311
3144,BTCW,WisdomTree Bitcoin Fund,WisdomTree,BTCW,WisdomTree Bitcoin Fund,BTC-USD,2025-11-17,97.22,400.0,0.25,5.155,25.148,85.071,40.654
3145,BTCW,WisdomTree Bitcoin Fund,WisdomTree,BTCW,WisdomTree Bitcoin Fund,BTC-USD,2025-11-18,98.19,400.0,0.25,5.244,28.839,81.067,39.493
3146,BTCW,WisdomTree Bitcoin Fund,WisdomTree,BTCW,WisdomTree Bitcoin Fund,BTC-USD,2025-11-19,94.76,400.0,0.25,5.218,25.725,85.647,40.022
3147,BTCW,WisdomTree Bitcoin Fund,WisdomTree,BTCW,WisdomTree Bitcoin Fund,BTC-USD,2025-11-20,91.45,400.0,0.25,5.006,30.315,90.237,40.468
3148,BTCW,WisdomTree Bitcoin Fund,WisdomTree,BTCW,WisdomTree Bitcoin Fund,BTC-USD,2025-11-21,89.57,400.0,0.25,5.095,30.315,90.237,40.603
3149,BTCW,WisdomTree Bitcoin Fund,WisdomTree,BTCW,WisdomTree Bitcoin Fund,BTC-USD,2025-11-24,94.4,400.0,0.25,5.133,25.635,89.688,41.769
3150,BTCW,WisdomTree Bitcoin Fund,WisdomTree,BTCW,WisdomTree Bitcoin Fund,BTC-USD,2025-11-25,92.52,400.0,0.25,5.221,29.227,89.149,41.512
3151,BTCW,WisdomTree Bitcoin Fund,WisdomTree,BTCW,WisdomTree Bitcoin Fund,BTC-USD,2025-11-26,95.23,400.0,0.25,5.152,27.114,91.167,41.908
3152,BTCW,WisdomTree Bitcoin Fund,WisdomTree,BTCW,WisdomTree Bitcoin Fund,BTC-USD,2025-11-28,95.93,400.0,0.25,4.779,27.114,91.167,41.77
3153,BTCW,WisdomTree Bitcoin Fund,WisdomTree,BTCW,WisdomTree Bitcoin Fund,BTC-USD,2025-12-01,90.62,400.0,0.25,4.631,27.114,91.167,42.98
3154,BTCW,WisdomTree Bitcoin Fund,WisdomTree,BTCW,WisdomTree Bitcoin Fund,BTC-USD,2025-12-02,96.48,400.0,0.25,4.523,27.114,93.881,45.095
3155,BTCW,WisdomTree Bitcoin Fund,WisdomTree,BTCW,WisdomTree Bitcoin Fund,BTC-USD,2025-12-03,98.52,400.0,0.25,4.53,27.114,92.663,45.365
3156,BTCW,WisdomTree Bitcoin Fund,WisdomTree,BTCW,WisdomTree Bitcoin Fund,BTC-USD,2025-12-04,98.07,400.0,0.25,4.38,28.532,92.585,45.11
3157,BTCW,WisdomTree Bitcoin Fund,WisdomTree,BTCW,WisdomTree Bitcoin Fund,BTC-USD,2025-12-05,94.678,400.0,0.25,4.099,23.972,89.522,45.51
3158,BTCW,WisdomTree Bitcoin Fund,WisdomTree,BTCW,WisdomTree Bitcoin Fund,BTC-USD,2025-12-08,96.21,400.0,0.25,4.068,26.399,90.452,45.43
3159,BTCW,WisdomTree Bitcoin Fund,WisdomTree,BTCW,WisdomTree Bitcoin Fund,BTC-USD,2025-12-09,98.7,400.0,0.25,3.975,18.708,84.258,45.796
3160,BTCW,WisdomTree Bitcoin Fund,WisdomTree,BTCW,WisdomTree Bitcoin Fund,BTC-USD,2025-12-10,98.04,400.0,0.25,3.809,28.092,93.642,45.664
3161,BTCW,WisdomTree Bitcoin Fund,WisdomTree,BTCW,WisdomTree Bitcoin Fund,BTC-USD,2025-12-11,97.255,400.0,0.25,3.804,28.092,87.561,45.652
3162,BTCW,WisdomTree Bitcoin Fund,WisdomTree,BTCW,WisdomTree Bitcoin Fund,BTC-USD,2025-12-12,95.605,400.0,0.25,3.739,34.194,93.663,45.537
3163,BTCW,WisdomTree Bitcoin Fund,WisdomTree,BTCW,WisdomTree Bitcoin Fund,BTC-USD,2025-12-15,90.79,400.0,0.25,3.806,34.194,93.663,46.441
3164,BTCW,WisdomTree Bitcoin Fund,WisdomTree,BTCW,WisdomTree Bitcoin Fund,BTC-USD,2025-12-16,92.76,400.0,0.25,3.546,35.759,101.309,46.524
3165,BTCW,WisdomTree Bitcoin Fund,WisdomTree,BTCW,WisdomTree Bitcoin Fund,BTC-USD,2025-12-17,90.97,400.0,0.25,3.196,37.305,104.072,46.63
3166,BTCW,WisdomTree Bitcoin Fund,WisdomTree,BTCW,WisdomTree Bitcoin Fund,BTC-USD,2025-12-18,89.82,400.0,0.25,2.94,42.69,116.096,46.468
3167,BTCW,WisdomTree Bitcoin Fund,WisdomTree,BTCW,WisdomTree Bitcoin Fund,BTC-USD,2025-12-19,93.12,400.0,0.25,2.739,42.69,132.336,46.733
3168,BTCW,WisdomTree Bitcoin Fund,WisdomTree,BTCW,WisdomTree Bitcoin Fund,BTC-USD,2025-12-22,93.47,400.0,0.25,2.491,41.201,130.846,46.756
3169,BTCW,WisdomTree Bitcoin Fund,WisdomTree,BTCW,WisdomTree Bitcoin Fund,BTC-USD,2025-12-23,92.74,400.0,0.25,2.131,41.201,145.588,45.558
3170,BTCW,WisdomTree Bitcoin Fund,WisdomTree,BTCW,WisdomTree Bitcoin Fund,BTC-USD,2025-12-24,92.37,400.0,0.25,2.087,44.277,133.922,45.547
3171,BTCW,WisdomTree Bitcoin Fund,WisdomTree,BTCW,WisdomTree Bitcoin Fund,BTC-USD,2025-12-26,92.59,400.0,0.25,2.152,42.628,132.273,45.115
3172,BTCW,WisdomTree Bitcoin Fund,WisdomTree,BTCW,WisdomTree Bitcoin Fund,BTC-USD,2025-12-29,92.14,400.0,0.25,2.052,45.55,135.195,44.54
3173,BTCW,WisdomTree Bitcoin Fund,WisdomTree,BTCW,WisdomTree Bitcoin Fund,BTC-USD,2025-12-30,92.99,400.0,0.25,2.142,45.55,135.195,44.438
3174,BTCW,WisdomTree Bitcoin Fund,WisdomTree,BTCW,WisdomTree Bitcoin Fund,BTC-USD,2025-12-31,92.68,400.0,0.25,2.422,47.396,112.946,44.095
3175,BTCW,WisdomTree Bitcoin Fund,WisdomTree,BTCW,WisdomTree Bitcoin Fund,BTC-USD,2026-01-02,95.08,400.0,0.25,2.656,47.396,106.864,44.243
3176,BTCW,WisdomTree Bitcoin Fund,WisdomTree,BTCW,WisdomTree Bitcoin Fund,BTC-USD,2026-01-05,99.8,400.0,0.25,2.742,47.396,106.864,45.411
3177,BTCW,WisdomTree Bitcoin Fund,WisdomTree,BTCW,WisdomTree Bitcoin Fund,BTC-USD,2026-01-06,97.92,400.0,0.25,3.021,49.047,108.515,45.386
3178,BTCW,WisdomTree Bitcoin Fund,WisdomTree,BTCW,WisdomTree Bitcoin Fund,BTC-USD,2026-01-07,96.31,400.0,0.25,3.023,49.047,108.515,44.943
3179,BTCW,WisdomTree Bitcoin Fund,WisdomTree,BTCW,WisdomTree Bitcoin Fund,BTC-USD,2026-01-08,96.14,400.0,0.25,2.962,46.62,106.089,44.945
3180,BTCW,WisdomTree Bitcoin Fund,WisdomTree,BTCW,WisdomTree Bitcoin Fund,BTC-USD,2026-01-09,95.55,400.0,0.25,2.908,51.305,97.989,44.656
3181,BTCW,WisdomTree Bitcoin Fund,WisdomTree,BTCW,WisdomTree Bitcoin Fund,BTC-USD,2026-01-12,96.84,400.0,0.25,2.983,42.821,89.505,44.757
3182,BTCW,WisdomTree Bitcoin Fund,WisdomTree,BTCW,WisdomTree Bitcoin Fund,BTC-USD,2026-01-13,99.99,400.0,0.25,3.058,42.821,89.505,45.03
3183,BTCW,WisdomTree Bitcoin Fund,WisdomTree,BTCW,WisdomTree Bitcoin Fund,BTC-USD,2026-01-14,103.52,400.0,0.25,3.144,33.729,80.413,45.564
3184,BTCW,WisdomTree Bitcoin Fund,WisdomTree,BTCW,WisdomTree Bitcoin Fund,BTC-USD,2026-01-15,100.83,400.0,0.25,3.103,36.614,83.298,44.983
3185,BTCW,WisdomTree Bitcoin Fund,WisdomTree,BTCW,WisdomTree Bitcoin Fund,BTC-USD,2026-01-16,101.21,400.0,0.25,3.697,35.049,73.73,44.936
3186,BTCW,WisdomTree Bitcoin Fund,WisdomTree,BTCW,WisdomTree Bitcoin Fund,BTC-USD,2026-01-20,94.79,400.0,0.25,3.767,33.503,72.185,46.212
3187,BTCW,WisdomTree Bitcoin Fund,WisdomTree,BTCW,WisdomTree Bitcoin Fund,BTC-USD,2026-01-21,95.44,400.0,0.25,3.852,24.426,56.901,45.95
3188,BTCW,WisdomTree Bitcoin Fund,WisdomTree,BTCW,WisdomTree Bitcoin Fund,BTC-USD,2026-01-22,94.59,400.0,0.25,3.941,27.271,57.392,45.941
3189,BTCW,WisdomTree Bitcoin Fund,WisdomTree,BTCW,WisdomTree Bitcoin Fund,BTC-USD,2026-01-23,94.71,400.0,0.25,4.042,27.378,57.499,45.097
3190,BTCW,WisdomTree Bitcoin Fund,WisdomTree,BTCW,WisdomTree Bitcoin Fund,BTC-USD,2026-01-26,92.72,400.0,0.25,4.107,27.378,57.499,45.202
3191,BTCW,WisdomTree Bitcoin Fund,WisdomTree,BTCW,WisdomTree Bitcoin Fund,BTC-USD,2026-01-27,94.52,400.0,0.25,4.041,30.436,62.911,45.194
3192,BTCW,WisdomTree Bitcoin Fund,WisdomTree,BTCW,WisdomTree Bitcoin Fund,BTC-USD,2026-01-28,94.19,400.0,0.25,3.883,28.493,60.968,44.62
3193,BTCW,WisdomTree Bitcoin Fund,WisdomTree,BTCW,WisdomTree Bitcoin Fund,BTC-USD,2026-01-29,88.96,400.0,0.25,3.973,25.571,64.253,45.389
3194,BTCW,WisdomTree Bitcoin Fund,WisdomTree,BTCW,WisdomTree Bitcoin Fund,BTC-USD,2026-01-30,88.63,400.0,0.25,4.166,25.571,64.253,45.084
3195,BTCW,WisdomTree Bitcoin Fund,WisdomTree,BTCW,WisdomTree Bitcoin Fund,BTC-USD,2026-02-02,82.56,400.0,0.25,4.302,23.725,70.409,45.91
3196,BTCW,WisdomTree Bitcoin Fund,WisdomTree,BTCW,WisdomTree Bitcoin Fund,BTC-USD,2026-02-03,80.87,400.0,0.25,4.346,23.725,70.409,45.455
3197,BTCW,WisdomTree Bitcoin Fund,WisdomTree,BTCW,WisdomTree Bitcoin Fund,BTC-USD,2026-02-04,77.69,400.0,0.25,4.548,26.015,69.334,45.757
3198,BTCW,WisdomTree Bitcoin Fund,WisdomTree,BTCW,WisdomTree Bitcoin Fund,BTC-USD,2026-02-05,67.42,400.0,0.25,4.619,22.946,69.63,53.109
3199,BTCW,WisdomTree Bitcoin Fund,WisdomTree,BTCW,WisdomTree Bitcoin Fund,BTC-USD,2026-02-06,74.14,400.0,0.25,5.361,26.833,73.517,56.862
3200,BTCW,WisdomTree Bitcoin Fund,WisdomTree,BTCW,WisdomTree Bitcoin Fund,BTC-USD,2026-02-09,74.94,400.0,0.25,5.439,37.451,84.135,56.752
3201,BTCW,WisdomTree Bitcoin Fund,WisdomTree,BTCW,WisdomTree Bitcoin Fund,BTC-USD,2026-02-10,72.8,400.0,0.25,5.493,32.766,89.597,56.928
3202,BTCW,WisdomTree Bitcoin Fund,WisdomTree,BTCW,WisdomTree Bitcoin Fund,BTC-USD,2026-02-11,71.46,400.0,0.25,5.677,31.866,88.697,56.67
3203,BTCW,WisdomTree Bitcoin Fund,WisdomTree,BTCW,WisdomTree Bitcoin Fund,BTC-USD,2026-02-12,69.19,400.0,0.25,5.655,45.158,101.989,56.538
3204,BTCW,WisdomTree Bitcoin Fund,WisdomTree,BTCW,WisdomTree Bitcoin Fund,BTC-USD,2026-02-13,72.8,400.0,0.25,5.77,45.158,101.989,57.549
3205,BTCW,WisdomTree Bitcoin Fund,WisdomTree,BTCW,WisdomTree Bitcoin Fund,BTC-USD,2026-02-17,71.72,400.0,0.25,5.812,44.575,90.276,57.503
3206,BTCW,WisdomTree Bitcoin Fund,WisdomTree,BTCW,WisdomTree Bitcoin Fund,BTC-USD,2026-02-18,70.06,400.0,0.25,5.215,53.129,109.96,57.283
3207,BTCW,WisdomTree Bitcoin Fund,WisdomTree,BTCW,WisdomTree Bitcoin Fund,BTC-USD,2026-02-19,71.04,400.0,0.25,5.124,53.7,110.531,57.054
3208,BTCW,WisdomTree Bitcoin Fund,WisdomTree,BTCW,WisdomTree Bitcoin Fund,BTC-USD,2026-02-20,71.66,400.0,0.25,5.14,53.7,110.531,57.008
3209,BTCW,WisdomTree Bitcoin Fund,WisdomTree,BTCW,WisdomTree Bitcoin Fund,BTC-USD,2026-02-23,68.19,400.0,0.25,5.233,50.855,113.396,56.546
3210,BTCW,WisdomTree Bitcoin Fund,WisdomTree,BTCW,WisdomTree Bitcoin Fund,BTC-USD,2026-02-24,68.26,400.0,0.25,5.202,47.648,110.189,56.477
3211,BTCW,WisdomTree Bitcoin Fund,WisdomTree,BTCW,WisdomTree Bitcoin Fund,BTC-USD,2026-02-25,73.27,400.0,0.25,5.246,47.648,110.189,58.183
3212,BTCW,WisdomTree Bitcoin Fund,WisdomTree,BTCW,WisdomTree Bitcoin Fund,BTC-USD,2026-02-26,71.33,400.0,0.25,5.734,47.243,104.074,58.31
3213,BTCW,WisdomTree Bitcoin Fund,WisdomTree,BTCW,WisdomTree Bitcoin Fund,BTC-USD,2026-02-27,69.47,400.0,0.25,5.743,47.243,109.784,57.477
3214,BTCW,WisdomTree Bitcoin Fund,WisdomTree,BTCW,WisdomTree Bitcoin Fund,BTC-USD,2026-03-02,73.2,400.0,0.25,5.717,47.243,109.784,56.998
3215,BTCW,WisdomTree Bitcoin Fund,WisdomTree,BTCW,WisdomTree Bitcoin Fund,BTC-USD,2026-03-03,72.27,400.0,0.25,5.428,60.034,122.576,56.771
3216,BTCW,WisdomTree Bitcoin Fund,WisdomTree,BTCW,WisdomTree Bitcoin Fund,BTC-USD,2026-03-04,77.25,400.0,0.25,5.527,60.034,116.866,58.648
3217,BTCW,WisdomTree Bitcoin Fund,WisdomTree,BTCW,WisdomTree Bitcoin Fund,BTC-USD,2026-03-05,75.4,400.0,0.25,5.375,60.034,116.866,58.441
3218,BTCW,WisdomTree Bitcoin Fund,WisdomTree,BTCW,WisdomTree Bitcoin Fund,BTC-USD,2026-03-06,72.09,400.0,0.25,5.019,57.744,158.56,58.89
3219,BTCW,WisdomTree Bitcoin Fund,WisdomTree,BTCW,WisdomTree Bitcoin Fund,BTC-USD,2026-03-09,73.07,400.0,0.25,4.83,57.744,114.575,58.676
3220,BTCW,WisdomTree Bitcoin Fund,WisdomTree,BTCW,WisdomTree Bitcoin Fund,BTC-USD,2026-03-10,74.14,400.0,0.25,4.099,53.857,154.672,58.811
3221,BTCW,WisdomTree Bitcoin Fund,WisdomTree,BTCW,WisdomTree Bitcoin Fund,BTC-USD,2026-03-11,74.79,400.0,0.25,4.09,51.962,152.778,58.871
3222,BTCW,WisdomTree Bitcoin Fund,WisdomTree,BTCW,WisdomTree Bitcoin Fund,BTC-USD,2026-03-12,74.55,400.0,0.25,4.102,54.164,103.769,58.811
3223,BTCW,WisdomTree Bitcoin Fund,WisdomTree,BTCW,WisdomTree Bitcoin Fund,BTC-USD,2026-03-13,75.34,400.0,0.25,4.175,54.164,103.769,58.041
3224,BTCW,WisdomTree Bitcoin Fund,WisdomTree,BTCW,WisdomTree Bitcoin Fund,BTC-USD,2026-03-16,78.32,400.0,0.25,4.154,40.872,90.476,58.461
3225,BTCW,WisdomTree Bitcoin Fund,WisdomTree,BTCW,WisdomTree Bitcoin Fund,BTC-USD,2026-03-17,78.92,400.0,0.25,3.984,43.384,92.989,58.395
3226,BTCW,WisdomTree Bitcoin Fund,WisdomTree,BTCW,WisdomTree Bitcoin Fund,BTC-USD,2026-03-18,75.2,400.0,0.25,4.025,41.082,106.865,59.115
3227,BTCW,WisdomTree Bitcoin Fund,WisdomTree,BTCW,WisdomTree Bitcoin Fund,BTC-USD,2026-03-19,74.35,400.0,0.25,4.016,32.529,98.312,58.573
3228,BTCW,WisdomTree Bitcoin Fund,WisdomTree,BTCW,WisdomTree Bitcoin Fund,BTC-USD,2026-03-20,74.28,400.0,0.25,4.009,36.137,85.742,58.556
3229,BTCW,WisdomTree Bitcoin Fund,WisdomTree,BTCW,WisdomTree Bitcoin Fund,BTC-USD,2026-03-23,74.71,400.0,0.25,3.888,36.137,94.669,58.582
3230,BTCW,WisdomTree Bitcoin Fund,WisdomTree,BTCW,WisdomTree Bitcoin Fund,BTC-USD,2026-03-24,73.29,400.0,0.25,3.696,36.137,94.669,58.669
3231,BTCW,WisdomTree Bitcoin Fund,WisdomTree,BTCW,WisdomTree Bitcoin Fund,BTC-USD,2026-03-25,74.99,400.0,0.25,3.612,36.137,101.92,58.913
3232,BTCW,WisdomTree Bitcoin Fund,WisdomTree,BTCW,WisdomTree Bitcoin Fund,BTC-USD,2026-03-26,72.51,400.0,0.25,3.536,36.137,101.92,59.235
3233,BTCW,WisdomTree Bitcoin Fund,WisdomTree,BTCW,WisdomTree Bitcoin Fund,BTC-USD,2026-03-27,69.788,400.0,0.25,3.031,30.408,100.865,59.582
3234,BTCW,WisdomTree Bitcoin Fund,WisdomTree,BTCW,WisdomTree Bitcoin Fund,BTC-USD,2026-03-30,70.34,400.0,0.25,2.98,30.408,100.865,59.638
3235,BTCW,WisdomTree Bitcoin Fund,WisdomTree,BTCW,WisdomTree Bitcoin Fund,BTC-USD,2026-03-31,71.71,400.0,0.25,2.985,37.502,103.286,59.516
3236,BTCW,WisdomTree Bitcoin Fund,WisdomTree,BTCW,WisdomTree Bitcoin Fund,BTC-USD,2026-04-01,72.069,400.0,0.25,2.892,24.711,92.644,58.516
3237,BTCW,WisdomTree Bitcoin Fund,WisdomTree,BTCW,WisdomTree Bitcoin Fund,BTC-USD,2026-04-02,70.92,400.0,0.25,2.303,24.711,95.168,58.49
3238,BTCW,WisdomTree Bitcoin Fund,WisdomTree,BTCW,WisdomTree Bitcoin Fund,BTC-USD,2026-04-06,73.82,400.0,0.25,2.361,24.711,95.168,59.175
3239,BTCW,WisdomTree Bitcoin Fund,WisdomTree,BTCW,WisdomTree Bitcoin Fund,BTC-USD,2026-04-07,73.013,400.0,0.25,2.319,24.711,95.168,59.187
3240,BTCW,WisdomTree Bitcoin Fund,WisdomTree,BTCW,WisdomTree Bitcoin Fund,BTC-USD,2026-04-08,75.52,400.0,0.25,2.197,24.711,130.13,59.705
3241,BTCW,WisdomTree Bitcoin Fund,WisdomTree,BTCW,WisdomTree Bitcoin Fund,BTC-USD,2026-04-09,76.38,400.0,0.25,2.17,33.755,150.428,59.681
3242,BTCW,WisdomTree Bitcoin Fund,WisdomTree,BTCW,WisdomTree Bitcoin Fund,BTC-USD,2026-04-10,77.466,400.0,0.25,2.045,25.032,141.772,59.332
3243,BTCW,WisdomTree Bitcoin Fund,WisdomTree,BTCW,WisdomTree Bitcoin Fund,BTC-USD,2026-04-13,77.65,400.0,0.25,1.947,25.589,142.329,58.793
3244,BTCW,WisdomTree Bitcoin Fund,WisdomTree,BTCW,WisdomTree Bitcoin Fund,BTC-USD,2026-04-14,78.63,400.0,0.25,1.592,25.589,142.329,58.725
3245,BTCW,WisdomTree Bitcoin Fund,WisdomTree,BTCW,WisdomTree Bitcoin Fund,BTC-USD,2026-04-15,79.4,400.0,0.25,1.532,28.531,145.27,58.772
3246,BTCW,WisdomTree Bitcoin Fund,WisdomTree,BTCW,WisdomTree Bitcoin Fund,BTC-USD,2026-04-16,79.79,400.0,0.25,1.515,32.69,149.429,57.381
3247,BTCW,WisdomTree Bitcoin Fund,WisdomTree,BTCW,WisdomTree Bitcoin Fund,BTC-USD,2026-04-17,81.96,400.0,0.25,1.871,32.69,149.362,57.671
3248,BTCW,WisdomTree Bitcoin Fund,WisdomTree,BTCW,WisdomTree Bitcoin Fund,BTC-USD,2026-04-20,80.8,400.0,0.25,1.822,32.69,155.089,57.706
3249,BTCW,WisdomTree Bitcoin Fund,WisdomTree,BTCW,WisdomTree Bitcoin Fund,BTC-USD,2026-04-21,79.336,400.0,0.25,1.817,38.673,165.204,57.789
3250,BTCW,WisdomTree Bitcoin Fund,WisdomTree,BTCW,WisdomTree Bitcoin Fund,BTC-USD,2026-04-22,83.5,400.0,0.25,1.815,38.673,175.942,58.708
3251,BTCW,WisdomTree Bitcoin Fund,WisdomTree,BTCW,WisdomTree Bitcoin Fund,BTC-USD,2026-04-23,82.14,400.0,0.25,1.842,38.673,165.204,58.618
3252,BTCW,WisdomTree Bitcoin Fund,WisdomTree,BTCW,WisdomTree Bitcoin Fund,BTC-USD,2026-04-24,82.106,400.0,0.25,1.837,41.496,163.895,58.619
3253,BTCW,WisdomTree Bitcoin Fund,WisdomTree,BTCW,WisdomTree Bitcoin Fund,BTC-USD,2026-04-27,81.29,400.0,0.25,1.888,43.721,160.394,57.521
3254,BTCW,WisdomTree Bitcoin Fund,WisdomTree,BTCW,WisdomTree Bitcoin Fund,BTC-USD,2026-04-28,80.75,400.0,0.25,1.857,43.721,160.394,57.529
3255,BTCW,WisdomTree Bitcoin Fund,WisdomTree,BTCW,WisdomTree Bitcoin Fund,BTC-USD,2026-04-29,79.89,400.0,0.25,1.873,45.011,158.603,55.722
3256,BTCW,WisdomTree Bitcoin Fund,WisdomTree,BTCW,WisdomTree Bitcoin Fund,BTC-USD,2026-04-30,80.85,400.0,0.25,1.726,38.095,160.494,55.619
3257,BTCW,WisdomTree Bitcoin Fund,WisdomTree,BTCW,WisdomTree Bitcoin Fund,BTC-USD,2026-05-01,82.96,400.0,0.25,1.752,38.095,164.625,55.227
3258,BTCW,WisdomTree Bitcoin Fund,WisdomTree,BTCW,WisdomTree Bitcoin Fund,BTC-USD,2026-05-04,84.72,400.0,0.25,1.872,38.095,160.494,46.65
3259,BTCW,WisdomTree Bitcoin Fund,WisdomTree,BTCW,WisdomTree Bitcoin Fund,BTC-USD,2026-05-05,86.37,400.0,0.25,1.785,38.095,160.494,42.744
3260,BTCW,WisdomTree Bitcoin Fund,WisdomTree,BTCW,WisdomTree Bitcoin Fund,BTC-USD,2026-05-06,86.2,400.0,0.25,1.781,39.191,152.783,42.719
3261,BTCW,WisdomTree Bitcoin Fund,WisdomTree,BTCW,WisdomTree Bitcoin Fund,BTC-USD,2026-05-07,84.79,400.0,0.25,1.8,39.191,143.899,42.404
3262,BTCW,WisdomTree Bitcoin Fund,WisdomTree,BTCW,WisdomTree Bitcoin Fund,BTC-USD,2026-05-08,84.727,400.0,0.25,1.771,33.838,122.945,42.181
3263,BTCW,WisdomTree Bitcoin Fund,WisdomTree,BTCW,WisdomTree Bitcoin Fund,BTC-USD,2026-05-11,86.71,400.0,0.25,1.761,33.838,122.945,41.737
3264,BTCW,WisdomTree Bitcoin Fund,WisdomTree,BTCW,WisdomTree Bitcoin Fund,BTC-USD,2026-05-12,85.49,400.0,0.25,1.753,31.079,135.786,40.718
3265,BTCW,WisdomTree Bitcoin Fund,WisdomTree,BTCW,WisdomTree Bitcoin Fund,BTC-USD,2026-05-13,84.22,400.0,0.25,1.756,31.079,135.786,40.719
3266,BTCW,WisdomTree Bitcoin Fund,WisdomTree,BTCW,WisdomTree Bitcoin Fund,BTC-USD,2026-05-14,86.17,400.0,0.25,1.75,28.137,132.845,40.557
3267,BTCW,WisdomTree Bitcoin Fund,WisdomTree,BTCW,WisdomTree Bitcoin Fund,BTC-USD,2026-05-15,83.66,400.0,0.25,1.735,21.466,135.058,41.054
3268,BTCW,WisdomTree Bitcoin Fund,WisdomTree,BTCW,WisdomTree Bitcoin Fund,BTC-USD,2026-05-18,81.22,400.0,0.25,1.225,21.466,221.819,41.563
3269,BTCW,WisdomTree Bitcoin Fund,WisdomTree,BTCW,WisdomTree Bitcoin Fund,BTC-USD,2026-05-19,81.13,400.0,0.25,1.214,24.605,138.197,40.149
3270,BTCW,WisdomTree Bitcoin Fund,WisdomTree,BTCW,WisdomTree Bitcoin Fund,BTC-USD,2026-05-20,82.1,400.0,0.25,1.208,14.442,128.034,40.189
3271,BTCW,WisdomTree Bitcoin Fund,WisdomTree,BTCW,WisdomTree Bitcoin Fund,BTC-USD,2026-05-21,82.126,400.0,0.25,1.174,18.13,122.837,37.629
3272,BTCW,WisdomTree Bitcoin Fund,WisdomTree,BTCW,WisdomTree Bitcoin Fund,BTC-USD,2026-05-22,80.161,400.0,0.25,1.108,18.13,122.837,37.547
3273,BTCW,WisdomTree Bitcoin Fund,WisdomTree,BTCW,WisdomTree Bitcoin Fund,BTC-USD,2026-05-26,80.26,400.0,0.25,1.067,17.745,122.452,37.079
3274,BTCW,WisdomTree Bitcoin Fund,WisdomTree,BTCW,WisdomTree Bitcoin Fund,BTC-USD,2026-05-27,79.28,400.0,0.25,0.972,15.52,215.873,35.704
3275,BTCW,WisdomTree Bitcoin Fund,WisdomTree,BTCW,WisdomTree Bitcoin Fund,BTC-USD,2026-05-28,77.52,400.0,0.25,0.99,15.52,215.873,35.922
3276,BTCW,WisdomTree Bitcoin Fund,WisdomTree,BTCW,WisdomTree Bitcoin Fund,BTC-USD,2026-05-29,77.58,400.0,0.25,1.041,20.08,220.433,33.23
3277,BTCW,WisdomTree Bitcoin Fund,WisdomTree,BTCW,WisdomTree Bitcoin Fund,BTC-USD,2026-06-01,75.55,400.0,0.25,1.056,19.902,220.255,33.304
3278,BTCW,WisdomTree Bitcoin Fund,WisdomTree,BTCW,WisdomTree Bitcoin Fund,BTC-USD,2026-06-02,71.01,400.0,0.25,1.027,19.902,321.263,34.453
3279,BTCW,WisdomTree Bitcoin Fund,WisdomTree,BTCW,WisdomTree Bitcoin Fund,BTC-USD,2026-06-03,69.15,400.0,0.25,0.975,19.902,321.263,34.746
3280,BTCW,WisdomTree Bitcoin Fund,WisdomTree,BTCW,WisdomTree Bitcoin Fund,BTC-USD,2026-06-04,67.21,400.0,0.25,0.778,19.902,321.497,35.045
3281,BTCW,WisdomTree Bitcoin Fund,WisdomTree,BTCW,WisdomTree Bitcoin Fund,BTC-USD,2026-06-05,63.691,400.0,0.25,0.865,18.806,320.4,36.564
3282,BTCW,WisdomTree Bitcoin Fund,WisdomTree,BTCW,WisdomTree Bitcoin Fund,BTC-USD,2026-06-08,67.01,400.0,0.25,0.842,18.806,326.966,38.17
3283,BTCW,WisdomTree Bitcoin Fund,WisdomTree,BTCW,WisdomTree Bitcoin Fund,BTC-USD,2026-06-09,65.64,400.0,0.25,0.891,15.115,323.276,38.276
3284,BTCW,WisdomTree Bitcoin Fund,WisdomTree,BTCW,WisdomTree Bitcoin Fund,BTC-USD,2026-06-10,65.46,400.0,0.25,0.926,15.115,316.709,37.305
3285,BTCW,WisdomTree Bitcoin Fund,WisdomTree,BTCW,WisdomTree Bitcoin Fund,BTC-USD,2026-06-11,67.19,400.0,0.25,0.926,15.115,323.276,37.719
3286,BTCW,WisdomTree Bitcoin Fund,WisdomTree,BTCW,WisdomTree Bitcoin Fund,BTC-USD,2026-06-12,67.24,400.0,0.25,0.888,15.115,323.276,36.506
3287,BTCW,WisdomTree Bitcoin Fund,WisdomTree,BTCW,WisdomTree Bitcoin Fund,BTC-USD,2026-06-15,70.43,400.0,0.25,0.876,15.115,323.276,37.759
3288,BTCW,WisdomTree Bitcoin Fund,WisdomTree,BTCW,WisdomTree Bitcoin Fund,BTC-USD,2026-06-16,69.43,400.0,0.25,0.867,15.115,323.276,37.859
3289,BTCW,WisdomTree Bitcoin Fund,WisdomTree,BTCW,WisdomTree Bitcoin Fund,BTC-USD,2026-06-17,67.93,400.0,0.25,0.898,15.686,317.28,38.067
3290,BTCW,WisdomTree Bitcoin Fund,WisdomTree,BTCW,WisdomTree Bitcoin Fund,BTC-USD,2026-06-18,66.55,400.0,0.25,1.321,12.547,314.141,38.094
3291,BTCW,WisdomTree Bitcoin Fund,WisdomTree,BTCW,WisdomTree Bitcoin Fund,BTC-USD,2026-06-22,68.06,400.0,0.25,1.316,12.547,320.708,38.08
3292,BTCW,WisdomTree Bitcoin Fund,WisdomTree,BTCW,WisdomTree Bitcoin Fund,BTC-USD,2026-06-23,65.82,400.0,0.25,1.317,8.86,342.238,38.074
3293,BTCW,WisdomTree Bitcoin Fund,WisdomTree,BTCW,WisdomTree Bitcoin Fund,BTC-USD,2026-06-24,63.24,400.0,0.25,1.346,8.86,342.238,38.147
3294,BTCW,WisdomTree Bitcoin Fund,WisdomTree,BTCW,WisdomTree Bitcoin Fund,BTC-USD,2026-06-25,62.58,400.0,0.25,1.395,12.741,346.12,38.137
3295,BTCW,WisdomTree Bitcoin Fund,WisdomTree,BTCW,WisdomTree Bitcoin Fund,BTC-USD,2026-06-26,63.03,400.0,0.25,1.4,18.954,327.114,37.929
3296,BTCW,WisdomTree Bitcoin Fund,WisdomTree,BTCW,WisdomTree Bitcoin Fund,BTC-USD,2026-06-29,63.76,400.0,0.25,1.409,28.901,247.509,38.005
3297,BTCW,WisdomTree Bitcoin Fund,WisdomTree,BTCW,WisdomTree Bitcoin Fund,BTC-USD,2026-06-30,62.0,400.0,0.25,1.332,23.05,331.211,38.27
3298,BTCW,WisdomTree Bitcoin Fund,WisdomTree,BTCW,WisdomTree Bitcoin Fund,BTC-USD,2026-07-01,63.39,400.0,0.25,1.334,23.05,331.211,37.595
3299,BTCW,WisdomTree Bitcoin Fund,WisdomTree,BTCW,WisdomTree Bitcoin Fund,BTC-USD,2026-07-02,64.9,400.0,0.25,1.316,23.05,331.211,37.928
3300,BTCW,WisdomTree Bitcoin Fund,WisdomTree,BTCW,WisdomTree Bitcoin Fund,BTC-USD,2026-07-06,67.23,400.0,0.25,1.71,23.05,331.211,37.99
3301,BTCW,WisdomTree Bitcoin Fund,WisdomTree,BTCW,WisdomTree Bitcoin Fund,BTC-USD,2026-07-07,67.43,400.0,0.25,1.848,24.135,242.743,37.904
3302,BTCW,WisdomTree Bitcoin Fund,WisdomTree,BTCW,WisdomTree Bitcoin Fund,BTC-USD,2026-07-08,65.69,400.0,0.25,1.819,24.135,242.743,38.067
3303,BTCW,WisdomTree Bitcoin Fund,WisdomTree,BTCW,WisdomTree Bitcoin Fund,BTC-USD,2026-07-09,66.77,400.0,0.25,1.764,24.135,242.743,38.253
3304,BTCW,WisdomTree Bitcoin Fund,WisdomTree,BTCW,WisdomTree Bitcoin Fund,BTC-USD,2026-07-10,67.485,400.0,0.25,1.737,24.135,242.743,38.224
3305,BTCW,WisdomTree Bitcoin Fund,WisdomTree,BTCW,WisdomTree Bitcoin Fund,BTC-USD,2026-07-13,65.68,400.0,0.25,1.807,24.135,242.743,38.463
3306,BTCW,WisdomTree Bitcoin Fund,WisdomTree,BTCW,WisdomTree Bitcoin Fund,BTC-USD,2026-07-14,68.21,400.0,0.25,1.828,24.135,242.743,39.338
3307,BTCW,WisdomTree Bitcoin Fund,WisdomTree,BTCW,WisdomTree Bitcoin Fund,BTC-USD,2026-07-15,68.604,400.0,0.25,1.835,24.135,242.743,38.899
3308,BTCW,WisdomTree Bitcoin Fund,WisdomTree,BTCW,WisdomTree Bitcoin Fund,BTC-USD,2026-07-16,67.86,400.0,0.25,1.854,24.135,191.359,38.864
3309,BTCW,WisdomTree Bitcoin Fund,WisdomTree,BTCW,WisdomTree Bitcoin Fund,BTC-USD,2026-07-17,67.774,400.0,0.25,1.876,24.135,178.875,38.732
3310,BTCW,WisdomTree Bitcoin Fund,WisdomTree,BTCW,WisdomTree Bitcoin Fund,BTC-USD,2026-07-20,68.81,400.0,0.25,1.882,23.563,178.304,37.273
3311,BTCW,WisdomTree Bitcoin Fund,WisdomTree,BTCW,WisdomTree Bitcoin Fund,BTC-USD,2026-07-21,70.21,400.0,0.25,1.499,23.563,190.788,37.473
3312,BTCW,WisdomTree Bitcoin Fund,WisdomTree,BTCW,WisdomTree Bitcoin Fund,BTC-USD,2026-07-22,69.64,400.0,0.25,1.52,23.563,178.304,37.487
3313,BTCW,WisdomTree Bitcoin Fund,WisdomTree,BTCW,WisdomTree Bitcoin Fund,BTC-USD,2026-07-23,68.45,400.0,0.25,1.574,23.563,167.031,37.576
3314,BTCW,WisdomTree Bitcoin Fund,WisdomTree,BTCW,WisdomTree Bitcoin Fund,BTC-USD,2026-07-24,67.736,400.0,0.25,1.561,23.563,167.031,37.6
3315,BTCW,WisdomTree Bitcoin Fund,WisdomTree,BTCW,WisdomTree Bitcoin Fund,BTC-USD,2026-07-27,68.61,400.0,0.25,1.505,17.244,171.984,37.702
3316,BTCW,WisdomTree Bitcoin Fund,WisdomTree,BTCW,WisdomTree Bitcoin Fund,BTC-USD,2026-07-28,67.39,400.0,0.25,1.611,11.032,154.5,37.709
3317,BTCW,WisdomTree Bitcoin Fund,WisdomTree,BTCW,WisdomTree Bitcoin Fund,BTC-USD,2026-07-29,67.1,400.0,0.25,1.603,1.084,129.465,37.228
3318,BTCW,WisdomTree Bitcoin Fund,WisdomTree,BTCW,WisdomTree Bitcoin Fund,BTC-USD,2026-07-30,68.44,400.0,0.25,1.585,1.084,129.465,37.195
3319,BTCW,WisdomTree Bitcoin Fund,WisdomTree,BTCW,WisdomTree Bitcoin Fund,BTC-USD,2026-07-31,66.42,400.0,0.25,1.71,1.084,125.737,37.272
3320,BTCW,WisdomTree Bitcoin Fund,WisdomTree,BTCW,WisdomTree Bitcoin Fund,BTC-USD,2026-08-03,67.43,400.0,0.25,1.736,6.011,130.664,37.483
3321,BTCW,WisdomTree Bitcoin Fund,WisdomTree,BTCW,WisdomTree Bitcoin Fund,BTC-USD,2026-08-04,67.82,400.0,0.25,1.283,6.011,130.664,37.446
3322,BTCW,WisdomTree Bitcoin Fund,WisdomTree,BTCW,WisdomTree Bitcoin Fund,BTC-USD,2026-08-05,68.43,400.0,0.25,1.298,4.926,129.579,37.531
3323,BTCW,WisdomTree Bitcoin Fund,WisdomTree,BTCW,WisdomTree Bitcoin Fund,BTC-USD,2026-08-06,68.09,400.0,0.25,1.501,9.625,119.021,37.117
3324,BTCW,WisdomTree Bitcoin Fund,WisdomTree,BTCW,WisdomTree Bitcoin Fund,BTC-USD,2026-08-07,68.66,400.0,0.25,1.509,9.625,119.021,37.141
3325,BTCW,WisdomTree Bitcoin Fund,WisdomTree,BTCW,WisdomTree Bitcoin Fund,BTC-USD,2026-08-10,67.54,400.0,0.25,1.598,9.625,114.924,37.162
3326,BTCW,WisdomTree Bitcoin Fund,WisdomTree,BTCW,WisdomTree Bitcoin Fund,BTC-USD,2026-08-11,67.06,400.0,0.25,1.519,9.625,103.988,36.752
3327,BTCW,WisdomTree Bitcoin Fund,WisdomTree,BTCW,WisdomTree Bitcoin Fund,BTC-USD,2026-08-12,66.93,400.0,0.25,1.505,11.03,100.288,36.371
3328,BTCW,WisdomTree Bitcoin Fund,WisdomTree,BTCW,WisdomTree Bitcoin Fund,BTC-USD,2026-08-13,66.89,400.0,0.25,1.474,12.169,101.427,35.973
3329,BTCW,WisdomTree Bitcoin Fund,WisdomTree,BTCW,WisdomTree Bitcoin Fund,BTC-USD,2026-08-14,66.47,400.0,0.25,1.447,12.169,101.427,35.976
3330,BTCW,WisdomTree Bitcoin Fund,WisdomTree,BTCW,WisdomTree Bitcoin Fund,BTC-USD,2026-08-17,67.92,400.0,0.25,1.425,12.169,106.533,36.205
3331,BTCW,WisdomTree Bitcoin Fund,WisdomTree,BTCW,WisdomTree Bitcoin Fund,BTC-USD,2026-08-18,68.265,400.0,0.25,1.364,12.169,121.565,36.238
3332,BTCW,WisdomTree Bitcoin Fund,WisdomTree,BTCW,WisdomTree Bitcoin Fund,BTC-USD,2026-08-19,72.35,400.0,0.25,1.342,12.169,121.565,38.069
3333,BTCW,WisdomTree Bitcoin Fund,WisdomTree,BTCW,WisdomTree Bitcoin Fund,BTC-USD,2026-08-20,76.86,400.0,0.25,1.335,12.169,131.879,40.143
3334,BTCW,WisdomTree Bitcoin Fund,WisdomTree,BTCW,WisdomTree Bitcoin Fund,BTC-USD,2026-08-21,81.447,400.0,0.25,1.319,12.169,131.879,41.826
3335,BTCW,WisdomTree Bitcoin Fund,WisdomTree,BTCW,WisdomTree Bitcoin Fund,BTC-USD,2026-08-24,83.23,400.0,0.25,1.373,12.169,131.879,41.771
3336,BTCW,WisdomTree Bitcoin Fund,WisdomTree,BTCW,WisdomTree Bitcoin Fund,BTC-USD,2026-08-25,83.4,400.0,0.25,1.502,16.753,111.117,41.771
3337,BTCW,WisdomTree Bitcoin Fund,WisdomTree,BTCW,WisdomTree Bitcoin Fund,BTC-USD,2026-08-26,82.97,400.0,0.25,1.393,16.753,136.464,41.393
3338,BTCW,WisdomTree Bitcoin Fund,WisdomTree,BTCW,WisdomTree Bitcoin Fund,BTC-USD,2026-08-27,84.46,400.0,0.25,1.414,16.753,143.23,39.341
3339,EZBC,Franklin Bitcoin ETF,Franklin Templeton,EZBC,Franklin Bitcoin ETF,BTC-USD,2025-03-07,50.36,500.0,0.19,22.691,82.54,93.987,46.036
3340,EZBC,Franklin Bitcoin ETF,Franklin Templeton,EZBC,Franklin Bitcoin ETF,BTC-USD,2025-03-10,45.76,500.0,0.19,23.516,74.075,85.942,48.735
3341,EZBC,Franklin Bitcoin ETF,Franklin Templeton,EZBC,Franklin Bitcoin ETF,BTC-USD,2025-03-11,48.16,500.0,0.19,25.705,74.517,85.964,49.982
3342,EZBC,Franklin Bitcoin ETF,Franklin Templeton,EZBC,Franklin Bitcoin ETF,BTC-USD,2025-03-12,48.03,500.0,0.19,24.239,83.593,95.041,48.777
3343,EZBC,Franklin Bitcoin ETF,Franklin Templeton,EZBC,Franklin Bitcoin ETF,BTC-USD,2025-03-13,46.41,500.0,0.19,24.353,90.763,102.21,49.148
3344,EZBC,Franklin Bitcoin ETF,Franklin Templeton,EZBC,Franklin Bitcoin ETF,BTC-USD,2025-03-14,49.01,500.0,0.19,23.398,80.202,92.069,50.413
3345,EZBC,Franklin Bitcoin ETF,Franklin Templeton,EZBC,Franklin Bitcoin ETF,BTC-USD,2025-03-17,48.99,500.0,0.19,23.46,86.049,97.917,49.635
3346,EZBC,Franklin Bitcoin ETF,Franklin Templeton,EZBC,Franklin Bitcoin ETF,BTC-USD,2025-03-18,47.66,500.0,0.19,23.739,86.049,97.917,49.804
3347,EZBC,Franklin Bitcoin ETF,Franklin Templeton,EZBC,Franklin Bitcoin ETF,BTC-USD,2025-03-19,49.52,500.0,0.19,23.14,86.049,97.917,49.263
3348,EZBC,Franklin Bitcoin ETF,Franklin Templeton,EZBC,Franklin Bitcoin ETF,BTC-USD,2025-03-20,48.75,500.0,0.19,23.224,95.364,107.231,48.564
3349,EZBC,Franklin Bitcoin ETF,Franklin Templeton,EZBC,Franklin Bitcoin ETF,BTC-USD,2025-03-21,48.63,500.0,0.19,23.17,95.364,106.811,48.562
3350,EZBC,Franklin Bitcoin ETF,Franklin Templeton,EZBC,Franklin Bitcoin ETF,BTC-USD,2025-03-24,51.16,500.0,0.19,22.463,90.869,102.317,49.338
3351,EZBC,Franklin Bitcoin ETF,Franklin Templeton,EZBC,Franklin Bitcoin ETF,BTC-USD,2025-03-25,51.1,500.0,0.19,22.367,95.536,106.422,47.737
3352,EZBC,Franklin Bitcoin ETF,Franklin Templeton,EZBC,Franklin Bitcoin ETF,BTC-USD,2025-03-26,50.2,500.0,0.19,16.984,95.536,106.984,47.346
3353,EZBC,Franklin Bitcoin ETF,Franklin Templeton,EZBC,Franklin Bitcoin ETF,BTC-USD,2025-03-27,50.48,500.0,0.19,16.171,102.204,113.652,47.313
3354,EZBC,Franklin Bitcoin ETF,Franklin Templeton,EZBC,Franklin Bitcoin ETF,BTC-USD,2025-03-28,48.55,500.0,0.19,14.582,87.194,107.674,47.938
3355,EZBC,Franklin Bitcoin ETF,Franklin Templeton,EZBC,Franklin Bitcoin ETF,BTC-USD,2025-03-31,47.76,500.0,0.19,14.379,82.609,105.134,48.008
3356,EZBC,Franklin Bitcoin ETF,Franklin Templeton,EZBC,Franklin Bitcoin ETF,BTC-USD,2025-04-01,49.25,500.0,0.19,14.528,82.609,105.134,47.663
3357,EZBC,Franklin Bitcoin ETF,Franklin Templeton,EZBC,Franklin Bitcoin ETF,BTC-USD,2025-04-02,50.4,500.0,0.19,13.249,82.609,105.134,47.87
3358,EZBC,Franklin Bitcoin ETF,Franklin Templeton,EZBC,Franklin Bitcoin ETF,BTC-USD,2025-04-03,47.44,500.0,0.19,11.978,82.609,106.622,48.575
3359,EZBC,Franklin Bitcoin ETF,Franklin Templeton,EZBC,Franklin Bitcoin ETF,BTC-USD,2025-04-04,48.65,500.0,0.19,12.5,73.143,95.668,47.542
3360,EZBC,Franklin Bitcoin ETF,Franklin Templeton,EZBC,Franklin Bitcoin ETF,BTC-USD,2025-04-07,45.23,500.0,0.19,12.477,61.108,85.12,49.473
3361,EZBC,Franklin Bitcoin ETF,Franklin Templeton,EZBC,Franklin Bitcoin ETF,BTC-USD,2025-04-08,44.43,500.0,0.19,12.066,80.006,102.531,49.505
3362,EZBC,Franklin Bitcoin ETF,Franklin Templeton,EZBC,Franklin Bitcoin ETF,BTC-USD,2025-04-09,47.74,500.0,0.19,10.121,76.778,100.791,51.819
3363,EZBC,Franklin Bitcoin ETF,Franklin Templeton,EZBC,Franklin Bitcoin ETF,BTC-USD,2025-04-10,46.05,500.0,0.19,10.462,78.144,102.944,51.834
3364,EZBC,Franklin Bitcoin ETF,Franklin Templeton,EZBC,Franklin Bitcoin ETF,BTC-USD,2025-04-11,48.57,500.0,0.19,10.567,70.974,95.774,52.613
3365,EZBC,Franklin Bitcoin ETF,Franklin Templeton,EZBC,Franklin Bitcoin ETF,BTC-USD,2025-04-14,49.2,500.0,0.19,10.455,70.974,94.987,52.67
3366,EZBC,Franklin Bitcoin ETF,Franklin Templeton,EZBC,Franklin Bitcoin ETF,BTC-USD,2025-04-15,48.7,500.0,0.19,10.187,70.819,95.322,51.775
3367,EZBC,Franklin Bitcoin ETF,Franklin Templeton,EZBC,Franklin Bitcoin ETF,BTC-USD,2025-04-16,48.88,500.0,0.19,9.95,73.921,98.424,51.692
3368,EZBC,Franklin Bitcoin ETF,Franklin Templeton,EZBC,Franklin Bitcoin ETF,BTC-USD,2025-04-17,49.19,500.0,0.19,9.835,81.537,104.656,51.648
3369,EZBC,Franklin Bitcoin ETF,Franklin Templeton,EZBC,Franklin Bitcoin ETF,BTC-USD,2025-04-21,50.67,500.0,0.19,10.168,70.435,92.96,52.076
3370,EZBC,Franklin Bitcoin ETF,Franklin Templeton,EZBC,Franklin Bitcoin ETF,BTC-USD,2025-04-22,53.07,500.0,0.19,11.092,70.435,92.96,52.939
3371,EZBC,Franklin Bitcoin ETF,Franklin Templeton,EZBC,Franklin Bitcoin ETF,BTC-USD,2025-04-23,54.22,500.0,0.19,11.12,70.435,92.96,52.752
3372,EZBC,Franklin Bitcoin ETF,Franklin Templeton,EZBC,Franklin Bitcoin ETF,BTC-USD,2025-04-24,54.25,500.0,0.19,11.108,68.838,91.363,52.753
3373,EZBC,Franklin Bitcoin ETF,Franklin Templeton,EZBC,Franklin Bitcoin ETF,BTC-USD,2025-04-25,55.31,500.0,0.19,11.276,68.838,91.363,52.539
3374,EZBC,Franklin Bitcoin ETF,Franklin Templeton,EZBC,Franklin Bitcoin ETF,BTC-USD,2025-04-28,54.91,500.0,0.19,11.42,63.306,85.831,52.523
3375,EZBC,Franklin Bitcoin ETF,Franklin Templeton,EZBC,Franklin Bitcoin ETF,BTC-USD,2025-04-29,55.25,500.0,0.19,11.24,63.306,85.831,52.136
3376,EZBC,Franklin Bitcoin ETF,Franklin Templeton,EZBC,Franklin Bitcoin ETF,BTC-USD,2025-04-30,54.53,500.0,0.19,11.268,63.306,85.568,52.194
3377,EZBC,Franklin Bitcoin ETF,Franklin Templeton,EZBC,Franklin Bitcoin ETF,BTC-USD,2025-05-01,55.94,500.0,0.19,10.551,63.306,86.128,52.241
3378,EZBC,Franklin Bitcoin ETF,Franklin Templeton,EZBC,Franklin Bitcoin ETF,BTC-USD,2025-05-02,56.17,500.0,0.19,10.383,63.306,86.128,52.171
3379,EZBC,Franklin Bitcoin ETF,Franklin Templeton,EZBC,Franklin Bitcoin ETF,BTC-USD,2025-05-05,54.65,500.0,0.19,10.365,63.306,86.128,52.467
3380,EZBC,Franklin Bitcoin ETF,Franklin Templeton,EZBC,Franklin Bitcoin ETF,BTC-USD,2025-05-06,55.0,500.0,0.19,9.752,68.103,90.925,52.415
3381,EZBC,Franklin Bitcoin ETF,Franklin Templeton,EZBC,Franklin Bitcoin ETF,BTC-USD,2025-05-07,55.73,500.0,0.19,8.832,68.103,90.925,52.37
3382,EZBC,Franklin Bitcoin ETF,Franklin Templeton,EZBC,Franklin Bitcoin ETF,BTC-USD,2025-05-08,58.71,500.0,0.19,8.462,49.205,72.324,53.237
3383,EZBC,Franklin Bitcoin ETF,Franklin Templeton,EZBC,Franklin Bitcoin ETF,BTC-USD,2025-05-09,59.82,500.0,0.19,8.162,40.052,63.171,53.235
3384,EZBC,Franklin Bitcoin ETF,Franklin Templeton,EZBC,Franklin Bitcoin ETF,BTC-USD,2025-05-12,58.99,500.0,0.19,7.827,30.689,53.511,53.293
3385,EZBC,Franklin Bitcoin ETF,Franklin Templeton,EZBC,Franklin Bitcoin ETF,BTC-USD,2025-05-13,60.75,500.0,0.19,7.34,30.689,53.511,53.574
3386,EZBC,Franklin Bitcoin ETF,Franklin Templeton,EZBC,Franklin Bitcoin ETF,BTC-USD,2025-05-14,59.86,500.0,0.19,7.23,32.56,55.382,53.18
3387,EZBC,Franklin Bitcoin ETF,Franklin Templeton,EZBC,Franklin Bitcoin ETF,BTC-USD,2025-05-15,59.79,500.0,0.19,7.214,27.81,50.072,53.012
3388,EZBC,Franklin Bitcoin ETF,Franklin Templeton,EZBC,Franklin Bitcoin ETF,BTC-USD,2025-05-16,60.32,500.0,0.19,7.11,24.708,46.97,52.829
3389,EZBC,Franklin Bitcoin ETF,Franklin Templeton,EZBC,Franklin Bitcoin ETF,BTC-USD,2025-05-19,61.14,500.0,0.19,7.208,19.286,42.108,52.234
3390,EZBC,Franklin Bitcoin ETF,Franklin Templeton,EZBC,Franklin Bitcoin ETF,BTC-USD,2025-05-20,62.1,500.0,0.19,6.782,19.286,44.439,52.27
3391,EZBC,Franklin Bitcoin ETF,Franklin Templeton,EZBC,Franklin Bitcoin ETF,BTC-USD,2025-05-21,62.98,500.0,0.19,6.012,19.286,44.439,50.395
3392,EZBC,Franklin Bitcoin ETF,Franklin Templeton,EZBC,Franklin Bitcoin ETF,BTC-USD,2025-05-22,64.45,500.0,0.19,5.927,19.286,44.439,49.543
3393,EZBC,Franklin Bitcoin ETF,Franklin Templeton,EZBC,Franklin Bitcoin ETF,BTC-USD,2025-05-23,62.98,500.0,0.19,5.985,16.216,42.007,49.768
3394,EZBC,Franklin Bitcoin ETF,Franklin Templeton,EZBC,Franklin Bitcoin ETF,BTC-USD,2025-05-27,63.74,500.0,0.19,5.742,16.216,46.082,49.782
3395,EZBC,Franklin Bitcoin ETF,Franklin Templeton,EZBC,Franklin Bitcoin ETF,BTC-USD,2025-05-28,61.96,500.0,0.19,5.766,15.079,46.625,50.087
3396,EZBC,Franklin Bitcoin ETF,Franklin Templeton,EZBC,Franklin Bitcoin ETF,BTC-USD,2025-05-29,61.27,500.0,0.19,6.196,16.37,46.236,50.16
3397,EZBC,Franklin Bitcoin ETF,Franklin Templeton,EZBC,Franklin Bitcoin ETF,BTC-USD,2025-05-30,60.57,500.0,0.19,6.055,16.37,46.236,49.648
3398,EZBC,Franklin Bitcoin ETF,Franklin Templeton,EZBC,Franklin Bitcoin ETF,BTC-USD,2025-06-02,60.54,500.0,0.19,5.85,18.709,44.501,49.501
3399,EZBC,Franklin Bitcoin ETF,Franklin Templeton,EZBC,Franklin Bitcoin ETF,BTC-USD,2025-06-03,61.59,500.0,0.19,5.537,18.709,50.255,49.274
3400,EZBC,Franklin Bitcoin ETF,Franklin Templeton,EZBC,Franklin Bitcoin ETF,BTC-USD,2025-06-04,60.82,500.0,0.19,5.24,18.709,50.255,44.878
3401,EZBC,Franklin Bitcoin ETF,Franklin Templeton,EZBC,Franklin Bitcoin ETF,BTC-USD,2025-06-05,59.02,500.0,0.19,5.253,16.574,52.081,44.375
3402,EZBC,Franklin Bitcoin ETF,Franklin Templeton,EZBC,Franklin Bitcoin ETF,BTC-USD,2025-06-06,60.43,500.0,0.19,5.207,19.367,55.003,44.548
3403,EZBC,Franklin Bitcoin ETF,Franklin Templeton,EZBC,Franklin Bitcoin ETF,BTC-USD,2025-06-09,62.99,500.0,0.19,4.95,19.367,55.003,44.485
3404,EZBC,Franklin Bitcoin ETF,Franklin Templeton,EZBC,Franklin Bitcoin ETF,BTC-USD,2025-06-10,63.49,500.0,0.19,4.765,19.367,55.003,43.283
3405,EZBC,Franklin Bitcoin ETF,Franklin Templeton,EZBC,Franklin Bitcoin ETF,BTC-USD,2025-06-11,63.05,500.0,0.19,4.527,24.431,60.067,43.334
3406,EZBC,Franklin Bitcoin ETF,Franklin Templeton,EZBC,Franklin Bitcoin ETF,BTC-USD,2025-06-12,61.83,500.0,0.19,4.523,24.431,60.067,43.115
3407,EZBC,Franklin Bitcoin ETF,Franklin Templeton,EZBC,Franklin Bitcoin ETF,BTC-USD,2025-06-13,60.94,500.0,0.19,4.554,22.561,58.197,42.695
3408,EZBC,Franklin Bitcoin ETF,Franklin Templeton,EZBC,Franklin Bitcoin ETF,BTC-USD,2025-06-16,63.02,500.0,0.19,4.493,19.005,56.239,42.944
3409,EZBC,Franklin Bitcoin ETF,Franklin Templeton,EZBC,Franklin Bitcoin ETF,BTC-USD,2025-06-17,60.68,500.0,0.19,4.468,19.005,60.447,43.785
3410,EZBC,Franklin Bitcoin ETF,Franklin Templeton,EZBC,Franklin Bitcoin ETF,BTC-USD,2025-06-18,60.18,500.0,0.19,4.393,22.925,64.366,42.735
3411,EZBC,Franklin Bitcoin ETF,Franklin Templeton,EZBC,Franklin Bitcoin ETF,BTC-USD,2025-06-20,59.77,500.0,0.19,4.483,27.193,68.635,42.773
3412,EZBC,Franklin Bitcoin ETF,Franklin Templeton,EZBC,Franklin Bitcoin ETF,BTC-USD,2025-06-23,59.78,500.0,0.19,4.383,27.193,68.635,42.565
3413,EZBC,Franklin Bitcoin ETF,Franklin Templeton,EZBC,Franklin Bitcoin ETF,BTC-USD,2025-06-24,61.26,500.0,0.19,4.29,27.193,68.635,42.791
3414,EZBC,Franklin Bitcoin ETF,Franklin Templeton,EZBC,Franklin Bitcoin ETF,BTC-USD,2025-06-25,62.47,500.0,0.19,4.133,27.193,72.542,41.999
3415,EZBC,Franklin Bitcoin ETF,Franklin Templeton,EZBC,Franklin Bitcoin ETF,BTC-USD,2025-06-26,62.35,500.0,0.19,4.081,29.58,74.93,41.8
3416,EZBC,Franklin Bitcoin ETF,Franklin Templeton,EZBC,Franklin Bitcoin ETF,BTC-USD,2025-06-27,61.91,500.0,0.19,4.102,31.731,68.965,41.502
3417,EZBC,Franklin Bitcoin ETF,Franklin Templeton,EZBC,Franklin Bitcoin ETF,BTC-USD,2025-06-30,62.42,500.0,0.19,3.79,33.664,70.898,41.319
3418,EZBC,Franklin Bitcoin ETF,Franklin Templeton,EZBC,Franklin Bitcoin ETF,BTC-USD,2025-07-01,60.98,500.0,0.19,3.796,33.664,79.889,39.519
3419,EZBC,Franklin Bitcoin ETF,Franklin Templeton,EZBC,Franklin Bitcoin ETF,BTC-USD,2025-07-02,63.59,500.0,0.19,4.339,31.325,77.55,40.043
3420,EZBC,Franklin Bitcoin ETF,Franklin Templeton,EZBC,Franklin Bitcoin ETF,BTC-USD,2025-07-03,63.37,500.0,0.19,4.434,31.325,68.558,36.703
3421,EZBC,Franklin Bitcoin ETF,Franklin Templeton,EZBC,Franklin Bitcoin ETF,BTC-USD,2025-07-07,62.59,500.0,0.19,4.565,31.325,59.108,36.571
3422,EZBC,Franklin Bitcoin ETF,Franklin Templeton,EZBC,Franklin Bitcoin ETF,BTC-USD,2025-07-08,63.03,500.0,0.19,4.562,28.663,55.512,33.877
3423,EZBC,Franklin Bitcoin ETF,Franklin Templeton,EZBC,Franklin Bitcoin ETF,BTC-USD,2025-07-09,64.81,500.0,0.19,4.708,25.87,52.719,33.123
3424,EZBC,Franklin Bitcoin ETF,Franklin Templeton,EZBC,Franklin Bitcoin ETF,BTC-USD,2025-07-10,65.73,500.0,0.19,4.753,25.87,52.683,31.66
3425,EZBC,Franklin Bitcoin ETF,Franklin Templeton,EZBC,Franklin Bitcoin ETF,BTC-USD,2025-07-11,68.49,500.0,0.19,4.843,25.87,52.719,32.477
3426,EZBC,Franklin Bitcoin ETF,Franklin Templeton,EZBC,Franklin Bitcoin ETF,BTC-USD,2025-07-14,69.47,500.0,0.19,5.073,18.143,44.956,32.358
3427,EZBC,Franklin Bitcoin ETF,Franklin Templeton,EZBC,Franklin Bitcoin ETF,BTC-USD,2025-07-15,67.47,500.0,0.19,5.184,18.143,44.956,33.147
3428,EZBC,Franklin Bitcoin ETF,Franklin Templeton,EZBC,Franklin Bitcoin ETF,BTC-USD,2025-07-16,69.16,500.0,0.19,5.29,18.143,44.956,33.384
3429,EZBC,Franklin Bitcoin ETF,Franklin Templeton,EZBC,Franklin Bitcoin ETF,BTC-USD,2025-07-17,68.99,500.0,0.19,5.443,23.155,47.776,33.046
3430,EZBC,Franklin Bitcoin ETF,Franklin Templeton,EZBC,Franklin Bitcoin ETF,BTC-USD,2025-07-18,68.0,500.0,0.19,5.717,25.879,47.668,32.149
3431,EZBC,Franklin Bitcoin ETF,Franklin Templeton,EZBC,Franklin Bitcoin ETF,BTC-USD,2025-07-21,67.63,500.0,0.19,6.064,26.578,46.432,32.003
3432,EZBC,Franklin Bitcoin ETF,Franklin Templeton,EZBC,Franklin Bitcoin ETF,BTC-USD,2025-07-22,69.15,500.0,0.19,6.065,23.926,48.547,32.22
3433,EZBC,Franklin Bitcoin ETF,Franklin Templeton,EZBC,Franklin Bitcoin ETF,BTC-USD,2025-07-23,68.62,500.0,0.19,5.962,25.075,49.696,32.148
3434,EZBC,Franklin Bitcoin ETF,Franklin Templeton,EZBC,Franklin Bitcoin ETF,BTC-USD,2025-07-24,69.01,500.0,0.19,6.199,25.075,48.241,32.07
3435,EZBC,Franklin Bitcoin ETF,Franklin Templeton,EZBC,Franklin Bitcoin ETF,BTC-USD,2025-07-25,67.72,500.0,0.19,6.542,25.075,44.964,32.401
3436,EZBC,Franklin Bitcoin ETF,Franklin Templeton,EZBC,Franklin Bitcoin ETF,BTC-USD,2025-07-28,68.41,500.0,0.19,6.747,22.687,42.577,32.245
3437,EZBC,Franklin Bitcoin ETF,Franklin Templeton,EZBC,Franklin Bitcoin ETF,BTC-USD,2025-07-29,68.05,500.0,0.19,6.654,25.417,45.306,31.974
3438,EZBC,Franklin Bitcoin ETF,Franklin Templeton,EZBC,Franklin Bitcoin ETF,BTC-USD,2025-07-30,67.69,500.0,0.19,6.767,26.874,46.763,32.022
3439,EZBC,Franklin Bitcoin ETF,Franklin Templeton,EZBC,Franklin Bitcoin ETF,BTC-USD,2025-07-31,67.62,500.0,0.19,6.686,33.531,52.916,31.397
3440,EZBC,Franklin Bitcoin ETF,Franklin Templeton,EZBC,Franklin Bitcoin ETF,BTC-USD,2025-08-01,65.49,500.0,0.19,6.85,33.531,50.308,32.224
3441,EZBC,Franklin Bitcoin ETF,Franklin Templeton,EZBC,Franklin Bitcoin ETF,BTC-USD,2025-08-04,66.46,500.0,0.19,6.864,37.115,56.5,32.246
3442,EZBC,Franklin Bitcoin ETF,Franklin Templeton,EZBC,Franklin Bitcoin ETF,BTC-USD,2025-08-05,65.8,500.0,0.19,6.931,37.115,53.892,30.675
3443,EZBC,Franklin Bitcoin ETF,Franklin Templeton,EZBC,Franklin Bitcoin ETF,BTC-USD,2025-08-06,66.77,500.0,0.19,7.136,37.115,54.065,30.591
3444,EZBC,Franklin Bitcoin ETF,Franklin Templeton,EZBC,Franklin Bitcoin ETF,BTC-USD,2025-08-07,68.105,500.0,0.19,7.488,37.115,53.892,30.628
3445,EZBC,Franklin Bitcoin ETF,Franklin Templeton,EZBC,Franklin Bitcoin ETF,BTC-USD,2025-08-08,67.41,500.0,0.19,7.867,41.456,58.032,30.21
3446,EZBC,Franklin Bitcoin ETF,Franklin Templeton,EZBC,Franklin Bitcoin ETF,BTC-USD,2025-08-11,68.94,500.0,0.19,7.828,41.456,58.032,30.305
3447,EZBC,Franklin Bitcoin ETF,Franklin Templeton,EZBC,Franklin Bitcoin ETF,BTC-USD,2025-08-12,69.31,500.0,0.19,7.67,45.331,60.735,30.302
3448,EZBC,Franklin Bitcoin ETF,Franklin Templeton,EZBC,Franklin Bitcoin ETF,BTC-USD,2025-08-13,71.18,500.0,0.19,7.718,45.331,60.735,30.679
3449,EZBC,Franklin Bitcoin ETF,Franklin Templeton,EZBC,Franklin Bitcoin ETF,BTC-USD,2025-08-14,68.33,500.0,0.19,7.868,45.331,60.735,31.866
3450,EZBC,Franklin Bitcoin ETF,Franklin Templeton,EZBC,Franklin Bitcoin ETF,BTC-USD,2025-08-15,67.716,500.0,0.19,7.79,42.321,58.898,31.812
3451,EZBC,Franklin Bitcoin ETF,Franklin Templeton,EZBC,Franklin Bitcoin ETF,BTC-USD,2025-08-18,67.34,500.0,0.19,7.631,39.597,56.174,31.734
3452,EZBC,Franklin Bitcoin ETF,Franklin Templeton,EZBC,Franklin Bitcoin ETF,BTC-USD,2025-08-19,65.47,500.0,0.19,7.908,32.785,49.432,31.956
3453,EZBC,Franklin Bitcoin ETF,Franklin Templeton,EZBC,Franklin Bitcoin ETF,BTC-USD,2025-08-20,66.18,500.0,0.19,7.939,34.297,50.874,31.652
3454,EZBC,Franklin Bitcoin ETF,Franklin Templeton,EZBC,Franklin Bitcoin ETF,BTC-USD,2025-08-21,64.95,500.0,0.19,7.969,38.255,54.832,31.815
3455,EZBC,Franklin Bitcoin ETF,Franklin Templeton,EZBC,Franklin Bitcoin ETF,BTC-USD,2025-08-22,67.57,500.0,0.19,7.945,41.966,58.613,32.244
3456,EZBC,Franklin Bitcoin ETF,Franklin Templeton,EZBC,Franklin Bitcoin ETF,BTC-USD,2025-08-25,64.15,500.0,0.19,7.874,41.966,58.613,33.961
3457,EZBC,Franklin Bitcoin ETF,Franklin Templeton,EZBC,Franklin Bitcoin ETF,BTC-USD,2025-08-26,64.34,500.0,0.19,7.937,41.966,58.613,33.868
3458,EZBC,Franklin Bitcoin ETF,Franklin Templeton,EZBC,Franklin Bitcoin ETF,BTC-USD,2025-08-27,64.9,500.0,0.19,7.91,37.086,53.863,33.902
3459,EZBC,Franklin Bitcoin ETF,Franklin Templeton,EZBC,Franklin Bitcoin ETF,BTC-USD,2025-08-28,64.81,500.0,0.19,7.741,32.405,49.182,33.74
3460,EZBC,Franklin Bitcoin ETF,Franklin Templeton,EZBC,Franklin Bitcoin ETF,BTC-USD,2025-08-29,62.65,500.0,0.19,8.024,25.748,42.698,34.379
3461,EZBC,Franklin Bitcoin ETF,Franklin Templeton,EZBC,Franklin Bitcoin ETF,BTC-USD,2025-09-02,64.17,500.0,0.19,7.587,25.748,46.483,34.111
3462,EZBC,Franklin Bitcoin ETF,Franklin Templeton,EZBC,Franklin Bitcoin ETF,BTC-USD,2025-09-03,65.0,500.0,0.19,7.527,22.164,42.899,33.883
3463,EZBC,Franklin Bitcoin ETF,Franklin Templeton,EZBC,Franklin Bitcoin ETF,BTC-USD,2025-09-04,63.58,500.0,0.19,7.484,22.164,43.98,33.152
3464,EZBC,Franklin Bitcoin ETF,Franklin Templeton,EZBC,Franklin Bitcoin ETF,BTC-USD,2025-09-05,64.61,500.0,0.19,7.38,22.164,46.375,33.276
3465,EZBC,Franklin Bitcoin ETF,Franklin Templeton,EZBC,Franklin Bitcoin ETF,BTC-USD,2025-09-08,64.91,500.0,0.19,7.183,23.742,47.952,33.253
3466,EZBC,Franklin Bitcoin ETF,Franklin Templeton,EZBC,Franklin Bitcoin ETF,BTC-USD,2025-09-09,64.46,500.0,0.19,6.797,21.479,45.69,33.028
3467,EZBC,Franklin Bitcoin ETF,Franklin Templeton,EZBC,Franklin Bitcoin ETF,BTC-USD,2025-09-10,65.81,500.0,0.19,7.057,21.479,43.296,33.125
3468,EZBC,Franklin Bitcoin ETF,Franklin Templeton,EZBC,Franklin Bitcoin ETF,BTC-USD,2025-09-11,66.31,500.0,0.19,7.123,18.443,40.26,32.465
3469,EZBC,Franklin Bitcoin ETF,Franklin Templeton,EZBC,Franklin Bitcoin ETF,BTC-USD,2025-09-12,67.69,500.0,0.19,7.107,18.443,40.26,31.69
3470,EZBC,Franklin Bitcoin ETF,Franklin Templeton,EZBC,Franklin Bitcoin ETF,BTC-USD,2025-09-15,66.78,500.0,0.19,6.981,18.443,39.287,31.78
3471,EZBC,Franklin Bitcoin ETF,Franklin Templeton,EZBC,Franklin Bitcoin ETF,BTC-USD,2025-09-16,67.68,500.0,0.19,7.211,16.441,37.175,31.817
3472,EZBC,Franklin Bitcoin ETF,Franklin Templeton,EZBC,Franklin Bitcoin ETF,BTC-USD,2025-09-17,66.97,500.0,0.19,7.389,20.961,41.696,31.92
3473,EZBC,Franklin Bitcoin ETF,Franklin Templeton,EZBC,Franklin Bitcoin ETF,BTC-USD,2025-09-18,68.06,500.0,0.19,7.021,20.961,41.696,31.714
3474,EZBC,Franklin Bitcoin ETF,Franklin Templeton,EZBC,Franklin Bitcoin ETF,BTC-USD,2025-09-19,66.63,500.0,0.19,7.352,17.832,38.567,31.838
3475,EZBC,Franklin Bitcoin ETF,Franklin Templeton,EZBC,Franklin Bitcoin ETF,BTC-USD,2025-09-22,64.92,500.0,0.19,7.482,12.726,33.461,32.313
3476,EZBC,Franklin Bitcoin ETF,Franklin Templeton,EZBC,Franklin Bitcoin ETF,BTC-USD,2025-09-23,64.63,500.0,0.19,7.29,12.647,33.058,32.291
3477,EZBC,Franklin Bitcoin ETF,Franklin Templeton,EZBC,Franklin Bitcoin ETF,BTC-USD,2025-09-24,65.67,500.0,0.19,7.19,12.647,33.058,32.407
3478,EZBC,Franklin Bitcoin ETF,Franklin Templeton,EZBC,Franklin Bitcoin ETF,BTC-USD,2025-09-25,63.31,500.0,0.19,7.471,12.647,33.382,32.939
3479,EZBC,Franklin Bitcoin ETF,Franklin Templeton,EZBC,Franklin Bitcoin ETF,BTC-USD,2025-09-26,63.2,500.0,0.19,7.683,16.399,36.81,31.797
3480,EZBC,Franklin Bitcoin ETF,Franklin Templeton,EZBC,Franklin Bitcoin ETF,BTC-USD,2025-09-29,66.23,500.0,0.19,8.928,16.399,36.81,33.209
3481,EZBC,Franklin Bitcoin ETF,Franklin Templeton,EZBC,Franklin Bitcoin ETF,BTC-USD,2025-09-30,66.21,500.0,0.19,9.398,21.666,39.25,33.097
3482,EZBC,Franklin Bitcoin ETF,Franklin Templeton,EZBC,Franklin Bitcoin ETF,BTC-USD,2025-10-01,68.05,500.0,0.19,9.518,21.666,39.25,33.519
3483,EZBC,Franklin Bitcoin ETF,Franklin Templeton,EZBC,Franklin Bitcoin ETF,BTC-USD,2025-10-02,70.07,500.0,0.19,10.015,21.666,39.25,33.567
3484,EZBC,Franklin Bitcoin ETF,Franklin Templeton,EZBC,Franklin Bitcoin ETF,BTC-USD,2025-10-03,71.17,500.0,0.19,10.819,21.666,37.754,33.593
3485,EZBC,Franklin Bitcoin ETF,Franklin Templeton,EZBC,Franklin Bitcoin ETF,BTC-USD,2025-10-06,72.69,500.0,0.19,11.546,21.666,36.987,32.822
3486,EZBC,Franklin Bitcoin ETF,Franklin Templeton,EZBC,Franklin Bitcoin ETF,BTC-USD,2025-10-07,70.39,500.0,0.19,13.106,20.088,35.41,33.395
3487,EZBC,Franklin Bitcoin ETF,Franklin Templeton,EZBC,Franklin Bitcoin ETF,BTC-USD,2025-10-08,71.45,500.0,0.19,14.037,24.064,39.386,32.956
3488,EZBC,Franklin Bitcoin ETF,Franklin Templeton,EZBC,Franklin Bitcoin ETF,BTC-USD,2025-10-09,70.09,500.0,0.19,14.409,24.996,39.947,32.832
3489,EZBC,Franklin Bitcoin ETF,Franklin Templeton,EZBC,Franklin Bitcoin ETF,BTC-USD,2025-10-10,67.47,500.0,0.19,15.777,24.597,39.548,33.755
3490,EZBC,Franklin Bitcoin ETF,Franklin Templeton,EZBC,Franklin Bitcoin ETF,BTC-USD,2025-10-13,67.1,500.0,0.19,17.222,24.597,38.563,33.646
3491,EZBC,Franklin Bitcoin ETF,Franklin Templeton,EZBC,Franklin Bitcoin ETF,BTC-USD,2025-10-14,65.2,500.0,0.19,18.796,24.597,35.763,34.135
3492,EZBC,Franklin Bitcoin ETF,Franklin Templeton,EZBC,Franklin Bitcoin ETF,BTC-USD,2025-10-15,64.42,500.0,0.19,19.582,30.601,41.421,33.877
3493,EZBC,Franklin Bitcoin ETF,Franklin Templeton,EZBC,Franklin Bitcoin ETF,BTC-USD,2025-10-16,62.63,500.0,0.19,20.693,26.08,36.901,34.302
3494,EZBC,Franklin Bitcoin ETF,Franklin Templeton,EZBC,Franklin Bitcoin ETF,BTC-USD,2025-10-17,61.63,500.0,0.19,22.074,26.08,35.81,34.397
3495,EZBC,Franklin Bitcoin ETF,Franklin Templeton,EZBC,Franklin Bitcoin ETF,BTC-USD,2025-10-20,64.19,500.0,0.19,22.342,26.08,35.81,35.296
3496,EZBC,Franklin Bitcoin ETF,Franklin Templeton,EZBC,Franklin Bitcoin ETF,BTC-USD,2025-10-21,64.79,500.0,0.19,22.671,28.953,37.43,35.285
3497,EZBC,Franklin Bitcoin ETF,Franklin Templeton,EZBC,Franklin Bitcoin ETF,BTC-USD,2025-10-22,62.39,500.0,0.19,23.202,25.321,33.798,36.075
3498,EZBC,Franklin Bitcoin ETF,Franklin Templeton,EZBC,Franklin Bitcoin ETF,BTC-USD,2025-10-23,63.82,500.0,0.19,23.221,25.321,33.798,36.401
3499,EZBC,Franklin Bitcoin ETF,Franklin Templeton,EZBC,Franklin Bitcoin ETF,BTC-USD,2025-10-24,64.05,500.0,0.19,22.823,29.444,37.047,36.414
3500,EZBC,Franklin Bitcoin ETF,Franklin Templeton,EZBC,Franklin Bitcoin ETF,BTC-USD,2025-10-27,66.57,500.0,0.19,22.881,25.692,34.169,36.711
3501,EZBC,Franklin Bitcoin ETF,Franklin Templeton,EZBC,Franklin Bitcoin ETF,BTC-USD,2025-10-28,65.82,500.0,0.19,21.838,28.702,37.179,36.662
3502,EZBC,Franklin Bitcoin ETF,Franklin Templeton,EZBC,Franklin Bitcoin ETF,BTC-USD,2025-10-29,64.03,500.0,0.19,21.64,23.436,33.165,37.038
3503,EZBC,Franklin Bitcoin ETF,Franklin Templeton,EZBC,Franklin Bitcoin ETF,BTC-USD,2025-10-30,61.61,500.0,0.19,21.534,23.436,33.165,37.709
3504,EZBC,Franklin Bitcoin ETF,Franklin Templeton,EZBC,Franklin Bitcoin ETF,BTC-USD,2025-10-31,63.5,500.0,0.19,21.17,23.436,33.165,38.018
3505,EZBC,Franklin Bitcoin ETF,Franklin Templeton,EZBC,Franklin Bitcoin ETF,BTC-USD,2025-11-03,61.71,500.0,0.19,20.547,23.436,34.256,38.389
3506,EZBC,Franklin Bitcoin ETF,Franklin Templeton,EZBC,Franklin Bitcoin ETF,BTC-USD,2025-11-04,58.27,500.0,0.19,20.949,23.436,34.602,39.726
3507,EZBC,Franklin Bitcoin ETF,Franklin Templeton,EZBC,Franklin Bitcoin ETF,BTC-USD,2025-11-05,60.09,500.0,0.19,19.775,29.282,45.003,40.286
3508,EZBC,Franklin Bitcoin ETF,Franklin Templeton,EZBC,Franklin Bitcoin ETF,BTC-USD,2025-11-06,58.4,500.0,0.19,19.053,23.228,40.667,40.176
3509,EZBC,Franklin Bitcoin ETF,Franklin Templeton,EZBC,Franklin Bitcoin ETF,BTC-USD,2025-11-07,60.02,500.0,0.19,19.141,30.254,47.693,39.883
3510,EZBC,Franklin Bitcoin ETF,Franklin Templeton,EZBC,Franklin Bitcoin ETF,BTC-USD,2025-11-10,61.37,500.0,0.19,18.014,29.814,48.209,40.167
3511,EZBC,Franklin Bitcoin ETF,Franklin Templeton,EZBC,Franklin Bitcoin ETF,BTC-USD,2025-11-11,59.49,500.0,0.19,16.483,29.814,48.825,40.612
3512,EZBC,Franklin Bitcoin ETF,Franklin Templeton,EZBC,Franklin Bitcoin ETF,BTC-USD,2025-11-12,58.74,500.0,0.19,15.037,34.507,53.517,40.31
3513,EZBC,Franklin Bitcoin ETF,Franklin Templeton,EZBC,Franklin Bitcoin ETF,BTC-USD,2025-11-13,56.72,500.0,0.19,14.632,28.503,49.151,40.788
3514,EZBC,Franklin Bitcoin ETF,Franklin Templeton,EZBC,Franklin Bitcoin ETF,BTC-USD,2025-11-14,54.54,500.0,0.19,14.311,28.503,49.151,41.346
3515,EZBC,Franklin Bitcoin ETF,Franklin Templeton,EZBC,Franklin Bitcoin ETF,BTC-USD,2025-11-17,53.15,500.0,0.19,14.348,28.503,49.151,40.643
3516,EZBC,Franklin Bitcoin ETF,Franklin Templeton,EZBC,Franklin Bitcoin ETF,BTC-USD,2025-11-18,53.71,500.0,0.19,14.499,36.406,55.416,39.495
3517,EZBC,Franklin Bitcoin ETF,Franklin Templeton,EZBC,Franklin Bitcoin ETF,BTC-USD,2025-11-19,51.76,500.0,0.19,14.736,33.533,53.463,40.084
3518,EZBC,Franklin Bitcoin ETF,Franklin Templeton,EZBC,Franklin Bitcoin ETF,BTC-USD,2025-11-20,49.96,500.0,0.19,15.325,37.793,56.803,40.521
3519,EZBC,Franklin Bitcoin ETF,Franklin Templeton,EZBC,Franklin Bitcoin ETF,BTC-USD,2025-11-21,48.94,500.0,0.19,16.784,37.793,56.187,40.652
3520,EZBC,Franklin Bitcoin ETF,Franklin Templeton,EZBC,Franklin Bitcoin ETF,BTC-USD,2025-11-24,51.57,500.0,0.19,16.957,33.67,52.68,41.83
3521,EZBC,Franklin Bitcoin ETF,Franklin Templeton,EZBC,Franklin Bitcoin ETF,BTC-USD,2025-11-25,50.55,500.0,0.19,17.142,39.695,58.09,41.578
3522,EZBC,Franklin Bitcoin ETF,Franklin Templeton,EZBC,Franklin Bitcoin ETF,BTC-USD,2025-11-26,52.02,500.0,0.19,17.622,36.685,55.079,41.976
3523,EZBC,Franklin Bitcoin ETF,Franklin Templeton,EZBC,Franklin Bitcoin ETF,BTC-USD,2025-11-28,52.47,500.0,0.19,17.205,36.685,54.124,41.873
3524,EZBC,Franklin Bitcoin ETF,Franklin Templeton,EZBC,Franklin Bitcoin ETF,BTC-USD,2025-12-01,49.5,500.0,0.19,17.355,36.685,54.124,43.163
3525,EZBC,Franklin Bitcoin ETF,Franklin Templeton,EZBC,Franklin Bitcoin ETF,BTC-USD,2025-12-02,52.72,500.0,0.19,17.871,36.685,54.124,45.294
3526,EZBC,Franklin Bitcoin ETF,Franklin Templeton,EZBC,Franklin Bitcoin ETF,BTC-USD,2025-12-03,53.82,500.0,0.19,17.854,36.685,54.124,45.555
3527,EZBC,Franklin Bitcoin ETF,Franklin Templeton,EZBC,Franklin Bitcoin ETF,BTC-USD,2025-12-04,53.55,500.0,0.19,16.744,39.449,56.037,45.287
3528,EZBC,Franklin Bitcoin ETF,Franklin Templeton,EZBC,Franklin Bitcoin ETF,BTC-USD,2025-12-05,51.7,500.0,0.19,16.502,33.602,50.19,45.689
3529,EZBC,Franklin Bitcoin ETF,Franklin Templeton,EZBC,Franklin Bitcoin ETF,BTC-USD,2025-12-08,52.56,500.0,0.19,16.257,37.144,53.731,45.601
3530,EZBC,Franklin Bitcoin ETF,Franklin Templeton,EZBC,Franklin Bitcoin ETF,BTC-USD,2025-12-09,53.91,500.0,0.19,16.338,29.391,45.979,45.957
3531,EZBC,Franklin Bitcoin ETF,Franklin Templeton,EZBC,Franklin Bitcoin ETF,BTC-USD,2025-12-10,53.55,500.0,0.19,16.147,38.873,53.653,45.825
3532,EZBC,Franklin Bitcoin ETF,Franklin Templeton,EZBC,Franklin Bitcoin ETF,BTC-USD,2025-12-11,53.14,500.0,0.19,16.42,38.873,53.429,45.811
3533,EZBC,Franklin Bitcoin ETF,Franklin Templeton,EZBC,Franklin Bitcoin ETF,BTC-USD,2025-12-12,52.19,500.0,0.19,16.284,42.943,57.723,45.709
3534,EZBC,Franklin Bitcoin ETF,Franklin Templeton,EZBC,Franklin Bitcoin ETF,BTC-USD,2025-12-15,49.62,500.0,0.19,16.219,42.943,57.723,46.554
3535,EZBC,Franklin Bitcoin ETF,Franklin Templeton,EZBC,Franklin Bitcoin ETF,BTC-USD,2025-12-16,50.69,500.0,0.19,15.334,45.012,61.6,46.649
3536,EZBC,Franklin Bitcoin ETF,Franklin Templeton,EZBC,Franklin Bitcoin ETF,BTC-USD,2025-12-17,49.68,500.0,0.19,14.222,46.958,63.546,46.764
3537,EZBC,Franklin Bitcoin ETF,Franklin Templeton,EZBC,Franklin Bitcoin ETF,BTC-USD,2025-12-18,48.96,500.0,0.19,13.901,53.143,69.731,46.616
3538,EZBC,Franklin Bitcoin ETF,Franklin Templeton,EZBC,Franklin Bitcoin ETF,BTC-USD,2025-12-19,50.93,500.0,0.19,13.58,59.984,76.571,47.01
3539,EZBC,Franklin Bitcoin ETF,Franklin Templeton,EZBC,Franklin Bitcoin ETF,BTC-USD,2025-12-22,51.08,500.0,0.19,12.781,55.9,72.488,47.028
3540,EZBC,Franklin Bitcoin ETF,Franklin Templeton,EZBC,Franklin Bitcoin ETF,BTC-USD,2025-12-23,50.69,500.0,0.19,11.681,55.9,72.488,45.846
3541,EZBC,Franklin Bitcoin ETF,Franklin Templeton,EZBC,Franklin Bitcoin ETF,BTC-USD,2025-12-24,50.47,500.0,0.19,11.505,58.789,73.345,45.837
3542,EZBC,Franklin Bitcoin ETF,Franklin Templeton,EZBC,Franklin Bitcoin ETF,BTC-USD,2025-12-26,50.6,500.0,0.19,11.205,53.004,66.81,45.379
3543,EZBC,Franklin Bitcoin ETF,Franklin Templeton,EZBC,Franklin Bitcoin ETF,BTC-USD,2025-12-29,50.35,500.0,0.19,10.674,55.936,68.846,44.816
3544,EZBC,Franklin Bitcoin ETF,Franklin Templeton,EZBC,Franklin Bitcoin ETF,BTC-USD,2025-12-30,50.8,500.0,0.19,11.456,55.936,67.836,44.702
3545,EZBC,Franklin Bitcoin ETF,Franklin Templeton,EZBC,Franklin Bitcoin ETF,BTC-USD,2025-12-31,50.6,500.0,0.19,12.361,57.883,68.275,44.356
3546,EZBC,Franklin Bitcoin ETF,Franklin Templeton,EZBC,Franklin Bitcoin ETF,BTC-USD,2026-01-02,51.91,500.0,0.19,14.509,57.883,67.057,44.481
3547,EZBC,Franklin Bitcoin ETF,Franklin Templeton,EZBC,Franklin Bitcoin ETF,BTC-USD,2026-01-05,54.49,500.0,0.19,15.877,57.883,67.057,45.643
3548,EZBC,Franklin Bitcoin ETF,Franklin Templeton,EZBC,Franklin Bitcoin ETF,BTC-USD,2026-01-06,53.5,500.0,0.19,16.406,60.115,70.327,45.631
3549,EZBC,Franklin Bitcoin ETF,Franklin Templeton,EZBC,Franklin Bitcoin ETF,BTC-USD,2026-01-07,52.57,500.0,0.19,16.283,60.115,70.327,45.177
3550,EZBC,Franklin Bitcoin ETF,Franklin Templeton,EZBC,Franklin Bitcoin ETF,BTC-USD,2026-01-08,52.56,500.0,0.19,16.373,56.574,65.749,45.183
3551,EZBC,Franklin Bitcoin ETF,Franklin Templeton,EZBC,Franklin Bitcoin ETF,BTC-USD,2026-01-09,52.18,500.0,0.19,15.725,60.333,69.508,44.896
3552,EZBC,Franklin Bitcoin ETF,Franklin Templeton,EZBC,Franklin Bitcoin ETF,BTC-USD,2026-01-12,52.9,500.0,0.19,16.26,57.927,66.019,45.002
3553,EZBC,Franklin Bitcoin ETF,Franklin Templeton,EZBC,Franklin Bitcoin ETF,BTC-USD,2026-01-13,54.67,500.0,0.19,16.825,57.927,67.102,45.299
3554,EZBC,Franklin Bitcoin ETF,Franklin Templeton,EZBC,Franklin Bitcoin ETF,BTC-USD,2026-01-14,56.535,500.0,0.19,17.035,49.165,58.34,45.791
3555,EZBC,Franklin Bitcoin ETF,Franklin Templeton,EZBC,Franklin Bitcoin ETF,BTC-USD,2026-01-15,55.09,500.0,0.19,17.151,51.67,60.844,45.204
3556,EZBC,Franklin Bitcoin ETF,Franklin Templeton,EZBC,Franklin Bitcoin ETF,BTC-USD,2026-01-16,55.26,500.0,0.19,18.498,49.6,57.692,45.152
3557,EZBC,Franklin Bitcoin ETF,Franklin Templeton,EZBC,Franklin Bitcoin ETF,BTC-USD,2026-01-20,51.81,500.0,0.19,19.169,47.654,55.746,46.355
3558,EZBC,Franklin Bitcoin ETF,Franklin Templeton,EZBC,Franklin Bitcoin ETF,BTC-USD,2026-01-21,52.15,500.0,0.19,20.128,33.567,41.643,46.09
3559,EZBC,Franklin Bitcoin ETF,Franklin Templeton,EZBC,Franklin Bitcoin ETF,BTC-USD,2026-01-22,51.69,500.0,0.19,20.408,30.577,38.33,46.08
3560,EZBC,Franklin Bitcoin ETF,Franklin Templeton,EZBC,Franklin Bitcoin ETF,BTC-USD,2026-01-23,51.74,500.0,0.19,20.291,34.758,42.512,45.247
3561,EZBC,Franklin Bitcoin ETF,Franklin Templeton,EZBC,Franklin Bitcoin ETF,BTC-USD,2026-01-26,50.62,500.0,0.19,20.165,34.758,42.834,45.37
3562,EZBC,Franklin Bitcoin ETF,Franklin Templeton,EZBC,Franklin Bitcoin ETF,BTC-USD,2026-01-27,51.67,500.0,0.19,20.386,37.964,46.041,45.39
3563,EZBC,Franklin Bitcoin ETF,Franklin Templeton,EZBC,Franklin Bitcoin ETF,BTC-USD,2026-01-28,51.46,500.0,0.19,20.193,37.724,47.152,44.803
3564,EZBC,Franklin Bitcoin ETF,Franklin Templeton,EZBC,Franklin Bitcoin ETF,BTC-USD,2026-01-29,48.58,500.0,0.19,20.558,34.792,45.005,45.628
3565,EZBC,Franklin Bitcoin ETF,Franklin Templeton,EZBC,Franklin Bitcoin ETF,BTC-USD,2026-01-30,48.47,500.0,0.19,20.16,34.792,45.005,45.352
3566,EZBC,Franklin Bitcoin ETF,Franklin Templeton,EZBC,Franklin Bitcoin ETF,BTC-USD,2026-02-02,45.1,500.0,0.19,20.934,32.845,44.873,46.183
3567,EZBC,Franklin Bitcoin ETF,Franklin Templeton,EZBC,Franklin Bitcoin ETF,BTC-USD,2026-02-03,44.19,500.0,0.19,19.043,32.845,44.873,45.713
3568,EZBC,Franklin Bitcoin ETF,Franklin Templeton,EZBC,Franklin Bitcoin ETF,BTC-USD,2026-02-04,42.415,500.0,0.19,18.436,36.716,48.743,46.056
3569,EZBC,Franklin Bitcoin ETF,Franklin Templeton,EZBC,Franklin Bitcoin ETF,BTC-USD,2026-02-05,36.8,500.0,0.19,19.222,31.719,46.105,53.413
3570,EZBC,Franklin Bitcoin ETF,Franklin Templeton,EZBC,Franklin Bitcoin ETF,BTC-USD,2026-02-06,40.49,500.0,0.19,19.989,36.086,50.472,57.176
3571,EZBC,Franklin Bitcoin ETF,Franklin Templeton,EZBC,Franklin Bitcoin ETF,BTC-USD,2026-02-09,40.93,500.0,0.19,20.254,47.626,62.012,57.064
3572,EZBC,Franklin Bitcoin ETF,Franklin Templeton,EZBC,Franklin Bitcoin ETF,BTC-USD,2026-02-10,39.77,500.0,0.19,20.189,45.187,59.939,57.236
3573,EZBC,Franklin Bitcoin ETF,Franklin Templeton,EZBC,Franklin Bitcoin ETF,BTC-USD,2026-02-11,39.06,500.0,0.19,19.905,38.111,52.942,56.98
3574,EZBC,Franklin Bitcoin ETF,Franklin Templeton,EZBC,Franklin Bitcoin ETF,BTC-USD,2026-02-12,37.77,500.0,0.19,19.322,52.855,68.218,56.853
3575,EZBC,Franklin Bitcoin ETF,Franklin Templeton,EZBC,Franklin Bitcoin ETF,BTC-USD,2026-02-13,39.78,500.0,0.19,19.565,52.855,68.218,57.922
3576,EZBC,Franklin Bitcoin ETF,Franklin Templeton,EZBC,Franklin Bitcoin ETF,BTC-USD,2026-02-17,39.18,500.0,0.19,19.353,53.474,68.837,57.871
3577,EZBC,Franklin Bitcoin ETF,Franklin Templeton,EZBC,Franklin Bitcoin ETF,BTC-USD,2026-02-18,38.28,500.0,0.19,17.877,61.585,78.284,57.617
3578,EZBC,Franklin Bitcoin ETF,Franklin Templeton,EZBC,Franklin Bitcoin ETF,BTC-USD,2026-02-19,38.81,500.0,0.19,16.581,65.33,82.029,57.391
3579,EZBC,Franklin Bitcoin ETF,Franklin Templeton,EZBC,Franklin Bitcoin ETF,BTC-USD,2026-02-20,39.16,500.0,0.19,15.14,65.33,82.029,57.35
3580,EZBC,Franklin Bitcoin ETF,Franklin Templeton,EZBC,Franklin Bitcoin ETF,BTC-USD,2026-02-23,37.26,500.0,0.19,14.5,61.48,81.024,56.902
3581,EZBC,Franklin Bitcoin ETF,Franklin Templeton,EZBC,Franklin Bitcoin ETF,BTC-USD,2026-02-24,37.29,500.0,0.19,14.279,57.122,76.667,56.834
3582,EZBC,Franklin Bitcoin ETF,Franklin Templeton,EZBC,Franklin Bitcoin ETF,BTC-USD,2026-02-25,40.02,500.0,0.19,14.039,57.122,77.614,58.525
3583,EZBC,Franklin Bitcoin ETF,Franklin Templeton,EZBC,Franklin Bitcoin ETF,BTC-USD,2026-02-26,38.98,500.0,0.19,14.607,57.914,74.613,58.632
3584,EZBC,Franklin Bitcoin ETF,Franklin Templeton,EZBC,Franklin Bitcoin ETF,BTC-USD,2026-02-27,37.94,500.0,0.19,14.809,57.914,90.361,57.762
3585,EZBC,Franklin Bitcoin ETF,Franklin Templeton,EZBC,Franklin Bitcoin ETF,BTC-USD,2026-03-02,39.99,500.0,0.19,15.352,57.914,78.798,57.28
3586,EZBC,Franklin Bitcoin ETF,Franklin Templeton,EZBC,Franklin Bitcoin ETF,BTC-USD,2026-03-03,39.45,500.0,0.19,15.127,70.103,90.988,57.065
3587,EZBC,Franklin Bitcoin ETF,Franklin Templeton,EZBC,Franklin Bitcoin ETF,BTC-USD,2026-03-04,42.29,500.0,0.19,13.661,70.103,102.55,59.082
3588,EZBC,Franklin Bitcoin ETF,Franklin Templeton,EZBC,Franklin Bitcoin ETF,BTC-USD,2026-03-05,41.21,500.0,0.19,13.231,70.908,103.355,58.903
3589,EZBC,Franklin Bitcoin ETF,Franklin Templeton,EZBC,Franklin Bitcoin ETF,BTC-USD,2026-03-06,39.36,500.0,0.19,12.313,67.037,100.427,59.373
3590,EZBC,Franklin Bitcoin ETF,Franklin Templeton,EZBC,Franklin Bitcoin ETF,BTC-USD,2026-03-09,39.93,500.0,0.19,10.988,67.203,99.65,59.177
3591,EZBC,Franklin Bitcoin ETF,Franklin Templeton,EZBC,Franklin Bitcoin ETF,BTC-USD,2026-03-10,40.53,500.0,0.19,10.199,62.836,84.593,59.316
3592,EZBC,Franklin Bitcoin ETF,Franklin Templeton,EZBC,Franklin Bitcoin ETF,BTC-USD,2026-03-11,40.87,500.0,0.19,9.961,59.864,81.621,59.372
3593,EZBC,Franklin Bitcoin ETF,Franklin Templeton,EZBC,Franklin Bitcoin ETF,BTC-USD,2026-03-12,40.74,500.0,0.19,9.806,59.501,80.385,59.304
3594,EZBC,Franklin Bitcoin ETF,Franklin Templeton,EZBC,Franklin Bitcoin ETF,BTC-USD,2026-03-13,41.19,500.0,0.19,9.86,59.501,80.385,58.585
3595,EZBC,Franklin Bitcoin ETF,Franklin Templeton,EZBC,Franklin Bitcoin ETF,BTC-USD,2026-03-16,42.79,500.0,0.19,9.64,44.757,65.641,58.983
3596,EZBC,Franklin Bitcoin ETF,Franklin Templeton,EZBC,Franklin Bitcoin ETF,BTC-USD,2026-03-17,43.13,500.0,0.19,9.15,47.177,65.684,58.912
3597,EZBC,Franklin Bitcoin ETF,Franklin Templeton,EZBC,Franklin Bitcoin ETF,BTC-USD,2026-03-18,41.09,500.0,0.19,8.701,44.053,64.937,59.617
3598,EZBC,Franklin Bitcoin ETF,Franklin Templeton,EZBC,Franklin Bitcoin ETF,BTC-USD,2026-03-19,40.63,500.0,0.19,8.661,35.943,56.827,58.98
3599,EZBC,Franklin Bitcoin ETF,Franklin Templeton,EZBC,Franklin Bitcoin ETF,BTC-USD,2026-03-20,40.59,500.0,0.19,8.658,36.796,55.303,58.966
3600,EZBC,Franklin Bitcoin ETF,Franklin Templeton,EZBC,Franklin Bitcoin ETF,BTC-USD,2026-03-23,40.84,500.0,0.19,8.522,36.796,57.68,58.996
3601,EZBC,Franklin Bitcoin ETF,Franklin Templeton,EZBC,Franklin Bitcoin ETF,BTC-USD,2026-03-24,40.07,500.0,0.19,8.632,36.796,57.68,59.08
3602,EZBC,Franklin Bitcoin ETF,Franklin Templeton,EZBC,Franklin Bitcoin ETF,BTC-USD,2026-03-25,40.98,500.0,0.19,8.569,36.796,57.736,59.313
3603,EZBC,Franklin Bitcoin ETF,Franklin Templeton,EZBC,Franklin Bitcoin ETF,BTC-USD,2026-03-26,39.61,500.0,0.19,8.467,36.796,57.736,59.641
3604,EZBC,Franklin Bitcoin ETF,Franklin Templeton,EZBC,Franklin Bitcoin ETF,BTC-USD,2026-03-27,38.15,500.0,0.19,7.677,29.909,51.666,59.97
3605,EZBC,Franklin Bitcoin ETF,Franklin Templeton,EZBC,Franklin Bitcoin ETF,BTC-USD,2026-03-30,38.46,500.0,0.19,7.759,29.909,50.849,60.028
3606,EZBC,Franklin Bitcoin ETF,Franklin Templeton,EZBC,Franklin Bitcoin ETF,BTC-USD,2026-03-31,39.19,500.0,0.19,7.329,36.352,57.292,59.899
3607,EZBC,Franklin Bitcoin ETF,Franklin Templeton,EZBC,Franklin Bitcoin ETF,BTC-USD,2026-04-01,39.42,500.0,0.19,7.073,24.163,45.103,58.911
3608,EZBC,Franklin Bitcoin ETF,Franklin Templeton,EZBC,Franklin Bitcoin ETF,BTC-USD,2026-04-02,38.75,500.0,0.19,6.519,24.163,45.103,58.9
3609,EZBC,Franklin Bitcoin ETF,Franklin Templeton,EZBC,Franklin Bitcoin ETF,BTC-USD,2026-04-06,40.32,500.0,0.19,6.474,23.358,45.115,59.561
3610,EZBC,Franklin Bitcoin ETF,Franklin Templeton,EZBC,Franklin Bitcoin ETF,BTC-USD,2026-04-07,39.89,500.0,0.19,6.365,23.358,45.115,59.568
3611,EZBC,Franklin Bitcoin ETF,Franklin Templeton,EZBC,Franklin Bitcoin ETF,BTC-USD,2026-04-08,41.26,500.0,0.19,6.222,23.193,48.684,60.081
3612,EZBC,Franklin Bitcoin ETF,Franklin Templeton,EZBC,Franklin Bitcoin ETF,BTC-USD,2026-04-09,41.71,500.0,0.19,5.908,33.361,61.219,60.048
3613,EZBC,Franklin Bitcoin ETF,Franklin Templeton,EZBC,Franklin Bitcoin ETF,BTC-USD,2026-04-10,42.41,500.0,0.19,5.909,24.793,52.651,59.713
3614,EZBC,Franklin Bitcoin ETF,Franklin Templeton,EZBC,Franklin Bitcoin ETF,BTC-USD,2026-04-13,42.43,500.0,0.19,5.938,29.428,57.286,59.201
3615,EZBC,Franklin Bitcoin ETF,Franklin Templeton,EZBC,Franklin Bitcoin ETF,BTC-USD,2026-04-14,42.96,500.0,0.19,5.594,29.428,57.286,59.138
3616,EZBC,Franklin Bitcoin ETF,Franklin Templeton,EZBC,Franklin Bitcoin ETF,BTC-USD,2026-04-15,43.4,500.0,0.19,5.446,32.699,60.557,59.193
3617,EZBC,Franklin Bitcoin ETF,Franklin Templeton,EZBC,Franklin Bitcoin ETF,BTC-USD,2026-04-16,43.59,500.0,0.19,5.441,38.918,66.776,57.857
3618,EZBC,Franklin Bitcoin ETF,Franklin Templeton,EZBC,Franklin Bitcoin ETF,BTC-USD,2026-04-17,44.823,500.0,0.19,5.943,38.918,64.409,58.171
3619,EZBC,Franklin Bitcoin ETF,Franklin Templeton,EZBC,Franklin Bitcoin ETF,BTC-USD,2026-04-20,44.14,500.0,0.19,5.856,38.918,66.776,58.216
3620,EZBC,Franklin Bitcoin ETF,Franklin Templeton,EZBC,Franklin Bitcoin ETF,BTC-USD,2026-04-21,43.38,500.0,0.19,5.83,43.232,72.215,58.289
3621,EZBC,Franklin Bitcoin ETF,Franklin Templeton,EZBC,Franklin Bitcoin ETF,BTC-USD,2026-04-22,45.6,500.0,0.19,5.928,43.232,73.691,59.143
3622,EZBC,Franklin Bitcoin ETF,Franklin Templeton,EZBC,Franklin Bitcoin ETF,BTC-USD,2026-04-23,44.94,500.0,0.19,5.772,43.232,78.928,59.016
3623,EZBC,Franklin Bitcoin ETF,Franklin Templeton,EZBC,Franklin Bitcoin ETF,BTC-USD,2026-04-24,44.88,500.0,0.19,5.907,46.299,76.758,59.015
3624,EZBC,Franklin Bitcoin ETF,Franklin Templeton,EZBC,Franklin Bitcoin ETF,BTC-USD,2026-04-27,44.44,500.0,0.19,6.07,47.743,75.601,57.904
3625,EZBC,Franklin Bitcoin ETF,Franklin Templeton,EZBC,Franklin Bitcoin ETF,BTC-USD,2026-04-28,44.12,500.0,0.19,6.126,47.743,70.733,57.916
3626,EZBC,Franklin Bitcoin ETF,Franklin Templeton,EZBC,Franklin Bitcoin ETF,BTC-USD,2026-04-29,43.62,500.0,0.19,6.062,49.842,72.832,56.067
3627,EZBC,Franklin Bitcoin ETF,Franklin Templeton,EZBC,Franklin Bitcoin ETF,BTC-USD,2026-04-30,44.15,500.0,0.19,5.419,44.657,72.515,55.971
3628,EZBC,Franklin Bitcoin ETF,Franklin Templeton,EZBC,Franklin Bitcoin ETF,BTC-USD,2026-05-01,45.31,500.0,0.19,5.426,44.657,75.116,55.557
3629,EZBC,Franklin Bitcoin ETF,Franklin Templeton,EZBC,Franklin Bitcoin ETF,BTC-USD,2026-05-04,46.3,500.0,0.19,5.748,44.657,75.116,47.02
3630,EZBC,Franklin Bitcoin ETF,Franklin Templeton,EZBC,Franklin Bitcoin ETF,BTC-USD,2026-05-05,47.2,500.0,0.19,5.539,44.657,67.647,43.098
3631,EZBC,Franklin Bitcoin ETF,Franklin Templeton,EZBC,Franklin Bitcoin ETF,BTC-USD,2026-05-06,47.09,500.0,0.19,5.829,46.281,68.57,43.075
3632,EZBC,Franklin Bitcoin ETF,Franklin Templeton,EZBC,Franklin Bitcoin ETF,BTC-USD,2026-05-07,46.34,500.0,0.19,6.262,46.281,68.239,42.761
3633,EZBC,Franklin Bitcoin ETF,Franklin Templeton,EZBC,Franklin Bitcoin ETF,BTC-USD,2026-05-08,46.32,500.0,0.19,6.365,39.483,58.526,42.551
3634,EZBC,Franklin Bitcoin ETF,Franklin Templeton,EZBC,Franklin Bitcoin ETF,BTC-USD,2026-05-11,47.38,500.0,0.19,6.436,39.483,58.526,42.053
3635,EZBC,Franklin Bitcoin ETF,Franklin Templeton,EZBC,Franklin Bitcoin ETF,BTC-USD,2026-05-12,46.69,500.0,0.19,6.557,33.685,55.642,41.001
3636,EZBC,Franklin Bitcoin ETF,Franklin Templeton,EZBC,Franklin Bitcoin ETF,BTC-USD,2026-05-13,45.98,500.0,0.19,6.871,33.685,52.727,41.004
3637,EZBC,Franklin Bitcoin ETF,Franklin Templeton,EZBC,Franklin Bitcoin ETF,BTC-USD,2026-05-14,47.05,500.0,0.19,7.457,30.414,47.14,40.851
3638,EZBC,Franklin Bitcoin ETF,Franklin Templeton,EZBC,Franklin Bitcoin ETF,BTC-USD,2026-05-15,45.7,500.0,0.19,7.667,21.775,40.817,41.33
3639,EZBC,Franklin Bitcoin ETF,Franklin Templeton,EZBC,Franklin Bitcoin ETF,BTC-USD,2026-05-18,44.39,500.0,0.19,7.635,21.775,42.581,41.817
3640,EZBC,Franklin Bitcoin ETF,Franklin Templeton,EZBC,Franklin Bitcoin ETF,BTC-USD,2026-05-19,44.34,500.0,0.19,7.754,25.856,42.582,40.407
3641,EZBC,Franklin Bitcoin ETF,Franklin Templeton,EZBC,Franklin Bitcoin ETF,BTC-USD,2026-05-20,44.85,500.0,0.19,8.073,16.942,32.654,40.442
3642,EZBC,Franklin Bitcoin ETF,Franklin Templeton,EZBC,Franklin Bitcoin ETF,BTC-USD,2026-05-21,44.88,500.0,0.19,8.236,21.778,36.025,37.912
3643,EZBC,Franklin Bitcoin ETF,Franklin Templeton,EZBC,Franklin Bitcoin ETF,BTC-USD,2026-05-22,43.8,500.0,0.19,8.308,21.778,36.025,37.851
3644,EZBC,Franklin Bitcoin ETF,Franklin Templeton,EZBC,Franklin Bitcoin ETF,BTC-USD,2026-05-26,43.86,500.0,0.19,8.754,25.758,40.005,37.366
3645,EZBC,Franklin Bitcoin ETF,Franklin Templeton,EZBC,Franklin Bitcoin ETF,BTC-USD,2026-05-27,43.32,500.0,0.19,8.523,24.314,40.025,35.985
3646,EZBC,Franklin Bitcoin ETF,Franklin Templeton,EZBC,Franklin Bitcoin ETF,BTC-USD,2026-05-28,42.39,500.0,0.19,8.567,24.314,41.04,36.167
3647,EZBC,Franklin Bitcoin ETF,Franklin Templeton,EZBC,Franklin Bitcoin ETF,BTC-USD,2026-05-29,42.42,500.0,0.19,8.604,27.54,44.266,33.246
3648,EZBC,Franklin Bitcoin ETF,Franklin Templeton,EZBC,Franklin Bitcoin ETF,BTC-USD,2026-06-01,41.29,500.0,0.19,9.193,26.282,43.008,33.285
3649,EZBC,Franklin Bitcoin ETF,Franklin Templeton,EZBC,Franklin Bitcoin ETF,BTC-USD,2026-06-02,38.83,500.0,0.19,9.598,26.282,43.008,34.334
3650,EZBC,Franklin Bitcoin ETF,Franklin Templeton,EZBC,Franklin Bitcoin ETF,BTC-USD,2026-06-03,37.77,500.0,0.19,9.37,26.282,44.241,34.65
3651,EZBC,Franklin Bitcoin ETF,Franklin Templeton,EZBC,Franklin Bitcoin ETF,BTC-USD,2026-06-04,36.71,500.0,0.19,9.578,26.282,44.241,34.942
3652,EZBC,Franklin Bitcoin ETF,Franklin Templeton,EZBC,Franklin Bitcoin ETF,BTC-USD,2026-06-05,34.84,500.0,0.19,9.84,24.658,45.464,36.381
3653,EZBC,Franklin Bitcoin ETF,Franklin Templeton,EZBC,Franklin Bitcoin ETF,BTC-USD,2026-06-08,36.63,500.0,0.19,9.638,24.658,46.569,37.953
3654,EZBC,Franklin Bitcoin ETF,Franklin Templeton,EZBC,Franklin Bitcoin ETF,BTC-USD,2026-06-09,35.88,500.0,0.19,9.709,21.288,44.984,38.053
3655,EZBC,Franklin Bitcoin ETF,Franklin Templeton,EZBC,Franklin Bitcoin ETF,BTC-USD,2026-06-10,35.77,500.0,0.19,9.647,23.777,45.688,37.11
3656,EZBC,Franklin Bitcoin ETF,Franklin Templeton,EZBC,Franklin Bitcoin ETF,BTC-USD,2026-06-11,36.74,500.0,0.19,9.694,23.777,45.688,37.544
3657,EZBC,Franklin Bitcoin ETF,Franklin Templeton,EZBC,Franklin Bitcoin ETF,BTC-USD,2026-06-12,36.75,500.0,0.19,9.328,23.777,45.688,36.314
3658,EZBC,Franklin Bitcoin ETF,Franklin Templeton,EZBC,Franklin Bitcoin ETF,BTC-USD,2026-06-15,38.49,500.0,0.19,8.875,23.777,52.882,37.57
3659,EZBC,Franklin Bitcoin ETF,Franklin Templeton,EZBC,Franklin Bitcoin ETF,BTC-USD,2026-06-16,37.93,500.0,0.19,8.519,23.777,52.882,37.676
3660,EZBC,Franklin Bitcoin ETF,Franklin Templeton,EZBC,Franklin Bitcoin ETF,BTC-USD,2026-06-17,37.11,500.0,0.19,8.142,26.264,57.531,37.881
3661,EZBC,Franklin Bitcoin ETF,Franklin Templeton,EZBC,Franklin Bitcoin ETF,BTC-USD,2026-06-18,36.38,500.0,0.19,9.023,22.183,53.45,37.898
3662,EZBC,Franklin Bitcoin ETF,Franklin Templeton,EZBC,Franklin Bitcoin ETF,BTC-USD,2026-06-22,37.21,500.0,0.19,8.812,22.183,56.187,37.901
3663,EZBC,Franklin Bitcoin ETF,Franklin Templeton,EZBC,Franklin Bitcoin ETF,BTC-USD,2026-06-23,36.01,500.0,0.19,8.597,17.347,53.103,37.857
3664,EZBC,Franklin Bitcoin ETF,Franklin Templeton,EZBC,Franklin Bitcoin ETF,BTC-USD,2026-06-24,34.57,500.0,0.19,8.913,17.347,53.001,37.995
3665,EZBC,Franklin Bitcoin ETF,Franklin Templeton,EZBC,Franklin Bitcoin ETF,BTC-USD,2026-06-25,34.21,500.0,0.19,8.637,15.107,50.761,37.982
3666,EZBC,Franklin Bitcoin ETF,Franklin Templeton,EZBC,Franklin Bitcoin ETF,BTC-USD,2026-06-26,34.46,500.0,0.19,8.791,22.993,56.998,37.786
3667,EZBC,Franklin Bitcoin ETF,Franklin Templeton,EZBC,Franklin Bitcoin ETF,BTC-USD,2026-06-29,34.88,500.0,0.19,8.706,32.922,66.927,37.864
3668,EZBC,Franklin Bitcoin ETF,Franklin Templeton,EZBC,Franklin Bitcoin ETF,BTC-USD,2026-06-30,33.91,500.0,0.19,8.49,27.597,63.251,38.12
3669,EZBC,Franklin Bitcoin ETF,Franklin Templeton,EZBC,Franklin Bitcoin ETF,BTC-USD,2026-07-01,34.65,500.0,0.19,8.052,27.597,63.352,37.443
3670,EZBC,Franklin Bitcoin ETF,Franklin Templeton,EZBC,Franklin Bitcoin ETF,BTC-USD,2026-07-02,35.52,500.0,0.19,7.574,27.597,63.352,37.817
3671,EZBC,Franklin Bitcoin ETF,Franklin Templeton,EZBC,Franklin Bitcoin ETF,BTC-USD,2026-07-06,36.82,500.0,0.19,7.424,29.197,65.241,37.907
3672,EZBC,Franklin Bitcoin ETF,Franklin Templeton,EZBC,Franklin Bitcoin ETF,BTC-USD,2026-07-07,36.88,500.0,0.19,7.191,32.058,68.101,37.822
3673,EZBC,Franklin Bitcoin ETF,Franklin Templeton,EZBC,Franklin Bitcoin ETF,BTC-USD,2026-07-08,35.94,500.0,0.19,6.791,32.058,68.989,37.926
3674,EZBC,Franklin Bitcoin ETF,Franklin Templeton,EZBC,Franklin Bitcoin ETF,BTC-USD,2026-07-09,36.51,500.0,0.19,6.539,32.058,68.989,38.11
3675,EZBC,Franklin Bitcoin ETF,Franklin Templeton,EZBC,Franklin Bitcoin ETF,BTC-USD,2026-07-10,36.93,500.0,0.19,6.349,32.058,69.29,38.094
3676,EZBC,Franklin Bitcoin ETF,Franklin Templeton,EZBC,Franklin Bitcoin ETF,BTC-USD,2026-07-13,35.94,500.0,0.19,6.173,29.569,70.998,38.331
3677,EZBC,Franklin Bitcoin ETF,Franklin Templeton,EZBC,Franklin Bitcoin ETF,BTC-USD,2026-07-14,37.29,500.0,0.19,6.074,29.569,73.192,39.172
3678,EZBC,Franklin Bitcoin ETF,Franklin Templeton,EZBC,Franklin Bitcoin ETF,BTC-USD,2026-07-15,37.51,500.0,0.19,5.97,29.569,73.192,38.697
3679,EZBC,Franklin Bitcoin ETF,Franklin Templeton,EZBC,Franklin Bitcoin ETF,BTC-USD,2026-07-16,37.13,500.0,0.19,5.858,29.569,70.998,38.641
3680,EZBC,Franklin Bitcoin ETF,Franklin Templeton,EZBC,Franklin Bitcoin ETF,BTC-USD,2026-07-17,37.07,500.0,0.19,5.888,29.569,66.5,38.524
3681,EZBC,Franklin Bitcoin ETF,Franklin Templeton,EZBC,Franklin Bitcoin ETF,BTC-USD,2026-07-20,37.63,500.0,0.19,5.866,27.082,64.013,37.129
3682,EZBC,Franklin Bitcoin ETF,Franklin Templeton,EZBC,Franklin Bitcoin ETF,BTC-USD,2026-07-21,38.39,500.0,0.19,4.855,27.082,68.511,37.352
3683,EZBC,Franklin Bitcoin ETF,Franklin Templeton,EZBC,Franklin Bitcoin ETF,BTC-USD,2026-07-22,38.08,500.0,0.19,4.748,27.082,68.511,37.368
3684,EZBC,Franklin Bitcoin ETF,Franklin Templeton,EZBC,Franklin Bitcoin ETF,BTC-USD,2026-07-23,37.43,500.0,0.19,4.776,27.082,65.254,37.458
3685,EZBC,Franklin Bitcoin ETF,Franklin Templeton,EZBC,Franklin Bitcoin ETF,BTC-USD,2026-07-24,37.09,500.0,0.19,4.367,27.082,65.254,37.47
3686,EZBC,Franklin Bitcoin ETF,Franklin Templeton,EZBC,Franklin Bitcoin ETF,BTC-USD,2026-07-27,37.49,500.0,0.19,4.18,22.275,60.447,37.53
3687,EZBC,Franklin Bitcoin ETF,Franklin Templeton,EZBC,Franklin Bitcoin ETF,BTC-USD,2026-07-28,36.89,500.0,0.19,3.95,14.389,55.818,37.506
3688,EZBC,Franklin Bitcoin ETF,Franklin Templeton,EZBC,Franklin Bitcoin ETF,BTC-USD,2026-07-29,36.69,500.0,0.19,3.755,4.461,45.89,37.021
3689,EZBC,Franklin Bitcoin ETF,Franklin Templeton,EZBC,Franklin Bitcoin ETF,BTC-USD,2026-07-30,37.4,500.0,0.19,3.662,4.461,45.89,36.953
3690,EZBC,Franklin Bitcoin ETF,Franklin Templeton,EZBC,Franklin Bitcoin ETF,BTC-USD,2026-07-31,36.33,500.0,0.19,3.628,4.461,48.084,37.005
3691,EZBC,Franklin Bitcoin ETF,Franklin Templeton,EZBC,Franklin Bitcoin ETF,BTC-USD,2026-08-03,36.89,500.0,0.19,4.123,9.986,51.415,37.222
3692,EZBC,Franklin Bitcoin ETF,Franklin Templeton,EZBC,Franklin Bitcoin ETF,BTC-USD,2026-08-04,37.11,500.0,0.19,4.052,8.386,46.557,37.192
3693,EZBC,Franklin Bitcoin ETF,Franklin Templeton,EZBC,Franklin Bitcoin ETF,BTC-USD,2026-08-05,37.46,500.0,0.19,3.771,5.525,46.954,37.283
3694,EZBC,Franklin Bitcoin ETF,Franklin Templeton,EZBC,Franklin Bitcoin ETF,BTC-USD,2026-08-06,37.23,500.0,0.19,3.534,10.205,53.41,36.885
3695,EZBC,Franklin Bitcoin ETF,Franklin Templeton,EZBC,Franklin Bitcoin ETF,BTC-USD,2026-08-07,37.53,500.0,0.19,3.456,10.205,53.41,36.898
3696,EZBC,Franklin Bitcoin ETF,Franklin Templeton,EZBC,Franklin Bitcoin ETF,BTC-USD,2026-08-10,36.94,500.0,0.19,4.352,10.205,48.377,36.906
3697,EZBC,Franklin Bitcoin ETF,Franklin Templeton,EZBC,Franklin Bitcoin ETF,BTC-USD,2026-08-11,36.68,500.0,0.19,4.418,10.205,46.623,36.49
3698,EZBC,Franklin Bitcoin ETF,Franklin Templeton,EZBC,Franklin Bitcoin ETF,BTC-USD,2026-08-12,36.61,500.0,0.19,4.22,14.913,49.532,36.119
3699,EZBC,Franklin Bitcoin ETF,Franklin Templeton,EZBC,Franklin Bitcoin ETF,BTC-USD,2026-08-13,36.58,500.0,0.19,4.199,17.96,52.579,35.733
3700,EZBC,Franklin Bitcoin ETF,Franklin Templeton,EZBC,Franklin Bitcoin ETF,BTC-USD,2026-08-14,36.325,500.0,0.19,4.149,17.96,52.579,35.739
3701,EZBC,Franklin Bitcoin ETF,Franklin Templeton,EZBC,Franklin Bitcoin ETF,BTC-USD,2026-08-17,37.14,500.0,0.19,4.248,17.96,56.132,35.995
3702,EZBC,Franklin Bitcoin ETF,Franklin Templeton,EZBC,Franklin Bitcoin ETF,BTC-USD,2026-08-18,37.32,500.0,0.19,4.269,17.96,56.132,36.024
3703,EZBC,Franklin Bitcoin ETF,Franklin Templeton,EZBC,Franklin Bitcoin ETF,BTC-USD,2026-08-19,39.52,500.0,0.19,4.624,17.96,56.132,37.805
3704,EZBC,Franklin Bitcoin ETF,Franklin Templeton,EZBC,Franklin Bitcoin ETF,BTC-USD,2026-08-20,42.0,500.0,0.19,5.069,17.96,56.132,39.919
3705,EZBC,Franklin Bitcoin ETF,Franklin Templeton,EZBC,Franklin Bitcoin ETF,BTC-USD,2026-08-21,44.53,500.0,0.19,5.397,17.96,58.249,41.641
3706,EZBC,Franklin Bitcoin ETF,Franklin Templeton,EZBC,Franklin Bitcoin ETF,BTC-USD,2026-08-24,45.51,500.0,0.19,5.699,17.96,58.249,41.606
3707,EZBC,Franklin Bitcoin ETF,Franklin Templeton,EZBC,Franklin Bitcoin ETF,BTC-USD,2026-08-25,45.62,500.0,0.19,5.83,24.948,65.236,41.606
3708,EZBC,Franklin Bitcoin ETF,Franklin Templeton,EZBC,Franklin Bitcoin ETF,BTC-USD,2026-08-26,45.36,500.0,0.19,5.98,24.948,59.567,41.217
3709,EZBC,Franklin Bitcoin ETF,Franklin Templeton,EZBC,Franklin Bitcoin ETF,BTC-USD,2026-08-27,46.17,500.0,0.19,6.022,24.948,65.236,39.191
