,Ticker,Fund,Issuer,Family,FamilyLabel,Benchmark,Date,Price,AUM,ExpenseRatio,ExecCostBps,ExecLM,NetSpreadBps,NetLM,GrossSpreadBps,AbsGrossBps,HalfLifeDays,SpreadBps,ADVmm
0,IBIT,iShares Bitcoin Trust,BlackRock,IBIT,iShares Bitcoin Trust,BTC-USD,2025-03-07,49.43,80000.0,0.25,99.658,2.0029,-96.82,-1.9904,2.83,2.83,,91.033,2441.868
1,IBIT,iShares Bitcoin Trust,BlackRock,IBIT,iShares Bitcoin Trust,BTC-USD,2025-03-10,44.91,80000.0,0.25,88.923,1.9539,-9.26,-1.0114,79.66,79.66,0.17,82.208,2549.898
2,IBIT,iShares Bitcoin Trust,BlackRock,IBIT,iShares Bitcoin Trust,BTC-USD,2025-03-11,47.24,80000.0,0.25,98.107,1.9961,62.66,1.8039,160.77,160.77,0.21,83.005,2551.557
3,IBIT,iShares Bitcoin Trust,BlackRock,IBIT,iShares Bitcoin Trust,BTC-USD,2025-03-12,47.15,80000.0,0.25,100.63,2.007,-65.99,-1.826,-34.64,34.64,0.12,93.021,2567.59
4,IBIT,iShares Bitcoin Trust,BlackRock,IBIT,iShares Bitcoin Trust,BTC-USD,2025-03-13,45.52,80000.0,0.25,108.075,2.0377,-98.38,-1.9973,-9.69,9.69,0.21,102.572,2589.548
5,IBIT,iShares Bitcoin Trust,BlackRock,IBIT,iShares Bitcoin Trust,BTC-USD,2025-03-14,48.14,80000.0,0.25,102.78,2.0161,128.46,2.1121,231.24,231.24,0.25,91.556,2599.41
6,IBIT,iShares Bitcoin Trust,BlackRock,IBIT,iShares Bitcoin Trust,BTC-USD,2025-03-17,48.06,80000.0,0.25,104.231,2.0221,38.1,1.5922,142.33,142.33,0.27,97.874,2602.664
7,IBIT,iShares Bitcoin Trust,BlackRock,IBIT,iShares Bitcoin Trust,BTC-USD,2025-03-18,46.81,80000.0,0.25,103.721,2.02,-73.5,-1.8722,30.22,30.22,0.26,97.874,2605.191
8,IBIT,iShares Bitcoin Trust,BlackRock,IBIT,iShares Bitcoin Trust,BTC-USD,2025-03-19,48.61,80000.0,0.25,103.721,2.02,-63.92,-1.8124,39.8,39.8,0.26,97.874,2602.35
9,IBIT,iShares Bitcoin Trust,BlackRock,IBIT,iShares Bitcoin Trust,BTC-USD,2025-03-20,47.85,80000.0,0.25,112.812,2.0562,-11.51,-1.0973,101.3,101.3,0.27,106.773,2596.237
10,IBIT,iShares Bitcoin Trust,BlackRock,IBIT,iShares Bitcoin Trust,BTC-USD,2025-03-21,47.7,80000.0,0.25,112.807,2.0562,-97.1,-1.9917,15.7,15.7,0.25,106.773,2568.555
11,IBIT,iShares Bitcoin Trust,BlackRock,IBIT,iShares Bitcoin Trust,BTC-USD,2025-03-24,50.18,80000.0,0.25,107.065,2.0337,162.71,2.2141,269.77,269.77,0.21,101.732,2515.085
12,IBIT,iShares Bitcoin Trust,BlackRock,IBIT,iShares Bitcoin Trust,BTC-USD,2025-03-25,50.14,80000.0,0.25,113.577,2.0591,37.08,1.5807,-150.66,150.66,,105.866,2470.315
13,IBIT,iShares Bitcoin Trust,BlackRock,IBIT,iShares Bitcoin Trust,BTC-USD,2025-03-26,49.18,80000.0,0.25,117.49,2.0737,-62.13,-1.8002,55.36,55.36,,105.866,2290.251
14,IBIT,iShares Bitcoin Trust,BlackRock,IBIT,iShares Bitcoin Trust,BTC-USD,2025-03-27,49.44,80000.0,0.25,125.054,2.1006,-95.81,-1.9859,-29.25,29.25,0.14,112.26,2172.117
15,IBIT,iShares Bitcoin Trust,BlackRock,IBIT,iShares Bitcoin Trust,BTC-USD,2025-03-28,47.56,80000.0,0.25,111.981,2.053,-33.77,-1.5412,78.21,78.21,,97.225,2159.874
16,IBIT,iShares Bitcoin Trust,BlackRock,IBIT,iShares Bitcoin Trust,BTC-USD,2025-03-31,46.81,80000.0,0.25,109.541,2.0435,-85.8,-1.9385,-23.74,23.74,,92.286,2077.34
17,IBIT,iShares Bitcoin Trust,BlackRock,IBIT,iShares Bitcoin Trust,BTC-USD,2025-04-01,48.3,80000.0,0.25,109.545,2.0435,-90.21,-1.96,-19.34,19.34,,92.286,1931.795
18,IBIT,iShares Bitcoin Trust,BlackRock,IBIT,iShares Bitcoin Trust,BTC-USD,2025-04-02,49.41,80000.0,0.25,114.557,2.0628,448.96,2.6532,563.52,563.52,,92.286,1852.56
19,IBIT,iShares Bitcoin Trust,BlackRock,IBIT,iShares Bitcoin Trust,BTC-USD,2025-04-03,46.57,80000.0,0.25,114.557,2.0628,13.78,1.1696,-128.33,128.33,,92.286,1822.613
20,IBIT,iShares Bitcoin Trust,BlackRock,IBIT,iShares Bitcoin Trust,BTC-USD,2025-04-04,47.71,80000.0,0.25,110.779,2.0484,1.48,0.3941,112.26,112.26,,80.951,1857.387
21,IBIT,iShares Bitcoin Trust,BlackRock,IBIT,iShares Bitcoin Trust,BTC-USD,2025-04-07,44.27,80000.0,0.25,104.272,2.0223,128.92,2.1137,-233.2,233.2,,68.638,1944.479
22,IBIT,iShares Bitcoin Trust,BlackRock,IBIT,iShares Bitcoin Trust,BTC-USD,2025-04-08,43.59,80000.0,0.25,125.131,2.1008,-48.91,-1.6982,-76.22,76.22,,89.396,1866.001
23,IBIT,iShares Bitcoin Trust,BlackRock,IBIT,iShares Bitcoin Trust,BTC-USD,2025-04-09,46.83,80000.0,0.25,116.68,2.0707,-52.71,-1.7301,-63.97,63.97,,87.44,1947.441
24,IBIT,iShares Bitcoin Trust,BlackRock,IBIT,iShares Bitcoin Trust,BTC-USD,2025-04-10,45.17,80000.0,0.25,122.826,2.0928,-89.82,-1.9582,33.0,33.0,,88.299,1973.549
25,IBIT,iShares Bitcoin Trust,BlackRock,IBIT,iShares Bitcoin Trust,BTC-USD,2025-04-11,47.67,80000.0,0.25,116.129,2.0687,52.68,1.7298,168.81,168.81,,78.747,2003.71
26,IBIT,iShares Bitcoin Trust,BlackRock,IBIT,iShares Bitcoin Trust,BTC-USD,2025-04-14,48.28,80000.0,0.25,109.728,2.0443,-72.89,-1.8686,-36.84,36.84,,78.747,1978.124
27,IBIT,iShares Bitcoin Trust,BlackRock,IBIT,iShares Bitcoin Trust,BTC-USD,2025-04-15,47.74,80000.0,0.25,109.987,2.0453,-87.71,-1.948,-22.28,22.28,,77.076,1966.323
28,IBIT,iShares Bitcoin Trust,BlackRock,IBIT,iShares Bitcoin Trust,BTC-USD,2025-04-16,47.96,80000.0,0.25,113.286,2.058,-32.2,-1.5212,81.08,81.08,,80.615,1954.046
29,IBIT,iShares Bitcoin Trust,BlackRock,IBIT,iShares Bitcoin Trust,BTC-USD,2025-04-17,48.26,80000.0,0.25,121.114,2.0868,40.22,1.6151,161.33,161.33,,89.077,1914.645
30,IBIT,iShares Bitcoin Trust,BlackRock,IBIT,iShares Bitcoin Trust,BTC-USD,2025-04-21,49.72,80000.0,0.25,108.656,2.04,-90.3,-1.9605,18.36,18.36,,77.273,1980.382
31,IBIT,iShares Bitcoin Trust,BlackRock,IBIT,iShares Bitcoin Trust,BTC-USD,2025-04-22,52.08,80000.0,0.25,108.656,2.04,-2.53,-0.5482,-106.12,106.12,,77.273,2146.846
32,IBIT,iShares Bitcoin Trust,BlackRock,IBIT,iShares Bitcoin Trust,BTC-USD,2025-04-23,53.2,80000.0,0.25,108.643,2.04,-82.78,-1.9231,-25.87,25.87,,77.273,2229.992
33,IBIT,iShares Bitcoin Trust,BlackRock,IBIT,iShares Bitcoin Trust,BTC-USD,2025-04-24,53.26,80000.0,0.25,107.444,2.0352,-73.75,-1.8736,-33.69,33.69,,76.03,2250.053
34,IBIT,iShares Bitcoin Trust,BlackRock,IBIT,iShares Bitcoin Trust,BTC-USD,2025-04-25,54.27,80000.0,0.25,103.53,2.0192,106.58,2.0317,210.11,210.11,,76.03,2307.385
35,IBIT,iShares Bitcoin Trust,BlackRock,IBIT,iShares Bitcoin Trust,BTC-USD,2025-04-28,53.88,80000.0,0.25,102.053,2.0131,-12.7,-1.1366,89.36,89.36,,68.931,2317.322
36,IBIT,iShares Bitcoin Trust,BlackRock,IBIT,iShares Bitcoin Trust,BTC-USD,2025-04-29,54.22,80000.0,0.25,103.91,2.0208,182.92,2.2646,286.83,286.83,,68.931,2312.42
37,IBIT,iShares Bitcoin Trust,BlackRock,IBIT,iShares Bitcoin Trust,BTC-USD,2025-04-30,53.51,80000.0,0.25,105.852,2.0288,-0.74,-0.2412,105.11,105.11,,68.931,2346.017
38,IBIT,iShares Bitcoin Trust,BlackRock,IBIT,iShares Bitcoin Trust,BTC-USD,2025-05-01,54.95,80000.0,0.25,105.852,2.0288,37.15,1.5815,143.0,143.0,,68.931,2414.863
39,IBIT,iShares Bitcoin Trust,BlackRock,IBIT,iShares Bitcoin Trust,BTC-USD,2025-05-02,55.19,80000.0,0.25,101.133,2.0092,276.31,2.443,-377.44,377.44,,69.53,2438.102
40,IBIT,iShares Bitcoin Trust,BlackRock,IBIT,iShares Bitcoin Trust,BTC-USD,2025-05-05,53.63,80000.0,0.25,101.133,2.0092,99.24,2.001,200.37,200.37,,69.53,2411.635
41,IBIT,iShares Bitcoin Trust,BlackRock,IBIT,iShares Bitcoin Trust,BTC-USD,2025-05-06,53.97,80000.0,0.25,101.966,2.0127,-7.01,-0.9035,-94.96,94.96,,75.027,2308.514
42,IBIT,iShares Bitcoin Trust,BlackRock,IBIT,iShares Bitcoin Trust,BTC-USD,2025-05-07,54.68,80000.0,0.25,101.966,2.0127,127.75,2.1097,229.71,229.71,,75.027,2158.864
43,IBIT,iShares Bitcoin Trust,BlackRock,IBIT,iShares Bitcoin Trust,BTC-USD,2025-05-08,57.62,80000.0,0.25,81.1,1.9143,-66.44,-1.8289,-14.66,14.66,,54.269,2207.109
44,IBIT,iShares Bitcoin Trust,BlackRock,IBIT,iShares Bitcoin Trust,BTC-USD,2025-05-09,58.66,80000.0,0.25,67.072,1.833,143.05,2.1585,210.13,210.13,,42.776,2118.394
45,IBIT,iShares Bitcoin Trust,BlackRock,IBIT,iShares Bitcoin Trust,BTC-USD,2025-05-12,57.88,80000.0,0.25,57.622,1.7681,55.76,1.754,113.38,113.38,,33.136,2142.236
46,IBIT,iShares Bitcoin Trust,BlackRock,IBIT,iShares Bitcoin Trust,BTC-USD,2025-05-13,59.62,80000.0,0.25,57.28,1.7655,129.74,2.1164,187.02,187.02,,34.567,2127.918
47,IBIT,iShares Bitcoin Trust,BlackRock,IBIT,iShares Bitcoin Trust,BTC-USD,2025-05-14,58.74,80000.0,0.25,61.605,1.7966,30.85,1.5031,92.45,92.45,,38.931,2160.854
48,IBIT,iShares Bitcoin Trust,BlackRock,IBIT,iShares Bitcoin Trust,BTC-USD,2025-05-15,58.67,80000.0,0.25,56.799,1.7619,20.51,1.3326,77.31,77.31,,35.065,2200.061
49,IBIT,iShares Bitcoin Trust,BlackRock,IBIT,iShares Bitcoin Trust,BTC-USD,2025-05-16,59.2,80000.0,0.25,52.736,1.7303,133.18,2.1277,185.91,185.91,,31.526,2242.642
50,IBIT,iShares Bitcoin Trust,BlackRock,IBIT,iShares Bitcoin Trust,BTC-USD,2025-05-19,59.99,80000.0,0.25,47.315,1.6841,122.94,2.0932,170.25,170.25,,25.763,2332.191
51,IBIT,iShares Bitcoin Trust,BlackRock,IBIT,iShares Bitcoin Trust,BTC-USD,2025-05-20,60.91,80000.0,0.25,50.828,1.7146,157.61,2.2003,208.44,208.44,,25.763,2341.296
52,IBIT,iShares Bitcoin Trust,BlackRock,IBIT,iShares Bitcoin Trust,BTC-USD,2025-05-21,61.79,80000.0,0.25,50.819,1.7145,202.8,2.3092,253.62,253.62,,25.763,2424.338
53,IBIT,iShares Bitcoin Trust,BlackRock,IBIT,iShares Bitcoin Trust,BTC-USD,2025-05-22,63.23,80000.0,0.25,50.817,1.7145,79.54,1.906,130.36,130.36,,25.763,2470.282
54,IBIT,iShares Bitcoin Trust,BlackRock,IBIT,iShares Bitcoin Trust,BTC-USD,2025-05-23,61.83,80000.0,0.25,48.124,1.6913,234.08,2.3712,282.21,282.21,,22.871,2580.522
55,IBIT,iShares Bitcoin Trust,BlackRock,IBIT,iShares Bitcoin Trust,BTC-USD,2025-05-27,62.5,80000.0,0.25,53.649,1.7376,79.27,1.9046,132.92,132.92,,24.354,2603.316
56,IBIT,iShares Bitcoin Trust,BlackRock,IBIT,iShares Bitcoin Trust,BTC-USD,2025-05-28,60.79,80000.0,0.25,46.914,1.6805,4.44,0.7358,51.36,51.36,,23.057,2643.748
57,IBIT,iShares Bitcoin Trust,BlackRock,IBIT,iShares Bitcoin Trust,BTC-USD,2025-05-29,59.99,80000.0,0.25,46.137,1.6734,-17.63,-1.2702,-28.51,28.51,,23.083,2763.579
58,IBIT,iShares Bitcoin Trust,BlackRock,IBIT,iShares Bitcoin Trust,BTC-USD,2025-05-30,59.46,80000.0,0.25,44.175,1.6549,104.51,2.0233,148.69,148.69,,23.083,2805.801
59,IBIT,iShares Bitcoin Trust,BlackRock,IBIT,iShares Bitcoin Trust,BTC-USD,2025-06-02,59.36,80000.0,0.25,50.175,1.7091,23.23,1.3843,-73.4,73.4,,26.083,2754.507
60,IBIT,iShares Bitcoin Trust,BlackRock,IBIT,iShares Bitcoin Trust,BTC-USD,2025-06-03,60.4,80000.0,0.25,49.878,1.7065,85.2,1.9355,135.08,135.08,,25.484,2747.836
61,IBIT,iShares Bitcoin Trust,BlackRock,IBIT,iShares Bitcoin Trust,BTC-USD,2025-06-04,59.64,80000.0,0.25,49.917,1.7069,95.39,1.984,145.3,145.3,,25.484,2776.016
62,IBIT,iShares Bitcoin Trust,BlackRock,IBIT,iShares Bitcoin Trust,BTC-USD,2025-06-05,57.87,80000.0,0.25,47.454,1.6853,200.64,2.3046,248.09,248.09,,22.675,2882.946
63,IBIT,iShares Bitcoin Trust,BlackRock,IBIT,iShares Bitcoin Trust,BTC-USD,2025-06-06,59.26,80000.0,0.25,56.97,1.7632,77.51,1.8949,134.48,134.48,,25.86,2903.095
64,IBIT,iShares Bitcoin Trust,BlackRock,IBIT,iShares Bitcoin Trust,BTC-USD,2025-06-09,61.77,80000.0,0.25,56.97,1.7632,59.02,1.7783,115.99,115.99,,25.86,2880.23
65,IBIT,iShares Bitcoin Trust,BlackRock,IBIT,iShares Bitcoin Trust,BTC-USD,2025-06-10,62.29,80000.0,0.25,58.933,1.7777,-58.12,-1.7717,-0.81,0.81,,25.86,2875.834
66,IBIT,iShares Bitcoin Trust,BlackRock,IBIT,iShares Bitcoin Trust,BTC-USD,2025-06-11,61.84,80000.0,0.25,63.523,1.8097,105.26,2.0264,168.79,168.79,,31.249,2842.93
67,IBIT,iShares Bitcoin Trust,BlackRock,IBIT,iShares Bitcoin Trust,BTC-USD,2025-06-12,60.7,80000.0,0.25,56.654,1.7608,-37.1,-1.5809,19.56,19.56,,29.818,2840.28
68,IBIT,iShares Bitcoin Trust,BlackRock,IBIT,iShares Bitcoin Trust,BTC-USD,2025-06-13,59.74,80000.0,0.25,52.329,1.727,6.79,0.8917,-59.12,59.12,,25.454,2852.435
69,IBIT,iShares Bitcoin Trust,BlackRock,IBIT,iShares Bitcoin Trust,BTC-USD,2025-06-16,61.8,80000.0,0.25,48.536,1.6949,207.99,2.3201,256.53,256.53,,21.518,2883.486
70,IBIT,iShares Bitcoin Trust,BlackRock,IBIT,iShares Bitcoin Trust,BTC-USD,2025-06-17,59.5,80000.0,0.25,50.359,1.7106,8.61,0.9827,-58.97,58.97,,21.518,2930.903
71,IBIT,iShares Bitcoin Trust,BlackRock,IBIT,iShares Bitcoin Trust,BTC-USD,2025-06-18,58.97,80000.0,0.25,53.8,1.7388,67.83,1.8378,-121.63,121.63,,25.796,2899.075
72,IBIT,iShares Bitcoin Trust,BlackRock,IBIT,iShares Bitcoin Trust,BTC-USD,2025-06-20,58.67,80000.0,0.25,55.175,1.7495,38.51,1.5967,-93.69,93.69,,30.674,2853.23
73,IBIT,iShares Bitcoin Trust,BlackRock,IBIT,iShares Bitcoin Trust,BTC-USD,2025-06-23,58.67,80000.0,0.25,59.609,1.7825,116.01,2.0682,-175.61,175.61,,30.674,2740.615
74,IBIT,iShares Bitcoin Trust,BlackRock,IBIT,iShares Bitcoin Trust,BTC-USD,2025-06-24,60.06,80000.0,0.25,59.611,1.7826,-13.38,-1.1578,-46.23,46.23,,30.674,2655.745
75,IBIT,iShares Bitcoin Trust,BlackRock,IBIT,iShares Bitcoin Trust,BTC-USD,2025-06-25,61.275,80000.0,0.25,57.004,1.7635,26.25,1.4354,-83.26,83.26,,30.674,2592.369
76,IBIT,iShares Bitcoin Trust,BlackRock,IBIT,iShares Bitcoin Trust,BTC-USD,2025-06-26,61.14,80000.0,0.25,54.727,1.7461,-14.22,-1.1823,-40.51,40.51,,31.533,2530.629
77,IBIT,iShares Bitcoin Trust,BlackRock,IBIT,iShares Bitcoin Trust,BTC-USD,2025-06-27,60.72,80000.0,0.25,58.031,1.7711,0.76,0.2456,58.79,58.79,,36.215,2505.604
78,IBIT,iShares Bitcoin Trust,BlackRock,IBIT,iShares Bitcoin Trust,BTC-USD,2025-06-30,61.21,80000.0,0.25,58.25,1.7727,27.12,1.4491,85.37,85.37,0.17,39.985,2404.79
79,IBIT,iShares Bitcoin Trust,BlackRock,IBIT,iShares Bitcoin Trust,BTC-USD,2025-07-01,59.84,80000.0,0.25,58.261,1.7728,15.78,1.2247,-74.04,74.04,0.3,39.985,2376.823
80,IBIT,iShares Bitcoin Trust,BlackRock,IBIT,iShares Bitcoin Trust,BTC-USD,2025-07-02,62.42,80000.0,0.25,55.17,1.7495,210.69,2.3257,265.86,265.86,0.28,36.986,2485.83
81,IBIT,iShares Bitcoin Trust,BlackRock,IBIT,iShares Bitcoin Trust,BTC-USD,2025-07-03,62.19,80000.0,0.25,55.17,1.7495,-8.34,-0.9703,-46.83,46.83,0.27,36.986,2475.041
82,IBIT,iShares Bitcoin Trust,BlackRock,IBIT,iShares Bitcoin Trust,BTC-USD,2025-07-07,61.4,80000.0,0.25,55.13,1.7492,-54.71,-1.7459,0.42,0.42,0.23,36.986,2493.624
83,IBIT,iShares Bitcoin Trust,BlackRock,IBIT,iShares Bitcoin Trust,BTC-USD,2025-07-08,61.82,80000.0,0.25,55.571,1.7526,-5.14,-0.7883,50.43,50.43,0.21,34.298,2420.565
84,IBIT,iShares Bitcoin Trust,BlackRock,IBIT,iShares Bitcoin Trust,BTC-USD,2025-07-09,63.58,80000.0,0.25,46.054,1.6726,104.18,2.0219,150.23,150.23,0.2,31.113,2495.769
85,IBIT,iShares Bitcoin Trust,BlackRock,IBIT,iShares Bitcoin Trust,BTC-USD,2025-07-10,64.5,80000.0,0.25,46.046,1.6725,-22.04,-1.3625,24.01,24.01,0.2,31.113,2624.938
86,IBIT,iShares Bitcoin Trust,BlackRock,IBIT,iShares Bitcoin Trust,BTC-USD,2025-07-11,67.21,80000.0,0.25,44.089,1.6541,201.57,2.3066,245.66,245.66,0.2,31.113,2777.106
87,IBIT,iShares Bitcoin Trust,BlackRock,IBIT,iShares Bitcoin Trust,BTC-USD,2025-07-14,68.18,80000.0,0.25,35.898,1.567,144.87,2.164,180.77,180.77,0.22,22.676,2909.816
88,IBIT,iShares Bitcoin Trust,BlackRock,IBIT,iShares Bitcoin Trust,BTC-USD,2025-07-15,66.16,80000.0,0.25,35.89,1.5669,-29.36,-1.4824,-6.53,6.53,0.2,22.676,3062.285
89,IBIT,iShares Bitcoin Trust,BlackRock,IBIT,iShares Bitcoin Trust,BTC-USD,2025-07-16,67.83,80000.0,0.25,39.935,1.6121,314.16,2.4985,354.1,354.1,0.15,22.676,3131.55
90,IBIT,iShares Bitcoin Trust,BlackRock,IBIT,iShares Bitcoin Trust,BTC-USD,2025-07-17,67.65,80000.0,0.25,46.19,1.6738,-45.48,-1.6672,0.71,0.71,,28.7,3152.692
91,IBIT,iShares Bitcoin Trust,BlackRock,IBIT,iShares Bitcoin Trust,BTC-USD,2025-07-18,66.68,80000.0,0.25,52.025,1.7245,97.7,1.9943,149.72,149.72,,32.666,3161.944
92,IBIT,iShares Bitcoin Trust,BlackRock,IBIT,iShares Bitcoin Trust,BTC-USD,2025-07-21,66.33,80000.0,0.25,53.374,1.7354,198.83,2.3007,252.2,252.2,,33.032,3197.861
93,IBIT,iShares Bitcoin Trust,BlackRock,IBIT,iShares Bitcoin Trust,BTC-USD,2025-07-22,67.82,80000.0,0.25,54.316,1.7428,158.6,2.203,212.92,212.92,,29.609,3245.914
94,IBIT,iShares Bitcoin Trust,BlackRock,IBIT,iShares Bitcoin Trust,BTC-USD,2025-07-23,67.29,80000.0,0.25,54.594,1.745,355.05,2.5515,409.64,409.64,0.2,31.022,3179.578
95,IBIT,iShares Bitcoin Trust,BlackRock,IBIT,iShares Bitcoin Trust,BTC-USD,2025-07-24,67.66,80000.0,0.25,57.978,1.7707,232.85,2.3689,290.83,290.83,0.28,31.091,3171.199
96,IBIT,iShares Bitcoin Trust,BlackRock,IBIT,iShares Bitcoin Trust,BTC-USD,2025-07-25,66.36,80000.0,0.25,57.978,1.7707,-10.48,-1.0599,47.5,47.5,0.26,31.091,3222.74
97,IBIT,iShares Bitcoin Trust,BlackRock,IBIT,iShares Bitcoin Trust,BTC-USD,2025-07-28,67.1,80000.0,0.25,54.732,1.7461,74.54,1.8782,129.27,129.27,0.26,28.748,3260.853
98,IBIT,iShares Bitcoin Trust,BlackRock,IBIT,iShares Bitcoin Trust,BTC-USD,2025-07-29,66.71,80000.0,0.25,55.798,1.7543,94.43,1.9797,150.23,150.23,0.26,29.037,3279.815
99,IBIT,iShares Bitcoin Trust,BlackRock,IBIT,iShares Bitcoin Trust,BTC-USD,2025-07-30,66.37,80000.0,0.25,57.232,1.7652,-29.15,-1.4793,28.08,28.08,0.28,30.038,3309.48
100,IBIT,iShares Bitcoin Trust,BlackRock,IBIT,iShares Bitcoin Trust,BTC-USD,2025-07-31,66.32,80000.0,0.25,65.805,1.8248,213.05,2.3305,278.86,278.86,0.36,36.248,3339.051
101,IBIT,iShares Bitcoin Trust,BlackRock,IBIT,iShares Bitcoin Trust,BTC-USD,2025-08-01,64.22,80000.0,0.25,62.897,1.8055,-38.42,-1.5957,-24.48,24.48,0.35,36.248,3356.716
102,IBIT,iShares Bitcoin Trust,BlackRock,IBIT,iShares Bitcoin Trust,BTC-USD,2025-08-04,65.2,80000.0,0.25,67.257,1.8341,26.22,1.4348,93.47,93.47,0.39,41.338,3353.086
103,IBIT,iShares Bitcoin Trust,BlackRock,IBIT,iShares Bitcoin Trust,BTC-USD,2025-08-05,64.55,80000.0,0.25,67.257,1.8341,16.91,1.2532,84.17,84.17,0.41,41.338,3338.88
104,IBIT,iShares Bitcoin Trust,BlackRock,IBIT,iShares Bitcoin Trust,BTC-USD,2025-08-06,65.51,80000.0,0.25,66.037,1.8263,82.29,1.9206,148.33,148.33,0.43,41.338,3335.933
105,IBIT,iShares Bitcoin Trust,BlackRock,IBIT,iShares Bitcoin Trust,BTC-USD,2025-08-07,66.83,80000.0,0.25,66.037,1.8263,-0.18,-0.0714,65.86,65.86,0.43,41.338,3295.072
106,IBIT,iShares Bitcoin Trust,BlackRock,IBIT,iShares Bitcoin Trust,BTC-USD,2025-08-08,66.13,80000.0,0.25,70.78,1.856,136.25,2.1375,207.03,207.03,0.42,46.682,3128.332
107,IBIT,iShares Bitcoin Trust,BlackRock,IBIT,iShares Bitcoin Trust,BTC-USD,2025-08-11,67.64,80000.0,0.25,70.78,1.856,-46.26,-1.6745,-24.52,24.52,0.4,46.682,3017.604
108,IBIT,iShares Bitcoin Trust,BlackRock,IBIT,iShares Bitcoin Trust,BTC-USD,2025-08-12,67.95,80000.0,0.25,75.68,1.8847,-8.48,-0.9767,-67.2,67.2,0.43,51.744,2903.824
109,IBIT,iShares Bitcoin Trust,BlackRock,IBIT,iShares Bitcoin Trust,BTC-USD,2025-08-13,69.84,80000.0,0.25,75.68,1.8847,63.18,1.8074,138.86,138.86,0.41,51.744,2827.566
110,IBIT,iShares Bitcoin Trust,BlackRock,IBIT,iShares Bitcoin Trust,BTC-USD,2025-08-14,67.03,80000.0,0.25,78.348,1.8995,11.4,1.0934,-89.75,89.75,0.39,51.744,2865.72
111,IBIT,iShares Bitcoin Trust,BlackRock,IBIT,iShares Bitcoin Trust,BTC-USD,2025-08-15,66.44,80000.0,0.25,73.393,1.8715,-31.52,-1.5121,-41.88,41.88,0.41,48.064,2844.995
112,IBIT,iShares Bitcoin Trust,BlackRock,IBIT,iShares Bitcoin Trust,BTC-USD,2025-08-18,66.05,80000.0,0.25,65.726,1.8243,-26.57,-1.4404,39.16,39.16,0.39,44.098,2789.707
113,IBIT,iShares Bitcoin Trust,BlackRock,IBIT,iShares Bitcoin Trust,BTC-USD,2025-08-19,64.19,80000.0,0.25,58.897,1.7774,-27.5,-1.4549,31.39,31.39,0.39,36.755,2813.872
114,IBIT,iShares Bitcoin Trust,BlackRock,IBIT,iShares Bitcoin Trust,BTC-USD,2025-08-20,64.9,80000.0,0.25,56.201,1.7574,-42.49,-1.6384,-13.71,13.71,0.38,39.129,2793.392
115,IBIT,iShares Bitcoin Trust,BlackRock,IBIT,iShares Bitcoin Trust,BTC-USD,2025-08-21,63.69,80000.0,0.25,58.129,1.7718,2.21,0.5068,-60.34,60.34,0.39,43.1,2785.315
116,IBIT,iShares Bitcoin Trust,BlackRock,IBIT,iShares Bitcoin Trust,BTC-USD,2025-08-22,66.25,80000.0,0.25,59.99,1.7853,46.35,1.6753,-106.34,106.34,0.42,46.798,2888.733
117,IBIT,iShares Bitcoin Trust,BlackRock,IBIT,iShares Bitcoin Trust,BTC-USD,2025-08-25,62.88,80000.0,0.25,60.007,1.7854,-1.25,-0.3523,58.76,58.76,0.41,46.798,2885.378
118,IBIT,iShares Bitcoin Trust,BlackRock,IBIT,iShares Bitcoin Trust,BTC-USD,2025-08-26,63.1,80000.0,0.25,63.986,1.8128,70.18,1.8524,-134.17,134.17,0.43,46.798,2886.174
119,IBIT,iShares Bitcoin Trust,BlackRock,IBIT,iShares Bitcoin Trust,BTC-USD,2025-08-27,63.65,80000.0,0.25,61.296,1.7945,-3.04,-0.6063,58.26,58.26,0.43,41.828,2866.616
120,IBIT,iShares Bitcoin Trust,BlackRock,IBIT,iShares Bitcoin Trust,BTC-USD,2025-08-28,63.58,80000.0,0.25,59.219,1.7797,-41.35,-1.6269,-17.87,17.87,0.45,37.03,2830.883
121,IBIT,iShares Bitcoin Trust,BlackRock,IBIT,iShares Bitcoin Trust,BTC-USD,2025-08-29,61.44,80000.0,0.25,50.641,1.713,102.46,2.0148,-153.1,153.1,0.47,30.82,2853.969
122,IBIT,iShares Bitcoin Trust,BlackRock,IBIT,iShares Bitcoin Trust,BTC-USD,2025-09-02,62.97,80000.0,0.25,55.746,1.7539,-52.59,-1.7291,-3.16,3.16,0.46,30.82,2779.729
123,IBIT,iShares Bitcoin Trust,BlackRock,IBIT,iShares Bitcoin Trust,BTC-USD,2025-09-03,63.77,80000.0,0.25,51.39,1.7193,8.65,0.9845,60.04,60.04,0.45,25.73,2790.541
124,IBIT,iShares Bitcoin Trust,BlackRock,IBIT,iShares Bitcoin Trust,BTC-USD,2025-09-04,62.35,80000.0,0.25,52.662,1.7297,-3.42,-0.6452,-49.24,49.24,0.44,25.73,2791.572
125,IBIT,iShares Bitcoin Trust,BlackRock,IBIT,iShares Bitcoin Trust,BTC-USD,2025-09-05,63.42,80000.0,0.25,52.098,1.7251,-5.11,-0.7863,46.98,46.98,0.44,25.73,2852.484
126,IBIT,iShares Bitcoin Trust,BlackRock,IBIT,iShares Bitcoin Trust,BTC-USD,2025-09-08,63.7,80000.0,0.25,56.833,1.7622,-11.34,-1.0913,-45.49,45.49,0.45,27.826,2833.476
127,IBIT,iShares Bitcoin Trust,BlackRock,IBIT,iShares Bitcoin Trust,BTC-USD,2025-09-09,63.22,80000.0,0.25,57.213,1.765,-28.47,-1.4694,-28.74,28.74,0.47,25.274,2850.586
128,IBIT,iShares Bitcoin Trust,BlackRock,IBIT,iShares Bitcoin Trust,BTC-USD,2025-09-10,64.53,80000.0,0.25,60.502,1.7889,45.92,1.6713,-106.42,106.42,0.48,25.274,2850.415
129,IBIT,iShares Bitcoin Trust,BlackRock,IBIT,iShares Bitcoin Trust,BTC-USD,2025-09-11,65.03,80000.0,0.25,56.048,1.7562,44.24,1.6555,-100.29,100.29,0.54,21.104,2849.476
130,IBIT,iShares Bitcoin Trust,BlackRock,IBIT,iShares Bitcoin Trust,BTC-USD,2025-09-12,66.38,80000.0,0.25,56.048,1.7562,-47.43,-1.6851,8.61,8.61,0.59,21.104,2820.612
131,IBIT,iShares Bitcoin Trust,BlackRock,IBIT,iShares Bitcoin Trust,BTC-USD,2025-09-15,65.5,80000.0,0.25,52.872,1.7314,-27.21,-1.4504,-25.66,25.66,0.57,21.104,2699.455
132,IBIT,iShares Bitcoin Trust,BlackRock,IBIT,iShares Bitcoin Trust,BTC-USD,2025-09-16,66.37,80000.0,0.25,54.668,1.7456,-46.26,-1.6745,8.41,8.41,0.55,18.76,2681.42
133,IBIT,iShares Bitcoin Trust,BlackRock,IBIT,iShares Bitcoin Trust,BTC-USD,2025-09-17,65.67,80000.0,0.25,61.787,1.7979,32.94,1.5307,-94.72,94.72,0.52,24.89,2719.506
134,IBIT,iShares Bitcoin Trust,BlackRock,IBIT,iShares Bitcoin Trust,BTC-USD,2025-09-18,66.75,80000.0,0.25,61.405,1.7952,-29.43,-1.4833,31.97,31.97,0.5,24.89,2668.948
135,IBIT,iShares Bitcoin Trust,BlackRock,IBIT,iShares Bitcoin Trust,BTC-USD,2025-09-19,65.37,80000.0,0.25,58.938,1.7777,-9.96,-1.0399,-48.98,48.98,0.49,21.062,2645.551
136,IBIT,iShares Bitcoin Trust,BlackRock,IBIT,iShares Bitcoin Trust,BTC-USD,2025-09-22,63.65,80000.0,0.25,52.295,1.7267,-24.51,-1.4067,-27.78,27.78,0.48,15.677,2670.694
137,IBIT,iShares Bitcoin Trust,BlackRock,IBIT,iShares Bitcoin Trust,BTC-USD,2025-09-23,63.41,80000.0,0.25,49.267,1.7013,-11.25,-1.0883,-38.01,38.01,0.5,16.354,2581.367
138,IBIT,iShares Bitcoin Trust,BlackRock,IBIT,iShares Bitcoin Trust,BTC-USD,2025-09-24,64.42,80000.0,0.25,52.054,1.7247,-33.11,-1.5329,-18.94,18.94,0.5,16.354,2509.123
139,IBIT,iShares Bitcoin Trust,BlackRock,IBIT,iShares Bitcoin Trust,BTC-USD,2025-09-25,62.1,80000.0,0.25,49.518,1.7034,42.1,1.6345,91.62,91.62,0.5,16.354,2573.235
140,IBIT,iShares Bitcoin Trust,BlackRock,IBIT,iShares Bitcoin Trust,BTC-USD,2025-09-26,61.94,80000.0,0.25,51.144,1.7172,75.22,1.8821,-126.36,126.36,0.54,20.88,2614.8
141,IBIT,iShares Bitcoin Trust,BlackRock,IBIT,iShares Bitcoin Trust,BTC-USD,2025-09-29,64.97,80000.0,0.25,49.451,1.7029,17.42,1.2654,66.87,66.87,0.58,20.88,2679.36
142,IBIT,iShares Bitcoin Trust,BlackRock,IBIT,iShares Bitcoin Trust,BTC-USD,2025-09-30,65.0,80000.0,0.25,53.342,1.7351,44.37,1.6568,97.71,97.71,0.58,25.465,2643.258
143,IBIT,iShares Bitcoin Trust,BlackRock,IBIT,iShares Bitcoin Trust,BTC-USD,2025-10-01,66.74,80000.0,0.25,48.238,1.6923,-24.32,-1.4035,-23.92,23.92,0.57,25.465,2687.593
144,IBIT,iShares Bitcoin Trust,BlackRock,IBIT,iShares Bitcoin Trust,BTC-USD,2025-10-02,68.77,80000.0,0.25,48.242,1.6923,-16.56,-1.2445,31.68,31.68,0.57,25.465,2787.545
145,IBIT,iShares Bitcoin Trust,BlackRock,IBIT,iShares Bitcoin Trust,BTC-USD,2025-10-03,69.81,80000.0,0.25,46.967,1.6809,146.13,2.1677,193.09,193.09,0.57,25.465,2966.946
146,IBIT,iShares Bitcoin Trust,BlackRock,IBIT,iShares Bitcoin Trust,BTC-USD,2025-10-06,71.29,80000.0,0.25,45.797,1.6702,-18.37,-1.2871,27.43,27.43,0.57,25.465,3055.705
147,IBIT,iShares Bitcoin Trust,BlackRock,IBIT,iShares Bitcoin Trust,BTC-USD,2025-10-07,69.13,80000.0,0.25,41.047,1.6237,21.97,1.3611,63.02,63.02,0.54,23.368,3211.961
148,IBIT,iShares Bitcoin Trust,BlackRock,IBIT,iShares Bitcoin Trust,BTC-USD,2025-10-08,70.06,80000.0,0.25,43.645,1.6498,30.01,1.4916,73.66,73.66,0.56,27.223,3284.12
149,IBIT,iShares Bitcoin Trust,BlackRock,IBIT,iShares Bitcoin Trust,BTC-USD,2025-10-09,68.74,80000.0,0.25,43.345,1.6468,-26.49,-1.4392,16.85,16.85,0.59,27.44,3327.793
150,IBIT,iShares Bitcoin Trust,BlackRock,IBIT,iShares Bitcoin Trust,BTC-USD,2025-10-10,66.2,80000.0,0.25,43.599,1.6493,300.91,2.4799,344.51,344.51,0.67,27.949,3551.307
151,IBIT,iShares Bitcoin Trust,BlackRock,IBIT,iShares Bitcoin Trust,BTC-USD,2025-10-13,65.81,80000.0,0.25,44.258,1.6557,-8.54,-0.9796,-35.72,35.72,0.57,27.949,3623.09
152,IBIT,iShares Bitcoin Trust,BlackRock,IBIT,iShares Bitcoin Trust,BTC-USD,2025-10-14,63.91,80000.0,0.25,40.721,1.6204,40.66,1.6198,-81.39,81.39,0.54,27.949,3747.397
153,IBIT,iShares Bitcoin Trust,BlackRock,IBIT,iShares Bitcoin Trust,BTC-USD,2025-10-15,63.17,80000.0,0.25,45.803,1.6703,-13.23,-1.1531,-32.58,32.58,0.5,34.351,3789.3
154,IBIT,iShares Bitcoin Trust,BlackRock,IBIT,iShares Bitcoin Trust,BTC-USD,2025-10-16,61.43,80000.0,0.25,38.684,1.5986,-11.32,-1.0908,-27.36,27.36,0.4,28.222,3905.115
155,IBIT,iShares Bitcoin Trust,BlackRock,IBIT,iShares Bitcoin Trust,BTC-USD,2025-10-17,60.47,80000.0,0.25,38.681,1.5986,110.88,2.0487,-149.56,149.56,0.25,28.222,4053.634
156,IBIT,iShares Bitcoin Trust,BlackRock,IBIT,iShares Bitcoin Trust,BTC-USD,2025-10-20,62.93,80000.0,0.25,38.024,1.5913,-35.45,-1.5617,-2.57,2.57,0.24,28.222,4106.081
157,IBIT,iShares Bitcoin Trust,BlackRock,IBIT,iShares Bitcoin Trust,BTC-USD,2025-10-21,63.49,80000.0,0.25,45.962,1.6717,228.03,2.3599,274.0,274.0,0.22,31.308,4225.2
158,IBIT,iShares Bitcoin Trust,BlackRock,IBIT,iShares Bitcoin Trust,BTC-USD,2025-10-22,61.21,80000.0,0.25,43.741,1.6507,13.12,1.1497,-56.86,56.86,,26.863,4315.159
159,IBIT,iShares Bitcoin Trust,BlackRock,IBIT,iShares Bitcoin Trust,BTC-USD,2025-10-23,62.56,80000.0,0.25,40.954,1.6228,34.83,1.5542,-75.78,75.78,,26.863,4344.034
160,IBIT,iShares Bitcoin Trust,BlackRock,IBIT,iShares Bitcoin Trust,BTC-USD,2025-10-24,62.83,80000.0,0.25,41.841,1.6319,74.48,1.8779,-116.32,116.32,0.12,31.525,4274.936
161,IBIT,iShares Bitcoin Trust,BlackRock,IBIT,iShares Bitcoin Trust,BTC-USD,2025-10-27,65.28,80000.0,0.25,38.155,1.5928,66.32,1.8282,104.48,104.48,,26.999,4284.169
162,IBIT,iShares Bitcoin Trust,BlackRock,IBIT,iShares Bitcoin Trust,BTC-USD,2025-10-28,64.49,80000.0,0.25,42.161,1.6351,-41.74,-1.6309,0.42,0.42,0.08,30.073,4272.275
163,IBIT,iShares Bitcoin Trust,BlackRock,IBIT,iShares Bitcoin Trust,BTC-USD,2025-10-29,62.75,80000.0,0.25,38.267,1.594,35.02,1.5565,-73.29,73.29,,25.488,4384.264
164,IBIT,iShares Bitcoin Trust,BlackRock,IBIT,iShares Bitcoin Trust,BTC-USD,2025-10-30,60.4,80000.0,0.25,38.267,1.594,160.41,2.2079,-198.68,198.68,,25.488,4365.589
165,IBIT,iShares Bitcoin Trust,BlackRock,IBIT,iShares Bitcoin Trust,BTC-USD,2025-10-31,62.3,80000.0,0.25,41.788,1.6313,91.54,1.9663,-133.33,133.33,0.18,25.488,4302.053
166,IBIT,iShares Bitcoin Trust,BlackRock,IBIT,iShares Bitcoin Trust,BTC-USD,2025-11-03,60.53,80000.0,0.25,43.79,1.6512,142.51,2.1569,-186.3,186.3,0.2,25.488,4174.692
167,IBIT,iShares Bitcoin Trust,BlackRock,IBIT,iShares Bitcoin Trust,BTC-USD,2025-11-04,57.18,80000.0,0.25,43.79,1.6512,278.68,2.4467,-322.47,322.47,0.34,25.488,4227.975
168,IBIT,iShares Bitcoin Trust,BlackRock,IBIT,iShares Bitcoin Trust,BTC-USD,2025-11-05,58.92,80000.0,0.25,56.521,1.7598,137.22,2.1406,-193.74,193.74,0.42,31.747,4103.55
169,IBIT,iShares Bitcoin Trust,BlackRock,IBIT,iShares Bitcoin Trust,BTC-USD,2025-11-06,57.26,80000.0,0.25,55.438,1.7516,168.19,2.2284,-223.62,223.62,0.49,25.1,4072.206
170,IBIT,iShares Bitcoin Trust,BlackRock,IBIT,iShares Bitcoin Trust,BTC-USD,2025-11-07,58.88,80000.0,0.25,63.456,1.8093,15.1,1.2069,-78.56,78.56,0.53,33.035,4069.199
171,IBIT,iShares Bitcoin Trust,BlackRock,IBIT,iShares Bitcoin Trust,BTC-USD,2025-11-10,60.19,80000.0,0.25,62.756,1.8045,295.17,2.4715,-357.92,357.92,0.57,31.635,3884.64
172,IBIT,iShares Bitcoin Trust,BlackRock,IBIT,iShares Bitcoin Trust,BTC-USD,2025-11-11,58.35,80000.0,0.25,64.656,1.8173,120.54,2.0847,-185.2,185.2,0.6,31.635,3753.844
173,IBIT,iShares Bitcoin Trust,BlackRock,IBIT,iShares Bitcoin Trust,BTC-USD,2025-11-12,57.59,80000.0,0.25,67.732,1.8372,0.95,0.2902,-68.68,68.68,0.59,36.808,3637.67
174,IBIT,iShares Bitcoin Trust,BlackRock,IBIT,iShares Bitcoin Trust,BTC-USD,2025-11-13,55.59,80000.0,0.25,60.542,1.7892,238.06,2.3785,-298.6,298.6,0.61,30.405,3695.774
175,IBIT,iShares Bitcoin Trust,BlackRock,IBIT,iShares Bitcoin Trust,BTC-USD,2025-11-14,53.475,80000.0,0.25,60.542,1.7892,50.88,1.715,-111.42,111.42,0.6,30.405,3675.109
176,IBIT,iShares Bitcoin Trust,BlackRock,IBIT,iShares Bitcoin Trust,BTC-USD,2025-11-17,52.1,80000.0,0.25,60.542,1.7892,65.57,1.8233,-126.11,126.11,0.61,30.405,3632.636
177,IBIT,iShares Bitcoin Trust,BlackRock,IBIT,iShares Bitcoin Trust,BTC-USD,2025-11-18,52.66,80000.0,0.25,64.471,1.8161,101.03,2.0087,-165.5,165.5,0.64,38.266,3667.147
178,IBIT,iShares Bitcoin Trust,BlackRock,IBIT,iShares Bitcoin Trust,BTC-USD,2025-11-19,50.73,80000.0,0.25,63.152,1.8072,561.13,2.7498,-624.28,624.28,0.8,35.18,3648.076
179,IBIT,iShares Bitcoin Trust,BlackRock,IBIT,iShares Bitcoin Trust,BTC-USD,2025-11-20,48.96,80000.0,0.25,73.745,1.8736,118.67,2.078,-192.42,192.42,0.72,40.331,3722.41
180,IBIT,iShares Bitcoin Trust,BlackRock,IBIT,iShares Bitcoin Trust,BTC-USD,2025-11-21,47.97,80000.0,0.25,73.744,1.8736,178.77,2.2547,-252.51,252.51,0.75,40.331,3982.756
181,IBIT,iShares Bitcoin Trust,BlackRock,IBIT,iShares Bitcoin Trust,BTC-USD,2025-11-24,50.57,80000.0,0.25,71.414,1.8598,-26.99,-1.447,-44.42,44.42,0.73,35.67,4062.428
182,IBIT,iShares Bitcoin Trust,BlackRock,IBIT,iShares Bitcoin Trust,BTC-USD,2025-11-25,49.56,80000.0,0.25,78.777,1.9019,199.74,2.3026,-278.52,278.52,0.74,42.023,4062.707
183,IBIT,iShares Bitcoin Trust,BlackRock,IBIT,iShares Bitcoin Trust,BTC-USD,2025-11-26,51.03,80000.0,0.25,77.484,1.8948,218.03,2.3405,-295.51,295.51,0.78,38.949,4078.112
184,IBIT,iShares Bitcoin Trust,BlackRock,IBIT,iShares Bitcoin Trust,BTC-USD,2025-11-28,51.55,80000.0,0.25,77.484,1.8948,120.86,2.0859,-198.34,198.34,0.8,38.949,3964.39
185,IBIT,iShares Bitcoin Trust,BlackRock,IBIT,iShares Bitcoin Trust,BTC-USD,2025-12-01,48.5,80000.0,0.25,77.484,1.8948,-4.16,-0.7125,-73.33,73.33,0.78,38.949,4005.508
186,IBIT,iShares Bitcoin Trust,BlackRock,IBIT,iShares Bitcoin Trust,BTC-USD,2025-12-02,51.67,80000.0,0.25,77.171,1.893,120.91,2.086,-198.08,198.08,0.79,38.949,4044.201
187,IBIT,iShares Bitcoin Trust,BlackRock,IBIT,iShares Bitcoin Trust,BTC-USD,2025-12-03,52.74,80000.0,0.25,75.172,1.8818,115.02,2.0645,-190.19,190.19,0.8,38.949,4038.367
188,IBIT,iShares Bitcoin Trust,BlackRock,IBIT,iShares Bitcoin Trust,BTC-USD,2025-12-04,52.51,80000.0,0.25,84.195,1.9304,-47.04,-1.6816,37.16,37.16,0.77,42.035,3853.05
189,IBIT,iShares Bitcoin Trust,BlackRock,IBIT,iShares Bitcoin Trust,BTC-USD,2025-12-05,50.69,80000.0,0.25,71.466,1.8601,35.65,1.564,-107.11,107.11,0.76,35.776,3842.747
190,IBIT,iShares Bitcoin Trust,BlackRock,IBIT,iShares Bitcoin Trust,BTC-USD,2025-12-08,51.52,80000.0,0.25,71.873,1.8626,-39.38,-1.6062,-32.49,32.49,0.76,41.021,3798.91
191,IBIT,iShares Bitcoin Trust,BlackRock,IBIT,iShares Bitcoin Trust,BTC-USD,2025-12-09,52.85,80000.0,0.25,65.495,1.8228,19.77,1.3174,-85.26,85.26,0.75,33.873,3760.1
192,IBIT,iShares Bitcoin Trust,BlackRock,IBIT,iShares Bitcoin Trust,BTC-USD,2025-12-10,52.49,80000.0,0.25,75.439,1.8833,-8.51,-0.9784,-66.92,66.92,0.75,44.617,3754.335
193,IBIT,iShares Bitcoin Trust,BlackRock,IBIT,iShares Bitcoin Trust,BTC-USD,2025-12-11,52.1,80000.0,0.25,72.879,1.8685,80.09,1.909,-152.97,152.97,0.75,44.617,3784.853
194,IBIT,iShares Bitcoin Trust,BlackRock,IBIT,iShares Bitcoin Trust,BTC-USD,2025-12-12,51.2,80000.0,0.25,81.165,1.9147,0.49,0.1725,-81.65,81.65,0.75,48.431,3786.074
195,IBIT,iShares Bitcoin Trust,BlackRock,IBIT,iShares Bitcoin Trust,BTC-USD,2025-12-15,48.66,80000.0,0.25,80.177,1.9094,-77.25,-1.8935,2.93,2.93,0.75,48.431,3748.316
196,IBIT,iShares Bitcoin Trust,BlackRock,IBIT,iShares Bitcoin Trust,BTC-USD,2025-12-16,49.71,80000.0,0.25,86.608,1.9425,-21.56,-1.3534,-65.04,65.04,0.75,51.035,3641.135
197,IBIT,iShares Bitcoin Trust,BlackRock,IBIT,iShares Bitcoin Trust,BTC-USD,2025-12-17,48.71,80000.0,0.25,92.729,1.9719,-46.6,-1.6776,-46.13,46.13,0.75,53.488,3596.046
198,IBIT,iShares Bitcoin Trust,BlackRock,IBIT,iShares Bitcoin Trust,BTC-USD,2025-12-18,47.96,80000.0,0.25,104.183,2.0219,38.77,1.5995,-142.95,142.95,0.74,60.746,3569.769
199,IBIT,iShares Bitcoin Trust,BlackRock,IBIT,iShares Bitcoin Trust,BTC-USD,2025-12-19,49.91,80000.0,0.25,111.719,2.052,64.05,1.8133,175.77,175.77,0.7,68.608,3490.003
200,IBIT,iShares Bitcoin Trust,BlackRock,IBIT,iShares Bitcoin Trust,BTC-USD,2025-12-22,50.09,80000.0,0.25,101.386,2.0102,-83.34,-1.9261,18.04,18.04,0.73,63.983,3323.798
201,IBIT,iShares Bitcoin Trust,BlackRock,IBIT,iShares Bitcoin Trust,BTC-USD,2025-12-23,49.65,80000.0,0.25,101.386,2.0102,-14.58,-1.1926,86.81,86.81,0.76,63.983,3043.006
202,IBIT,iShares Bitcoin Trust,BlackRock,IBIT,iShares Bitcoin Trust,BTC-USD,2025-12-24,49.46,80000.0,0.25,104.735,2.0242,44.91,1.6619,-149.64,149.64,0.7,67.023,2897.317
203,IBIT,iShares Bitcoin Trust,BlackRock,IBIT,iShares Bitcoin Trust,BTC-USD,2025-12-26,49.61,80000.0,0.25,99.382,2.0017,-84.21,-1.9305,15.17,15.17,0.69,62.321,2834.35
204,IBIT,iShares Bitcoin Trust,BlackRock,IBIT,iShares Bitcoin Trust,BTC-USD,2025-12-29,49.38,80000.0,0.25,104.314,2.0225,-69.42,-1.8477,34.9,34.9,0.7,65.933,2748.617
205,IBIT,iShares Bitcoin Trust,BlackRock,IBIT,iShares Bitcoin Trust,BTC-USD,2025-12-30,49.83,80000.0,0.25,109.709,2.0442,-31.44,-1.5111,-78.27,78.27,0.66,65.933,2736.997
206,IBIT,iShares Bitcoin Trust,BlackRock,IBIT,iShares Bitcoin Trust,BTC-USD,2025-12-31,49.65,80000.0,0.25,114.787,2.0637,-16.4,-1.2405,98.39,98.39,0.65,67.534,2610.908
207,IBIT,iShares Bitcoin Trust,BlackRock,IBIT,iShares Bitcoin Trust,BTC-USD,2026-01-02,50.94,80000.0,0.25,111.58,2.0515,-104.32,-2.0225,7.26,7.26,0.64,67.534,2591.911
208,IBIT,iShares Bitcoin Trust,BlackRock,IBIT,iShares Bitcoin Trust,BTC-USD,2026-01-05,53.46,80000.0,0.25,111.58,2.0515,-18.43,-1.2884,93.15,93.15,0.64,67.534,2643.246
209,IBIT,iShares Bitcoin Trust,BlackRock,IBIT,iShares Bitcoin Trust,BTC-USD,2026-01-06,52.45,80000.0,0.25,111.798,2.0523,70.37,1.8535,-182.17,182.17,0.59,69.388,2678.935
210,IBIT,iShares Bitcoin Trust,BlackRock,IBIT,iShares Bitcoin Trust,BTC-USD,2026-01-07,51.54,80000.0,0.25,115.668,2.067,-84.0,-1.9294,-31.67,31.67,0.53,69.388,2653.669
211,IBIT,iShares Bitcoin Trust,BlackRock,IBIT,iShares Bitcoin Trust,BTC-USD,2026-01-08,51.52,80000.0,0.25,108.628,2.0399,-79.35,-1.905,-29.28,29.28,0.57,64.143,2652.848
212,IBIT,iShares Bitcoin Trust,BlackRock,IBIT,iShares Bitcoin Trust,BTC-USD,2026-01-09,51.16,80000.0,0.25,109.589,2.0437,-34.55,-1.5509,-75.04,75.04,0.57,67.554,2608.84
213,IBIT,iShares Bitcoin Trust,BlackRock,IBIT,iShares Bitcoin Trust,BTC-USD,2026-01-12,51.87,80000.0,0.25,106.697,2.0322,-87.3,-1.946,-19.39,19.39,0.57,64.573,2568.925
214,IBIT,iShares Bitcoin Trust,BlackRock,IBIT,iShares Bitcoin Trust,BTC-USD,2026-01-13,53.57,80000.0,0.25,106.704,2.0322,-76.92,-1.8916,-29.79,29.79,0.57,64.573,2611.542
215,IBIT,iShares Bitcoin Trust,BlackRock,IBIT,iShares Bitcoin Trust,BTC-USD,2026-01-14,55.44,80000.0,0.25,95.347,1.9838,-20.83,-1.3391,74.51,74.51,0.59,55.586,2722.836
216,IBIT,iShares Bitcoin Trust,BlackRock,IBIT,iShares Bitcoin Trust,BTC-USD,2026-01-15,54.0,80000.0,0.25,101.164,2.0093,-57.18,-1.7648,43.99,43.99,0.62,60.199,2683.294
217,IBIT,iShares Bitcoin Trust,BlackRock,IBIT,iShares Bitcoin Trust,BTC-USD,2026-01-16,54.24,80000.0,0.25,94.725,1.981,-56.86,-1.7624,37.87,37.87,0.59,57.595,2662.375
218,IBIT,iShares Bitcoin Trust,BlackRock,IBIT,iShares Bitcoin Trust,BTC-USD,2026-01-20,50.76,80000.0,0.25,88.605,1.9523,108.44,2.0392,197.04,197.04,0.7,55.142,2663.968
219,IBIT,iShares Bitcoin Trust,BlackRock,IBIT,iShares Bitcoin Trust,BTC-USD,2026-01-21,51.11,80000.0,0.25,75.541,1.8839,144.71,2.1635,220.25,220.25,0.8,40.023,2671.275
220,IBIT,iShares Bitcoin Trust,BlackRock,IBIT,iShares Bitcoin Trust,BTC-USD,2026-01-22,50.67,80000.0,0.25,66.53,1.8295,-42.8,-1.6415,23.73,23.73,0.79,36.288,2640.638
221,IBIT,iShares Bitcoin Trust,BlackRock,IBIT,iShares Bitcoin Trust,BTC-USD,2026-01-23,50.7,80000.0,0.25,71.937,1.8629,-39.66,-1.6091,32.28,32.28,0.82,40.341,2637.28
222,IBIT,iShares Bitcoin Trust,BlackRock,IBIT,iShares Bitcoin Trust,BTC-USD,2026-01-26,49.65,80000.0,0.25,71.938,1.863,-5.46,-0.8105,-66.47,66.47,0.81,40.341,2637.79
223,IBIT,iShares Bitcoin Trust,BlackRock,IBIT,iShares Bitcoin Trust,BTC-USD,2026-01-27,50.63,80000.0,0.25,73.008,1.8693,20.12,1.3247,93.13,93.13,0.82,43.573,2709.172
224,IBIT,iShares Bitcoin Trust,BlackRock,IBIT,iShares Bitcoin Trust,BTC-USD,2026-01-28,50.51,80000.0,0.25,70.998,1.8573,-65.0,-1.8195,-6.0,6.0,0.82,41.921,2721.875
225,IBIT,iShares Bitcoin Trust,BlackRock,IBIT,iShares Bitcoin Trust,BTC-USD,2026-01-29,47.6,80000.0,0.25,63.338,1.8085,-33.69,-1.5402,-29.65,29.65,0.82,38.31,2904.269
226,IBIT,iShares Bitcoin Trust,BlackRock,IBIT,iShares Bitcoin Trust,BTC-USD,2026-01-30,47.49,80000.0,0.25,57.943,1.7704,-4.36,-0.7291,53.58,53.58,0.83,38.31,2963.299
227,IBIT,iShares Bitcoin Trust,BlackRock,IBIT,iShares Bitcoin Trust,BTC-USD,2026-02-02,44.22,80000.0,0.25,52.863,1.7313,-4.12,-0.709,-48.75,48.75,0.78,36.709,3107.622
228,IBIT,iShares Bitcoin Trust,BlackRock,IBIT,iShares Bitcoin Trust,BTC-USD,2026-02-03,43.3,80000.0,0.25,63.542,1.8098,84.73,1.9331,148.27,148.27,0.78,36.709,3207.034
229,IBIT,iShares Bitcoin Trust,BlackRock,IBIT,iShares Bitcoin Trust,BTC-USD,2026-02-04,41.57,80000.0,0.25,70.807,1.8562,-40.55,-1.6186,30.26,30.26,0.76,40.446,3231.76
230,IBIT,iShares Bitcoin Trust,BlackRock,IBIT,iShares Bitcoin Trust,BTC-USD,2026-02-05,36.1,80000.0,0.25,61.575,1.7964,215.19,2.3348,276.76,276.76,0.82,35.507,3583.47
231,IBIT,iShares Bitcoin Trust,BlackRock,IBIT,iShares Bitcoin Trust,BTC-USD,2026-02-06,39.68,80000.0,0.25,84.236,1.9306,-73.4,-1.8716,10.83,10.83,0.77,41.303,3783.299
232,IBIT,iShares Bitcoin Trust,BlackRock,IBIT,iShares Bitcoin Trust,BTC-USD,2026-02-09,40.11,80000.0,0.25,93.521,1.9755,55.69,1.7535,149.21,149.21,0.78,53.641,3826.402
233,IBIT,iShares Bitcoin Trust,BlackRock,IBIT,iShares Bitcoin Trust,BTC-USD,2026-02-10,38.97,80000.0,0.25,93.9,1.9773,-43.42,-1.6476,50.48,50.48,0.79,52.133,3843.85
234,IBIT,iShares Bitcoin Trust,BlackRock,IBIT,iShares Bitcoin Trust,BTC-USD,2026-02-11,38.29,80000.0,0.25,86.852,1.9438,-22.29,-1.3672,64.56,64.56,0.79,44.371,3872.895
235,IBIT,iShares Bitcoin Trust,BlackRock,IBIT,iShares Bitcoin Trust,BTC-USD,2026-02-12,37.05,80000.0,0.25,99.657,2.0028,-81.24,-1.9151,-18.42,18.42,0.8,59.448,3815.595
236,IBIT,iShares Bitcoin Trust,BlackRock,IBIT,iShares Bitcoin Trust,BTC-USD,2026-02-13,38.97,80000.0,0.25,104.123,2.0217,-50.57,-1.7124,-53.55,53.55,0.79,59.448,3710.49
237,IBIT,iShares Bitcoin Trust,BlackRock,IBIT,iShares Bitcoin Trust,BTC-USD,2026-02-17,38.39,80000.0,0.25,107.292,2.0346,-7.02,-0.9041,100.27,100.27,0.77,58.619,3680.91
238,IBIT,iShares Bitcoin Trust,BlackRock,IBIT,iShares Bitcoin Trust,BTC-USD,2026-02-18,37.54,80000.0,0.25,114.176,2.0614,-94.57,-1.9803,-19.61,19.61,0.65,67.194,3658.636
239,IBIT,iShares Bitcoin Trust,BlackRock,IBIT,iShares Bitcoin Trust,BTC-USD,2026-02-19,38.07,80000.0,0.25,118.905,2.0788,-17.53,-1.2679,-101.37,101.37,0.68,72.01,3554.602
240,IBIT,iShares Bitcoin Trust,BlackRock,IBIT,iShares Bitcoin Trust,BTC-USD,2026-02-20,38.42,80000.0,0.25,116.58,2.0703,-12.39,-1.1267,-104.19,104.19,0.63,72.01,3497.724
241,IBIT,iShares Bitcoin Trust,BlackRock,IBIT,iShares Bitcoin Trust,BTC-USD,2026-02-23,36.55,80000.0,0.25,111.439,2.0509,-90.1,-1.9595,-21.34,21.34,0.65,67.883,3487.048
242,IBIT,iShares Bitcoin Trust,BlackRock,IBIT,iShares Bitcoin Trust,BTC-USD,2026-02-24,36.53,80000.0,0.25,105.768,2.0284,-54.43,-1.7438,51.33,51.33,0.63,63.303,3452.968
243,IBIT,iShares Bitcoin Trust,BlackRock,IBIT,iShares Bitcoin Trust,BTC-USD,2026-02-25,39.23,80000.0,0.25,105.768,2.0284,162.04,2.2123,267.81,267.81,0.55,63.303,3498.303
244,IBIT,iShares Bitcoin Trust,BlackRock,IBIT,iShares Bitcoin Trust,BTC-USD,2026-02-26,38.26,80000.0,0.25,108.779,2.0405,-95.97,-1.9866,-12.81,12.81,0.42,64.548,3467.95
245,IBIT,iShares Bitcoin Trust,BlackRock,IBIT,iShares Bitcoin Trust,BTC-USD,2026-02-27,37.19,80000.0,0.25,109.751,2.0443,-72.64,-1.8671,-37.11,37.11,0.41,64.548,3450.754
246,IBIT,iShares Bitcoin Trust,BlackRock,IBIT,iShares Bitcoin Trust,BTC-USD,2026-03-02,39.195,80000.0,0.25,115.531,2.0664,12.59,1.1333,128.12,128.12,0.37,64.548,3381.518
247,IBIT,iShares Bitcoin Trust,BlackRock,IBIT,iShares Bitcoin Trust,BTC-USD,2026-03-03,38.7,80000.0,0.25,129.992,2.1172,-91.25,-1.965,38.74,38.74,0.3,78.77,3348.143
248,IBIT,iShares Bitcoin Trust,BlackRock,IBIT,iShares Bitcoin Trust,BTC-USD,2026-03-04,41.44,80000.0,0.25,129.992,2.1172,22.85,1.3774,152.84,152.84,0.33,78.77,3351.712
249,IBIT,iShares Bitcoin Trust,BlackRock,IBIT,iShares Bitcoin Trust,BTC-USD,2026-03-05,40.39,80000.0,0.25,124.715,2.0994,-87.68,-1.9478,-37.03,37.03,0.31,80.061,3210.377
250,IBIT,iShares Bitcoin Trust,BlackRock,IBIT,iShares Bitcoin Trust,BTC-USD,2026-03-06,38.6,80000.0,0.25,117.457,2.0736,-61.3,-1.7945,-56.16,56.16,0.31,76.324,3095.959
251,IBIT,iShares Bitcoin Trust,BlackRock,IBIT,iShares Bitcoin Trust,BTC-USD,2026-03-09,39.13,80000.0,0.25,118.054,2.0757,-92.25,-1.9697,-25.8,25.8,0.31,77.531,2744.277
252,IBIT,iShares Bitcoin Trust,BlackRock,IBIT,iShares Bitcoin Trust,BTC-USD,2026-03-10,39.71,80000.0,0.25,91.522,1.9662,-17.94,-1.2774,73.58,73.58,0.28,71.734,2554.624
253,IBIT,iShares Bitcoin Trust,BlackRock,IBIT,iShares Bitcoin Trust,BTC-USD,2026-03-11,40.07,80000.0,0.25,92.342,1.9701,-51.68,-1.7217,-40.66,40.66,0.24,67.619,2495.275
254,IBIT,iShares Bitcoin Trust,BlackRock,IBIT,iShares Bitcoin Trust,BTC-USD,2026-03-12,39.95,80000.0,0.25,91.102,1.9643,-89.01,-1.9543,-2.09,2.09,0.19,66.535,2461.904
255,IBIT,iShares Bitcoin Trust,BlackRock,IBIT,iShares Bitcoin Trust,BTC-USD,2026-03-13,40.37,80000.0,0.25,91.102,1.9643,-56.07,-1.7564,-35.04,35.04,0.19,66.535,2492.007
256,IBIT,iShares Bitcoin Trust,BlackRock,IBIT,iShares Bitcoin Trust,BTC-USD,2026-03-16,41.94,80000.0,0.25,78.297,1.8993,-22.1,-1.3637,56.19,56.19,0.18,51.457,2503.656
257,IBIT,iShares Bitcoin Trust,BlackRock,IBIT,iShares Bitcoin Trust,BTC-USD,2026-03-17,42.27,80000.0,0.25,75.841,1.8856,46.55,1.6771,122.39,122.39,0.17,55.491,2465.058
258,IBIT,iShares Bitcoin Trust,BlackRock,IBIT,iShares Bitcoin Trust,BTC-USD,2026-03-18,40.26,80000.0,0.25,66.861,1.8316,-14.08,-1.1784,-52.78,52.78,,51.708,2487.482
259,IBIT,iShares Bitcoin Trust,BlackRock,IBIT,iShares Bitcoin Trust,BTC-USD,2026-03-19,39.82,80000.0,0.25,59.97,1.7851,29.53,1.4847,89.5,89.5,0.17,43.132,2509.393
260,IBIT,iShares Bitcoin Trust,BlackRock,IBIT,iShares Bitcoin Trust,BTC-USD,2026-03-20,39.77,80000.0,0.25,63.124,1.807,6.09,0.8504,-69.21,69.21,0.14,44.162,2523.876
261,IBIT,iShares Bitcoin Trust,BlackRock,IBIT,iShares Bitcoin Trust,BTC-USD,2026-03-23,40.05,80000.0,0.25,66.509,1.8294,-61.01,-1.7925,5.5,5.5,0.16,44.162,2503.541
262,IBIT,iShares Bitcoin Trust,BlackRock,IBIT,iShares Bitcoin Trust,BTC-USD,2026-03-24,39.28,80000.0,0.25,71.77,1.8619,49.76,1.7056,-121.53,121.53,0.21,44.162,2497.709
263,IBIT,iShares Bitcoin Trust,BlackRock,IBIT,iShares Bitcoin Trust,BTC-USD,2026-03-25,40.17,80000.0,0.25,71.801,1.8621,6.42,0.8706,-78.22,78.22,0.26,44.162,2495.773
264,IBIT,iShares Bitcoin Trust,BlackRock,IBIT,iShares Bitcoin Trust,BTC-USD,2026-03-26,38.82,80000.0,0.25,71.801,1.8621,149.27,2.1769,-221.07,221.07,0.32,44.162,2427.161
265,IBIT,iShares Bitcoin Trust,BlackRock,IBIT,iShares Bitcoin Trust,BTC-USD,2026-03-27,37.4,80000.0,0.25,64.412,1.8157,6.19,0.8567,-70.6,70.6,0.36,36.645,2451.719
266,IBIT,iShares Bitcoin Trust,BlackRock,IBIT,iShares Bitcoin Trust,BTC-USD,2026-03-30,37.68,80000.0,0.25,69.368,1.8474,-58.94,-1.7777,10.43,10.43,0.38,36.645,2439.854
267,IBIT,iShares Bitcoin Trust,BlackRock,IBIT,iShares Bitcoin Trust,BTC-USD,2026-03-31,38.42,80000.0,0.25,73.756,1.8736,51.86,1.7231,-125.62,125.62,0.38,44.728,2345.184
268,IBIT,iShares Bitcoin Trust,BlackRock,IBIT,iShares Bitcoin Trust,BTC-USD,2026-04-01,38.64,80000.0,0.25,59.294,1.7803,-47.43,-1.6851,11.86,11.86,0.38,30.506,2278.059
269,IBIT,iShares Bitcoin Trust,BlackRock,IBIT,iShares Bitcoin Trust,BTC-USD,2026-04-02,37.97,80000.0,0.25,59.294,1.7803,12.84,1.1412,-72.14,72.14,0.42,30.506,2112.125
270,IBIT,iShares Bitcoin Trust,BlackRock,IBIT,iShares Bitcoin Trust,BTC-USD,2026-04-06,39.52,80000.0,0.25,53.886,1.7395,0.17,0.0692,54.06,54.06,0.4,29.215,2070.111
271,IBIT,iShares Bitcoin Trust,BlackRock,IBIT,iShares Bitcoin Trust,BTC-USD,2026-04-07,39.1,80000.0,0.25,56.994,1.7634,319.7,2.5061,-376.69,376.69,0.36,29.215,2021.726
272,IBIT,iShares Bitcoin Trust,BlackRock,IBIT,iShares Bitcoin Trust,BTC-USD,2026-04-08,40.42,80000.0,0.25,59.069,1.7787,-14.43,-1.1884,-44.64,44.64,0.35,28.008,2001.167
273,IBIT,iShares Bitcoin Trust,BlackRock,IBIT,iShares Bitcoin Trust,BTC-USD,2026-04-09,40.91,80000.0,0.25,71.255,1.8589,-12.95,-1.1445,58.31,58.31,0.34,40.384,1946.449
274,IBIT,iShares Bitcoin Trust,BlackRock,IBIT,iShares Bitcoin Trust,BTC-USD,2026-04-10,41.56,80000.0,0.25,63.892,1.8122,-55.78,-1.7542,8.12,8.12,0.34,32.162,1926.591
275,IBIT,iShares Bitcoin Trust,BlackRock,IBIT,iShares Bitcoin Trust,BTC-USD,2026-04-13,41.59,80000.0,0.25,65.573,1.8233,36.89,1.5786,-102.47,102.47,0.35,36.098,1930.963
276,IBIT,iShares Bitcoin Trust,BlackRock,IBIT,iShares Bitcoin Trust,BTC-USD,2026-04-14,42.13,80000.0,0.25,65.573,1.8233,-41.81,-1.6315,23.77,23.77,0.34,36.098,1908.618
277,IBIT,iShares Bitcoin Trust,BlackRock,IBIT,iShares Bitcoin Trust,BTC-USD,2026-04-15,42.56,80000.0,0.25,70.674,1.8554,107.83,2.0368,178.51,178.51,0.34,40.797,1858.751
278,IBIT,iShares Bitcoin Trust,BlackRock,IBIT,iShares Bitcoin Trust,BTC-USD,2026-04-16,42.73,80000.0,0.25,78.529,1.9005,-53.94,-1.7399,-24.59,24.59,0.31,45.856,1851.373
279,IBIT,iShares Bitcoin Trust,BlackRock,IBIT,iShares Bitcoin Trust,BTC-USD,2026-04-17,43.94,80000.0,0.25,78.528,1.9005,70.47,1.8541,148.99,148.99,0.23,45.856,1896.757
280,IBIT,iShares Bitcoin Trust,BlackRock,IBIT,iShares Bitcoin Trust,BTC-USD,2026-04-20,43.25,80000.0,0.25,79.648,1.9066,-7.39,-0.9239,72.26,72.26,0.25,45.856,1863.194
281,IBIT,iShares Bitcoin Trust,BlackRock,IBIT,iShares Bitcoin Trust,BTC-USD,2026-04-21,42.51,80000.0,0.25,79.429,1.9054,-15.74,-1.2238,-63.69,63.69,0.24,50.089,1830.427
282,IBIT,iShares Bitcoin Trust,BlackRock,IBIT,iShares Bitcoin Trust,BTC-USD,2026-04-22,44.75,80000.0,0.25,76.05,1.8868,134.62,2.1323,210.67,210.67,0.21,50.089,1846.525
283,IBIT,iShares Bitcoin Trust,BlackRock,IBIT,iShares Bitcoin Trust,BTC-USD,2026-04-23,44.05,80000.0,0.25,73.7,1.8733,111.67,2.0518,185.37,185.37,0.29,50.089,1828.82
284,IBIT,iShares Bitcoin Trust,BlackRock,IBIT,iShares Bitcoin Trust,BTC-USD,2026-04-24,44.02,80000.0,0.25,78.625,1.901,79.3,1.9047,157.92,157.92,0.33,53.928,1808.914
285,IBIT,iShares Bitcoin Trust,BlackRock,IBIT,iShares Bitcoin Trust,BTC-USD,2026-04-27,43.56,80000.0,0.25,81.728,1.9177,-20.39,-1.3303,61.33,61.33,0.34,56.533,1794.602
286,IBIT,iShares Bitcoin Trust,BlackRock,IBIT,iShares Bitcoin Trust,BTC-USD,2026-04-28,43.27,80000.0,0.25,81.728,1.9177,61.35,1.7949,143.08,143.08,0.35,56.533,1724.4
287,IBIT,iShares Bitcoin Trust,BlackRock,IBIT,iShares Bitcoin Trust,BTC-USD,2026-04-29,42.75,80000.0,0.25,80.864,1.9131,-14.1,-1.1789,66.77,66.77,0.36,58.993,1719.397
288,IBIT,iShares Bitcoin Trust,BlackRock,IBIT,iShares Bitcoin Trust,BTC-USD,2026-04-30,43.32,80000.0,0.25,73.519,1.8723,86.51,1.942,160.02,160.02,0.39,52.403,1672.403
289,IBIT,iShares Bitcoin Trust,BlackRock,IBIT,iShares Bitcoin Trust,BTC-USD,2026-05-01,44.47,80000.0,0.25,73.519,1.8723,45.39,1.6664,118.9,118.9,0.41,52.403,1707.028
290,IBIT,iShares Bitcoin Trust,BlackRock,IBIT,iShares Bitcoin Trust,BTC-USD,2026-05-04,45.4,80000.0,0.25,73.519,1.8723,67.41,1.8351,140.93,140.93,0.42,52.403,1781.079
291,IBIT,iShares Bitcoin Trust,BlackRock,IBIT,iShares Bitcoin Trust,BTC-USD,2026-05-05,46.28,80000.0,0.25,73.519,1.8723,4.59,0.7473,78.11,78.11,0.46,52.403,1801.956
292,IBIT,iShares Bitcoin Trust,BlackRock,IBIT,iShares Bitcoin Trust,BTC-USD,2026-05-06,46.19,80000.0,0.25,71.401,1.8597,454.27,2.6583,525.67,525.67,0.52,54.395,1824.46
293,IBIT,iShares Bitcoin Trust,BlackRock,IBIT,iShares Bitcoin Trust,BTC-USD,2026-05-07,45.4,80000.0,0.25,68.753,1.8436,3.37,0.6406,72.12,72.12,0.45,54.395,1776.749
294,IBIT,iShares Bitcoin Trust,BlackRock,IBIT,iShares Bitcoin Trust,BTC-USD,2026-05-08,45.45,80000.0,0.25,58.717,1.7761,-34.29,-1.5476,24.43,24.43,0.45,46.111,1765.623
295,IBIT,iShares Bitcoin Trust,BlackRock,IBIT,iShares Bitcoin Trust,BTC-USD,2026-05-11,46.47,80000.0,0.25,55.977,1.7557,4.67,0.7535,60.65,60.65,0.45,46.111,1765.569
296,IBIT,iShares Bitcoin Trust,BlackRock,IBIT,iShares Bitcoin Trust,BTC-USD,2026-05-12,45.8,80000.0,0.25,50.912,1.7153,195.1,2.2925,246.01,246.01,0.46,40.35,1740.206
297,IBIT,iShares Bitcoin Trust,BlackRock,IBIT,iShares Bitcoin Trust,BTC-USD,2026-05-13,45.12,80000.0,0.25,52.093,1.725,18.76,1.2959,70.86,70.86,0.47,40.35,1672.459
298,IBIT,iShares Bitcoin Trust,BlackRock,IBIT,iShares Bitcoin Trust,BTC-USD,2026-05-14,46.17,80000.0,0.25,52.261,1.7264,13.22,1.153,65.48,65.48,0.47,35.652,1698.599
299,IBIT,iShares Bitcoin Trust,BlackRock,IBIT,iShares Bitcoin Trust,BTC-USD,2026-05-15,44.82,80000.0,0.25,49.128,1.7001,-40.29,-1.6159,8.84,8.84,0.46,26.56,1707.91
300,IBIT,iShares Bitcoin Trust,BlackRock,IBIT,iShares Bitcoin Trust,BTC-USD,2026-05-18,43.53,80000.0,0.25,49.133,1.7001,11.99,1.1135,-61.12,61.12,0.45,26.56,1655.632
301,IBIT,iShares Bitcoin Trust,BlackRock,IBIT,iShares Bitcoin Trust,BTC-USD,2026-05-19,43.5,80000.0,0.25,53.596,1.7372,-16.89,-1.2527,-36.7,36.7,0.45,31.496,1630.353
302,IBIT,iShares Bitcoin Trust,BlackRock,IBIT,iShares Bitcoin Trust,BTC-USD,2026-05-20,43.99,80000.0,0.25,46.868,1.68,173.43,2.2416,220.3,220.3,0.43,21.418,1613.552
303,IBIT,iShares Bitcoin Trust,BlackRock,IBIT,iShares Bitcoin Trust,BTC-USD,2026-05-21,44.0,80000.0,0.25,51.563,1.7207,27.53,1.4553,-79.09,79.09,0.39,26.132,1558.006
304,IBIT,iShares Bitcoin Trust,BlackRock,IBIT,iShares Bitcoin Trust,BTC-USD,2026-05-22,42.96,80000.0,0.25,49.446,1.7028,46.2,1.674,95.65,95.65,0.4,26.132,1535.253
305,IBIT,iShares Bitcoin Trust,BlackRock,IBIT,iShares Bitcoin Trust,BTC-USD,2026-05-26,42.99,80000.0,0.25,54.356,1.7432,-25.03,-1.4155,-29.32,29.32,0.39,29.837,1647.358
306,IBIT,iShares Bitcoin Trust,BlackRock,IBIT,iShares Bitcoin Trust,BTC-USD,2026-05-27,42.45,80000.0,0.25,51.252,1.7181,64.69,1.8175,115.95,115.95,0.4,27.231,1652.053
307,IBIT,iShares Bitcoin Trust,BlackRock,IBIT,iShares Bitcoin Trust,BTC-USD,2026-05-28,41.56,80000.0,0.25,51.262,1.7182,2.36,0.5257,-53.62,53.62,0.39,27.231,1687.389
308,IBIT,iShares Bitcoin Trust,BlackRock,IBIT,iShares Bitcoin Trust,BTC-USD,2026-05-29,41.63,80000.0,0.25,53.921,1.7397,-19.77,-1.3175,34.15,34.15,0.38,30.378,1697.642
309,IBIT,iShares Bitcoin Trust,BlackRock,IBIT,iShares Bitcoin Trust,BTC-USD,2026-06-01,40.49,80000.0,0.25,52.594,1.7291,13.41,1.1588,-66.01,66.01,0.4,28.885,1755.425
310,IBIT,iShares Bitcoin Trust,BlackRock,IBIT,iShares Bitcoin Trust,BTC-USD,2026-06-02,38.05,80000.0,0.25,52.594,1.7291,97.58,1.9938,-150.17,150.17,0.41,28.885,1796.875
311,IBIT,iShares Bitcoin Trust,BlackRock,IBIT,iShares Bitcoin Trust,BTC-USD,2026-06-03,37.0,80000.0,0.25,52.598,1.7291,44.7,1.6599,-97.3,97.3,0.43,28.885,1754.471
312,IBIT,iShares Bitcoin Trust,BlackRock,IBIT,iShares Bitcoin Trust,BTC-USD,2026-06-04,36.02,80000.0,0.25,52.598,1.7291,336.71,2.5285,-389.31,389.31,0.5,28.885,1783.503
313,IBIT,iShares Bitcoin Trust,BlackRock,IBIT,iShares Bitcoin Trust,BTC-USD,2026-06-05,34.14,80000.0,0.25,54.106,1.7412,387.17,2.589,-441.28,441.28,0.72,26.893,1885.833
314,IBIT,iShares Bitcoin Trust,BlackRock,IBIT,iShares Bitcoin Trust,BTC-USD,2026-06-08,35.89,80000.0,0.25,54.448,1.7439,204.71,2.3133,-259.16,259.16,0.79,26.893,1915.024
315,IBIT,iShares Bitcoin Trust,BlackRock,IBIT,iShares Bitcoin Trust,BTC-USD,2026-06-09,35.14,80000.0,0.25,52.294,1.7267,199.86,2.3029,-252.16,252.16,0.85,22.801,1949.641
316,IBIT,iShares Bitcoin Trust,BlackRock,IBIT,iShares Bitcoin Trust,BTC-USD,2026-06-10,35.08,80000.0,0.25,59.809,1.784,217.67,2.3398,-277.48,277.48,0.92,25.601,1943.181
317,IBIT,iShares Bitcoin Trust,BlackRock,IBIT,iShares Bitcoin Trust,BTC-USD,2026-06-11,36.05,80000.0,0.25,59.058,1.7786,256.38,2.4106,-315.44,315.44,1.0,25.601,1957.404
318,IBIT,iShares Bitcoin Trust,BlackRock,IBIT,iShares Bitcoin Trust,BTC-USD,2026-06-12,36.04,80000.0,0.25,58.152,1.772,251.78,2.4027,-309.93,309.93,1.11,26.141,1950.269
319,IBIT,iShares Bitcoin Trust,BlackRock,IBIT,iShares Bitcoin Trust,BTC-USD,2026-06-15,37.74,80000.0,0.25,52.891,1.7315,204.22,2.3122,-257.11,257.11,1.17,26.141,1947.219
320,IBIT,iShares Bitcoin Trust,BlackRock,IBIT,iShares Bitcoin Trust,BTC-USD,2026-06-16,37.17,80000.0,0.25,51.243,1.718,202.58,2.3087,-253.82,253.82,1.24,26.141,1909.514
321,IBIT,iShares Bitcoin Trust,BlackRock,IBIT,iShares Bitcoin Trust,BTC-USD,2026-06-17,36.36,80000.0,0.25,52.757,1.7304,221.41,2.3472,-274.17,274.17,1.31,29.169,1867.447
322,IBIT,iShares Bitcoin Trust,BlackRock,IBIT,iShares Bitcoin Trust,BTC-USD,2026-06-18,35.62,80000.0,0.25,47.176,1.6828,231.06,2.3656,-278.24,278.24,1.38,24.232,1896.135
323,IBIT,iShares Bitcoin Trust,BlackRock,IBIT,iShares Bitcoin Trust,BTC-USD,2026-06-22,36.5,80000.0,0.25,46.999,1.6812,165.68,2.2219,-212.68,212.68,1.4,24.232,1915.423
324,IBIT,iShares Bitcoin Trust,BlackRock,IBIT,iShares Bitcoin Trust,BTC-USD,2026-06-23,35.31,80000.0,0.25,42.311,1.6366,302.23,2.4818,-344.54,344.54,1.47,19.518,1918.555
325,IBIT,iShares Bitcoin Trust,BlackRock,IBIT,iShares Bitcoin Trust,BTC-USD,2026-06-24,33.87,80000.0,0.25,41.526,1.6287,467.12,2.6704,-508.65,508.65,1.75,19.518,1993.023
326,IBIT,iShares Bitcoin Trust,BlackRock,IBIT,iShares Bitcoin Trust,BTC-USD,2026-06-25,33.52,80000.0,0.25,40.388,1.6169,347.21,2.5418,-387.6,387.6,1.8,19.087,1939.609
327,IBIT,iShares Bitcoin Trust,BlackRock,IBIT,iShares Bitcoin Trust,BTC-USD,2026-06-26,33.85,80000.0,0.25,51.498,1.7201,334.4,2.5256,-385.9,385.9,1.92,27.989,1964.245
328,IBIT,iShares Bitcoin Trust,BlackRock,IBIT,iShares Bitcoin Trust,BTC-USD,2026-06-29,34.18,80000.0,0.25,62.935,1.8057,136.88,2.1395,-199.82,199.82,1.86,39.648,1958.387
329,IBIT,iShares Bitcoin Trust,BlackRock,IBIT,iShares Bitcoin Trust,BTC-USD,2026-06-30,33.29,80000.0,0.25,56.954,1.7631,192.49,2.2867,-249.44,249.44,1.92,34.041,1972.491
330,IBIT,iShares Bitcoin Trust,BlackRock,IBIT,iShares Bitcoin Trust,BTC-USD,2026-07-01,34.0,80000.0,0.25,60.982,1.7923,170.1,2.2333,-231.09,231.09,1.94,34.041,1955.499
331,IBIT,iShares Bitcoin Trust,BlackRock,IBIT,iShares Bitcoin Trust,BTC-USD,2026-07-02,34.87,80000.0,0.25,60.982,1.7923,118.28,2.0766,-179.27,179.27,2.09,34.041,1893.658
332,IBIT,iShares Bitcoin Trust,BlackRock,IBIT,iShares Bitcoin Trust,BTC-USD,2026-07-06,36.12,80000.0,0.25,61.99,1.7993,237.59,2.3777,-299.58,299.58,2.47,36.058,1889.455
333,IBIT,iShares Bitcoin Trust,BlackRock,IBIT,iShares Bitcoin Trust,BTC-USD,2026-07-07,36.15,80000.0,0.25,67.052,1.8328,-11.67,-1.1027,55.38,55.38,2.17,39.345,1819.239
334,IBIT,iShares Bitcoin Trust,BlackRock,IBIT,iShares Bitcoin Trust,BTC-USD,2026-07-08,35.23,80000.0,0.25,64.55,1.8166,35.74,1.5651,100.29,100.29,2.21,39.345,1694.163
335,IBIT,iShares Bitcoin Trust,BlackRock,IBIT,iShares Bitcoin Trust,BTC-USD,2026-07-09,35.81,80000.0,0.25,69.957,1.851,7.23,0.9153,-77.19,77.19,2.16,39.345,1643.99
336,IBIT,iShares Bitcoin Trust,BlackRock,IBIT,iShares Bitcoin Trust,BTC-USD,2026-07-10,36.23,80000.0,0.25,69.957,1.851,38.7,1.5988,-108.66,108.66,2.18,39.345,1609.152
337,IBIT,iShares Bitcoin Trust,BlackRock,IBIT,iShares Bitcoin Trust,BTC-USD,2026-07-13,35.22,80000.0,0.25,64.457,1.816,30.87,1.5034,-95.32,95.32,2.12,36.544,1610.612
338,IBIT,iShares Bitcoin Trust,BlackRock,IBIT,iShares Bitcoin Trust,BTC-USD,2026-07-14,36.58,80000.0,0.25,68.899,1.8445,46.62,1.6778,-115.51,115.51,2.25,36.544,1618.403
339,IBIT,iShares Bitcoin Trust,BlackRock,IBIT,iShares Bitcoin Trust,BTC-USD,2026-07-15,36.81,80000.0,0.25,68.629,1.8428,-53.74,-1.7383,-14.89,14.89,2.2,36.005,1615.676
340,IBIT,iShares Bitcoin Trust,BlackRock,IBIT,iShares Bitcoin Trust,BTC-USD,2026-07-16,36.39,80000.0,0.25,68.627,1.8428,-12.01,-1.1143,-56.62,56.62,2.2,36.005,1558.474
341,IBIT,iShares Bitcoin Trust,BlackRock,IBIT,iShares Bitcoin Trust,BTC-USD,2026-07-17,36.35,80000.0,0.25,63.537,1.8098,-34.14,-1.5458,-29.4,29.4,2.26,36.005,1608.425
342,IBIT,iShares Bitcoin Trust,BlackRock,IBIT,iShares Bitcoin Trust,BTC-USD,2026-07-20,36.89,80000.0,0.25,62.015,1.7994,-27.1,-1.4487,-34.92,34.92,2.25,32.977,1593.005
343,IBIT,iShares Bitcoin Trust,BlackRock,IBIT,iShares Bitcoin Trust,BTC-USD,2026-07-21,37.67,80000.0,0.25,62.015,1.7994,-28.34,-1.4674,-33.68,33.68,2.19,32.977,1590.848
344,IBIT,iShares Bitcoin Trust,BlackRock,IBIT,iShares Bitcoin Trust,BTC-USD,2026-07-22,37.34,80000.0,0.25,64.292,1.8149,86.0,1.9395,-150.29,150.29,2.12,32.977,1567.317
345,IBIT,iShares Bitcoin Trust,BlackRock,IBIT,iShares Bitcoin Trust,BTC-USD,2026-07-23,36.65,80000.0,0.25,64.292,1.8149,-31.39,-1.5105,-32.9,32.9,2.12,32.977,1573.375
346,IBIT,iShares Bitcoin Trust,BlackRock,IBIT,iShares Bitcoin Trust,BTC-USD,2026-07-24,36.35,80000.0,0.25,64.878,1.8187,131.42,2.122,196.3,196.3,2.1,32.977,1494.562
347,IBIT,iShares Bitcoin Trust,BlackRock,IBIT,iShares Bitcoin Trust,BTC-USD,2026-07-27,36.77,80000.0,0.25,62.847,1.8051,216.15,2.3368,279.0,279.0,2.31,25.865,1425.499
348,IBIT,iShares Bitcoin Trust,BlackRock,IBIT,iShares Bitcoin Trust,BTC-USD,2026-07-28,36.14,80000.0,0.25,51.743,1.7222,-24.2,-1.4013,27.55,27.55,2.01,16.962,1379.951
349,IBIT,iShares Bitcoin Trust,BlackRock,IBIT,iShares Bitcoin Trust,BTC-USD,2026-07-29,36.0,80000.0,0.25,40.476,1.6178,54.13,1.7414,-94.61,94.61,1.94,5.304,1364.817
350,IBIT,iShares Bitcoin Trust,BlackRock,IBIT,iShares Bitcoin Trust,BTC-USD,2026-07-30,36.7,80000.0,0.25,40.832,1.6215,-26.2,-1.4346,-14.63,14.63,1.88,5.304,1334.928
351,IBIT,iShares Bitcoin Trust,BlackRock,IBIT,iShares Bitcoin Trust,BTC-USD,2026-07-31,35.64,80000.0,0.25,38.705,1.5988,-35.14,-1.558,3.56,3.56,1.89,5.304,1341.325
352,IBIT,iShares Bitcoin Trust,BlackRock,IBIT,iShares Bitcoin Trust,BTC-USD,2026-08-03,36.16,80000.0,0.25,45.493,1.6674,-5.36,-0.8035,40.13,40.13,1.65,12.976,1336.022
353,IBIT,iShares Bitcoin Trust,BlackRock,IBIT,iShares Bitcoin Trust,BTC-USD,2026-08-04,36.39,80000.0,0.25,44.479,1.6578,20.98,1.342,65.46,65.46,2.32,10.959,1305.341
354,IBIT,iShares Bitcoin Trust,BlackRock,IBIT,iShares Bitcoin Trust,BTC-USD,2026-08-05,36.74,80000.0,0.25,39.514,1.6076,2.77,0.5765,-42.29,42.29,2.27,7.867,1307.183
355,IBIT,iShares Bitcoin Trust,BlackRock,IBIT,iShares Bitcoin Trust,BTC-USD,2026-08-06,36.49,80000.0,0.25,44.53,1.6583,-14.12,-1.1795,30.41,30.41,2.25,12.995,1301.147
356,IBIT,iShares Bitcoin Trust,BlackRock,IBIT,iShares Bitcoin Trust,BTC-USD,2026-08-07,36.8,80000.0,0.25,40.96,1.6228,-30.19,-1.494,10.77,10.77,2.07,12.995,1314.72
357,IBIT,iShares Bitcoin Trust,BlackRock,IBIT,iShares Bitcoin Trust,BTC-USD,2026-08-10,36.23,80000.0,0.25,44.579,1.6588,-4.78,-0.7617,39.8,39.8,2.25,12.995,1330.805
358,IBIT,iShares Bitcoin Trust,BlackRock,IBIT,iShares Bitcoin Trust,BTC-USD,2026-08-11,35.94,80000.0,0.25,42.561,1.6391,-32.61,-1.5265,-9.95,9.95,2.19,12.995,1320.345
359,IBIT,iShares Bitcoin Trust,BlackRock,IBIT,iShares Bitcoin Trust,BTC-USD,2026-08-12,35.89,80000.0,0.25,43.932,1.6526,13.52,1.1621,57.46,57.46,2.26,17.978,1281.802
360,IBIT,iShares Bitcoin Trust,BlackRock,IBIT,iShares Bitcoin Trust,BTC-USD,2026-08-13,35.88,80000.0,0.25,45.601,1.6684,0.78,0.2507,-46.38,46.38,2.23,21.06,1265.191
361,IBIT,iShares Bitcoin Trust,BlackRock,IBIT,iShares Bitcoin Trust,BTC-USD,2026-08-14,35.63,80000.0,0.25,46.602,1.6776,34.39,1.5488,-80.99,80.99,2.21,21.06,1267.131
362,IBIT,iShares Bitcoin Trust,BlackRock,IBIT,iShares Bitcoin Trust,BTC-USD,2026-08-17,36.42,80000.0,0.25,47.382,1.6847,22.7,1.3748,-70.09,70.09,2.11,21.06,1244.224
363,IBIT,iShares Bitcoin Trust,BlackRock,IBIT,iShares Bitcoin Trust,BTC-USD,2026-08-18,36.6,80000.0,0.25,47.37,1.6846,-37.03,-1.5801,10.34,10.34,2.58,21.06,1235.816
364,IBIT,iShares Bitcoin Trust,BlackRock,IBIT,iShares Bitcoin Trust,BTC-USD,2026-08-19,38.78,80000.0,0.25,47.37,1.6846,42.54,1.6389,-89.91,89.91,2.47,21.06,1416.709
365,IBIT,iShares Bitcoin Trust,BlackRock,IBIT,iShares Bitcoin Trust,BTC-USD,2026-08-20,41.2,80000.0,0.25,44.303,1.6561,-23.35,-1.3865,20.96,20.96,2.61,21.06,1587.39
366,IBIT,iShares Bitcoin Trust,BlackRock,IBIT,iShares Bitcoin Trust,BTC-USD,2026-08-21,43.68,80000.0,0.25,44.303,1.6561,4.8,0.7638,-49.11,49.11,2.46,21.06,1771.715
367,IBIT,iShares Bitcoin Trust,BlackRock,IBIT,iShares Bitcoin Trust,BTC-USD,2026-08-24,44.64,80000.0,0.25,45.691,1.6692,-20.02,-1.3226,25.67,25.67,2.73,21.06,1919.2
368,IBIT,iShares Bitcoin Trust,BlackRock,IBIT,iShares Bitcoin Trust,BTC-USD,2026-08-25,44.72,80000.0,0.25,43.683,1.6501,36.81,1.5776,-80.49,80.49,2.59,28.162,2005.54
369,IBIT,iShares Bitcoin Trust,BlackRock,IBIT,iShares Bitcoin Trust,BTC-USD,2026-08-26,44.46,80000.0,0.25,44.651,1.6595,-44.51,-1.6581,-0.14,0.14,2.7,28.162,2046.096
370,IBIT,iShares Bitcoin Trust,BlackRock,IBIT,iShares Bitcoin Trust,BTC-USD,2026-08-27,45.29,80000.0,0.25,44.481,1.6578,68.34,1.841,112.82,112.82,2.88,28.162,2112.786
371,FBTC,Fidelity Wise Origin Bitcoin,Fidelity,FBTC,Fidelity Wise Origin Bitcoin,BTC-USD,2025-03-07,75.95,20000.0,0.25,99.728,2.0031,-97.06,-1.9915,2.67,2.67,,90.243,374.369
372,FBTC,Fidelity Wise Origin Bitcoin,Fidelity,FBTC,Fidelity Wise Origin Bitcoin,BTC-USD,2025-03-10,68.98,20000.0,0.25,89.108,1.9548,-11.74,-1.105,77.37,77.37,0.15,81.602,379.007
373,FBTC,Fidelity Wise Origin Bitcoin,Fidelity,FBTC,Fidelity Wise Origin Bitcoin,BTC-USD,2025-03-11,72.52,20000.0,0.25,98.344,1.9971,60.91,1.7917,159.25,159.25,0.2,82.31,373.167
374,FBTC,Fidelity Wise Origin Bitcoin,Fidelity,FBTC,Fidelity Wise Origin Bitcoin,BTC-USD,2025-03-12,72.41,20000.0,0.25,100.534,2.0066,-64.71,-1.8176,-35.83,35.83,0.1,91.851,373.686
375,FBTC,Fidelity Wise Origin Bitcoin,Fidelity,FBTC,Fidelity Wise Origin Bitcoin,BTC-USD,2025-03-13,69.98,20000.0,0.25,107.849,2.0368,-103.14,-2.0176,-4.71,4.71,0.2,101.144,370.779
376,FBTC,Fidelity Wise Origin Bitcoin,Fidelity,FBTC,Fidelity Wise Origin Bitcoin,BTC-USD,2025-03-14,73.93,20000.0,0.25,102.551,2.0152,128.98,2.1139,231.54,231.54,0.24,90.126,375.593
377,FBTC,Fidelity Wise Origin Bitcoin,Fidelity,FBTC,Fidelity Wise Origin Bitcoin,BTC-USD,2025-03-17,73.83,20000.0,0.25,103.857,2.0206,41.25,1.6258,145.11,145.11,0.26,96.151,376.483
378,FBTC,Fidelity Wise Origin Bitcoin,Fidelity,FBTC,Fidelity Wise Origin Bitcoin,BTC-USD,2025-03-18,71.89,20000.0,0.25,103.421,2.0188,-77.27,-1.8936,26.15,26.15,0.25,96.151,373.289
379,FBTC,Fidelity Wise Origin Bitcoin,Fidelity,FBTC,Fidelity Wise Origin Bitcoin,BTC-USD,2025-03-19,74.66,20000.0,0.25,103.421,2.0188,-62.6,-1.8034,40.82,40.82,0.25,96.151,369.732
380,FBTC,Fidelity Wise Origin Bitcoin,Fidelity,FBTC,Fidelity Wise Origin Bitcoin,BTC-USD,2025-03-20,73.49,20000.0,0.25,112.904,2.0565,-15.69,-1.2225,97.21,97.21,0.26,105.8,368.346
381,FBTC,Fidelity Wise Origin Bitcoin,Fidelity,FBTC,Fidelity Wise Origin Bitcoin,BTC-USD,2025-03-21,73.28,20000.0,0.25,112.807,2.0562,-90.5,-1.9614,22.31,22.31,0.24,105.8,366.333
382,FBTC,Fidelity Wise Origin Bitcoin,Fidelity,FBTC,Fidelity Wise Origin Bitcoin,BTC-USD,2025-03-24,77.09,20000.0,0.25,107.102,2.0338,167.73,2.2272,274.83,274.83,0.21,100.832,350.33
383,FBTC,Fidelity Wise Origin Bitcoin,Fidelity,FBTC,Fidelity Wise Origin Bitcoin,BTC-USD,2025-03-25,77.0,20000.0,0.25,113.536,2.0589,40.28,1.6157,-153.81,153.81,,104.809,336.829
384,FBTC,Fidelity Wise Origin Bitcoin,Fidelity,FBTC,Fidelity Wise Origin Bitcoin,BTC-USD,2025-03-26,75.56,20000.0,0.25,117.545,2.0739,-61.8,-1.798,55.74,55.74,,104.809,292.758
385,FBTC,Fidelity Wise Origin Bitcoin,Fidelity,FBTC,Fidelity Wise Origin Bitcoin,BTC-USD,2025-03-27,75.96,20000.0,0.25,125.063,2.1006,-104.46,-2.0231,-20.6,20.6,0.13,111.349,272.203
386,FBTC,Fidelity Wise Origin Bitcoin,Fidelity,FBTC,Fidelity Wise Origin Bitcoin,BTC-USD,2025-03-28,73.12,20000.0,0.25,112.457,2.0548,-28.75,-1.4735,83.71,83.71,,96.329,266.628
387,FBTC,Fidelity Wise Origin Bitcoin,Fidelity,FBTC,Fidelity Wise Origin Bitcoin,BTC-USD,2025-03-31,71.97,20000.0,0.25,110.096,2.0457,-104.43,-2.023,-5.66,5.66,,91.608,255.89
388,FBTC,Fidelity Wise Origin Bitcoin,Fidelity,FBTC,Fidelity Wise Origin Bitcoin,BTC-USD,2025-04-01,74.2,20000.0,0.25,110.139,2.0459,-89.46,-1.9565,-20.67,20.67,,91.608,245.243
389,FBTC,Fidelity Wise Origin Bitcoin,Fidelity,FBTC,Fidelity Wise Origin Bitcoin,BTC-USD,2025-04-02,75.88,20000.0,0.25,115.151,2.065,439.31,2.6438,554.46,554.46,,91.608,238.094
390,FBTC,Fidelity Wise Origin Bitcoin,Fidelity,FBTC,Fidelity Wise Origin Bitcoin,BTC-USD,2025-04-03,71.55,20000.0,0.25,115.151,2.065,12.18,1.12,-127.33,127.33,,91.608,236.485
391,FBTC,Fidelity Wise Origin Bitcoin,Fidelity,FBTC,Fidelity Wise Origin Bitcoin,BTC-USD,2025-04-04,73.39,20000.0,0.25,111.169,2.0499,18.19,1.283,129.36,129.36,,79.866,247.089
392,FBTC,Fidelity Wise Origin Bitcoin,Fidelity,FBTC,Fidelity Wise Origin Bitcoin,BTC-USD,2025-04-07,68.14,20000.0,0.25,104.519,2.0233,112.19,2.0538,-216.71,216.71,,67.3,260.239
393,FBTC,Fidelity Wise Origin Bitcoin,Fidelity,FBTC,Fidelity Wise Origin Bitcoin,BTC-USD,2025-04-08,67.0,20000.0,0.25,125.074,2.1006,-54.65,-1.7455,-70.42,70.42,,87.471,251.711
394,FBTC,Fidelity Wise Origin Bitcoin,Fidelity,FBTC,Fidelity Wise Origin Bitcoin,BTC-USD,2025-04-09,71.89,20000.0,0.25,116.631,2.0705,-52.96,-1.732,-63.67,63.67,,85.533,269.873
395,FBTC,Fidelity Wise Origin Bitcoin,Fidelity,FBTC,Fidelity Wise Origin Bitcoin,BTC-USD,2025-04-10,69.36,20000.0,0.25,122.926,2.0932,-91.57,-1.9665,31.35,31.35,,86.72,281.61
396,FBTC,Fidelity Wise Origin Bitcoin,Fidelity,FBTC,Fidelity Wise Origin Bitcoin,BTC-USD,2025-04-11,73.24,20000.0,0.25,116.349,2.0695,46.77,1.6791,163.11,163.11,,77.427,294.606
397,FBTC,Fidelity Wise Origin Bitcoin,Fidelity,FBTC,Fidelity Wise Origin Bitcoin,BTC-USD,2025-04-14,74.21,20000.0,0.25,109.958,2.0452,-82.21,-1.9202,-27.75,27.75,,77.427,293.584
398,FBTC,Fidelity Wise Origin Bitcoin,Fidelity,FBTC,Fidelity Wise Origin Bitcoin,BTC-USD,2025-04-15,73.38,20000.0,0.25,110.404,2.0469,-93.9,-1.9773,-16.5,16.5,,76.13,294.925
399,FBTC,Fidelity Wise Origin Bitcoin,Fidelity,FBTC,Fidelity Wise Origin Bitcoin,BTC-USD,2025-04-16,73.66,20000.0,0.25,113.422,2.0585,-31.45,-1.5112,81.97,81.97,,79.343,295.26
400,FBTC,Fidelity Wise Origin Bitcoin,Fidelity,FBTC,Fidelity Wise Origin Bitcoin,BTC-USD,2025-04-17,74.16,20000.0,0.25,121.066,2.0866,45.45,1.667,166.52,166.52,,87.458,291.731
401,FBTC,Fidelity Wise Origin Bitcoin,Fidelity,FBTC,Fidelity Wise Origin Bitcoin,BTC-USD,2025-04-21,76.38,20000.0,0.25,108.54,2.0396,-86.92,-1.9441,21.62,21.62,,75.516,300.364
402,FBTC,Fidelity Wise Origin Bitcoin,Fidelity,FBTC,Fidelity Wise Origin Bitcoin,BTC-USD,2025-04-22,79.89,20000.0,0.25,108.567,2.0397,9.05,1.002,-117.61,117.61,,75.516,316.036
403,FBTC,Fidelity Wise Origin Bitcoin,Fidelity,FBTC,Fidelity Wise Origin Bitcoin,BTC-USD,2025-04-23,81.66,20000.0,0.25,108.54,2.0396,-77.09,-1.8926,-31.45,31.45,,75.516,322.468
404,FBTC,Fidelity Wise Origin Bitcoin,Fidelity,FBTC,Fidelity Wise Origin Bitcoin,BTC-USD,2025-04-24,81.76,20000.0,0.25,107.31,2.0347,-72.8,-1.8681,-34.51,34.51,,74.211,325.381
405,FBTC,Fidelity Wise Origin Bitcoin,Fidelity,FBTC,Fidelity Wise Origin Bitcoin,BTC-USD,2025-04-25,83.3,20000.0,0.25,103.336,2.0184,100.51,2.0065,203.84,203.84,,74.211,327.497
406,FBTC,Fidelity Wise Origin Bitcoin,Fidelity,FBTC,Fidelity Wise Origin Bitcoin,BTC-USD,2025-04-28,82.77,20000.0,0.25,102.056,2.0131,-10.57,-1.0632,91.49,91.49,,67.506,329.272
407,FBTC,Fidelity Wise Origin Bitcoin,Fidelity,FBTC,Fidelity Wise Origin Bitcoin,BTC-USD,2025-04-29,83.24,20000.0,0.25,103.893,2.0207,172.44,2.2392,276.33,276.33,,67.506,328.142
408,FBTC,Fidelity Wise Origin Bitcoin,Fidelity,FBTC,Fidelity Wise Origin Bitcoin,BTC-USD,2025-04-30,82.18,20000.0,0.25,105.732,2.0283,-7.12,-0.9097,98.61,98.61,,67.506,329.928
409,FBTC,Fidelity Wise Origin Bitcoin,Fidelity,FBTC,Fidelity Wise Origin Bitcoin,BTC-USD,2025-05-01,84.34,20000.0,0.25,105.732,2.0283,32.98,1.5312,138.71,138.71,,67.506,329.177
410,FBTC,Fidelity Wise Origin Bitcoin,Fidelity,FBTC,Fidelity Wise Origin Bitcoin,BTC-USD,2025-05-02,84.7,20000.0,0.25,100.907,2.0082,277.43,2.4447,-378.33,378.33,,68.017,326.918
411,FBTC,Fidelity Wise Origin Bitcoin,Fidelity,FBTC,Fidelity Wise Origin Bitcoin,BTC-USD,2025-05-05,82.37,20000.0,0.25,100.907,2.0082,100.88,2.0081,201.78,201.78,,68.017,323.226
412,FBTC,Fidelity Wise Origin Bitcoin,Fidelity,FBTC,Fidelity Wise Origin Bitcoin,BTC-USD,2025-05-06,82.92,20000.0,0.25,101.611,2.0112,-0.19,-0.0738,-101.43,101.43,,73.252,302.674
413,FBTC,Fidelity Wise Origin Bitcoin,Fidelity,FBTC,Fidelity Wise Origin Bitcoin,BTC-USD,2025-05-07,83.96,20000.0,0.25,101.611,2.0112,109.8,2.0446,211.42,211.42,,73.252,277.176
414,FBTC,Fidelity Wise Origin Bitcoin,Fidelity,FBTC,Fidelity Wise Origin Bitcoin,BTC-USD,2025-05-08,88.48,20000.0,0.25,81.098,1.9143,-65.5,-1.8228,-15.6,15.6,,53.08,275.525
415,FBTC,Fidelity Wise Origin Bitcoin,Fidelity,FBTC,Fidelity Wise Origin Bitcoin,BTC-USD,2025-05-09,90.12,20000.0,0.25,67.044,1.8328,158.04,2.2015,225.08,225.08,,41.535,254.748
416,FBTC,Fidelity Wise Origin Bitcoin,Fidelity,FBTC,Fidelity Wise Origin Bitcoin,BTC-USD,2025-05-12,88.91,20000.0,0.25,57.654,1.7683,67.18,1.8337,124.84,124.84,,32.135,248.383
417,FBTC,Fidelity Wise Origin Bitcoin,Fidelity,FBTC,Fidelity Wise Origin Bitcoin,BTC-USD,2025-05-13,91.57,20000.0,0.25,57.262,1.7654,133.89,2.13,191.15,191.15,,33.465,236.355
418,FBTC,Fidelity Wise Origin Bitcoin,Fidelity,FBTC,Fidelity Wise Origin Bitcoin,BTC-USD,2025-05-14,90.22,20000.0,0.25,61.708,1.7973,30.11,1.493,91.82,91.82,,37.934,229.757
419,FBTC,Fidelity Wise Origin Bitcoin,Fidelity,FBTC,Fidelity Wise Origin Bitcoin,BTC-USD,2025-05-15,90.11,20000.0,0.25,56.673,1.761,20.03,1.3228,76.7,76.7,,33.598,231.679
420,FBTC,Fidelity Wise Origin Bitcoin,Fidelity,FBTC,Fidelity Wise Origin Bitcoin,BTC-USD,2025-05-16,90.88,20000.0,0.25,52.773,1.7306,135.45,2.135,188.23,188.23,,30.385,230.864
421,FBTC,Fidelity Wise Origin Bitcoin,Fidelity,FBTC,Fidelity Wise Origin Bitcoin,BTC-USD,2025-05-19,92.16,20000.0,0.25,47.532,1.686,127.58,2.1092,175.12,175.12,,24.982,235.375
422,FBTC,Fidelity Wise Origin Bitcoin,Fidelity,FBTC,Fidelity Wise Origin Bitcoin,BTC-USD,2025-05-20,93.51,20000.0,0.25,51.039,1.7163,158.25,2.2021,209.28,209.28,,24.982,230.615
423,FBTC,Fidelity Wise Origin Bitcoin,Fidelity,FBTC,Fidelity Wise Origin Bitcoin,BTC-USD,2025-05-21,94.91,20000.0,0.25,50.977,1.7158,222.07,2.3484,273.05,273.05,,24.982,240.2
424,FBTC,Fidelity Wise Origin Bitcoin,Fidelity,FBTC,Fidelity Wise Origin Bitcoin,BTC-USD,2025-05-22,97.06,20000.0,0.25,50.932,1.7154,86.41,1.9415,137.34,137.34,,24.982,248.38
425,FBTC,Fidelity Wise Origin Bitcoin,Fidelity,FBTC,Fidelity Wise Origin Bitcoin,BTC-USD,2025-05-23,94.98,20000.0,0.25,48.374,1.6935,245.31,2.3915,293.69,293.69,,22.311,257.954
426,FBTC,Fidelity Wise Origin Bitcoin,Fidelity,FBTC,Fidelity Wise Origin Bitcoin,BTC-USD,2025-05-27,95.98,20000.0,0.25,53.926,1.7398,88.98,1.9541,142.91,142.91,,23.9,263.453
427,FBTC,Fidelity Wise Origin Bitcoin,Fidelity,FBTC,Fidelity Wise Origin Bitcoin,BTC-USD,2025-05-28,93.39,20000.0,0.25,47.149,1.6826,8.93,0.9971,56.08,56.08,,22.467,269.481
428,FBTC,Fidelity Wise Origin Bitcoin,Fidelity,FBTC,Fidelity Wise Origin Bitcoin,BTC-USD,2025-05-29,92.21,20000.0,0.25,46.492,1.6766,-33.36,-1.5361,-13.13,13.13,,22.735,278.534
429,FBTC,Fidelity Wise Origin Bitcoin,Fidelity,FBTC,Fidelity Wise Origin Bitcoin,BTC-USD,2025-05-30,91.38,20000.0,0.25,44.506,1.6581,113.56,2.059,158.06,158.06,,22.735,281.411
430,FBTC,Fidelity Wise Origin Bitcoin,Fidelity,FBTC,Fidelity Wise Origin Bitcoin,BTC-USD,2025-06-02,91.2,20000.0,0.25,50.373,1.7107,10.57,1.0633,-60.94,60.94,,25.485,279.51
431,FBTC,Fidelity Wise Origin Bitcoin,Fidelity,FBTC,Fidelity Wise Origin Bitcoin,BTC-USD,2025-06-03,92.76,20000.0,0.25,50.128,1.7087,94.13,1.9783,144.26,144.26,,24.973,281.611
432,FBTC,Fidelity Wise Origin Bitcoin,Fidelity,FBTC,Fidelity Wise Origin Bitcoin,BTC-USD,2025-06-04,91.65,20000.0,0.25,50.167,1.709,103.19,2.0178,153.36,153.36,,24.973,282.258
433,FBTC,Fidelity Wise Origin Bitcoin,Fidelity,FBTC,Fidelity Wise Origin Bitcoin,BTC-USD,2025-06-05,88.96,20000.0,0.25,47.84,1.6888,205.12,2.3141,252.96,252.96,,22.384,291.608
434,FBTC,Fidelity Wise Origin Bitcoin,Fidelity,FBTC,Fidelity Wise Origin Bitcoin,BTC-USD,2025-06-06,91.05,20000.0,0.25,57.366,1.7662,84.95,1.9343,142.32,142.32,,25.588,296.898
435,FBTC,Fidelity Wise Origin Bitcoin,Fidelity,FBTC,Fidelity Wise Origin Bitcoin,BTC-USD,2025-06-09,94.86,20000.0,0.25,57.366,1.7662,62.57,1.8033,119.94,119.94,,25.588,296.388
436,FBTC,Fidelity Wise Origin Bitcoin,Fidelity,FBTC,Fidelity Wise Origin Bitcoin,BTC-USD,2025-06-10,95.67,20000.0,0.25,59.304,1.7803,-58.9,-1.7774,-0.41,0.41,,25.588,295.957
437,FBTC,Fidelity Wise Origin Bitcoin,Fidelity,FBTC,Fidelity Wise Origin Bitcoin,BTC-USD,2025-06-11,94.99,20000.0,0.25,63.78,1.8114,107.02,2.0335,170.8,170.8,,30.744,288.501
438,FBTC,Fidelity Wise Origin Bitcoin,Fidelity,FBTC,Fidelity Wise Origin Bitcoin,BTC-USD,2025-06-12,93.23,20000.0,0.25,56.961,1.7631,-37.2,-1.582,19.77,19.77,,29.414,284.889
439,FBTC,Fidelity Wise Origin Bitcoin,Fidelity,FBTC,Fidelity Wise Origin Bitcoin,BTC-USD,2025-06-13,91.79,20000.0,0.25,52.584,1.729,2.43,0.5353,-55.01,55.01,,24.945,288.092
440,FBTC,Fidelity Wise Origin Bitcoin,Fidelity,FBTC,Fidelity Wise Origin Bitcoin,BTC-USD,2025-06-16,94.93,20000.0,0.25,49.053,1.6994,209.7,2.3237,258.76,258.76,,21.488,284.87
441,FBTC,Fidelity Wise Origin Bitcoin,Fidelity,FBTC,Fidelity Wise Origin Bitcoin,BTC-USD,2025-06-17,91.42,20000.0,0.25,50.908,1.7152,0.03,0.0137,-50.94,50.94,,21.488,289.24
442,FBTC,Fidelity Wise Origin Bitcoin,Fidelity,FBTC,Fidelity Wise Origin Bitcoin,BTC-USD,2025-06-18,90.63,20000.0,0.25,54.286,1.7426,64.41,1.8157,-118.7,118.7,,25.64,286.537
443,FBTC,Fidelity Wise Origin Bitcoin,Fidelity,FBTC,Fidelity Wise Origin Bitcoin,BTC-USD,2025-06-20,90.08,20000.0,0.25,55.585,1.7527,39.68,1.6093,-95.26,95.26,,30.437,287.142
444,FBTC,Fidelity Wise Origin Bitcoin,Fidelity,FBTC,Fidelity Wise Origin Bitcoin,BTC-USD,2025-06-23,90.11,20000.0,0.25,60.013,1.7854,118.3,2.0767,-178.32,178.32,,30.437,271.806
445,FBTC,Fidelity Wise Origin Bitcoin,Fidelity,FBTC,Fidelity Wise Origin Bitcoin,BTC-USD,2025-06-24,92.23,20000.0,0.25,60.049,1.7857,-15.33,-1.2131,-44.72,44.72,,30.437,261.339
446,FBTC,Fidelity Wise Origin Bitcoin,Fidelity,FBTC,Fidelity Wise Origin Bitcoin,BTC-USD,2025-06-25,94.13,20000.0,0.25,57.447,1.7668,25.2,1.4184,-82.65,82.65,,30.437,258.941
447,FBTC,Fidelity Wise Origin Bitcoin,Fidelity,FBTC,Fidelity Wise Origin Bitcoin,BTC-USD,2025-06-26,93.95,20000.0,0.25,55.076,1.7488,-20.06,-1.3236,-35.01,35.01,0.1,31.106,249.448
448,FBTC,Fidelity Wise Origin Bitcoin,Fidelity,FBTC,Fidelity Wise Origin Bitcoin,BTC-USD,2025-06-27,93.28,20000.0,0.25,58.155,1.772,0.34,0.1282,58.5,58.5,,35.349,242.006
449,FBTC,Fidelity Wise Origin Bitcoin,Fidelity,FBTC,Fidelity Wise Origin Bitcoin,BTC-USD,2025-06-30,93.99,20000.0,0.25,58.209,1.7724,18.13,1.2818,76.34,76.34,0.2,38.789,237.018
450,FBTC,Fidelity Wise Origin Bitcoin,Fidelity,FBTC,Fidelity Wise Origin Bitcoin,BTC-USD,2025-07-01,91.95,20000.0,0.25,58.225,1.7725,16.22,1.2361,-74.45,74.45,0.32,38.789,233.566
451,FBTC,Fidelity Wise Origin Bitcoin,Fidelity,FBTC,Fidelity Wise Origin Bitcoin,BTC-USD,2025-07-02,95.82,20000.0,0.25,55.277,1.7503,204.26,2.3123,259.54,259.54,0.31,36.039,243.113
452,FBTC,Fidelity Wise Origin Bitcoin,Fidelity,FBTC,Fidelity Wise Origin Bitcoin,BTC-USD,2025-07-03,95.45,20000.0,0.25,55.255,1.7502,-5.34,-0.8022,-49.91,49.91,0.3,36.039,238.329
453,FBTC,Fidelity Wise Origin Bitcoin,Fidelity,FBTC,Fidelity Wise Origin Bitcoin,BTC-USD,2025-07-07,94.33,20000.0,0.25,55.216,1.7499,-55.05,-1.7486,0.17,0.17,0.27,36.039,238.333
454,FBTC,Fidelity Wise Origin Bitcoin,Fidelity,FBTC,Fidelity Wise Origin Bitcoin,BTC-USD,2025-07-08,94.98,20000.0,0.25,55.665,1.7533,-5.51,-0.8137,50.15,50.15,0.25,33.393,231.398
455,FBTC,Fidelity Wise Origin Bitcoin,Fidelity,FBTC,Fidelity Wise Origin Bitcoin,BTC-USD,2025-07-09,97.65,20000.0,0.25,46.139,1.6734,105.25,2.0263,151.39,151.39,0.24,30.189,232.52
456,FBTC,Fidelity Wise Origin Bitcoin,Fidelity,FBTC,Fidelity Wise Origin Bitcoin,BTC-USD,2025-07-10,99.04,20000.0,0.25,45.993,1.672,-18.04,-1.2798,27.95,27.95,0.24,30.189,234.903
457,FBTC,Fidelity Wise Origin Bitcoin,Fidelity,FBTC,Fidelity Wise Origin Bitcoin,BTC-USD,2025-07-11,103.16,20000.0,0.25,44.174,1.6549,201.65,2.3068,245.83,245.83,0.24,30.189,250.69
458,FBTC,Fidelity Wise Origin Bitcoin,Fidelity,FBTC,Fidelity Wise Origin Bitcoin,BTC-USD,2025-07-14,104.72,20000.0,0.25,36.042,1.5687,153.66,2.1894,189.71,189.71,0.26,21.87,268.364
459,FBTC,Fidelity Wise Origin Bitcoin,Fidelity,FBTC,Fidelity Wise Origin Bitcoin,BTC-USD,2025-07-15,101.64,20000.0,0.25,36.042,1.5687,-30.68,-1.5009,5.36,5.36,0.24,21.87,281.867
460,FBTC,Fidelity Wise Origin Bitcoin,Fidelity,FBTC,Fidelity Wise Origin Bitcoin,BTC-USD,2025-07-16,104.14,20000.0,0.25,39.992,1.6127,316.77,2.5021,356.76,356.76,0.21,21.87,293.106
461,FBTC,Fidelity Wise Origin Bitcoin,Fidelity,FBTC,Fidelity Wise Origin Bitcoin,BTC-USD,2025-07-17,103.88,20000.0,0.25,45.93,1.6715,-38.43,-1.5958,7.5,7.5,0.19,27.393,300.304
462,FBTC,Fidelity Wise Origin Bitcoin,Fidelity,FBTC,Fidelity Wise Origin Bitcoin,BTC-USD,2025-07-18,102.47,20000.0,0.25,51.77,1.7224,110.81,2.0485,162.58,162.58,0.15,31.371,311.203
463,FBTC,Fidelity Wise Origin Bitcoin,Fidelity,FBTC,Fidelity Wise Origin Bitcoin,BTC-USD,2025-07-21,101.88,20000.0,0.25,53.191,1.7339,203.38,2.3104,256.57,256.57,0.1,31.95,319.508
464,FBTC,Fidelity Wise Origin Bitcoin,Fidelity,FBTC,Fidelity Wise Origin Bitcoin,BTC-USD,2025-07-22,104.16,20000.0,0.25,54.046,1.7407,175.39,2.2465,229.43,229.43,0.15,28.311,327.272
465,FBTC,Fidelity Wise Origin Bitcoin,Fidelity,FBTC,Fidelity Wise Origin Bitcoin,BTC-USD,2025-07-23,103.38,20000.0,0.25,54.086,1.741,369.88,2.5692,423.97,423.97,0.25,29.222,328.056
466,FBTC,Fidelity Wise Origin Bitcoin,Fidelity,FBTC,Fidelity Wise Origin Bitcoin,BTC-USD,2025-07-24,103.9,20000.0,0.25,57.405,1.7664,243.85,2.3889,301.26,301.26,0.32,29.222,330.929
467,FBTC,Fidelity Wise Origin Bitcoin,Fidelity,FBTC,Fidelity Wise Origin Bitcoin,BTC-USD,2025-07-25,101.97,20000.0,0.25,57.405,1.7664,1.83,0.4513,59.23,59.23,0.31,29.222,335.144
468,FBTC,Fidelity Wise Origin Bitcoin,Fidelity,FBTC,Fidelity Wise Origin Bitcoin,BTC-USD,2025-07-28,103.06,20000.0,0.25,54.197,1.7419,79.78,1.9073,133.98,133.98,0.31,26.964,345.264
469,FBTC,Fidelity Wise Origin Bitcoin,Fidelity,FBTC,Fidelity Wise Origin Bitcoin,BTC-USD,2025-07-29,102.5,20000.0,0.25,55.436,1.7516,105.98,2.0293,161.41,161.41,0.31,27.597,351.097
470,FBTC,Fidelity Wise Origin Bitcoin,Fidelity,FBTC,Fidelity Wise Origin Bitcoin,BTC-USD,2025-07-30,101.97,20000.0,0.25,56.862,1.7624,-14.0,-1.1762,42.86,42.86,0.33,28.585,354.285
471,FBTC,Fidelity Wise Origin Bitcoin,Fidelity,FBTC,Fidelity Wise Origin Bitcoin,BTC-USD,2025-07-31,101.84,20000.0,0.25,65.463,1.8226,215.76,2.336,281.22,281.22,0.41,35.042,360.535
472,FBTC,Fidelity Wise Origin Bitcoin,Fidelity,FBTC,Fidelity Wise Origin Bitcoin,BTC-USD,2025-08-01,98.66,20000.0,0.25,62.555,1.8032,-50.89,-1.7151,-11.66,11.66,0.4,35.042,369.618
473,FBTC,Fidelity Wise Origin Bitcoin,Fidelity,FBTC,Fidelity Wise Origin Bitcoin,BTC-USD,2025-08-04,100.12,20000.0,0.25,66.796,1.8312,37.52,1.5856,104.31,104.31,0.44,39.701,374.256
474,FBTC,Fidelity Wise Origin Bitcoin,Fidelity,FBTC,Fidelity Wise Origin Bitcoin,BTC-USD,2025-08-05,99.15,20000.0,0.25,66.755,1.8309,21.67,1.3555,88.43,88.43,0.46,39.701,377.962
475,FBTC,Fidelity Wise Origin Bitcoin,Fidelity,FBTC,Fidelity Wise Origin Bitcoin,BTC-USD,2025-08-06,100.62,20000.0,0.25,65.535,1.823,86.33,1.9412,151.87,151.87,0.48,39.701,383.411
476,FBTC,Fidelity Wise Origin Bitcoin,Fidelity,FBTC,Fidelity Wise Origin Bitcoin,BTC-USD,2025-08-07,102.65,20000.0,0.25,65.535,1.823,7.64,0.9368,73.18,73.18,0.48,39.701,382.504
477,FBTC,Fidelity Wise Origin Bitcoin,Fidelity,FBTC,Fidelity Wise Origin Bitcoin,BTC-USD,2025-08-08,101.6,20000.0,0.25,70.227,1.8526,144.12,2.1617,214.35,214.35,0.47,44.959,378.811
478,FBTC,Fidelity Wise Origin Bitcoin,Fidelity,FBTC,Fidelity Wise Origin Bitcoin,BTC-USD,2025-08-11,103.88,20000.0,0.25,70.227,1.8526,-53.28,-1.7347,-16.94,16.94,0.45,44.959,369.422
479,FBTC,Fidelity Wise Origin Bitcoin,Fidelity,FBTC,Fidelity Wise Origin Bitcoin,BTC-USD,2025-08-12,104.42,20000.0,0.25,75.036,1.881,-13.82,-1.1708,-61.22,61.22,0.48,49.839,358.547
480,FBTC,Fidelity Wise Origin Bitcoin,Fidelity,FBTC,Fidelity Wise Origin Bitcoin,BTC-USD,2025-08-13,107.27,20000.0,0.25,75.036,1.881,66.94,1.8321,141.97,141.97,0.46,49.839,361.464
481,FBTC,Fidelity Wise Origin Bitcoin,Fidelity,FBTC,Fidelity Wise Origin Bitcoin,BTC-USD,2025-08-14,102.97,20000.0,0.25,77.705,1.896,6.14,0.8536,-83.84,83.84,0.44,49.839,367.448
482,FBTC,Fidelity Wise Origin Bitcoin,Fidelity,FBTC,Fidelity Wise Origin Bitcoin,BTC-USD,2025-08-15,102.03,20000.0,0.25,73.024,1.8694,-30.98,-1.5048,-42.05,42.05,0.46,46.708,364.959
483,FBTC,Fidelity Wise Origin Bitcoin,Fidelity,FBTC,Fidelity Wise Origin Bitcoin,BTC-USD,2025-08-18,101.47,20000.0,0.25,65.351,1.8218,-30.43,-1.4973,34.92,34.92,0.44,42.73,352.733
484,FBTC,Fidelity Wise Origin Bitcoin,Fidelity,FBTC,Fidelity Wise Origin Bitcoin,BTC-USD,2025-08-19,98.62,20000.0,0.25,58.523,1.7747,-28.02,-1.4627,30.5,30.5,0.44,35.286,356.956
485,FBTC,Fidelity Wise Origin Bitcoin,Fidelity,FBTC,Fidelity Wise Origin Bitcoin,BTC-USD,2025-08-20,99.68,20000.0,0.25,55.647,1.7532,-38.21,-1.5934,-17.44,17.44,0.43,37.402,355.835
486,FBTC,Fidelity Wise Origin Bitcoin,Fidelity,FBTC,Fidelity Wise Origin Bitcoin,BTC-USD,2025-08-21,97.79,20000.0,0.25,57.722,1.7688,13.37,1.1574,-71.09,71.09,0.44,41.563,355.317
487,FBTC,Fidelity Wise Origin Bitcoin,Fidelity,FBTC,Fidelity Wise Origin Bitcoin,BTC-USD,2025-08-22,101.79,20000.0,0.25,59.769,1.7837,43.09,1.6443,-102.86,102.86,0.48,45.545,371.286
488,FBTC,Fidelity Wise Origin Bitcoin,Fidelity,FBTC,Fidelity Wise Origin Bitcoin,BTC-USD,2025-08-25,96.63,20000.0,0.25,59.806,1.7839,-5.11,-0.7858,54.7,54.7,0.47,45.545,373.91
489,FBTC,Fidelity Wise Origin Bitcoin,Fidelity,FBTC,Fidelity Wise Origin Bitcoin,BTC-USD,2025-08-26,96.94,20000.0,0.25,63.786,1.8115,72.02,1.8634,-135.8,135.8,0.49,45.545,375.031
490,FBTC,Fidelity Wise Origin Bitcoin,Fidelity,FBTC,Fidelity Wise Origin Bitcoin,BTC-USD,2025-08-27,97.8,20000.0,0.25,61.142,1.7934,-7.14,-0.9106,54.0,54.0,0.5,40.668,373.221
491,FBTC,Fidelity Wise Origin Bitcoin,Fidelity,FBTC,Fidelity Wise Origin Bitcoin,BTC-USD,2025-08-28,97.67,20000.0,0.25,59.117,1.779,-36.27,-1.5713,-22.85,22.85,0.52,35.973,370.48
492,FBTC,Fidelity Wise Origin Bitcoin,Fidelity,FBTC,Fidelity Wise Origin Bitcoin,BTC-USD,2025-08-29,94.39,20000.0,0.25,50.429,1.7112,102.6,2.0153,-153.03,153.03,0.54,29.516,375.79
493,FBTC,Fidelity Wise Origin Bitcoin,Fidelity,FBTC,Fidelity Wise Origin Bitcoin,BTC-USD,2025-09-02,96.67,20000.0,0.25,55.535,1.7523,-43.78,-1.6511,-11.76,11.76,0.52,29.516,367.292
494,FBTC,Fidelity Wise Origin Bitcoin,Fidelity,FBTC,Fidelity Wise Origin Bitcoin,BTC-USD,2025-09-03,97.93,20000.0,0.25,51.383,1.7192,6.92,0.8987,58.3,58.3,0.51,24.857,367.812
495,FBTC,Fidelity Wise Origin Bitcoin,Fidelity,FBTC,Fidelity Wise Origin Bitcoin,BTC-USD,2025-09-04,95.79,20000.0,0.25,52.667,1.7297,-3.41,-0.6441,-49.26,49.26,0.51,24.857,367.586
496,FBTC,Fidelity Wise Origin Bitcoin,Fidelity,FBTC,Fidelity Wise Origin Bitcoin,BTC-USD,2025-09-05,97.36,20000.0,0.25,52.09,1.725,-13.06,-1.1479,39.03,39.03,0.51,24.857,369.599
497,FBTC,Fidelity Wise Origin Bitcoin,Fidelity,FBTC,Fidelity Wise Origin Bitcoin,BTC-USD,2025-09-08,97.81,20000.0,0.25,56.791,1.7619,-3.9,-0.6902,-52.89,52.89,0.52,26.862,368.94
498,FBTC,Fidelity Wise Origin Bitcoin,Fidelity,FBTC,Fidelity Wise Origin Bitcoin,BTC-USD,2025-09-09,97.14,20000.0,0.25,57.15,1.7646,-25.78,-1.4279,-31.37,31.37,0.54,24.27,372.116
499,FBTC,Fidelity Wise Origin Bitcoin,Fidelity,FBTC,Fidelity Wise Origin Bitcoin,BTC-USD,2025-09-10,99.11,20000.0,0.25,60.437,1.7884,49.45,1.7029,-109.89,109.89,0.56,24.27,378.421
500,FBTC,Fidelity Wise Origin Bitcoin,Fidelity,FBTC,Fidelity Wise Origin Bitcoin,BTC-USD,2025-09-11,99.91,20000.0,0.25,56.135,1.7569,50.86,1.7148,-106.99,106.99,0.62,20.406,374.674
501,FBTC,Fidelity Wise Origin Bitcoin,Fidelity,FBTC,Fidelity Wise Origin Bitcoin,BTC-USD,2025-09-12,101.99,20000.0,0.25,56.135,1.7569,-50.91,-1.7153,5.22,5.22,0.68,20.406,362.055
502,FBTC,Fidelity Wise Origin Bitcoin,Fidelity,FBTC,Fidelity Wise Origin Bitcoin,BTC-USD,2025-09-15,100.6,20000.0,0.25,52.911,1.7317,-22.36,-1.3685,-30.55,30.55,0.66,20.406,348.846
503,FBTC,Fidelity Wise Origin Bitcoin,Fidelity,FBTC,Fidelity Wise Origin Bitcoin,BTC-USD,2025-09-16,101.93,20000.0,0.25,54.682,1.7457,-46.95,-1.6808,7.73,7.73,0.64,18.014,349.836
504,FBTC,Fidelity Wise Origin Bitcoin,Fidelity,FBTC,Fidelity Wise Origin Bitcoin,BTC-USD,2025-09-17,100.89,20000.0,0.25,61.286,1.7944,33.66,1.5398,-94.94,94.94,0.6,23.113,357.526
505,FBTC,Fidelity Wise Origin Bitcoin,Fidelity,FBTC,Fidelity Wise Origin Bitcoin,BTC-USD,2025-09-18,102.47,20000.0,0.25,60.904,1.7917,-34.32,-1.548,26.59,26.59,0.59,23.113,352.008
506,FBTC,Fidelity Wise Origin Bitcoin,Fidelity,FBTC,Fidelity Wise Origin Bitcoin,BTC-USD,2025-09-19,100.43,20000.0,0.25,58.723,1.7761,-13.14,-1.1504,-45.59,45.59,0.57,19.84,348.606
507,FBTC,Fidelity Wise Origin Bitcoin,Fidelity,FBTC,Fidelity Wise Origin Bitcoin,BTC-USD,2025-09-22,97.81,20000.0,0.25,52.236,1.7262,-32.83,-1.5293,-19.41,19.41,0.57,14.768,348.065
508,FBTC,Fidelity Wise Origin Bitcoin,Fidelity,FBTC,Fidelity Wise Origin Bitcoin,BTC-USD,2025-09-23,97.37,20000.0,0.25,49.004,1.699,-2.22,-0.5081,-46.78,46.78,0.58,15.054,329.657
509,FBTC,Fidelity Wise Origin Bitcoin,Fidelity,FBTC,Fidelity Wise Origin Bitcoin,BTC-USD,2025-09-24,98.95,20000.0,0.25,51.791,1.7226,-29.41,-1.483,-22.38,22.38,0.59,15.054,321.683
510,FBTC,Fidelity Wise Origin Bitcoin,Fidelity,FBTC,Fidelity Wise Origin Bitcoin,BTC-USD,2025-09-25,95.38,20000.0,0.25,49.265,1.7013,37.8,1.5888,87.06,87.06,0.59,15.054,330.739
511,FBTC,Fidelity Wise Origin Bitcoin,Fidelity,FBTC,Fidelity Wise Origin Bitcoin,BTC-USD,2025-09-26,95.21,20000.0,0.25,50.765,1.714,73.12,1.8699,-123.89,123.89,0.63,19.329,336.421
512,FBTC,Fidelity Wise Origin Bitcoin,Fidelity,FBTC,Fidelity Wise Origin Bitcoin,BTC-USD,2025-09-29,99.81,20000.0,0.25,49.106,1.6999,18.39,1.2875,67.49,67.49,0.67,19.329,347.216
513,FBTC,Fidelity Wise Origin Bitcoin,Fidelity,FBTC,Fidelity Wise Origin Bitcoin,BTC-USD,2025-09-30,99.81,20000.0,0.25,53.046,1.7328,41.85,1.632,94.9,94.9,0.67,24.002,340.131
514,FBTC,Fidelity Wise Origin Bitcoin,Fidelity,FBTC,Fidelity Wise Origin Bitcoin,BTC-USD,2025-10-01,102.51,20000.0,0.25,47.941,1.6897,-31.36,-1.51,-16.58,16.58,0.67,24.002,343.361
515,FBTC,Fidelity Wise Origin Bitcoin,Fidelity,FBTC,Fidelity Wise Origin Bitcoin,BTC-USD,2025-10-02,105.54,20000.0,0.25,47.941,1.6897,-20.02,-1.3227,27.92,27.92,0.67,24.002,357.524
516,FBTC,Fidelity Wise Origin Bitcoin,Fidelity,FBTC,Fidelity Wise Origin Bitcoin,BTC-USD,2025-10-03,107.17,20000.0,0.25,46.632,1.6779,142.58,2.1571,189.21,189.21,0.67,24.002,378.964
517,FBTC,Fidelity Wise Origin Bitcoin,Fidelity,FBTC,Fidelity Wise Origin Bitcoin,BTC-USD,2025-10-06,109.44,20000.0,0.25,45.451,1.667,-13.6,-1.1643,31.85,31.85,0.66,24.002,396.641
518,FBTC,Fidelity Wise Origin Bitcoin,Fidelity,FBTC,Fidelity Wise Origin Bitcoin,BTC-USD,2025-10-07,106.12,20000.0,0.25,40.747,1.6206,22.41,1.3694,63.16,63.16,0.63,21.996,423.142
519,FBTC,Fidelity Wise Origin Bitcoin,Fidelity,FBTC,Fidelity Wise Origin Bitcoin,BTC-USD,2025-10-08,107.65,20000.0,0.25,43.316,1.6466,33.95,1.5435,77.27,77.27,0.66,25.793,433.491
520,FBTC,Fidelity Wise Origin Bitcoin,Fidelity,FBTC,Fidelity Wise Origin Bitcoin,BTC-USD,2025-10-09,105.56,20000.0,0.25,43.073,1.6442,-25.85,-1.4289,17.23,17.23,0.68,26.156,435.999
521,FBTC,Fidelity Wise Origin Bitcoin,Fidelity,FBTC,Fidelity Wise Origin Bitcoin,BTC-USD,2025-10-10,101.73,20000.0,0.25,43.163,1.6451,301.64,2.4809,344.8,344.8,0.78,26.335,471.978
522,FBTC,Fidelity Wise Origin Bitcoin,Fidelity,FBTC,Fidelity Wise Origin Bitcoin,BTC-USD,2025-10-13,101.05,20000.0,0.25,43.819,1.6515,-0.37,-0.1354,-43.45,43.45,0.65,26.335,492.322
523,FBTC,Fidelity Wise Origin Bitcoin,Fidelity,FBTC,Fidelity Wise Origin Bitcoin,BTC-USD,2025-10-14,98.21,20000.0,0.25,40.249,1.6154,37.91,1.59,-78.15,78.15,0.62,26.335,514.538
524,FBTC,Fidelity Wise Origin Bitcoin,Fidelity,FBTC,Fidelity Wise Origin Bitcoin,BTC-USD,2025-10-15,97.03,20000.0,0.25,45.26,1.6652,-10.43,-1.0579,-34.83,34.83,0.58,32.62,525.339
525,FBTC,Fidelity Wise Origin Bitcoin,Fidelity,FBTC,Fidelity Wise Origin Bitcoin,BTC-USD,2025-10-16,94.37,20000.0,0.25,38.656,1.5983,-6.06,-0.8486,-32.6,32.6,0.46,27.521,551.395
526,FBTC,Fidelity Wise Origin Bitcoin,Fidelity,FBTC,Fidelity Wise Origin Bitcoin,BTC-USD,2025-10-17,92.86,20000.0,0.25,38.65,1.5982,113.29,2.058,-151.93,151.93,0.32,27.521,584.618
527,FBTC,Fidelity Wise Origin Bitcoin,Fidelity,FBTC,Fidelity Wise Origin Bitcoin,BTC-USD,2025-10-20,96.69,20000.0,0.25,37.993,1.591,-32.83,-1.5293,-5.16,5.16,0.31,27.521,600.793
528,FBTC,Fidelity Wise Origin Bitcoin,Fidelity,FBTC,Fidelity Wise Origin Bitcoin,BTC-USD,2025-10-21,97.55,20000.0,0.25,45.934,1.6715,224.37,2.3529,270.3,270.3,0.29,30.625,623.43
529,FBTC,Fidelity Wise Origin Bitcoin,Fidelity,FBTC,Fidelity Wise Origin Bitcoin,BTC-USD,2025-10-22,93.96,20000.0,0.25,43.808,1.6514,18.3,1.2855,-62.1,62.1,0.19,26.357,648.666
530,FBTC,Fidelity Wise Origin Bitcoin,Fidelity,FBTC,Fidelity Wise Origin Bitcoin,BTC-USD,2025-10-23,96.14,20000.0,0.25,41.02,1.6235,32.14,1.5203,-73.16,73.16,0.2,26.357,652.612
531,FBTC,Fidelity Wise Origin Bitcoin,Fidelity,FBTC,Fidelity Wise Origin Bitcoin,BTC-USD,2025-10-24,96.48,20000.0,0.25,41.885,1.6323,76.25,1.8879,-118.13,118.13,0.21,30.986,637.42
532,FBTC,Fidelity Wise Origin Bitcoin,Fidelity,FBTC,Fidelity Wise Origin Bitcoin,BTC-USD,2025-10-27,100.27,20000.0,0.25,38.331,1.5947,59.37,1.7809,97.71,97.71,0.19,26.711,633.715
533,FBTC,Fidelity Wise Origin Bitcoin,Fidelity,FBTC,Fidelity Wise Origin Bitcoin,BTC-USD,2025-10-28,99.09,20000.0,0.25,42.39,1.6374,-42.05,-1.634,0.34,0.34,0.19,29.904,631.602
534,FBTC,Fidelity Wise Origin Bitcoin,Fidelity,FBTC,Fidelity Wise Origin Bitcoin,BTC-USD,2025-10-29,96.41,20000.0,0.25,38.45,1.596,31.35,1.5098,-69.8,69.8,0.16,25.231,649.179
535,FBTC,Fidelity Wise Origin Bitcoin,Fidelity,FBTC,Fidelity Wise Origin Bitcoin,BTC-USD,2025-10-30,92.74,20000.0,0.25,38.45,1.596,167.62,2.2269,-206.07,206.07,0.17,25.231,651.038
536,FBTC,Fidelity Wise Origin Bitcoin,Fidelity,FBTC,Fidelity Wise Origin Bitcoin,BTC-USD,2025-10-31,95.69,20000.0,0.25,41.971,1.6332,87.77,1.9483,-129.74,129.74,0.22,25.231,645.749
537,FBTC,Fidelity Wise Origin Bitcoin,Fidelity,FBTC,Fidelity Wise Origin Bitcoin,BTC-USD,2025-11-03,92.89,20000.0,0.25,43.977,1.653,151.19,2.1824,-195.17,195.17,0.23,25.231,642.598
538,FBTC,Fidelity Wise Origin Bitcoin,Fidelity,FBTC,Fidelity Wise Origin Bitcoin,BTC-USD,2025-11-04,87.81,20000.0,0.25,43.984,1.6531,281.75,2.4514,-325.73,325.73,0.36,25.231,665.479
539,FBTC,Fidelity Wise Origin Bitcoin,Fidelity,FBTC,Fidelity Wise Origin Bitcoin,BTC-USD,2025-11-05,90.52,20000.0,0.25,56.609,1.7605,134.5,2.1319,-191.11,191.11,0.44,31.256,643.338
540,FBTC,Fidelity Wise Origin Bitcoin,Fidelity,FBTC,Fidelity Wise Origin Bitcoin,BTC-USD,2025-11-06,87.95,20000.0,0.25,55.638,1.7531,177.59,2.2519,-233.23,233.23,0.51,24.794,648.527
541,FBTC,Fidelity Wise Origin Bitcoin,Fidelity,FBTC,Fidelity Wise Origin Bitcoin,BTC-USD,2025-11-07,90.44,20000.0,0.25,63.61,1.8103,18.18,1.2829,-81.79,81.79,0.54,32.591,651.108
542,FBTC,Fidelity Wise Origin Bitcoin,Fidelity,FBTC,Fidelity Wise Origin Bitcoin,BTC-USD,2025-11-10,92.43,20000.0,0.25,63.019,1.8063,303.88,2.4841,-366.9,366.9,0.58,31.396,623.373
543,FBTC,Fidelity Wise Origin Bitcoin,Fidelity,FBTC,Fidelity Wise Origin Bitcoin,BTC-USD,2025-11-11,89.59,20000.0,0.25,64.913,1.819,124.14,2.0974,-189.06,189.06,0.62,31.396,601.729
544,FBTC,Fidelity Wise Origin Bitcoin,Fidelity,FBTC,Fidelity Wise Origin Bitcoin,BTC-USD,2025-11-12,88.5,20000.0,0.25,67.985,1.8388,2.98,0.6001,-70.97,70.97,0.61,36.56,585.55
545,FBTC,Fidelity Wise Origin Bitcoin,Fidelity,FBTC,Fidelity Wise Origin Bitcoin,BTC-USD,2025-11-13,85.43,20000.0,0.25,60.871,1.7915,234.5,2.372,-295.37,295.37,0.62,30.275,593.517
546,FBTC,Fidelity Wise Origin Bitcoin,Fidelity,FBTC,Fidelity Wise Origin Bitcoin,BTC-USD,2025-11-14,82.15,20000.0,0.25,60.895,1.7917,51.23,1.718,-112.13,112.13,0.62,30.275,582.428
547,FBTC,Fidelity Wise Origin Bitcoin,Fidelity,FBTC,Fidelity Wise Origin Bitcoin,BTC-USD,2025-11-17,80.02,20000.0,0.25,60.895,1.7917,63.91,1.8123,-124.81,124.81,0.62,30.275,571.288
548,FBTC,Fidelity Wise Origin Bitcoin,Fidelity,FBTC,Fidelity Wise Origin Bitcoin,BTC-USD,2025-11-18,80.9,20000.0,0.25,64.968,1.8193,103.32,2.0184,-168.29,168.29,0.65,38.469,572.572
549,FBTC,Fidelity Wise Origin Bitcoin,Fidelity,FBTC,Fidelity Wise Origin Bitcoin,BTC-USD,2025-11-19,77.93,20000.0,0.25,63.664,1.8107,563.33,2.7515,-626.99,626.99,0.82,35.365,570.531
550,FBTC,Fidelity Wise Origin Bitcoin,Fidelity,FBTC,Fidelity Wise Origin Bitcoin,BTC-USD,2025-11-20,75.22,20000.0,0.25,74.226,1.8764,110.88,2.0488,-185.11,185.11,0.72,40.447,590.355
551,FBTC,Fidelity Wise Origin Bitcoin,Fidelity,FBTC,Fidelity Wise Origin Bitcoin,BTC-USD,2025-11-21,73.72,20000.0,0.25,74.202,1.8762,179.78,2.2572,-253.98,253.98,0.75,40.447,624.707
552,FBTC,Fidelity Wise Origin Bitcoin,Fidelity,FBTC,Fidelity Wise Origin Bitcoin,BTC-USD,2025-11-24,77.69,20000.0,0.25,71.912,1.8628,-30.52,-1.4986,-41.39,41.39,0.73,35.818,636.149
553,FBTC,Fidelity Wise Origin Bitcoin,Fidelity,FBTC,Fidelity Wise Origin Bitcoin,BTC-USD,2025-11-25,76.08,20000.0,0.25,79.182,1.9041,207.13,2.3183,-286.31,286.31,0.73,42.001,640.582
554,FBTC,Fidelity Wise Origin Bitcoin,Fidelity,FBTC,Fidelity Wise Origin Bitcoin,BTC-USD,2025-11-26,78.39,20000.0,0.25,77.836,1.8967,222.08,2.3485,-299.92,299.92,0.77,38.808,646.387
555,FBTC,Fidelity Wise Origin Bitcoin,Fidelity,FBTC,Fidelity Wise Origin Bitcoin,BTC-USD,2025-11-28,79.08,20000.0,0.25,77.836,1.8967,137.28,2.1408,-215.12,215.12,0.8,38.808,630.788
556,FBTC,Fidelity Wise Origin Bitcoin,Fidelity,FBTC,Fidelity Wise Origin Bitcoin,BTC-USD,2025-12-01,74.52,20000.0,0.25,77.836,1.8967,-9.09,-1.004,-68.74,68.74,0.78,38.808,632.285
557,FBTC,Fidelity Wise Origin Bitcoin,Fidelity,FBTC,Fidelity Wise Origin Bitcoin,BTC-USD,2025-12-02,79.35,20000.0,0.25,77.523,1.895,123.25,2.0943,-200.78,200.78,0.78,38.808,640.602
558,FBTC,Fidelity Wise Origin Bitcoin,Fidelity,FBTC,Fidelity Wise Origin Bitcoin,BTC-USD,2025-12-03,81.05,20000.0,0.25,75.525,1.8838,101.27,2.0097,-176.79,176.79,0.79,38.808,629.475
559,FBTC,Fidelity Wise Origin Bitcoin,Fidelity,FBTC,Fidelity Wise Origin Bitcoin,BTC-USD,2025-12-04,80.66,20000.0,0.25,84.434,1.9316,-44.64,-1.6593,39.79,39.79,0.77,41.659,588.612
560,FBTC,Fidelity Wise Origin Bitcoin,Fidelity,FBTC,Fidelity Wise Origin Bitcoin,BTC-USD,2025-12-05,77.87,20000.0,0.25,71.822,1.8623,36.92,1.5788,-108.74,108.74,0.75,35.634,591.743
561,FBTC,Fidelity Wise Origin Bitcoin,Fidelity,FBTC,Fidelity Wise Origin Bitcoin,BTC-USD,2025-12-08,79.14,20000.0,0.25,72.039,1.8636,-39.95,-1.6122,-32.09,32.09,0.75,40.492,575.927
562,FBTC,Fidelity Wise Origin Bitcoin,Fidelity,FBTC,Fidelity Wise Origin Bitcoin,BTC-USD,2025-12-09,81.18,20000.0,0.25,65.607,1.8235,19.56,1.3131,-85.17,85.17,0.75,33.234,574.128
563,FBTC,Fidelity Wise Origin Bitcoin,Fidelity,FBTC,Fidelity Wise Origin Bitcoin,BTC-USD,2025-12-10,80.66,20000.0,0.25,75.399,1.8831,-14.67,-1.1951,-60.73,60.73,0.75,43.683,572.005
564,FBTC,Fidelity Wise Origin Bitcoin,Fidelity,FBTC,Fidelity Wise Origin Bitcoin,BTC-USD,2025-12-11,79.98,20000.0,0.25,72.838,1.8683,82.05,1.9194,-154.89,154.89,0.75,43.683,578.823
565,FBTC,Fidelity Wise Origin Bitcoin,Fidelity,FBTC,Fidelity Wise Origin Bitcoin,BTC-USD,2025-12-12,78.67,20000.0,0.25,81.089,1.9143,2.5,0.5447,-83.59,83.59,0.75,47.437,578.373
566,FBTC,Fidelity Wise Origin Bitcoin,Fidelity,FBTC,Fidelity Wise Origin Bitcoin,BTC-USD,2025-12-15,74.74,20000.0,0.25,80.102,1.909,-76.45,-1.889,-3.65,3.65,0.75,47.437,569.676
567,FBTC,Fidelity Wise Origin Bitcoin,Fidelity,FBTC,Fidelity Wise Origin Bitcoin,BTC-USD,2025-12-16,76.35,20000.0,0.25,86.519,1.9421,-18.59,-1.292,-67.93,67.93,0.74,50.022,556.843
568,FBTC,Fidelity Wise Origin Bitcoin,Fidelity,FBTC,Fidelity Wise Origin Bitcoin,BTC-USD,2025-12-17,74.85,20000.0,0.25,92.627,1.9714,-50.48,-1.7117,-42.15,42.15,0.74,52.447,557.543
569,FBTC,Fidelity Wise Origin Bitcoin,Fidelity,FBTC,Fidelity Wise Origin Bitcoin,BTC-USD,2025-12-18,73.75,20000.0,0.25,103.751,2.0202,30.87,1.5034,-134.62,134.62,0.74,59.045,546.108
570,FBTC,Fidelity Wise Origin Bitcoin,Fidelity,FBTC,Fidelity Wise Origin Bitcoin,BTC-USD,2025-12-19,76.69,20000.0,0.25,111.076,2.0495,67.05,1.8328,178.12,178.12,0.7,66.485,529.227
571,FBTC,Fidelity Wise Origin Bitcoin,Fidelity,FBTC,Fidelity Wise Origin Bitcoin,BTC-USD,2025-12-22,76.96,20000.0,0.25,100.804,2.0078,-82.06,-1.9194,18.75,18.75,0.73,61.984,494.947
572,FBTC,Fidelity Wise Origin Bitcoin,Fidelity,FBTC,Fidelity Wise Origin Bitcoin,BTC-USD,2025-12-23,76.34,20000.0,0.25,100.804,2.0078,-8.94,-0.9973,91.87,91.87,0.76,61.984,456.187
573,FBTC,Fidelity Wise Origin Bitcoin,Fidelity,FBTC,Fidelity Wise Origin Bitcoin,BTC-USD,2025-12-24,76.02,20000.0,0.25,104.008,2.0212,41.32,1.6266,-145.33,145.33,0.7,64.771,440.518
574,FBTC,Fidelity Wise Origin Bitcoin,Fidelity,FBTC,Fidelity Wise Origin Bitcoin,BTC-USD,2025-12-26,76.28,20000.0,0.25,98.624,1.9984,-67.6,-1.8363,31.03,31.03,0.69,60.186,441.483
575,FBTC,Fidelity Wise Origin Bitcoin,Fidelity,FBTC,Fidelity Wise Origin Bitcoin,BTC-USD,2025-12-29,75.88,20000.0,0.25,103.463,2.019,-65.52,-1.823,37.94,37.94,0.7,63.639,429.125
576,FBTC,Fidelity Wise Origin Bitcoin,Fidelity,FBTC,Fidelity Wise Origin Bitcoin,BTC-USD,2025-12-30,76.55,20000.0,0.25,108.857,2.0408,-44.88,-1.6616,-63.98,63.98,0.66,63.639,434.96
577,FBTC,Fidelity Wise Origin Bitcoin,Fidelity,FBTC,Fidelity Wise Origin Bitcoin,BTC-USD,2025-12-31,76.23,20000.0,0.25,113.91,2.0604,-22.27,-1.3667,91.64,91.64,0.65,65.303,423.916
578,FBTC,Fidelity Wise Origin Bitcoin,Fidelity,FBTC,Fidelity Wise Origin Bitcoin,BTC-USD,2026-01-02,78.19,20000.0,0.25,110.702,2.0481,-108.19,-2.0382,2.51,2.51,0.64,65.303,422.921
579,FBTC,Fidelity Wise Origin Bitcoin,Fidelity,FBTC,Fidelity Wise Origin Bitcoin,BTC-USD,2026-01-05,82.1,20000.0,0.25,110.702,2.0481,-23.56,-1.3902,87.15,87.15,0.64,65.303,430.232
580,FBTC,Fidelity Wise Origin Bitcoin,Fidelity,FBTC,Fidelity Wise Origin Bitcoin,BTC-USD,2026-01-06,80.55,20000.0,0.25,110.977,2.0491,72.28,1.865,-183.26,183.26,0.59,67.155,436.386
581,FBTC,Fidelity Wise Origin Bitcoin,Fidelity,FBTC,Fidelity Wise Origin Bitcoin,BTC-USD,2026-01-07,79.23,20000.0,0.25,114.847,2.0639,-90.99,-1.9637,-23.86,23.86,0.53,67.155,431.875
582,FBTC,Fidelity Wise Origin Bitcoin,Fidelity,FBTC,Fidelity Wise Origin Bitcoin,BTC-USD,2026-01-08,79.12,20000.0,0.25,107.943,2.0372,-76.83,-1.8911,-31.11,31.11,0.57,62.297,435.65
583,FBTC,Fidelity Wise Origin Bitcoin,Fidelity,FBTC,Fidelity Wise Origin Bitcoin,BTC-USD,2026-01-09,78.59,20000.0,0.25,109.121,2.0419,-35.04,-1.5568,-74.08,74.08,0.57,66.184,425.919
584,FBTC,Fidelity Wise Origin Bitcoin,Fidelity,FBTC,Fidelity Wise Origin Bitcoin,BTC-USD,2026-01-12,79.69,20000.0,0.25,106.229,2.0303,-85.15,-1.9352,-21.08,21.08,0.57,63.16,424.126
585,FBTC,Fidelity Wise Origin Bitcoin,Fidelity,FBTC,Fidelity Wise Origin Bitcoin,BTC-USD,2026-01-13,82.33,20000.0,0.25,106.293,2.0306,-88.78,-1.9532,-17.52,17.52,0.58,63.16,427.418
586,FBTC,Fidelity Wise Origin Bitcoin,Fidelity,FBTC,Fidelity Wise Origin Bitcoin,BTC-USD,2026-01-14,85.12,20000.0,0.25,94.97,1.9821,-26.31,-1.4363,68.66,68.66,0.6,54.242,432.062
587,FBTC,Fidelity Wise Origin Bitcoin,Fidelity,FBTC,Fidelity Wise Origin Bitcoin,BTC-USD,2026-01-15,82.99,20000.0,0.25,100.837,2.0079,-48.91,-1.6982,51.92,51.92,0.63,58.955,427.599
588,FBTC,Fidelity Wise Origin Bitcoin,Fidelity,FBTC,Fidelity Wise Origin Bitcoin,BTC-USD,2026-01-16,83.23,20000.0,0.25,94.351,1.9793,-63.98,-1.8128,30.37,30.37,0.6,56.37,424.253
589,FBTC,Fidelity Wise Origin Bitcoin,Fidelity,FBTC,Fidelity Wise Origin Bitcoin,BTC-USD,2026-01-20,77.98,20000.0,0.25,88.309,1.9509,104.58,2.0236,192.89,192.89,0.7,53.945,409.589
590,FBTC,Fidelity Wise Origin Bitcoin,Fidelity,FBTC,Fidelity Wise Origin Bitcoin,BTC-USD,2026-01-21,78.49,20000.0,0.25,75.348,1.8828,130.7,2.1196,206.05,206.05,0.8,39.153,425.956
591,FBTC,Fidelity Wise Origin Bitcoin,Fidelity,FBTC,Fidelity Wise Origin Bitcoin,BTC-USD,2026-01-22,77.83,20000.0,0.25,66.548,1.8296,-47.81,-1.6885,18.74,18.74,0.79,35.837,421.394
592,FBTC,Fidelity Wise Origin Bitcoin,Fidelity,FBTC,Fidelity Wise Origin Bitcoin,BTC-USD,2026-01-23,77.92,20000.0,0.25,71.754,1.8619,-38.05,-1.5916,33.7,33.7,0.82,39.489,411.155
593,FBTC,Fidelity Wise Origin Bitcoin,Fidelity,FBTC,Fidelity Wise Origin Bitcoin,BTC-USD,2026-01-26,76.26,20000.0,0.25,71.76,1.8619,7.07,0.9066,-78.83,78.83,0.8,39.489,417.31
594,FBTC,Fidelity Wise Origin Bitcoin,Fidelity,FBTC,Fidelity Wise Origin Bitcoin,BTC-USD,2026-01-27,77.83,20000.0,0.25,72.805,1.8681,20.3,1.3284,93.11,93.11,0.81,42.453,424.551
595,FBTC,Fidelity Wise Origin Bitcoin,Fidelity,FBTC,Fidelity Wise Origin Bitcoin,BTC-USD,2026-01-28,77.55,20000.0,0.25,70.822,1.8563,-48.81,-1.6973,-22.02,22.02,0.81,40.856,418.568
596,FBTC,Fidelity Wise Origin Bitcoin,Fidelity,FBTC,Fidelity Wise Origin Bitcoin,BTC-USD,2026-01-29,73.15,20000.0,0.25,63.242,1.8078,-29.59,-1.4855,-33.66,33.66,0.81,37.403,436.985
597,FBTC,Fidelity Wise Origin Bitcoin,Fidelity,FBTC,Fidelity Wise Origin Bitcoin,BTC-USD,2026-01-30,73.02,20000.0,0.25,57.848,1.7697,-0.87,-0.2725,56.97,56.97,0.82,37.403,443.814
598,FBTC,Fidelity Wise Origin Bitcoin,Fidelity,FBTC,Fidelity Wise Origin Bitcoin,BTC-USD,2026-02-02,67.89,20000.0,0.25,52.746,1.7303,4.25,0.7201,-56.99,56.99,0.77,35.739,469.106
599,FBTC,Fidelity Wise Origin Bitcoin,Fidelity,FBTC,Fidelity Wise Origin Bitcoin,BTC-USD,2026-02-03,66.58,20000.0,0.25,63.431,1.8091,91.8,1.9675,155.23,155.23,0.76,35.739,482.837
600,FBTC,Fidelity Wise Origin Bitcoin,Fidelity,FBTC,Fidelity Wise Origin Bitcoin,BTC-USD,2026-02-04,63.9,20000.0,0.25,70.574,1.8548,-44.63,-1.6592,25.95,25.95,0.74,39.235,499.726
601,FBTC,Fidelity Wise Origin Bitcoin,Fidelity,FBTC,Fidelity Wise Origin Bitcoin,BTC-USD,2026-02-05,55.45,20000.0,0.25,61.459,1.7956,200.09,2.3034,261.55,261.55,0.8,34.531,548.361
602,FBTC,Fidelity Wise Origin Bitcoin,Fidelity,FBTC,Fidelity Wise Origin Bitcoin,BTC-USD,2026-02-06,60.96,20000.0,0.25,83.9,1.9289,-73.97,-1.8749,-9.93,9.93,0.74,39.887,562.739
603,FBTC,Fidelity Wise Origin Bitcoin,Fidelity,FBTC,Fidelity Wise Origin Bitcoin,BTC-USD,2026-02-09,61.605,20000.0,0.25,93.2,1.974,42.53,1.6388,135.73,135.73,0.74,52.254,569.372
604,FBTC,Fidelity Wise Origin Bitcoin,Fidelity,FBTC,Fidelity Wise Origin Bitcoin,BTC-USD,2026-02-10,59.9,20000.0,0.25,93.36,1.9748,-51.61,-1.721,41.75,41.75,0.76,50.165,567.55
605,FBTC,Fidelity Wise Origin Bitcoin,Fidelity,FBTC,Fidelity Wise Origin Bitcoin,BTC-USD,2026-02-11,58.82,20000.0,0.25,86.481,1.9419,-38.22,-1.5935,48.26,48.26,0.75,42.739,573.259
606,FBTC,Fidelity Wise Origin Bitcoin,Fidelity,FBTC,Fidelity Wise Origin Bitcoin,BTC-USD,2026-02-12,56.91,20000.0,0.25,99.169,2.0007,-59.53,-1.782,-39.64,39.64,0.76,57.582,577.646
607,FBTC,Fidelity Wise Origin Bitcoin,Fidelity,FBTC,Fidelity Wise Origin Bitcoin,BTC-USD,2026-02-13,59.89,20000.0,0.25,103.621,2.0196,-43.95,-1.6527,-59.67,59.67,0.75,57.582,569.367
608,FBTC,Fidelity Wise Origin Bitcoin,Fidelity,FBTC,Fidelity Wise Origin Bitcoin,BTC-USD,2026-02-17,59.02,20000.0,0.25,106.829,2.0327,-18.8,-1.2966,88.03,88.03,0.73,56.869,563.289
609,FBTC,Fidelity Wise Origin Bitcoin,Fidelity,FBTC,Fidelity Wise Origin Bitcoin,BTC-USD,2026-02-18,57.69,20000.0,0.25,113.755,2.0598,-93.28,-1.9744,-20.47,20.47,0.61,65.49,562.066
610,FBTC,Fidelity Wise Origin Bitcoin,Fidelity,FBTC,Fidelity Wise Origin Bitcoin,BTC-USD,2026-02-19,58.46,20000.0,0.25,118.295,2.0766,-0.88,-0.2731,-117.42,117.42,0.64,69.916,548.572
611,FBTC,Fidelity Wise Origin Bitcoin,Fidelity,FBTC,Fidelity Wise Origin Bitcoin,BTC-USD,2026-02-20,59.01,20000.0,0.25,115.97,2.0681,-0.85,-0.2663,-115.12,115.12,0.59,69.916,533.386
612,FBTC,Fidelity Wise Origin Bitcoin,Fidelity,FBTC,Fidelity Wise Origin Bitcoin,BTC-USD,2026-02-23,56.13,20000.0,0.25,110.888,2.0488,-74.61,-1.8786,-36.28,36.28,0.62,65.793,537.313
613,FBTC,Fidelity Wise Origin Bitcoin,Fidelity,FBTC,Fidelity Wise Origin Bitcoin,BTC-USD,2026-02-24,56.13,20000.0,0.25,105.405,2.027,-69.39,-1.8475,36.01,36.01,0.6,61.56,536.974
614,FBTC,Fidelity Wise Origin Bitcoin,Fidelity,FBTC,Fidelity Wise Origin Bitcoin,BTC-USD,2026-02-25,60.3,20000.0,0.25,105.441,2.0271,157.95,2.2013,263.39,263.39,0.5,61.56,535.229
615,FBTC,Fidelity Wise Origin Bitcoin,Fidelity,FBTC,Fidelity Wise Origin Bitcoin,BTC-USD,2026-02-26,58.74,20000.0,0.25,108.711,2.0402,-71.04,-1.8576,-37.67,37.67,0.37,63.366,537.045
616,FBTC,Fidelity Wise Origin Bitcoin,Fidelity,FBTC,Fidelity Wise Origin Bitcoin,BTC-USD,2026-02-27,57.15,20000.0,0.25,109.785,2.0445,-69.23,-1.8465,-40.56,40.56,0.35,63.366,530.443
617,FBTC,Fidelity Wise Origin Bitcoin,Fidelity,FBTC,Fidelity Wise Origin Bitcoin,BTC-USD,2026-03-02,60.26,20000.0,0.25,115.564,2.0666,7.73,0.9409,123.29,123.29,0.31,63.366,527.669
618,FBTC,Fidelity Wise Origin Bitcoin,Fidelity,FBTC,Fidelity Wise Origin Bitcoin,BTC-USD,2026-03-03,59.45,20000.0,0.25,129.807,2.1166,-109.09,-2.0417,20.72,20.72,0.24,77.151,513.523
619,FBTC,Fidelity Wise Origin Bitcoin,Fidelity,FBTC,Fidelity Wise Origin Bitcoin,BTC-USD,2026-03-04,63.68,20000.0,0.25,129.807,2.1166,25.69,1.4264,155.5,155.5,0.26,77.151,492.904
620,FBTC,Fidelity Wise Origin Bitcoin,Fidelity,FBTC,Fidelity Wise Origin Bitcoin,BTC-USD,2026-03-05,62.05,20000.0,0.25,124.492,2.0986,-74.34,-1.877,-50.15,50.15,0.25,78.144,465.094
621,FBTC,Fidelity Wise Origin Bitcoin,Fidelity,FBTC,Fidelity Wise Origin Bitcoin,BTC-USD,2026-03-06,59.31,20000.0,0.25,117.366,2.0732,-54.89,-1.7473,-62.48,62.48,0.25,74.648,437.305
622,FBTC,Fidelity Wise Origin Bitcoin,Fidelity,FBTC,Fidelity Wise Origin Bitcoin,BTC-USD,2026-03-09,60.13,20000.0,0.25,117.882,2.0751,-97.05,-1.9914,-20.83,20.83,0.24,75.714,382.026
623,FBTC,Fidelity Wise Origin Bitcoin,Fidelity,FBTC,Fidelity Wise Origin Bitcoin,BTC-USD,2026-03-10,61.03,20000.0,0.25,91.459,1.966,-14.81,-1.199,76.65,76.65,0.22,70.359,366.492
624,FBTC,Fidelity Wise Origin Bitcoin,Fidelity,FBTC,Fidelity Wise Origin Bitcoin,BTC-USD,2026-03-11,61.57,20000.0,0.25,92.131,1.9691,-54.92,-1.7476,-37.21,37.21,0.16,65.948,355.254
625,FBTC,Fidelity Wise Origin Bitcoin,Fidelity,FBTC,Fidelity Wise Origin Bitcoin,BTC-USD,2026-03-12,61.37,20000.0,0.25,90.898,1.9633,-82.27,-1.9205,-8.63,8.63,,65.069,357.05
626,FBTC,Fidelity Wise Origin Bitcoin,Fidelity,FBTC,Fidelity Wise Origin Bitcoin,BTC-USD,2026-03-13,61.98,20000.0,0.25,90.898,1.9633,-49.83,-1.7061,-41.07,41.07,,65.069,357.114
627,FBTC,Fidelity Wise Origin Bitcoin,Fidelity,FBTC,Fidelity Wise Origin Bitcoin,BTC-USD,2026-03-16,64.44,20000.0,0.25,78.322,1.8994,-20.07,-1.3236,58.25,58.25,,50.227,350.797
628,FBTC,Fidelity Wise Origin Bitcoin,Fidelity,FBTC,Fidelity Wise Origin Bitcoin,BTC-USD,2026-03-17,64.94,20000.0,0.25,75.688,1.8847,42.2,1.6354,117.88,117.88,,54.085,350.215
629,FBTC,Fidelity Wise Origin Bitcoin,Fidelity,FBTC,Fidelity Wise Origin Bitcoin,BTC-USD,2026-03-18,61.89,20000.0,0.25,66.69,1.8305,-12.65,-1.135,-54.04,54.04,,50.085,350.742
630,FBTC,Fidelity Wise Origin Bitcoin,Fidelity,FBTC,Fidelity Wise Origin Bitcoin,BTC-USD,2026-03-19,61.19,20000.0,0.25,59.798,1.7839,29.07,1.4781,88.87,88.87,,41.465,347.67
631,FBTC,Fidelity Wise Origin Bitcoin,Fidelity,FBTC,Fidelity Wise Origin Bitcoin,BTC-USD,2026-03-20,61.12,20000.0,0.25,63.024,1.8063,-1.63,-0.4194,-61.4,61.4,,42.591,346.93
632,FBTC,Fidelity Wise Origin Bitcoin,Fidelity,FBTC,Fidelity Wise Origin Bitcoin,BTC-USD,2026-03-23,61.55,20000.0,0.25,66.409,1.8287,-55.49,-1.752,10.92,10.92,,42.591,341.46
633,FBTC,Fidelity Wise Origin Bitcoin,Fidelity,FBTC,Fidelity Wise Origin Bitcoin,BTC-USD,2026-03-24,60.4,20000.0,0.25,71.532,1.8605,37.26,1.5827,-108.79,108.79,,42.591,338.448
634,FBTC,Fidelity Wise Origin Bitcoin,Fidelity,FBTC,Fidelity Wise Origin Bitcoin,BTC-USD,2026-03-25,61.69,20000.0,0.25,71.532,1.8605,12.03,1.1149,-83.56,83.56,0.18,42.591,337.152
635,FBTC,Fidelity Wise Origin Bitcoin,Fidelity,FBTC,Fidelity Wise Origin Bitcoin,BTC-USD,2026-03-26,59.66,20000.0,0.25,71.532,1.8605,151.36,2.1829,-222.89,222.89,0.26,42.591,332.057
636,FBTC,Fidelity Wise Origin Bitcoin,Fidelity,FBTC,Fidelity Wise Origin Bitcoin,BTC-USD,2026-03-27,57.47,20000.0,0.25,64.123,1.8137,-2.5,-0.5445,-61.62,61.62,0.3,35.034,332.745
637,FBTC,Fidelity Wise Origin Bitcoin,Fidelity,FBTC,Fidelity Wise Origin Bitcoin,BTC-USD,2026-03-30,57.89,20000.0,0.25,68.977,1.845,-60.55,-1.7892,8.43,8.43,0.32,35.034,339.498
638,FBTC,Fidelity Wise Origin Bitcoin,Fidelity,FBTC,Fidelity Wise Origin Bitcoin,BTC-USD,2026-03-31,59.03,20000.0,0.25,73.297,1.871,58.55,1.7749,-131.85,131.85,0.32,42.981,329.742
639,FBTC,Fidelity Wise Origin Bitcoin,Fidelity,FBTC,Fidelity Wise Origin Bitcoin,BTC-USD,2026-04-01,59.36,20000.0,0.25,59.054,1.7785,-46.62,-1.6778,12.43,12.43,0.32,29.196,330.521
640,FBTC,Fidelity Wise Origin Bitcoin,Fidelity,FBTC,Fidelity Wise Origin Bitcoin,BTC-USD,2026-04-02,58.36,20000.0,0.25,59.054,1.7785,10.29,1.0527,-69.34,69.34,0.35,29.196,322.429
641,FBTC,Fidelity Wise Origin Bitcoin,Fidelity,FBTC,Fidelity Wise Origin Bitcoin,BTC-USD,2026-04-06,60.72,20000.0,0.25,53.796,1.7387,1.59,0.4137,55.39,55.39,0.34,28.204,321.666
642,FBTC,Fidelity Wise Origin Bitcoin,Fidelity,FBTC,Fidelity Wise Origin Bitcoin,BTC-USD,2026-04-07,60.09,20000.0,0.25,56.903,1.7627,318.38,2.5043,-375.29,375.29,0.29,28.204,315.818
643,FBTC,Fidelity Wise Origin Bitcoin,Fidelity,FBTC,Fidelity Wise Origin Bitcoin,BTC-USD,2026-04-08,62.14,20000.0,0.25,59.021,1.7783,-18.48,-1.2897,-40.54,40.54,0.29,27.138,311.202
644,FBTC,Fidelity Wise Origin Bitcoin,Fidelity,FBTC,Fidelity Wise Origin Bitcoin,BTC-USD,2026-04-09,62.83,20000.0,0.25,70.943,1.857,-20.0,-1.3222,50.94,50.94,0.29,38.986,307.567
645,FBTC,Fidelity Wise Origin Bitcoin,Fidelity,FBTC,Fidelity Wise Origin Bitcoin,BTC-USD,2026-04-10,63.85,20000.0,0.25,63.721,1.811,-57.49,-1.7671,6.23,6.23,0.28,31.03,303.061
646,FBTC,Fidelity Wise Origin Bitcoin,Fidelity,FBTC,Fidelity Wise Origin Bitcoin,BTC-USD,2026-04-13,63.9,20000.0,0.25,65.44,1.8224,35.96,1.5677,-101.4,101.4,0.29,35.044,302.671
647,FBTC,Fidelity Wise Origin Bitcoin,Fidelity,FBTC,Fidelity Wise Origin Bitcoin,BTC-USD,2026-04-14,64.71,20000.0,0.25,65.44,1.8224,-37.85,-1.5893,27.59,27.59,0.28,35.044,298.26
648,FBTC,Fidelity Wise Origin Bitcoin,Fidelity,FBTC,Fidelity Wise Origin Bitcoin,BTC-USD,2026-04-15,65.36,20000.0,0.25,70.46,1.8541,103.03,2.0171,173.49,173.49,0.28,39.596,288.216
649,FBTC,Fidelity Wise Origin Bitcoin,Fidelity,FBTC,Fidelity Wise Origin Bitcoin,BTC-USD,2026-04-16,65.63,20000.0,0.25,78.211,1.8988,-50.85,-1.7148,-27.36,27.36,0.26,44.446,284.288
650,FBTC,Fidelity Wise Origin Bitcoin,Fidelity,FBTC,Fidelity Wise Origin Bitcoin,BTC-USD,2026-04-17,67.48,20000.0,0.25,78.211,1.8988,59.39,1.781,137.6,137.6,0.14,44.446,291.618
651,FBTC,Fidelity Wise Origin Bitcoin,Fidelity,FBTC,Fidelity Wise Origin Bitcoin,BTC-USD,2026-04-20,66.44,20000.0,0.25,79.338,1.9049,-11.41,-1.0939,67.93,67.93,0.17,44.446,288.691
652,FBTC,Fidelity Wise Origin Bitcoin,Fidelity,FBTC,Fidelity Wise Origin Bitcoin,BTC-USD,2026-04-21,65.32,20000.0,0.25,79.314,1.9048,-12.78,-1.1391,-66.54,66.54,0.15,48.848,288.772
653,FBTC,Fidelity Wise Origin Bitcoin,Fidelity,FBTC,Fidelity Wise Origin Bitcoin,BTC-USD,2026-04-22,68.69,20000.0,0.25,75.939,1.8861,120.78,2.0856,196.72,196.72,,48.848,286.688
654,FBTC,Fidelity Wise Origin Bitcoin,Fidelity,FBTC,Fidelity Wise Origin Bitcoin,BTC-USD,2026-04-23,67.67,20000.0,0.25,73.59,1.8727,100.32,2.0057,173.92,173.92,0.23,48.848,283.593
655,FBTC,Fidelity Wise Origin Bitcoin,Fidelity,FBTC,Fidelity Wise Origin Bitcoin,BTC-USD,2026-04-24,67.61,20000.0,0.25,78.522,1.9005,79.17,1.904,157.69,157.69,0.28,52.708,284.029
656,FBTC,Fidelity Wise Origin Bitcoin,Fidelity,FBTC,Fidelity Wise Origin Bitcoin,BTC-USD,2026-04-27,66.95,20000.0,0.25,81.591,1.9169,-21.16,-1.3455,60.43,60.43,0.29,55.467,282.648
657,FBTC,Fidelity Wise Origin Bitcoin,Fidelity,FBTC,Fidelity Wise Origin Bitcoin,BTC-USD,2026-04-28,66.48,20000.0,0.25,81.59,1.9169,58.15,1.772,139.74,139.74,0.31,55.467,272.101
658,FBTC,Fidelity Wise Origin Bitcoin,Fidelity,FBTC,Fidelity Wise Origin Bitcoin,BTC-USD,2026-04-29,65.71,20000.0,0.25,80.64,1.9119,-10.79,-1.0715,69.85,69.85,0.32,57.752,267.439
659,FBTC,Fidelity Wise Origin Bitcoin,Fidelity,FBTC,Fidelity Wise Origin Bitcoin,BTC-USD,2026-04-30,66.53,20000.0,0.25,73.392,1.8715,80.78,1.9126,154.17,154.17,0.35,51.288,256.069
660,FBTC,Fidelity Wise Origin Bitcoin,Fidelity,FBTC,Fidelity Wise Origin Bitcoin,BTC-USD,2026-05-01,68.3,20000.0,0.25,73.469,1.872,40.98,1.623,114.45,114.45,0.37,51.288,257.319
661,FBTC,Fidelity Wise Origin Bitcoin,Fidelity,FBTC,Fidelity Wise Origin Bitcoin,BTC-USD,2026-05-04,69.72,20000.0,0.25,73.469,1.872,56.35,1.7585,129.82,129.82,0.39,51.288,259.594
662,FBTC,Fidelity Wise Origin Bitcoin,Fidelity,FBTC,Fidelity Wise Origin Bitcoin,BTC-USD,2026-05-05,71.08,20000.0,0.25,73.469,1.872,-1.26,-0.3532,72.21,72.21,0.43,51.288,258.617
663,FBTC,Fidelity Wise Origin Bitcoin,Fidelity,FBTC,Fidelity Wise Origin Bitcoin,BTC-USD,2026-05-06,70.92,20000.0,0.25,71.072,1.8578,443.04,2.6474,514.11,514.11,0.48,52.711,257.15
664,FBTC,Fidelity Wise Origin Bitcoin,Fidelity,FBTC,Fidelity Wise Origin Bitcoin,BTC-USD,2026-05-07,69.8,20000.0,0.25,68.425,1.8415,2.49,0.5427,70.91,70.91,0.43,52.711,257.19
665,FBTC,Fidelity Wise Origin Bitcoin,Fidelity,FBTC,Fidelity Wise Origin Bitcoin,BTC-USD,2026-05-08,69.81,20000.0,0.25,58.557,1.7749,-34.74,-1.5532,23.81,23.81,0.43,44.757,252.538
666,FBTC,Fidelity Wise Origin Bitcoin,Fidelity,FBTC,Fidelity Wise Origin Bitcoin,BTC-USD,2026-05-11,71.35,20000.0,0.25,55.817,1.7545,-2.72,-0.5702,53.1,53.1,0.44,44.757,253.917
667,FBTC,Fidelity Wise Origin Bitcoin,Fidelity,FBTC,Fidelity Wise Origin Bitcoin,BTC-USD,2026-05-12,70.36,20000.0,0.25,50.722,1.7137,192.62,2.287,243.34,243.34,0.44,38.92,248.159
668,FBTC,Fidelity Wise Origin Bitcoin,Fidelity,FBTC,Fidelity Wise Origin Bitcoin,BTC-USD,2026-05-13,69.3,20000.0,0.25,51.925,1.7237,16.92,1.2534,68.85,68.85,0.45,38.92,242.125
669,FBTC,Fidelity Wise Origin Bitcoin,Fidelity,FBTC,Fidelity Wise Origin Bitcoin,BTC-USD,2026-05-14,70.89,20000.0,0.25,52.188,1.7258,10.12,1.0461,62.31,62.31,0.45,34.369,245.887
670,FBTC,Fidelity Wise Origin Bitcoin,Fidelity,FBTC,Fidelity Wise Origin Bitcoin,BTC-USD,2026-05-15,68.84,20000.0,0.25,49.277,1.7014,-41.94,-1.6328,7.34,7.34,0.44,25.66,245.009
671,FBTC,Fidelity Wise Origin Bitcoin,Fidelity,FBTC,Fidelity Wise Origin Bitcoin,BTC-USD,2026-05-18,66.87,20000.0,0.25,49.307,1.7016,10.21,1.0498,-59.52,59.52,0.42,25.66,236.59
672,FBTC,Fidelity Wise Origin Bitcoin,Fidelity,FBTC,Fidelity Wise Origin Bitcoin,BTC-USD,2026-05-19,66.82,20000.0,0.25,53.719,1.7381,-14.63,-1.1939,-39.09,39.09,0.42,30.496,232.049
673,FBTC,Fidelity Wise Origin Bitcoin,Fidelity,FBTC,Fidelity Wise Origin Bitcoin,BTC-USD,2026-05-20,67.57,20000.0,0.25,47.023,1.6814,168.15,2.2283,215.17,215.17,0.4,20.541,230.106
674,FBTC,Fidelity Wise Origin Bitcoin,Fidelity,FBTC,Fidelity Wise Origin Bitcoin,BTC-USD,2026-05-21,67.56,20000.0,0.25,51.691,1.7217,25.21,1.4185,-76.9,76.9,0.37,25.285,224.399
675,FBTC,Fidelity Wise Origin Bitcoin,Fidelity,FBTC,Fidelity Wise Origin Bitcoin,BTC-USD,2026-05-22,65.98,20000.0,0.25,49.617,1.7043,41.76,1.631,91.37,91.37,0.39,25.285,221.514
676,FBTC,Fidelity Wise Origin Bitcoin,Fidelity,FBTC,Fidelity Wise Origin Bitcoin,BTC-USD,2026-05-26,66.06,20000.0,0.25,54.35,1.7431,-27.89,-1.4608,-26.46,26.46,0.38,28.638,222.276
677,FBTC,Fidelity Wise Origin Bitcoin,Fidelity,FBTC,Fidelity Wise Origin Bitcoin,BTC-USD,2026-05-27,65.22,20000.0,0.25,51.171,1.7174,58.33,1.7733,109.5,109.5,0.38,25.88,222.346
678,FBTC,Fidelity Wise Origin Bitcoin,Fidelity,FBTC,Fidelity Wise Origin Bitcoin,BTC-USD,2026-05-28,63.84,20000.0,0.25,51.2,1.7177,7.85,0.9471,-59.05,59.05,0.37,25.88,225.799
679,FBTC,Fidelity Wise Origin Bitcoin,Fidelity,FBTC,Fidelity Wise Origin Bitcoin,BTC-USD,2026-05-29,63.9,20000.0,0.25,53.855,1.7392,-37.28,-1.583,16.57,16.57,0.37,29.018,224.112
680,FBTC,Fidelity Wise Origin Bitcoin,Fidelity,FBTC,Fidelity Wise Origin Bitcoin,BTC-USD,2026-06-01,62.2,20000.0,0.25,52.532,1.7286,16.21,1.2359,-68.75,68.75,0.39,27.534,231.64
681,FBTC,Fidelity Wise Origin Bitcoin,Fidelity,FBTC,Fidelity Wise Origin Bitcoin,BTC-USD,2026-06-02,58.46,20000.0,0.25,52.532,1.7286,102.83,2.0163,-155.36,155.36,0.41,27.534,236.78
682,FBTC,Fidelity Wise Origin Bitcoin,Fidelity,FBTC,Fidelity Wise Origin Bitcoin,BTC-USD,2026-06-03,56.91,20000.0,0.25,52.544,1.7287,40.52,1.6183,-93.06,93.06,0.42,27.534,233.075
683,FBTC,Fidelity Wise Origin Bitcoin,Fidelity,FBTC,Fidelity Wise Origin Bitcoin,BTC-USD,2026-06-04,55.27,20000.0,0.25,52.544,1.7287,357.0,2.5539,-409.54,409.54,0.5,27.534,239.707
684,FBTC,Fidelity Wise Origin Bitcoin,Fidelity,FBTC,Fidelity Wise Origin Bitcoin,BTC-USD,2026-06-05,52.46,20000.0,0.25,54.353,1.7431,394.42,2.5971,-448.77,448.77,0.73,26.112,262.165
685,FBTC,Fidelity Wise Origin Bitcoin,Fidelity,FBTC,Fidelity Wise Origin Bitcoin,BTC-USD,2026-06-08,55.17,20000.0,0.25,54.726,1.7461,218.65,2.3417,-273.38,273.38,0.81,26.112,267.896
686,FBTC,Fidelity Wise Origin Bitcoin,Fidelity,FBTC,Fidelity Wise Origin Bitcoin,BTC-USD,2026-06-09,54.01,20000.0,0.25,52.671,1.7297,207.41,2.3189,-260.08,260.08,0.87,22.217,276.301
687,FBTC,Fidelity Wise Origin Bitcoin,Fidelity,FBTC,Fidelity Wise Origin Bitcoin,BTC-USD,2026-06-10,53.88,20000.0,0.25,60.004,1.7854,228.96,2.3617,-288.97,288.97,0.96,24.716,276.098
688,FBTC,Fidelity Wise Origin Bitcoin,Fidelity,FBTC,Fidelity Wise Origin Bitcoin,BTC-USD,2026-06-11,55.29,20000.0,0.25,59.284,1.7802,282.88,2.4531,-342.16,342.16,1.05,24.716,276.829
689,FBTC,Fidelity Wise Origin Bitcoin,Fidelity,FBTC,Fidelity Wise Origin Bitcoin,BTC-USD,2026-06-12,55.35,20000.0,0.25,58.347,1.7734,262.88,2.4214,-321.22,321.22,1.16,25.192,275.02
690,FBTC,Fidelity Wise Origin Bitcoin,Fidelity,FBTC,Fidelity Wise Origin Bitcoin,BTC-USD,2026-06-15,57.96,20000.0,0.25,53.088,1.7331,208.3,2.3208,-261.39,261.39,1.22,25.192,273.852
691,FBTC,Fidelity Wise Origin Bitcoin,Fidelity,FBTC,Fidelity Wise Origin Bitcoin,BTC-USD,2026-06-16,57.13,20000.0,0.25,51.441,1.7197,202.87,2.3094,-254.31,254.31,1.3,25.192,267.085
692,FBTC,Fidelity Wise Origin Bitcoin,Fidelity,FBTC,Fidelity Wise Origin Bitcoin,BTC-USD,2026-06-17,55.89,20000.0,0.25,52.92,1.7317,223.99,2.3522,-276.91,276.91,1.36,28.151,262.483
693,FBTC,Fidelity Wise Origin Bitcoin,Fidelity,FBTC,Fidelity Wise Origin Bitcoin,BTC-USD,2026-06-18,54.77,20000.0,0.25,47.401,1.6849,232.4,2.3681,-279.8,279.8,1.43,23.315,267.863
694,FBTC,Fidelity Wise Origin Bitcoin,Fidelity,FBTC,Fidelity Wise Origin Bitcoin,BTC-USD,2026-06-22,56.02,20000.0,0.25,47.254,1.6835,182.9,2.2646,-230.15,230.15,1.46,23.315,272.131
695,FBTC,Fidelity Wise Origin Bitcoin,Fidelity,FBTC,Fidelity Wise Origin Bitcoin,BTC-USD,2026-06-23,54.25,20000.0,0.25,42.557,1.6391,307.89,2.4898,-350.45,350.45,1.53,18.571,271.55
696,FBTC,Fidelity Wise Origin Bitcoin,Fidelity,FBTC,Fidelity Wise Origin Bitcoin,BTC-USD,2026-06-24,52.05,20000.0,0.25,41.772,1.6312,475.08,2.6777,-516.85,516.85,1.85,18.571,281.755
697,FBTC,Fidelity Wise Origin Bitcoin,Fidelity,FBTC,Fidelity Wise Origin Bitcoin,BTC-USD,2026-06-25,51.47,20000.0,0.25,40.793,1.6211,370.35,2.5698,-411.14,411.14,1.91,18.458,289.534
698,FBTC,Fidelity Wise Origin Bitcoin,Fidelity,FBTC,Fidelity Wise Origin Bitcoin,BTC-USD,2026-06-26,51.98,20000.0,0.25,51.673,1.7216,354.43,2.5508,-406.1,406.1,2.05,26.901,288.399
699,FBTC,Fidelity Wise Origin Bitcoin,Fidelity,FBTC,Fidelity Wise Origin Bitcoin,BTC-USD,2026-06-29,52.52,20000.0,0.25,63.045,1.8065,148.61,2.175,-211.66,211.66,1.97,38.472,287.761
700,FBTC,Fidelity Wise Origin Bitcoin,Fidelity,FBTC,Fidelity Wise Origin Bitcoin,BTC-USD,2026-06-30,51.05,20000.0,0.25,57.177,1.7647,218.69,2.3418,-275.86,275.86,2.03,33.048,292.984
701,FBTC,Fidelity Wise Origin Bitcoin,Fidelity,FBTC,Fidelity Wise Origin Bitcoin,BTC-USD,2026-07-01,52.23,20000.0,0.25,61.211,1.7939,183.52,2.266,-244.73,244.73,2.06,33.048,290.248
702,FBTC,Fidelity Wise Origin Bitcoin,Fidelity,FBTC,Fidelity Wise Origin Bitcoin,BTC-USD,2026-07-02,53.52,20000.0,0.25,61.211,1.7939,135.62,2.1355,-196.83,196.83,2.22,33.048,279.419
703,FBTC,Fidelity Wise Origin Bitcoin,Fidelity,FBTC,Fidelity Wise Origin Bitcoin,BTC-USD,2026-07-06,55.43,20000.0,0.25,62.129,1.8002,260.79,2.4179,-322.92,322.92,2.66,34.884,284.345
704,FBTC,Fidelity Wise Origin Bitcoin,Fidelity,FBTC,Fidelity Wise Origin Bitcoin,BTC-USD,2026-07-07,55.53,20000.0,0.25,67.103,1.8332,-2.78,-0.5773,64.32,64.32,2.27,37.995,271.081
705,FBTC,Fidelity Wise Origin Bitcoin,Fidelity,FBTC,Fidelity Wise Origin Bitcoin,BTC-USD,2026-07-08,54.17,20000.0,0.25,64.684,1.8175,42.68,1.6403,107.37,107.37,2.32,37.995,245.966
706,FBTC,Fidelity Wise Origin Bitcoin,Fidelity,FBTC,Fidelity Wise Origin Bitcoin,BTC-USD,2026-07-09,54.96,20000.0,0.25,70.007,1.8513,23.52,1.3895,-93.53,93.53,2.24,37.995,240.625
707,FBTC,Fidelity Wise Origin Bitcoin,Fidelity,FBTC,Fidelity Wise Origin Bitcoin,BTC-USD,2026-07-10,55.615,20000.0,0.25,70.007,1.8513,48.51,1.6947,-118.51,118.51,2.26,37.995,232.401
708,FBTC,Fidelity Wise Origin Bitcoin,Fidelity,FBTC,Fidelity Wise Origin Bitcoin,BTC-USD,2026-07-13,54.13,20000.0,0.25,64.654,1.8173,24.7,1.4099,-89.35,89.35,2.2,35.497,243.406
709,FBTC,Fidelity Wise Origin Bitcoin,Fidelity,FBTC,Fidelity Wise Origin Bitcoin,BTC-USD,2026-07-14,56.22,20000.0,0.25,69.096,1.8457,25.52,1.4235,-94.61,94.61,2.32,35.497,247.665
710,FBTC,Fidelity Wise Origin Bitcoin,Fidelity,FBTC,Fidelity Wise Origin Bitcoin,BTC-USD,2026-07-15,56.54,20000.0,0.25,68.857,1.8442,-55.17,-1.7495,-13.69,13.69,2.28,35.02,245.883
711,FBTC,Fidelity Wise Origin Bitcoin,Fidelity,FBTC,Fidelity Wise Origin Bitcoin,BTC-USD,2026-07-16,55.93,20000.0,0.25,68.857,1.8442,-13.73,-1.1682,-55.13,55.13,2.28,35.02,237.013
712,FBTC,Fidelity Wise Origin Bitcoin,Fidelity,FBTC,Fidelity Wise Origin Bitcoin,BTC-USD,2026-07-17,55.82,20000.0,0.25,63.762,1.8113,-20.63,-1.335,-43.14,43.14,2.34,35.02,241.641
713,FBTC,Fidelity Wise Origin Bitcoin,Fidelity,FBTC,Fidelity Wise Origin Bitcoin,BTC-USD,2026-07-20,56.69,20000.0,0.25,62.248,1.801,-23.88,-1.3959,-38.36,38.36,2.33,32.062,245.06
714,FBTC,Fidelity Wise Origin Bitcoin,Fidelity,FBTC,Fidelity Wise Origin Bitcoin,BTC-USD,2026-07-21,57.83,20000.0,0.25,62.283,1.8013,-16.53,-1.2438,-45.75,45.75,2.27,32.062,240.287
715,FBTC,Fidelity Wise Origin Bitcoin,Fidelity,FBTC,Fidelity Wise Origin Bitcoin,BTC-USD,2026-07-22,57.38,20000.0,0.25,64.534,1.8165,72.39,1.8656,-136.92,136.92,2.2,32.062,232.47
716,FBTC,Fidelity Wise Origin Bitcoin,Fidelity,FBTC,Fidelity Wise Origin Bitcoin,BTC-USD,2026-07-23,56.39,20000.0,0.25,64.534,1.8165,-47.8,-1.6884,-16.74,16.74,2.21,32.062,230.604
717,FBTC,Fidelity Wise Origin Bitcoin,Fidelity,FBTC,Fidelity Wise Origin Bitcoin,BTC-USD,2026-07-24,55.83,20000.0,0.25,65.095,1.8202,129.13,2.1144,194.23,194.23,2.2,32.062,219.044
718,FBTC,Fidelity Wise Origin Bitcoin,Fidelity,FBTC,Fidelity Wise Origin Bitcoin,BTC-USD,2026-07-27,56.51,20000.0,0.25,63.1,1.8069,230.44,2.3644,293.54,293.54,2.43,24.961,203.666
719,FBTC,Fidelity Wise Origin Bitcoin,Fidelity,FBTC,Fidelity Wise Origin Bitcoin,BTC-USD,2026-07-28,55.54,20000.0,0.25,52.261,1.7264,-11.83,-1.1081,40.44,40.44,2.11,16.518,200.835
720,FBTC,Fidelity Wise Origin Bitcoin,Fidelity,FBTC,Fidelity Wise Origin Bitcoin,BTC-USD,2026-07-29,55.29,20000.0,0.25,41.038,1.6236,53.53,1.7367,-94.57,94.57,2.03,4.947,204.274
721,FBTC,Fidelity Wise Origin Bitcoin,Fidelity,FBTC,Fidelity Wise Origin Bitcoin,BTC-USD,2026-07-30,56.36,20000.0,0.25,41.394,1.6273,-32.92,-1.5305,8.47,8.47,1.98,4.947,197.814
722,FBTC,Fidelity Wise Origin Bitcoin,Fidelity,FBTC,Fidelity Wise Origin Bitcoin,BTC-USD,2026-07-31,54.71,20000.0,0.25,39.318,1.6055,-39.16,-1.6038,0.16,0.16,1.98,4.947,200.426
723,FBTC,Fidelity Wise Origin Bitcoin,Fidelity,FBTC,Fidelity Wise Origin Bitcoin,BTC-USD,2026-08-03,55.59,20000.0,0.25,46.204,1.674,12.72,1.1375,58.93,58.93,1.74,13.001,202.744
724,FBTC,Fidelity Wise Origin Bitcoin,Fidelity,FBTC,Fidelity Wise Origin Bitcoin,BTC-USD,2026-08-04,55.89,20000.0,0.25,45.256,1.6652,28.26,1.4663,73.52,73.52,2.43,11.165,192.513
725,FBTC,Fidelity Wise Origin Bitcoin,Fidelity,FBTC,Fidelity Wise Origin Bitcoin,BTC-USD,2026-08-05,56.42,20000.0,0.25,40.282,1.6158,3.31,0.6346,-43.59,43.59,2.36,8.054,193.664
726,FBTC,Fidelity Wise Origin Bitcoin,Fidelity,FBTC,Fidelity Wise Origin Bitcoin,BTC-USD,2026-08-06,56.06,20000.0,0.25,44.911,1.6619,-20.28,-1.3281,24.63,24.63,2.35,12.685,193.851
727,FBTC,Fidelity Wise Origin Bitcoin,Fidelity,FBTC,Fidelity Wise Origin Bitcoin,BTC-USD,2026-08-07,56.53,20000.0,0.25,41.38,1.6272,-19.72,-1.3164,21.66,21.66,2.18,12.685,189.026
728,FBTC,Fidelity Wise Origin Bitcoin,Fidelity,FBTC,Fidelity Wise Origin Bitcoin,BTC-USD,2026-08-10,55.65,20000.0,0.25,44.992,1.6627,0.13,0.0542,45.12,45.12,2.37,12.685,193.247
729,FBTC,Fidelity Wise Origin Bitcoin,Fidelity,FBTC,Fidelity Wise Origin Bitcoin,BTC-USD,2026-08-11,55.23,20000.0,0.25,42.98,1.6433,-33.77,-1.5412,-9.21,9.21,2.32,12.685,177.388
730,FBTC,Fidelity Wise Origin Bitcoin,Fidelity,FBTC,Fidelity Wise Origin Bitcoin,BTC-USD,2026-08-12,55.11,20000.0,0.25,44.257,1.6557,1.28,0.3571,45.53,45.53,2.38,17.548,168.131
731,FBTC,Fidelity Wise Origin Bitcoin,Fidelity,FBTC,Fidelity Wise Origin Bitcoin,BTC-USD,2026-08-13,55.09,20000.0,0.25,45.919,1.6713,6.81,0.8925,-52.73,52.73,2.35,20.615,166.914
732,FBTC,Fidelity Wise Origin Bitcoin,Fidelity,FBTC,Fidelity Wise Origin Bitcoin,BTC-USD,2026-08-14,54.74,20000.0,0.25,46.931,1.6806,39.5,1.6075,-86.43,86.43,2.33,20.615,167.931
733,FBTC,Fidelity Wise Origin Bitcoin,Fidelity,FBTC,Fidelity Wise Origin Bitcoin,BTC-USD,2026-08-17,55.94,20000.0,0.25,47.705,1.6876,19.68,1.3156,-67.39,67.39,2.22,20.615,170.628
734,FBTC,Fidelity Wise Origin Bitcoin,Fidelity,FBTC,Fidelity Wise Origin Bitcoin,BTC-USD,2026-08-18,56.23,20000.0,0.25,47.705,1.6876,-41.22,-1.6255,6.48,6.48,2.7,20.615,163.982
735,FBTC,Fidelity Wise Origin Bitcoin,Fidelity,FBTC,Fidelity Wise Origin Bitcoin,BTC-USD,2026-08-19,59.6,20000.0,0.25,47.705,1.6876,29.92,1.4902,-77.62,77.62,2.6,20.615,187.814
736,FBTC,Fidelity Wise Origin Bitcoin,Fidelity,FBTC,Fidelity Wise Origin Bitcoin,BTC-USD,2026-08-20,63.27,20000.0,0.25,44.638,1.6593,-24.31,-1.4033,20.33,20.33,2.74,20.615,204.073
737,FBTC,Fidelity Wise Origin Bitcoin,Fidelity,FBTC,Fidelity Wise Origin Bitcoin,BTC-USD,2026-08-21,67.02,20000.0,0.25,44.638,1.6593,18.65,1.2933,-63.28,63.28,2.57,20.615,222.876
738,FBTC,Fidelity Wise Origin Bitcoin,Fidelity,FBTC,Fidelity Wise Origin Bitcoin,BTC-USD,2026-08-24,68.56,20000.0,0.25,46.027,1.6723,-4.95,-0.7749,41.07,41.07,2.84,20.615,237.487
739,FBTC,Fidelity Wise Origin Bitcoin,Fidelity,FBTC,Fidelity Wise Origin Bitcoin,BTC-USD,2026-08-25,68.72,20000.0,0.25,43.98,1.653,21.85,1.3589,-65.83,65.83,2.7,27.644,246.256
740,FBTC,Fidelity Wise Origin Bitcoin,Fidelity,FBTC,Fidelity Wise Origin Bitcoin,BTC-USD,2026-08-26,68.31,20000.0,0.25,44.944,1.6622,-31.29,-1.5091,13.65,13.65,2.8,27.644,246.254
741,FBTC,Fidelity Wise Origin Bitcoin,Fidelity,FBTC,Fidelity Wise Origin Bitcoin,BTC-USD,2026-08-27,69.56,20000.0,0.25,44.774,1.6606,85.71,1.9381,130.48,130.48,3.01,27.644,248.668
742,GBTC,Grayscale Bitcoin Trust,Grayscale,GBTC,Grayscale Bitcoin Trust,BTC-USD,2025-03-07,68.79,18000.0,1.5,98.601,1.9983,-97.73,-1.9944,0.87,0.87,,86.816,195.251
743,GBTC,Grayscale Bitcoin Trust,Grayscale,GBTC,Grayscale Bitcoin Trust,BTC-USD,2025-03-10,62.43,18000.0,1.5,87.966,1.9492,-20.72,-1.3369,67.25,67.25,0.15,78.133,197.13
744,GBTC,Grayscale Bitcoin Trust,Grayscale,GBTC,Grayscale Bitcoin Trust,BTC-USD,2025-03-11,65.7,18000.0,1.5,97.059,1.9915,59.07,1.7787,156.13,156.13,0.19,78.704,195.591
745,GBTC,Grayscale Bitcoin Trust,Grayscale,GBTC,Grayscale Bitcoin Trust,BTC-USD,2025-03-12,65.57,18000.0,1.5,99.55,2.0024,-63.12,-1.807,-36.43,36.43,,88.701,197.174
746,GBTC,Grayscale Bitcoin Trust,Grayscale,GBTC,Grayscale Bitcoin Trust,BTC-USD,2025-03-13,63.38,18000.0,1.5,106.875,2.0329,-97.14,-1.9918,-9.74,9.74,0.18,98.012,197.051
747,GBTC,Grayscale Bitcoin Trust,Grayscale,GBTC,Grayscale Bitcoin Trust,BTC-USD,2025-03-14,66.95,18000.0,1.5,101.677,2.0115,126.02,2.1039,227.69,227.69,0.22,87.194,196.096
748,GBTC,Grayscale Bitcoin Trust,Grayscale,GBTC,Grayscale Bitcoin Trust,BTC-USD,2025-03-17,66.81,18000.0,1.5,102.867,2.0165,31.22,1.5081,134.08,134.08,0.24,92.988,195.265
749,GBTC,Grayscale Bitcoin Trust,Grayscale,GBTC,Grayscale Bitcoin Trust,BTC-USD,2025-03-18,65.08,18000.0,1.5,102.688,2.0157,-75.76,-1.8851,26.93,26.93,0.23,92.988,190.895
750,GBTC,Grayscale Bitcoin Trust,Grayscale,GBTC,Grayscale Bitcoin Trust,BTC-USD,2025-03-19,67.59,18000.0,1.5,102.688,2.0157,-64.79,-1.8182,37.89,37.89,0.23,92.988,189.333
751,GBTC,Grayscale Bitcoin Trust,Grayscale,GBTC,Grayscale Bitcoin Trust,BTC-USD,2025-03-20,66.5,18000.0,1.5,112.348,2.0544,-20.22,-1.3268,92.12,92.12,0.24,102.99,186.977
752,GBTC,Grayscale Bitcoin Trust,Grayscale,GBTC,Grayscale Bitcoin Trust,BTC-USD,2025-03-21,66.32,18000.0,1.5,111.994,2.0531,-100.73,-2.0074,11.27,11.27,0.21,102.99,183.222
753,GBTC,Grayscale Bitcoin Trust,Grayscale,GBTC,Grayscale Bitcoin Trust,BTC-USD,2025-03-24,69.77,18000.0,1.5,106.325,2.0307,159.98,2.2068,266.3,266.3,0.17,98.094,176.557
754,GBTC,Grayscale Bitcoin Trust,Grayscale,GBTC,Grayscale Bitcoin Trust,BTC-USD,2025-03-25,69.72,18000.0,1.5,112.819,2.0562,38.2,1.5933,-151.02,151.02,,102.193,171.979
755,GBTC,Grayscale Bitcoin Trust,Grayscale,GBTC,Grayscale Bitcoin Trust,BTC-USD,2025-03-26,68.41,18000.0,1.5,116.732,2.0709,-55.48,-1.7519,61.25,61.25,,102.193,155.431
756,GBTC,Grayscale Bitcoin Trust,Grayscale,GBTC,Grayscale Bitcoin Trust,BTC-USD,2025-03-27,68.8,18000.0,1.5,124.72,2.0994,-110.46,-2.0471,-14.26,14.26,,109.488,141.88
757,GBTC,Grayscale Bitcoin Trust,Grayscale,GBTC,Grayscale Bitcoin Trust,BTC-USD,2025-03-28,66.18,18000.0,1.5,112.607,2.0554,-34.12,-1.5456,78.49,78.49,,94.786,138.111
758,GBTC,Grayscale Bitcoin Trust,Grayscale,GBTC,Grayscale Bitcoin Trust,BTC-USD,2025-03-31,65.17,18000.0,1.5,110.481,2.0472,-107.56,-2.0357,-2.93,2.93,,90.535,130.157
759,GBTC,Grayscale Bitcoin Trust,Grayscale,GBTC,Grayscale Bitcoin Trust,BTC-USD,2025-04-01,67.16,18000.0,1.5,110.983,2.0492,-96.31,-1.9882,-14.67,14.67,,90.535,120.525
760,GBTC,Grayscale Bitcoin Trust,Grayscale,GBTC,Grayscale Bitcoin Trust,BTC-USD,2025-04-02,68.7,18000.0,1.5,115.995,2.0682,446.51,2.6508,562.51,562.51,,90.535,117.1
761,GBTC,Grayscale Bitcoin Trust,Grayscale,GBTC,Grayscale Bitcoin Trust,BTC-USD,2025-04-03,64.76,18000.0,1.5,115.995,2.0682,7.69,0.9391,-123.69,123.69,,90.535,118.401
762,GBTC,Grayscale Bitcoin Trust,Grayscale,GBTC,Grayscale Bitcoin Trust,BTC-USD,2025-04-04,66.32,18000.0,1.5,112.338,2.0544,1.98,0.4749,114.32,114.32,,79.442,124.091
763,GBTC,Grayscale Bitcoin Trust,Grayscale,GBTC,Grayscale Bitcoin Trust,BTC-USD,2025-04-07,61.59,18000.0,1.5,105.873,2.0289,121.8,2.0892,-227.68,227.68,,67.246,136.267
764,GBTC,Grayscale Bitcoin Trust,Grayscale,GBTC,Grayscale Bitcoin Trust,BTC-USD,2025-04-08,60.61,18000.0,1.5,126.005,2.1038,-60.7,-1.7903,-65.31,65.31,,87.521,132.162
765,GBTC,Grayscale Bitcoin Trust,Grayscale,GBTC,Grayscale Bitcoin Trust,BTC-USD,2025-04-09,65.04,18000.0,1.5,117.81,2.0749,-50.81,-1.7144,-67.0,67.0,,86.145,140.992
766,GBTC,Grayscale Bitcoin Trust,Grayscale,GBTC,Grayscale Bitcoin Trust,BTC-USD,2025-04-10,62.82,18000.0,1.5,123.928,2.0967,-80.92,-1.9134,43.0,43.0,,86.978,144.035
767,GBTC,Grayscale Bitcoin Trust,Grayscale,GBTC,Grayscale Bitcoin Trust,BTC-USD,2025-04-11,66.27,18000.0,1.5,117.351,2.0732,47.12,1.6823,164.47,164.47,,77.667,146.297
768,GBTC,Grayscale Bitcoin Trust,Grayscale,GBTC,Grayscale Bitcoin Trust,BTC-USD,2025-04-14,67.12,18000.0,1.5,110.965,2.0491,-81.84,-1.9182,-29.13,29.13,,77.667,144.578
769,GBTC,Grayscale Bitcoin Trust,Grayscale,GBTC,Grayscale Bitcoin Trust,BTC-USD,2025-04-15,66.38,18000.0,1.5,111.624,2.0516,-102.57,-2.0152,-9.05,9.05,,76.797,143.811
770,GBTC,Grayscale Bitcoin Trust,Grayscale,GBTC,Grayscale Bitcoin Trust,BTC-USD,2025-04-16,66.62,18000.0,1.5,114.6,2.063,-30.87,-1.5033,83.73,83.73,,79.881,144.073
771,GBTC,Grayscale Bitcoin Trust,Grayscale,GBTC,Grayscale Bitcoin Trust,BTC-USD,2025-04-17,67.09,18000.0,1.5,122.282,2.0909,48.62,1.6957,170.9,170.9,,88.34,142.596
772,GBTC,Grayscale Bitcoin Trust,Grayscale,GBTC,Grayscale Bitcoin Trust,BTC-USD,2025-04-21,69.06,18000.0,1.5,109.828,2.0446,-84.26,-1.9307,25.57,25.57,,76.568,147.018
773,GBTC,Grayscale Bitcoin Trust,Grayscale,GBTC,Grayscale Bitcoin Trust,BTC-USD,2025-04-22,72.29,18000.0,1.5,109.84,2.0447,-2.76,-0.5756,-107.08,107.08,,76.568,156.222
774,GBTC,Grayscale Bitcoin Trust,Grayscale,GBTC,Grayscale Bitcoin Trust,BTC-USD,2025-04-23,73.84,18000.0,1.5,109.828,2.0446,-81.74,-1.9177,-28.08,28.08,,76.568,159.322
775,GBTC,Grayscale Bitcoin Trust,Grayscale,GBTC,Grayscale Bitcoin Trust,BTC-USD,2025-04-24,73.92,18000.0,1.5,108.513,2.0395,-71.49,-1.8603,-37.02,37.02,,75.094,161.426
776,GBTC,Grayscale Bitcoin Trust,Grayscale,GBTC,Grayscale Bitcoin Trust,BTC-USD,2025-04-25,75.34,18000.0,1.5,104.549,2.0235,101.4,2.0103,205.95,205.95,,75.094,164.674
777,GBTC,Grayscale Bitcoin Trust,Grayscale,GBTC,Grayscale Bitcoin Trust,BTC-USD,2025-04-28,74.81,18000.0,1.5,103.161,2.0177,-20.47,-1.3318,82.69,82.69,,68.172,168.786
778,GBTC,Grayscale Bitcoin Trust,Grayscale,GBTC,Grayscale Bitcoin Trust,BTC-USD,2025-04-29,75.25,18000.0,1.5,104.897,2.0249,171.74,2.2374,276.63,276.63,,68.172,166.893
779,GBTC,Grayscale Bitcoin Trust,Grayscale,GBTC,Grayscale Bitcoin Trust,BTC-USD,2025-04-30,74.27,18000.0,1.5,106.712,2.0323,-15.59,-1.2198,91.12,91.12,,68.172,168.732
780,GBTC,Grayscale Bitcoin Trust,Grayscale,GBTC,Grayscale Bitcoin Trust,BTC-USD,2025-05-01,76.22,18000.0,1.5,106.712,2.0323,28.68,1.4725,135.39,135.39,,68.172,170.325
781,GBTC,Grayscale Bitcoin Trust,Grayscale,GBTC,Grayscale Bitcoin Trust,BTC-USD,2025-05-02,76.55,18000.0,1.5,101.805,2.012,281.67,2.4513,-383.48,383.48,,68.408,169.089
782,GBTC,Grayscale Bitcoin Trust,Grayscale,GBTC,Grayscale Bitcoin Trust,BTC-USD,2025-05-05,74.42,18000.0,1.5,101.805,2.012,94.17,1.9785,195.97,195.97,,68.408,164.353
783,GBTC,Grayscale Bitcoin Trust,Grayscale,GBTC,Grayscale Bitcoin Trust,BTC-USD,2025-05-06,74.93,18000.0,1.5,102.47,2.0148,-12.94,-1.1444,-89.53,89.53,,73.563,155.359
784,GBTC,Grayscale Bitcoin Trust,Grayscale,GBTC,Grayscale Bitcoin Trust,BTC-USD,2025-05-07,75.9,18000.0,1.5,102.47,2.0148,123.05,2.0936,225.52,225.52,,73.563,137.036
785,GBTC,Grayscale Bitcoin Trust,Grayscale,GBTC,Grayscale Bitcoin Trust,BTC-USD,2025-05-08,79.98,18000.0,1.5,81.849,1.9183,-71.3,-1.8591,-10.55,10.55,,53.287,136.556
786,GBTC,Grayscale Bitcoin Trust,Grayscale,GBTC,Grayscale Bitcoin Trust,BTC-USD,2025-05-09,81.47,18000.0,1.5,67.645,1.8366,162.15,2.2126,229.8,229.8,,41.467,125.777
787,GBTC,Grayscale Bitcoin Trust,Grayscale,GBTC,Grayscale Bitcoin Trust,BTC-USD,2025-05-12,80.33,18000.0,1.5,58.225,1.7725,55.04,1.7485,113.26,113.26,,31.875,127.417
788,GBTC,Grayscale Bitcoin Trust,Grayscale,GBTC,Grayscale Bitcoin Trust,BTC-USD,2025-05-13,82.73,18000.0,1.5,57.741,1.7689,130.12,2.1177,187.86,187.86,,33.023,129.89
789,GBTC,Grayscale Bitcoin Trust,Grayscale,GBTC,Grayscale Bitcoin Trust,BTC-USD,2025-05-14,81.52,18000.0,1.5,61.869,1.7984,31.75,1.5152,93.61,93.61,,36.994,130.485
790,GBTC,Grayscale Bitcoin Trust,Grayscale,GBTC,Grayscale Bitcoin Trust,BTC-USD,2025-05-15,81.38,18000.0,1.5,56.781,1.7618,15.21,1.2099,72.0,72.0,,32.754,134.415
791,GBTC,Grayscale Bitcoin Trust,Grayscale,GBTC,Grayscale Bitcoin Trust,BTC-USD,2025-05-16,82.13,18000.0,1.5,52.945,1.732,139.26,2.1469,192.2,192.2,,29.67,136.115
792,GBTC,Grayscale Bitcoin Trust,Grayscale,GBTC,Grayscale Bitcoin Trust,BTC-USD,2025-05-19,83.24,18000.0,1.5,47.486,1.6856,123.06,2.0936,170.54,170.54,,23.83,139.677
793,GBTC,Grayscale Bitcoin Trust,Grayscale,GBTC,Grayscale Bitcoin Trust,BTC-USD,2025-05-20,84.49,18000.0,1.5,50.793,1.7143,162.8,2.2143,213.6,213.6,,23.83,138.571
794,GBTC,Grayscale Bitcoin Trust,Grayscale,GBTC,Grayscale Bitcoin Trust,BTC-USD,2025-05-21,85.73,18000.0,1.5,50.771,1.7141,215.37,2.3352,266.14,266.14,,23.83,145.723
795,GBTC,Grayscale Bitcoin Trust,Grayscale,GBTC,Grayscale Bitcoin Trust,BTC-USD,2025-05-22,87.72,18000.0,1.5,50.735,1.7138,92.39,1.9703,143.13,143.13,,23.83,149.426
796,GBTC,Grayscale Bitcoin Trust,Grayscale,GBTC,Grayscale Bitcoin Trust,BTC-USD,2025-05-23,85.76,18000.0,1.5,48.185,1.6918,243.47,2.3882,291.66,291.66,,21.206,155.87
797,GBTC,Grayscale Bitcoin Trust,Grayscale,GBTC,Grayscale Bitcoin Trust,BTC-USD,2025-05-27,86.67,18000.0,1.5,53.911,1.7397,83.94,1.9291,137.85,137.85,,23.111,156.886
798,GBTC,Grayscale Bitcoin Trust,Grayscale,GBTC,Grayscale Bitcoin Trust,BTC-USD,2025-05-28,84.31,18000.0,1.5,47.16,1.6827,8.27,0.9671,55.43,55.43,,21.763,157.537
799,GBTC,Grayscale Bitcoin Trust,Grayscale,GBTC,Grayscale Bitcoin Trust,BTC-USD,2025-05-29,83.26,18000.0,1.5,46.369,1.6755,-32.63,-1.5267,-13.74,13.74,,21.763,167.443
800,GBTC,Grayscale Bitcoin Trust,Grayscale,GBTC,Grayscale Bitcoin Trust,BTC-USD,2025-05-30,82.47,18000.0,1.5,44.377,1.6568,111.21,2.05,155.59,155.59,,21.763,168.141
801,GBTC,Grayscale Bitcoin Trust,Grayscale,GBTC,Grayscale Bitcoin Trust,BTC-USD,2025-06-02,82.35,18000.0,1.5,50.26,1.7098,8.07,0.9577,-58.33,58.33,,24.552,167.6
802,GBTC,Grayscale Bitcoin Trust,Grayscale,GBTC,Grayscale Bitcoin Trust,BTC-USD,2025-06-03,83.8,18000.0,1.5,50.156,1.7089,101.19,2.0094,151.34,151.34,,24.316,168.925
803,GBTC,Grayscale Bitcoin Trust,Grayscale,GBTC,Grayscale Bitcoin Trust,BTC-USD,2025-06-04,82.72,18000.0,1.5,50.195,1.7092,104.18,2.022,154.38,154.38,,24.316,169.857
804,GBTC,Grayscale Bitcoin Trust,Grayscale,GBTC,Grayscale Bitcoin Trust,BTC-USD,2025-06-05,80.25,18000.0,1.5,47.908,1.6894,198.58,2.3001,246.48,246.48,,21.794,176.618
805,GBTC,Grayscale Bitcoin Trust,Grayscale,GBTC,Grayscale Bitcoin Trust,BTC-USD,2025-06-06,82.23,18000.0,1.5,57.266,1.7654,86.3,1.941,143.57,143.57,,24.662,178.216
806,GBTC,Grayscale Bitcoin Trust,Grayscale,GBTC,Grayscale Bitcoin Trust,BTC-USD,2025-06-09,85.67,18000.0,1.5,57.266,1.7654,64.49,1.8162,121.76,121.76,,24.662,177.912
807,GBTC,Grayscale Bitcoin Trust,Grayscale,GBTC,Grayscale Bitcoin Trust,BTC-USD,2025-06-10,86.35,18000.0,1.5,59.198,1.7796,-53.7,-1.738,-5.5,5.5,,24.662,180.469
808,GBTC,Grayscale Bitcoin Trust,Grayscale,GBTC,Grayscale Bitcoin Trust,BTC-USD,2025-06-11,85.77,18000.0,1.5,63.733,1.8111,111.73,2.052,175.46,175.46,,29.934,177.326
809,GBTC,Grayscale Bitcoin Trust,Grayscale,GBTC,Grayscale Bitcoin Trust,BTC-USD,2025-06-12,84.19,18000.0,1.5,57.005,1.7635,-31.11,-1.5066,25.9,25.9,,28.787,175.687
810,GBTC,Grayscale Bitcoin Trust,Grayscale,GBTC,Grayscale Bitcoin Trust,BTC-USD,2025-06-13,82.83,18000.0,1.5,52.877,1.7314,4.41,0.733,-57.28,57.28,,24.816,177.991
811,GBTC,Grayscale Bitcoin Trust,Grayscale,GBTC,Grayscale Bitcoin Trust,BTC-USD,2025-06-16,85.65,18000.0,1.5,49.232,1.701,210.71,2.3257,259.94,259.94,,21.12,177.218
812,GBTC,Grayscale Bitcoin Trust,Grayscale,GBTC,Grayscale Bitcoin Trust,BTC-USD,2025-06-17,82.5,18000.0,1.5,51.076,1.7166,3.39,0.642,-54.46,54.46,,21.12,179.851
813,GBTC,Grayscale Bitcoin Trust,Grayscale,GBTC,Grayscale Bitcoin Trust,BTC-USD,2025-06-18,81.76,18000.0,1.5,54.48,1.7441,65.44,1.8224,-119.92,119.92,,25.323,179.583
814,GBTC,Grayscale Bitcoin Trust,Grayscale,GBTC,Grayscale Bitcoin Trust,BTC-USD,2025-06-20,81.33,18000.0,1.5,55.699,1.7536,36.5,1.574,-92.2,92.2,,29.94,179.231
815,GBTC,Grayscale Bitcoin Trust,Grayscale,GBTC,Grayscale Bitcoin Trust,BTC-USD,2025-06-23,81.3,18000.0,1.5,60.128,1.7862,119.12,2.0796,-179.25,179.25,,29.94,168.178
816,GBTC,Grayscale Bitcoin Trust,Grayscale,GBTC,Grayscale Bitcoin Trust,BTC-USD,2025-06-24,83.24,18000.0,1.5,60.213,1.7868,-12.42,-1.1277,-47.79,47.79,,29.94,162.307
817,GBTC,Grayscale Bitcoin Trust,Grayscale,GBTC,Grayscale Bitcoin Trust,BTC-USD,2025-06-25,84.89,18000.0,1.5,57.76,1.7691,26.29,1.436,-84.05,84.05,,29.94,158.312
818,GBTC,Grayscale Bitcoin Trust,Grayscale,GBTC,Grayscale Bitcoin Trust,BTC-USD,2025-06-26,84.75,18000.0,1.5,54.996,1.7482,-20.44,-1.3311,-34.56,34.56,0.09,29.823,154.532
819,GBTC,Grayscale Bitcoin Trust,Grayscale,GBTC,Grayscale Bitcoin Trust,BTC-USD,2025-06-27,84.16,18000.0,1.5,58.053,1.7712,5.07,0.7829,63.12,63.12,,34.321,152.2
820,GBTC,Grayscale Bitcoin Trust,Grayscale,GBTC,Grayscale Bitcoin Trust,BTC-USD,2025-06-30,84.83,18000.0,1.5,58.315,1.7732,24.14,1.4003,82.45,82.45,0.19,38.177,145.451
821,GBTC,Grayscale Bitcoin Trust,Grayscale,GBTC,Grayscale Bitcoin Trust,BTC-USD,2025-07-01,82.96,18000.0,1.5,58.48,1.7744,8.81,0.9918,-67.29,67.29,0.32,38.177,147.246
822,GBTC,Grayscale Bitcoin Trust,Grayscale,GBTC,Grayscale Bitcoin Trust,BTC-USD,2025-07-02,86.43,18000.0,1.5,55.503,1.7521,204.1,2.312,259.6,259.6,0.3,35.388,155.099
823,GBTC,Grayscale Bitcoin Trust,Grayscale,GBTC,Grayscale Bitcoin Trust,BTC-USD,2025-07-03,86.07,18000.0,1.5,55.491,1.752,2.31,0.5201,-57.8,57.8,0.29,35.388,155.281
824,GBTC,Grayscale Bitcoin Trust,Grayscale,GBTC,Grayscale Bitcoin Trust,BTC-USD,2025-07-07,85.04,18000.0,1.5,55.286,1.7504,-54.57,-1.7448,-0.72,0.72,0.26,35.388,157.636
825,GBTC,Grayscale Bitcoin Trust,Grayscale,GBTC,Grayscale Bitcoin Trust,BTC-USD,2025-07-08,85.64,18000.0,1.5,55.541,1.7524,0.88,0.2741,56.42,56.42,0.23,32.755,152.303
826,GBTC,Grayscale Bitcoin Trust,Grayscale,GBTC,Grayscale Bitcoin Trust,BTC-USD,2025-07-09,88.08,18000.0,1.5,46.183,1.6738,103.02,2.0171,149.2,149.2,0.23,29.887,156.649
827,GBTC,Grayscale Bitcoin Trust,Grayscale,GBTC,Grayscale Bitcoin Trust,BTC-USD,2025-07-10,89.3,18000.0,1.5,46.018,1.6723,-25.35,-1.4208,20.67,20.67,0.22,29.887,159.716
828,GBTC,Grayscale Bitcoin Trust,Grayscale,GBTC,Grayscale Bitcoin Trust,BTC-USD,2025-07-11,93.04,18000.0,1.5,44.218,1.6553,202.53,2.3086,246.75,246.75,0.23,29.887,173.312
829,GBTC,Grayscale Bitcoin Trust,Grayscale,GBTC,Grayscale Bitcoin Trust,BTC-USD,2025-07-14,94.38,18000.0,1.5,36.092,1.5693,142.57,2.1571,178.66,178.66,0.24,21.581,183.274
830,GBTC,Grayscale Bitcoin Trust,Grayscale,GBTC,Grayscale Bitcoin Trust,BTC-USD,2025-07-15,91.63,18000.0,1.5,36.092,1.5693,-32.88,-1.5299,-3.21,3.21,0.23,21.581,187.421
831,GBTC,Grayscale Bitcoin Trust,Grayscale,GBTC,Grayscale Bitcoin Trust,BTC-USD,2025-07-16,93.9,18000.0,1.5,40.137,1.6142,316.72,2.5021,356.86,356.86,0.19,21.581,191.717
832,GBTC,Grayscale Bitcoin Trust,Grayscale,GBTC,Grayscale Bitcoin Trust,BTC-USD,2025-07-17,93.66,18000.0,1.5,46.118,1.6732,-37.74,-1.5881,8.38,8.38,0.15,27.387,191.208
833,GBTC,Grayscale Bitcoin Trust,Grayscale,GBTC,Grayscale Bitcoin Trust,BTC-USD,2025-07-18,92.36,18000.0,1.5,52.075,1.7249,106.5,2.0314,158.57,158.57,,31.574,195.408
834,GBTC,Grayscale Bitcoin Trust,Grayscale,GBTC,Grayscale Bitcoin Trust,BTC-USD,2025-07-21,91.84,18000.0,1.5,53.373,1.7354,203.95,2.3116,257.32,257.32,,31.866,198.059
835,GBTC,Grayscale Bitcoin Trust,Grayscale,GBTC,Grayscale Bitcoin Trust,BTC-USD,2025-07-22,93.9,18000.0,1.5,54.253,1.7424,167.78,2.2273,222.04,222.04,,28.317,200.718
836,GBTC,Grayscale Bitcoin Trust,Grayscale,GBTC,Grayscale Bitcoin Trust,BTC-USD,2025-07-23,93.16,18000.0,1.5,54.236,1.7422,365.37,2.5639,419.6,419.6,0.23,29.114,202.087
837,GBTC,Grayscale Bitcoin Trust,Grayscale,GBTC,Grayscale Bitcoin Trust,BTC-USD,2025-07-24,93.68,18000.0,1.5,57.652,1.7683,241.59,2.3849,299.24,299.24,0.3,29.268,204.628
838,GBTC,Grayscale Bitcoin Trust,Grayscale,GBTC,Grayscale Bitcoin Trust,BTC-USD,2025-07-25,91.87,18000.0,1.5,57.652,1.7683,-0.45,-0.1617,57.2,57.2,0.29,29.268,205.751
839,GBTC,Grayscale Bitcoin Trust,Grayscale,GBTC,Grayscale Bitcoin Trust,BTC-USD,2025-07-28,92.88,18000.0,1.5,54.693,1.7458,77.62,1.8956,132.32,132.32,0.29,27.479,207.222
840,GBTC,Grayscale Bitcoin Trust,Grayscale,GBTC,Grayscale Bitcoin Trust,BTC-USD,2025-07-29,92.38,18000.0,1.5,55.762,1.7541,102.75,2.016,158.51,158.51,0.3,27.773,210.217
841,GBTC,Grayscale Bitcoin Trust,Grayscale,GBTC,Grayscale Bitcoin Trust,BTC-USD,2025-07-30,91.88,18000.0,1.5,56.963,1.7631,-22.88,-1.3781,34.08,34.08,0.31,28.309,212.864
842,GBTC,Grayscale Bitcoin Trust,Grayscale,GBTC,Grayscale Bitcoin Trust,BTC-USD,2025-07-31,91.78,18000.0,1.5,65.569,1.8233,212.65,2.3297,278.22,278.22,0.39,34.603,212.269
843,GBTC,Grayscale Bitcoin Trust,Grayscale,GBTC,Grayscale Bitcoin Trust,BTC-USD,2025-08-01,88.89,18000.0,1.5,62.662,1.8039,-47.99,-1.6901,-14.67,14.67,0.38,34.603,215.84
844,GBTC,Grayscale Bitcoin Trust,Grayscale,GBTC,Grayscale Bitcoin Trust,BTC-USD,2025-08-04,90.23,18000.0,1.5,66.92,1.832,39.8,1.6107,106.72,106.72,0.41,39.473,214.798
845,GBTC,Grayscale Bitcoin Trust,Grayscale,GBTC,Grayscale Bitcoin Trust,BTC-USD,2025-08-05,89.38,18000.0,1.5,66.906,1.8319,29.16,1.4795,96.07,96.07,0.43,39.473,215.336
846,GBTC,Grayscale Bitcoin Trust,Grayscale,GBTC,Grayscale Bitcoin Trust,BTC-USD,2025-08-06,90.68,18000.0,1.5,65.7,1.8241,89.21,1.9553,154.91,154.91,0.46,39.473,216.197
847,GBTC,Grayscale Bitcoin Trust,Grayscale,GBTC,Grayscale Bitcoin Trust,BTC-USD,2025-08-07,92.44,18000.0,1.5,65.7,1.8241,-0.56,-0.1923,65.14,65.14,0.46,39.473,216.013
848,GBTC,Grayscale Bitcoin Trust,Grayscale,GBTC,Grayscale Bitcoin Trust,BTC-USD,2025-08-08,91.58,18000.0,1.5,70.393,1.8537,150.82,2.1813,221.21,221.21,0.45,44.759,212.876
849,GBTC,Grayscale Bitcoin Trust,Grayscale,GBTC,Grayscale Bitcoin Trust,BTC-USD,2025-08-11,93.59,18000.0,1.5,70.393,1.8537,-53.02,-1.7326,-17.37,17.37,0.43,44.759,196.739
850,GBTC,Grayscale Bitcoin Trust,Grayscale,GBTC,Grayscale Bitcoin Trust,BTC-USD,2025-08-12,94.06,18000.0,1.5,75.279,1.8824,-19.57,-1.3133,-55.7,55.7,0.45,49.793,187.306
851,GBTC,Grayscale Bitcoin Trust,Grayscale,GBTC,Grayscale Bitcoin Trust,BTC-USD,2025-08-13,96.6,18000.0,1.5,75.279,1.8824,65.88,1.8253,141.16,141.16,0.44,49.793,188.073
852,GBTC,Grayscale Bitcoin Trust,Grayscale,GBTC,Grayscale Bitcoin Trust,BTC-USD,2025-08-14,92.75,18000.0,1.5,77.948,1.8973,5.63,0.8218,-83.58,83.58,0.42,49.793,191.334
853,GBTC,Grayscale Bitcoin Trust,Grayscale,GBTC,Grayscale Bitcoin Trust,BTC-USD,2025-08-15,91.9,18000.0,1.5,73.251,1.8707,-31.89,-1.517,-41.37,41.37,0.43,46.255,190.477
854,GBTC,Grayscale Bitcoin Trust,Grayscale,GBTC,Grayscale Bitcoin Trust,BTC-USD,2025-08-18,91.39,18000.0,1.5,65.474,1.8226,-27.55,-1.4556,37.92,37.92,0.42,42.068,182.037
855,GBTC,Grayscale Bitcoin Trust,Grayscale,GBTC,Grayscale Bitcoin Trust,BTC-USD,2025-08-19,88.83,18000.0,1.5,58.858,1.7771,-26.05,-1.4321,32.81,32.81,0.41,34.952,186.504
856,GBTC,Grayscale Bitcoin Trust,Grayscale,GBTC,Grayscale Bitcoin Trust,BTC-USD,2025-08-20,89.79,18000.0,1.5,56.123,1.7568,-41.79,-1.6313,-14.33,14.33,0.4,37.447,184.851
857,GBTC,Grayscale Bitcoin Trust,Grayscale,GBTC,Grayscale Bitcoin Trust,BTC-USD,2025-08-21,88.1,18000.0,1.5,58.129,1.7718,5.16,0.7893,-63.29,63.29,0.41,41.374,180.904
858,GBTC,Grayscale Bitcoin Trust,Grayscale,GBTC,Grayscale Bitcoin Trust,BTC-USD,2025-08-22,91.73,18000.0,1.5,60.0,1.7853,37.06,1.5805,-97.06,97.06,0.45,45.08,183.637
859,GBTC,Grayscale Bitcoin Trust,Grayscale,GBTC,Grayscale Bitcoin Trust,BTC-USD,2025-08-25,87.02,18000.0,1.5,60.0,1.7853,1.36,0.3731,61.36,61.36,0.44,45.08,184.669
860,GBTC,Grayscale Bitcoin Trust,Grayscale,GBTC,Grayscale Bitcoin Trust,BTC-USD,2025-08-26,87.31,18000.0,1.5,63.972,1.8127,67.0,1.8325,-130.98,130.98,0.45,45.08,186.524
861,GBTC,Grayscale Bitcoin Trust,Grayscale,GBTC,Grayscale Bitcoin Trust,BTC-USD,2025-08-27,88.07,18000.0,1.5,61.371,1.795,-4.64,-0.751,56.73,56.73,0.46,40.289,184.231
862,GBTC,Grayscale Bitcoin Trust,Grayscale,GBTC,Grayscale Bitcoin Trust,BTC-USD,2025-08-28,87.95,18000.0,1.5,59.498,1.7817,-41.44,-1.6278,-18.06,18.06,0.48,35.897,180.944
863,GBTC,Grayscale Bitcoin Trust,Grayscale,GBTC,Grayscale Bitcoin Trust,BTC-USD,2025-08-29,84.99,18000.0,1.5,50.918,1.7153,100.41,2.0061,-151.33,151.33,0.5,29.603,183.02
864,GBTC,Grayscale Bitcoin Trust,Grayscale,GBTC,Grayscale Bitcoin Trust,BTC-USD,2025-09-02,87.02,18000.0,1.5,56.044,1.7562,-45.97,-1.6719,-10.07,10.07,0.49,29.603,177.143
865,GBTC,Grayscale Bitcoin Trust,Grayscale,GBTC,Grayscale Bitcoin Trust,BTC-USD,2025-09-03,88.16,18000.0,1.5,51.799,1.7226,6.57,0.879,58.37,58.37,0.47,24.733,177.849
866,GBTC,Grayscale Bitcoin Trust,Grayscale,GBTC,Grayscale Bitcoin Trust,BTC-USD,2025-09-04,86.23,18000.0,1.5,53.124,1.7334,-0.37,-0.1365,-52.75,52.75,0.47,24.733,176.801
867,GBTC,Grayscale Bitcoin Trust,Grayscale,GBTC,Grayscale Bitcoin Trust,BTC-USD,2025-09-05,87.66,18000.0,1.5,52.506,1.7284,-12.14,-1.1185,40.37,40.37,0.48,24.733,179.878
868,GBTC,Grayscale Bitcoin Trust,Grayscale,GBTC,Grayscale Bitcoin Trust,BTC-USD,2025-09-08,88.04,18000.0,1.5,57.167,1.7647,-10.91,-1.0759,-46.26,46.26,0.49,26.652,175.507
869,GBTC,Grayscale Bitcoin Trust,Grayscale,GBTC,Grayscale Bitcoin Trust,BTC-USD,2025-09-09,87.42,18000.0,1.5,57.477,1.767,-21.31,-1.3485,-36.17,36.17,0.51,23.961,176.681
870,GBTC,Grayscale Bitcoin Trust,Grayscale,GBTC,Grayscale Bitcoin Trust,BTC-USD,2025-09-10,89.22,18000.0,1.5,60.766,1.7907,45.51,1.6675,-106.27,106.27,0.52,23.961,177.437
871,GBTC,Grayscale Bitcoin Trust,Grayscale,GBTC,Grayscale Bitcoin Trust,BTC-USD,2025-09-11,89.92,18000.0,1.5,56.427,1.7591,47.04,1.6816,-103.47,103.47,0.58,20.022,176.009
872,GBTC,Grayscale Bitcoin Trust,Grayscale,GBTC,Grayscale Bitcoin Trust,BTC-USD,2025-09-12,91.75,18000.0,1.5,56.427,1.7591,-49.15,-1.7002,7.28,7.28,0.64,20.022,172.831
873,GBTC,Grayscale Bitcoin Trust,Grayscale,GBTC,Grayscale Bitcoin Trust,BTC-USD,2025-09-15,90.49,18000.0,1.5,53.115,1.7333,-20.91,-1.3406,-32.21,32.21,0.62,20.022,167.806
874,GBTC,Grayscale Bitcoin Trust,Grayscale,GBTC,Grayscale Bitcoin Trust,BTC-USD,2025-09-16,91.73,18000.0,1.5,54.948,1.7478,-43.63,-1.6496,11.32,11.32,0.6,17.754,171.099
875,GBTC,Grayscale Bitcoin Trust,Grayscale,GBTC,Grayscale Bitcoin Trust,BTC-USD,2025-09-17,90.79,18000.0,1.5,61.619,1.7967,29.67,1.4867,-91.29,91.29,0.56,22.987,184.393
876,GBTC,Grayscale Bitcoin Trust,Grayscale,GBTC,Grayscale Bitcoin Trust,BTC-USD,2025-09-18,92.24,18000.0,1.5,61.141,1.7934,-28.46,-1.4692,32.68,32.68,0.55,22.987,180.992
877,GBTC,Grayscale Bitcoin Trust,Grayscale,GBTC,Grayscale Bitcoin Trust,BTC-USD,2025-09-19,90.34,18000.0,1.5,58.902,1.7774,-11.55,-1.0988,-47.35,47.35,0.53,19.426,180.339
878,GBTC,Grayscale Bitcoin Trust,Grayscale,GBTC,Grayscale Bitcoin Trust,BTC-USD,2025-09-22,87.98,18000.0,1.5,52.589,1.7291,-30.13,-1.4932,-22.46,22.46,0.53,14.702,182.186
879,GBTC,Grayscale Bitcoin Trust,Grayscale,GBTC,Grayscale Bitcoin Trust,BTC-USD,2025-09-23,87.58,18000.0,1.5,49.272,1.7013,4.54,0.7433,-53.81,53.81,0.54,14.991,177.934
880,GBTC,Grayscale Bitcoin Trust,Grayscale,GBTC,Grayscale Bitcoin Trust,BTC-USD,2025-09-24,89.01,18000.0,1.5,52.06,1.7248,-30.23,-1.4946,-21.83,21.83,0.55,14.991,174.596
881,GBTC,Grayscale Bitcoin Trust,Grayscale,GBTC,Grayscale Bitcoin Trust,BTC-USD,2025-09-25,85.76,18000.0,1.5,49.619,1.7043,32.61,1.5265,82.23,82.23,0.55,14.991,181.387
882,GBTC,Grayscale Bitcoin Trust,Grayscale,GBTC,Grayscale Bitcoin Trust,BTC-USD,2025-09-26,85.65,18000.0,1.5,51.094,1.7168,71.02,1.8575,-122.12,122.12,0.59,19.218,184.279
883,GBTC,Grayscale Bitcoin Trust,Grayscale,GBTC,Grayscale Bitcoin Trust,BTC-USD,2025-09-29,89.73,18000.0,1.5,49.601,1.7042,13.36,1.1572,62.96,62.96,0.63,19.218,192.674
884,GBTC,Grayscale Bitcoin Trust,Grayscale,GBTC,Grayscale Bitcoin Trust,BTC-USD,2025-09-30,89.77,18000.0,1.5,53.335,1.7351,42.4,1.6375,95.74,95.74,0.63,23.886,191.064
885,GBTC,Grayscale Bitcoin Trust,Grayscale,GBTC,Grayscale Bitcoin Trust,BTC-USD,2025-10-01,92.2,18000.0,1.5,48.231,1.6922,-34.91,-1.5553,-13.32,13.32,0.63,23.886,193.721
886,GBTC,Grayscale Bitcoin Trust,Grayscale,GBTC,Grayscale Bitcoin Trust,BTC-USD,2025-10-02,94.93,18000.0,1.5,48.199,1.692,-17.26,-1.2614,30.94,30.94,0.63,23.886,205.306
887,GBTC,Grayscale Bitcoin Trust,Grayscale,GBTC,Grayscale Bitcoin Trust,BTC-USD,2025-10-03,96.36,18000.0,1.5,46.863,1.68,142.25,2.1561,189.11,189.11,0.63,23.886,221.278
888,GBTC,Grayscale Bitcoin Trust,Grayscale,GBTC,Grayscale Bitcoin Trust,BTC-USD,2025-10-06,98.43,18000.0,1.5,45.671,1.669,-12.94,-1.1443,32.73,32.73,0.63,23.886,232.606
889,GBTC,Grayscale Bitcoin Trust,Grayscale,GBTC,Grayscale Bitcoin Trust,BTC-USD,2025-10-07,95.37,18000.0,1.5,41.011,1.6234,18.22,1.2839,59.24,59.24,0.6,21.967,254.554
890,GBTC,Grayscale Bitcoin Trust,Grayscale,GBTC,Grayscale Bitcoin Trust,BTC-USD,2025-10-08,96.78,18000.0,1.5,43.66,1.6499,35.04,1.5568,78.7,78.7,0.62,25.925,268.157
891,GBTC,Grayscale Bitcoin Trust,Grayscale,GBTC,Grayscale Bitcoin Trust,BTC-USD,2025-10-09,94.9,18000.0,1.5,43.247,1.6459,-27.94,-1.4614,15.31,15.31,0.65,26.048,284.043
892,GBTC,Grayscale Bitcoin Trust,Grayscale,GBTC,Grayscale Bitcoin Trust,BTC-USD,2025-10-10,91.42,18000.0,1.5,43.368,1.6471,299.33,2.4776,342.7,342.7,0.74,26.289,315.887
893,GBTC,Grayscale Bitcoin Trust,Grayscale,GBTC,Grayscale Bitcoin Trust,BTC-USD,2025-10-13,90.86,18000.0,1.5,43.928,1.6525,-7.96,-0.9523,-35.97,35.97,0.62,26.289,331.182
894,GBTC,Grayscale Bitcoin Trust,Grayscale,GBTC,Grayscale Bitcoin Trust,BTC-USD,2025-10-14,88.29,18000.0,1.5,40.327,1.6162,30.47,1.4978,-70.79,70.79,0.6,26.289,355.596
895,GBTC,Grayscale Bitcoin Trust,Grayscale,GBTC,Grayscale Bitcoin Trust,BTC-USD,2025-10-15,87.23,18000.0,1.5,45.297,1.6655,-13.69,-1.1669,-31.61,31.61,0.55,32.524,367.45
896,GBTC,Grayscale Bitcoin Trust,Grayscale,GBTC,Grayscale Bitcoin Trust,BTC-USD,2025-10-16,84.8,18000.0,1.5,38.625,1.598,-5.91,-0.8397,-32.71,32.71,0.44,27.29,383.994
897,GBTC,Grayscale Bitcoin Trust,Grayscale,GBTC,Grayscale Bitcoin Trust,BTC-USD,2025-10-17,83.46,18000.0,1.5,38.563,1.5973,114.05,2.0609,-152.61,152.61,0.3,27.29,400.211
898,GBTC,Grayscale Bitcoin Trust,Grayscale,GBTC,Grayscale Bitcoin Trust,BTC-USD,2025-10-20,86.89,18000.0,1.5,37.906,1.59,-36.63,-1.5755,-1.28,1.28,0.29,27.29,414.886
899,GBTC,Grayscale Bitcoin Trust,Grayscale,GBTC,Grayscale Bitcoin Trust,BTC-USD,2025-10-21,87.64,18000.0,1.5,45.812,1.6704,226.61,2.3572,272.42,272.42,0.27,30.314,438.813
900,GBTC,Grayscale Bitcoin Trust,Grayscale,GBTC,Grayscale Bitcoin Trust,BTC-USD,2025-10-22,84.5,18000.0,1.5,43.74,1.6507,5.63,0.8218,-49.38,49.38,0.18,26.165,466.192
901,GBTC,Grayscale Bitcoin Trust,Grayscale,GBTC,Grayscale Bitcoin Trust,BTC-USD,2025-10-23,86.42,18000.0,1.5,40.953,1.6228,25.55,1.424,-66.5,66.5,0.18,26.165,476.072
902,GBTC,Grayscale Bitcoin Trust,Grayscale,GBTC,Grayscale Bitcoin Trust,BTC-USD,2025-10-24,86.69,18000.0,1.5,41.875,1.6322,69.81,1.8501,-111.68,111.68,0.2,30.898,473.731
903,GBTC,Grayscale Bitcoin Trust,Grayscale,GBTC,Grayscale Bitcoin Trust,BTC-USD,2025-10-27,90.09,18000.0,1.5,38.34,1.5948,59.83,1.7841,98.17,98.17,0.19,26.672,475.358
904,GBTC,Grayscale Bitcoin Trust,Grayscale,GBTC,Grayscale Bitcoin Trust,BTC-USD,2025-10-28,89.02,18000.0,1.5,42.354,1.637,-35.85,-1.5664,6.5,6.5,0.19,29.765,475.948
905,GBTC,Grayscale Bitcoin Trust,Grayscale,GBTC,Grayscale Bitcoin Trust,BTC-USD,2025-10-29,86.66,18000.0,1.5,38.417,1.5957,23.85,1.3953,-62.27,62.27,0.16,25.097,502.639
906,GBTC,Grayscale Bitcoin Trust,Grayscale,GBTC,Grayscale Bitcoin Trust,BTC-USD,2025-10-30,83.34,18000.0,1.5,38.417,1.5957,162.56,2.2137,-200.98,200.98,0.16,25.097,508.843
907,GBTC,Grayscale Bitcoin Trust,Grayscale,GBTC,Grayscale Bitcoin Trust,BTC-USD,2025-10-31,86.02,18000.0,1.5,41.937,1.6328,80.11,1.9091,-122.05,122.05,0.21,25.097,509.22
908,GBTC,Grayscale Bitcoin Trust,Grayscale,GBTC,Grayscale Bitcoin Trust,BTC-USD,2025-11-03,83.5,18000.0,1.5,43.939,1.6526,139.57,2.1479,-183.51,183.51,0.22,25.097,506.745
909,GBTC,Grayscale Bitcoin Trust,Grayscale,GBTC,Grayscale Bitcoin Trust,BTC-USD,2025-11-04,78.87,18000.0,1.5,43.939,1.6526,279.24,2.4475,-323.18,323.18,0.35,25.097,521.822
910,GBTC,Grayscale Bitcoin Trust,Grayscale,GBTC,Grayscale Bitcoin Trust,BTC-USD,2025-11-05,81.35,18000.0,1.5,56.567,1.7602,120.14,2.0833,-176.71,176.71,0.42,31.152,506.612
911,GBTC,Grayscale Bitcoin Trust,Grayscale,GBTC,Grayscale Bitcoin Trust,BTC-USD,2025-11-06,78.98,18000.0,1.5,55.588,1.7527,172.81,2.2401,-228.4,228.4,0.49,24.599,506.014
912,GBTC,Grayscale Bitcoin Trust,Grayscale,GBTC,Grayscale Bitcoin Trust,BTC-USD,2025-11-07,81.3,18000.0,1.5,63.619,1.8104,4.37,0.7296,-67.98,67.98,0.52,32.505,497.086
913,GBTC,Grayscale Bitcoin Trust,Grayscale,GBTC,Grayscale Bitcoin Trust,BTC-USD,2025-11-10,83.05,18000.0,1.5,63.11,1.8069,294.21,2.4701,-357.32,357.32,0.55,31.169,470.837
914,GBTC,Grayscale Bitcoin Trust,Grayscale,GBTC,Grayscale Bitcoin Trust,BTC-USD,2025-11-11,80.47,18000.0,1.5,65.008,1.8196,121.17,2.087,-186.18,186.18,0.59,31.169,458.249
915,GBTC,Grayscale Bitcoin Trust,Grayscale,GBTC,Grayscale Bitcoin Trust,BTC-USD,2025-11-12,79.49,18000.0,1.5,68.154,1.8398,-1.98,-0.4739,-66.18,66.18,0.58,36.483,438.293
916,GBTC,Grayscale Bitcoin Trust,Grayscale,GBTC,Grayscale Bitcoin Trust,BTC-USD,2025-11-13,76.68,18000.0,1.5,61.048,1.7927,235.86,2.3745,-296.91,296.91,0.6,30.249,447.897
917,GBTC,Grayscale Bitcoin Trust,Grayscale,GBTC,Grayscale Bitcoin Trust,BTC-USD,2025-11-14,73.78,18000.0,1.5,61.085,1.793,40.39,1.6169,-101.48,101.48,0.59,30.249,432.559
918,GBTC,Grayscale Bitcoin Trust,Grayscale,GBTC,Grayscale Bitcoin Trust,BTC-USD,2025-11-17,71.84,18000.0,1.5,61.085,1.793,58.14,1.7719,-119.23,119.23,0.59,30.249,442.668
919,GBTC,Grayscale Bitcoin Trust,Grayscale,GBTC,Grayscale Bitcoin Trust,BTC-USD,2025-11-18,72.64,18000.0,1.5,64.745,1.8179,94.63,1.9806,-159.37,159.37,0.62,37.642,446.135
920,GBTC,Grayscale Bitcoin Trust,Grayscale,GBTC,Grayscale Bitcoin Trust,BTC-USD,2025-11-19,69.99,18000.0,1.5,63.457,1.8093,550.25,2.7413,-613.7,613.7,0.77,34.618,444.039
921,GBTC,Grayscale Bitcoin Trust,Grayscale,GBTC,Grayscale Bitcoin Trust,BTC-USD,2025-11-20,67.56,18000.0,1.5,74.085,1.8756,104.81,2.0245,-178.89,178.89,0.69,39.832,448.015
922,GBTC,Grayscale Bitcoin Trust,Grayscale,GBTC,Grayscale Bitcoin Trust,BTC-USD,2025-11-21,66.16,18000.0,1.5,74.079,1.8755,175.82,2.2475,-249.9,249.9,0.72,39.832,469.526
923,GBTC,Grayscale Bitcoin Trust,Grayscale,GBTC,Grayscale Bitcoin Trust,BTC-USD,2025-11-24,69.73,18000.0,1.5,71.755,1.8619,-38.44,-1.5959,-33.32,33.32,0.7,35.099,477.067
924,GBTC,Grayscale Bitcoin Trust,Grayscale,GBTC,Grayscale Bitcoin Trust,BTC-USD,2025-11-25,68.36,18000.0,1.5,79.08,1.9035,187.16,2.2745,-266.24,266.24,0.7,41.462,482.061
925,GBTC,Grayscale Bitcoin Trust,Grayscale,GBTC,Grayscale Bitcoin Trust,BTC-USD,2025-11-26,70.38,18000.0,1.5,77.82,1.8966,209.84,2.324,-287.66,287.66,0.74,38.369,482.21
926,GBTC,Grayscale Bitcoin Trust,Grayscale,GBTC,Grayscale Bitcoin Trust,BTC-USD,2025-11-28,71.01,18000.0,1.5,77.82,1.8966,129.37,2.1152,-207.19,207.19,0.77,38.369,459.133
927,GBTC,Grayscale Bitcoin Trust,Grayscale,GBTC,Grayscale Bitcoin Trust,BTC-USD,2025-12-01,66.92,18000.0,1.5,77.82,1.8966,-21.42,-1.3507,-56.4,56.4,0.75,38.369,460.887
928,GBTC,Grayscale Bitcoin Trust,Grayscale,GBTC,Grayscale Bitcoin Trust,BTC-USD,2025-12-02,71.25,18000.0,1.5,77.507,1.8949,116.49,2.07,-193.99,193.99,0.75,38.369,462.638
929,GBTC,Grayscale Bitcoin Trust,Grayscale,GBTC,Grayscale Bitcoin Trust,BTC-USD,2025-12-03,72.73,18000.0,1.5,75.465,1.8835,101.56,2.011,-177.02,177.02,0.76,38.369,461.769
930,GBTC,Grayscale Bitcoin Trust,Grayscale,GBTC,Grayscale Bitcoin Trust,BTC-USD,2025-12-04,72.38,18000.0,1.5,84.33,1.9311,-38.09,-1.5921,46.24,46.24,0.73,41.244,440.931
931,GBTC,Grayscale Bitcoin Trust,Grayscale,GBTC,Grayscale Bitcoin Trust,BTC-USD,2025-12-05,69.9,18000.0,1.5,71.702,1.8615,31.58,1.513,-103.29,103.29,0.72,35.189,445.078
932,GBTC,Grayscale Bitcoin Trust,Grayscale,GBTC,Grayscale Bitcoin Trust,BTC-USD,2025-12-08,70.99,18000.0,1.5,71.799,1.8621,-44.43,-1.6574,-27.36,27.36,0.72,39.861,437.284
933,GBTC,Grayscale Bitcoin Trust,Grayscale,GBTC,Grayscale Bitcoin Trust,BTC-USD,2025-12-09,72.82,18000.0,1.5,65.679,1.824,24.16,1.4008,-89.84,89.84,0.72,33.228,440.046
934,GBTC,Grayscale Bitcoin Trust,Grayscale,GBTC,Grayscale Bitcoin Trust,BTC-USD,2025-12-10,72.35,18000.0,1.5,75.417,1.8832,-15.59,-1.2199,-59.83,59.83,0.71,43.583,444.79
935,GBTC,Grayscale Bitcoin Trust,Grayscale,GBTC,Grayscale Bitcoin Trust,BTC-USD,2025-12-11,71.79,18000.0,1.5,72.839,1.8683,72.47,1.8661,-145.31,145.31,0.72,43.583,447.055
936,GBTC,Grayscale Bitcoin Trust,Grayscale,GBTC,Grayscale Bitcoin Trust,BTC-USD,2025-12-12,70.58,18000.0,1.5,80.993,1.9138,-1.99,-0.4758,-79.0,79.0,0.72,47.14,448.492
937,GBTC,Grayscale Bitcoin Trust,Grayscale,GBTC,Grayscale Bitcoin Trust,BTC-USD,2025-12-15,67.05,18000.0,1.5,80.005,1.9085,-73.37,-1.8714,6.63,6.63,0.72,47.14,440.982
938,GBTC,Grayscale Bitcoin Trust,Grayscale,GBTC,Grayscale Bitcoin Trust,BTC-USD,2025-12-16,68.49,18000.0,1.5,86.41,1.9416,-19.37,-1.3089,-67.04,67.04,0.71,49.692,436.044
939,GBTC,Grayscale Bitcoin Trust,Grayscale,GBTC,Grayscale Bitcoin Trust,BTC-USD,2025-12-17,67.1,18000.0,1.5,92.507,1.9708,-47.56,-1.6863,-44.95,44.95,0.71,52.097,423.801
940,GBTC,Grayscale Bitcoin Trust,Grayscale,GBTC,Grayscale Bitcoin Trust,BTC-USD,2025-12-18,66.11,18000.0,1.5,104.031,2.0213,34.81,1.554,-138.84,138.84,0.71,59.496,424.0
941,GBTC,Grayscale Bitcoin Trust,Grayscale,GBTC,Grayscale Bitcoin Trust,BTC-USD,2025-12-19,68.84,18000.0,1.5,111.327,2.0505,72.66,1.8672,183.99,183.99,0.67,66.878,415.424
942,GBTC,Grayscale Bitcoin Trust,Grayscale,GBTC,Grayscale Bitcoin Trust,BTC-USD,2025-12-22,69.03,18000.0,1.5,101.003,2.0086,-86.61,-1.9426,14.39,14.39,0.69,62.272,388.604
943,GBTC,Grayscale Bitcoin Trust,Grayscale,GBTC,Grayscale Bitcoin Trust,BTC-USD,2025-12-23,68.5,18000.0,1.5,101.003,2.0086,-1.98,-0.4746,99.02,99.02,0.72,62.272,366.191
944,GBTC,Grayscale Bitcoin Trust,Grayscale,GBTC,Grayscale Bitcoin Trust,BTC-USD,2025-12-24,68.2,18000.0,1.5,104.332,2.0226,35.55,1.5629,-139.88,139.88,0.67,65.335,351.592
945,GBTC,Grayscale Bitcoin Trust,Grayscale,GBTC,Grayscale Bitcoin Trust,BTC-USD,2025-12-26,68.4,18000.0,1.5,98.946,1.9998,-78.58,-1.9008,20.37,20.37,0.66,60.569,348.965
946,GBTC,Grayscale Bitcoin Trust,Grayscale,GBTC,Grayscale Bitcoin Trust,BTC-USD,2025-12-29,68.05,18000.0,1.5,103.753,2.0202,-66.19,-1.8273,37.56,37.56,0.66,64.06,342.029
947,GBTC,Grayscale Bitcoin Trust,Grayscale,GBTC,Grayscale Bitcoin Trust,BTC-USD,2025-12-30,68.61,18000.0,1.5,109.147,2.042,-37.16,-1.5816,-71.99,71.99,0.62,64.06,347.853
948,GBTC,Grayscale Bitcoin Trust,Grayscale,GBTC,Grayscale Bitcoin Trust,BTC-USD,2025-12-31,68.36,18000.0,1.5,114.106,2.0611,-26.98,-1.4468,87.13,87.13,0.62,65.465,341.709
949,GBTC,Grayscale Bitcoin Trust,Grayscale,GBTC,Grayscale Bitcoin Trust,BTC-USD,2026-01-02,70.14,18000.0,1.5,110.898,2.0488,-107.87,-2.0369,3.03,3.03,0.61,65.465,344.133
950,GBTC,Grayscale Bitcoin Trust,Grayscale,GBTC,Grayscale Bitcoin Trust,BTC-USD,2026-01-05,73.61,18000.0,1.5,110.898,2.0488,-22.03,-1.3624,88.86,88.86,0.6,65.465,345.978
951,GBTC,Grayscale Bitcoin Trust,Grayscale,GBTC,Grayscale Bitcoin Trust,BTC-USD,2026-01-06,72.2,18000.0,1.5,111.161,2.0498,73.42,1.8717,-184.58,184.58,0.56,67.362,349.239
952,GBTC,Grayscale Bitcoin Trust,Grayscale,GBTC,Grayscale Bitcoin Trust,BTC-USD,2026-01-07,71.0,18000.0,1.5,115.031,2.0646,-83.87,-1.9288,-31.16,31.16,0.5,67.362,345.957
953,GBTC,Grayscale Bitcoin Trust,Grayscale,GBTC,Grayscale Bitcoin Trust,BTC-USD,2026-01-08,70.96,18000.0,1.5,108.254,2.0384,-85.31,-1.9361,-22.94,22.94,0.53,62.69,343.465
954,GBTC,Grayscale Bitcoin Trust,Grayscale,GBTC,Grayscale Bitcoin Trust,BTC-USD,2026-01-09,70.48,18000.0,1.5,108.945,2.0412,-42.67,-1.6402,-66.27,66.27,0.54,65.714,338.683
955,GBTC,Grayscale Bitcoin Trust,Grayscale,GBTC,Grayscale Bitcoin Trust,BTC-USD,2026-01-12,71.41,18000.0,1.5,106.316,2.0307,-85.56,-1.9373,-20.75,20.75,0.54,63.105,332.744
956,GBTC,Grayscale Bitcoin Trust,Grayscale,GBTC,Grayscale Bitcoin Trust,BTC-USD,2026-01-13,73.78,18000.0,1.5,106.346,2.0308,-82.74,-1.9229,-23.61,23.61,0.54,63.105,334.881
957,GBTC,Grayscale Bitcoin Trust,Grayscale,GBTC,Grayscale Bitcoin Trust,BTC-USD,2026-01-14,76.31,18000.0,1.5,95.046,1.9825,-24.2,-1.4013,70.85,70.85,0.56,54.234,340.042
958,GBTC,Grayscale Bitcoin Trust,Grayscale,GBTC,Grayscale Bitcoin Trust,BTC-USD,2026-01-15,74.33,18000.0,1.5,100.846,2.0079,-56.08,-1.7565,44.77,44.77,0.59,58.812,333.171
959,GBTC,Grayscale Bitcoin Trust,Grayscale,GBTC,Grayscale Bitcoin Trust,BTC-USD,2026-01-16,74.58,18000.0,1.5,94.411,1.9796,-65.61,-1.8235,28.8,28.8,0.56,56.26,332.974
960,GBTC,Grayscale Bitcoin Trust,Grayscale,GBTC,Grayscale Bitcoin Trust,BTC-USD,2026-01-20,69.89,18000.0,1.5,88.344,1.9511,111.87,2.0526,200.22,200.22,0.64,53.855,321.402
961,GBTC,Grayscale Bitcoin Trust,Grayscale,GBTC,Grayscale Bitcoin Trust,BTC-USD,2026-01-21,70.34,18000.0,1.5,75.448,1.8834,137.3,2.1408,212.75,212.75,0.74,39.063,318.472
962,GBTC,Grayscale Bitcoin Trust,Grayscale,GBTC,Grayscale Bitcoin Trust,BTC-USD,2026-01-22,69.75,18000.0,1.5,66.638,1.8302,-54.21,-1.742,12.43,12.43,0.73,35.727,306.943
963,GBTC,Grayscale Bitcoin Trust,Grayscale,GBTC,Grayscale Bitcoin Trust,BTC-USD,2026-01-23,69.82,18000.0,1.5,71.799,1.8621,-38.25,-1.5939,33.55,33.55,0.75,39.29,305.874
964,GBTC,Grayscale Bitcoin Trust,Grayscale,GBTC,Grayscale Bitcoin Trust,BTC-USD,2026-01-26,68.31,18000.0,1.5,71.808,1.8622,14.43,1.1883,-86.24,86.24,0.74,39.29,303.307
965,GBTC,Grayscale Bitcoin Trust,Grayscale,GBTC,Grayscale Bitcoin Trust,BTC-USD,2026-01-27,69.69,18000.0,1.5,72.808,1.8681,10.81,1.0721,83.61,83.61,0.74,42.287,309.959
966,GBTC,Grayscale Bitcoin Trust,Grayscale,GBTC,Grayscale Bitcoin Trust,BTC-USD,2026-01-28,69.46,18000.0,1.5,70.825,1.8563,-47.14,-1.6825,-23.68,23.68,0.74,40.689,312.717
967,GBTC,Grayscale Bitcoin Trust,Grayscale,GBTC,Grayscale Bitcoin Trust,BTC-USD,2026-01-29,65.53,18000.0,1.5,63.279,1.8081,-28.66,-1.4721,-34.62,34.62,0.75,37.199,331.242
968,GBTC,Grayscale Bitcoin Trust,Grayscale,GBTC,Grayscale Bitcoin Trust,BTC-USD,2026-01-30,65.37,18000.0,1.5,57.885,1.77,-2.18,-0.5023,55.71,55.71,0.75,37.199,333.92
969,GBTC,Grayscale Bitcoin Trust,Grayscale,GBTC,Grayscale Bitcoin Trust,BTC-USD,2026-02-02,60.82,18000.0,1.5,52.898,1.7316,4.72,0.7575,-57.62,57.62,0.7,35.794,344.635
970,GBTC,Grayscale Bitcoin Trust,Grayscale,GBTC,Grayscale Bitcoin Trust,BTC-USD,2026-02-03,59.61,18000.0,1.5,63.582,1.8101,81.76,1.9178,145.34,145.34,0.7,35.794,360.344
971,GBTC,Grayscale Bitcoin Trust,Grayscale,GBTC,Grayscale Bitcoin Trust,BTC-USD,2026-02-04,57.22,18000.0,1.5,70.833,1.8563,-47.84,-1.6888,22.99,22.99,0.68,39.506,371.372
972,GBTC,Grayscale Bitcoin Trust,Grayscale,GBTC,Grayscale Bitcoin Trust,BTC-USD,2026-02-05,49.66,18000.0,1.5,61.723,1.7974,198.1,2.2991,259.83,259.83,0.74,34.733,396.174
973,GBTC,Grayscale Bitcoin Trust,Grayscale,GBTC,Grayscale Bitcoin Trust,BTC-USD,2026-02-06,54.63,18000.0,1.5,84.237,1.9306,-81.56,-1.9168,-2.68,2.68,0.7,40.235,398.737
974,GBTC,Grayscale Bitcoin Trust,Grayscale,GBTC,Grayscale Bitcoin Trust,BTC-USD,2026-02-09,55.19,18000.0,1.5,93.551,1.9757,37.81,1.5889,131.36,131.36,0.7,52.631,406.233
975,GBTC,Grayscale Bitcoin Trust,Grayscale,GBTC,Grayscale Bitcoin Trust,BTC-USD,2026-02-10,53.63,18000.0,1.5,93.995,1.9777,-62.08,-1.7999,31.91,31.91,0.7,50.95,406.78
976,GBTC,Grayscale Bitcoin Trust,Grayscale,GBTC,Grayscale Bitcoin Trust,BTC-USD,2026-02-11,52.67,18000.0,1.5,86.988,1.9444,-39.39,-1.6063,47.6,47.6,0.7,43.204,405.593
977,GBTC,Grayscale Bitcoin Trust,Grayscale,GBTC,Grayscale Bitcoin Trust,BTC-USD,2026-02-12,50.95,18000.0,1.5,99.675,2.0029,-57.02,-1.7636,-42.65,42.65,0.71,58.045,398.492
978,GBTC,Grayscale Bitcoin Trust,Grayscale,GBTC,Grayscale Bitcoin Trust,BTC-USD,2026-02-13,53.63,18000.0,1.5,104.158,2.0218,-39.93,-1.612,-64.23,64.23,0.7,58.045,391.76
979,GBTC,Grayscale Bitcoin Trust,Grayscale,GBTC,Grayscale Bitcoin Trust,BTC-USD,2026-02-17,52.81,18000.0,1.5,107.36,2.0349,-22.33,-1.3679,85.03,85.03,0.68,57.251,388.134
980,GBTC,Grayscale Bitcoin Trust,Grayscale,GBTC,Grayscale Bitcoin Trust,BTC-USD,2026-02-18,51.64,18000.0,1.5,114.196,2.0614,-89.96,-1.9588,-24.24,24.24,0.57,65.753,380.885
981,GBTC,Grayscale Bitcoin Trust,Grayscale,GBTC,Grayscale Bitcoin Trust,BTC-USD,2026-02-19,52.32,18000.0,1.5,118.674,2.078,6.63,0.8828,-125.31,125.31,0.59,70.056,373.421
982,GBTC,Grayscale Bitcoin Trust,Grayscale,GBTC,Grayscale Bitcoin Trust,BTC-USD,2026-02-20,52.81,18000.0,1.5,116.35,2.0695,6.01,0.8458,-122.36,122.36,0.55,70.056,363.439
983,GBTC,Grayscale Bitcoin Trust,Grayscale,GBTC,Grayscale Bitcoin Trust,BTC-USD,2026-02-23,50.23,18000.0,1.5,111.282,2.0503,-66.98,-1.8324,-44.31,44.31,0.57,66.01,363.678
984,GBTC,Grayscale Bitcoin Trust,Grayscale,GBTC,Grayscale Bitcoin Trust,BTC-USD,2026-02-24,50.27,18000.0,1.5,105.817,2.0286,-68.37,-1.8412,37.45,37.45,0.56,61.839,358.545
985,GBTC,Grayscale Bitcoin Trust,Grayscale,GBTC,Grayscale Bitcoin Trust,BTC-USD,2026-02-25,53.94,18000.0,1.5,105.999,2.0294,150.14,2.1794,256.14,256.14,0.48,61.839,354.655
986,GBTC,Grayscale Bitcoin Trust,Grayscale,GBTC,Grayscale Bitcoin Trust,BTC-USD,2026-02-26,52.58,18000.0,1.5,109.081,2.0417,-74.92,-1.8804,-34.16,34.16,0.35,63.255,353.248
987,GBTC,Grayscale Bitcoin Trust,Grayscale,GBTC,Grayscale Bitcoin Trust,BTC-USD,2026-02-27,51.13,18000.0,1.5,110.124,2.0458,-64.82,-1.8183,-45.31,45.31,0.34,63.255,345.687
988,GBTC,Grayscale Bitcoin Trust,Grayscale,GBTC,Grayscale Bitcoin Trust,BTC-USD,2026-03-02,53.89,18000.0,1.5,115.965,2.0681,-3.51,-0.6538,112.46,112.46,0.31,63.255,330.748
989,GBTC,Grayscale Bitcoin Trust,Grayscale,GBTC,Grayscale Bitcoin Trust,BTC-USD,2026-03-03,53.18,18000.0,1.5,130.151,2.1178,-110.85,-2.0486,19.31,19.31,0.23,76.927,320.447
990,GBTC,Grayscale Bitcoin Trust,Grayscale,GBTC,Grayscale Bitcoin Trust,BTC-USD,2026-03-04,56.99,18000.0,1.5,130.151,2.1178,22.18,1.3651,152.33,152.33,0.26,76.927,308.417
991,GBTC,Grayscale Bitcoin Trust,Grayscale,GBTC,Grayscale Bitcoin Trust,BTC-USD,2026-03-05,55.53,18000.0,1.5,124.9,2.1,-77.95,-1.8974,-46.95,46.95,0.25,78.27,282.77
992,GBTC,Grayscale Bitcoin Trust,Grayscale,GBTC,Grayscale Bitcoin Trust,BTC-USD,2026-03-06,53.06,18000.0,1.5,117.948,2.0754,-54.37,-1.7432,-63.58,63.58,0.25,74.559,256.594
993,GBTC,Grayscale Bitcoin Trust,Grayscale,GBTC,Grayscale Bitcoin Trust,BTC-USD,2026-03-09,53.79,18000.0,1.5,118.157,2.0761,-97.04,-1.9914,-21.11,21.11,0.24,75.576,222.631
994,GBTC,Grayscale Bitcoin Trust,Grayscale,GBTC,Grayscale Bitcoin Trust,BTC-USD,2026-03-10,54.6,18000.0,1.5,91.711,1.9671,-21.41,-1.3504,70.3,70.3,0.22,70.073,217.661
995,GBTC,Grayscale Bitcoin Trust,Grayscale,GBTC,Grayscale Bitcoin Trust,BTC-USD,2026-03-11,55.05,18000.0,1.5,92.478,1.9707,-46.27,-1.6746,-46.21,46.21,0.17,65.852,207.202
996,GBTC,Grayscale Bitcoin Trust,Grayscale,GBTC,Grayscale Bitcoin Trust,BTC-USD,2026-03-12,54.89,18000.0,1.5,91.189,1.9647,-83.06,-1.9246,-8.13,8.13,,64.639,204.793
997,GBTC,Grayscale Bitcoin Trust,Grayscale,GBTC,Grayscale Bitcoin Trust,BTC-USD,2026-03-13,55.47,18000.0,1.5,91.189,1.9647,-55.58,-1.7527,-35.61,35.61,,64.639,213.91
998,GBTC,Grayscale Bitcoin Trust,Grayscale,GBTC,Grayscale Bitcoin Trust,BTC-USD,2026-03-16,57.64,18000.0,1.5,78.503,1.9004,-18.33,-1.2863,60.17,60.17,,49.798,214.364
999,GBTC,Grayscale Bitcoin Trust,Grayscale,GBTC,Grayscale Bitcoin Trust,BTC-USD,2026-03-17,58.08,18000.0,1.5,76.011,1.8866,40.26,1.6155,116.27,116.27,,53.895,208.211
1000,GBTC,Grayscale Bitcoin Trust,Grayscale,GBTC,Grayscale Bitcoin Trust,BTC-USD,2026-03-18,55.34,18000.0,1.5,67.097,1.8331,-16.94,-1.2538,-50.16,50.16,,50.11,204.557
1001,GBTC,Grayscale Bitcoin Trust,Grayscale,GBTC,Grayscale Bitcoin Trust,BTC-USD,2026-03-19,54.71,18000.0,1.5,60.177,1.7866,27.82,1.4597,88.0,88.0,,41.609,208.491
1002,GBTC,Grayscale Bitcoin Trust,Grayscale,GBTC,Grayscale Bitcoin Trust,BTC-USD,2026-03-20,54.65,18000.0,1.5,62.997,1.8062,-3.03,-0.6055,-59.97,59.97,,42.575,210.891
1003,GBTC,Grayscale Bitcoin Trust,Grayscale,GBTC,Grayscale Bitcoin Trust,BTC-USD,2026-03-23,55.02,18000.0,1.5,66.382,1.8285,-56.2,-1.7574,10.19,10.19,,42.575,211.131
1004,GBTC,Grayscale Bitcoin Trust,Grayscale,GBTC,Grayscale Bitcoin Trust,BTC-USD,2026-03-24,53.97,18000.0,1.5,71.642,1.8612,41.4,1.6274,-113.05,113.05,0.16,42.575,211.597
1005,GBTC,Grayscale Bitcoin Trust,Grayscale,GBTC,Grayscale Bitcoin Trust,BTC-USD,2026-03-25,55.18,18000.0,1.5,71.844,1.8624,13.54,1.1624,-85.38,85.38,0.22,42.575,214.566
1006,GBTC,Grayscale Bitcoin Trust,Grayscale,GBTC,Grayscale Bitcoin Trust,BTC-USD,2026-03-26,53.34,18000.0,1.5,71.844,1.8624,145.92,2.1671,-217.76,217.76,0.29,42.575,212.538
1007,GBTC,Grayscale Bitcoin Trust,Grayscale,GBTC,Grayscale Bitcoin Trust,BTC-USD,2026-03-27,51.37,18000.0,1.5,64.476,1.8161,0.9,0.2785,-65.37,65.37,0.32,35.099,210.223
1008,GBTC,Grayscale Bitcoin Trust,Grayscale,GBTC,Grayscale Bitcoin Trust,BTC-USD,2026-03-30,51.74,18000.0,1.5,69.262,1.8467,-60.34,-1.7877,8.92,8.92,0.34,35.099,208.266
1009,GBTC,Grayscale Bitcoin Trust,Grayscale,GBTC,Grayscale Bitcoin Trust,BTC-USD,2026-03-31,52.76,18000.0,1.5,73.543,1.8724,53.75,1.7384,-127.3,127.3,0.34,42.97,208.492
1010,GBTC,Grayscale Bitcoin Trust,Grayscale,GBTC,Grayscale Bitcoin Trust,BTC-USD,2026-04-01,53.05,18000.0,1.5,59.357,1.7807,-45.91,-1.6713,13.44,13.44,0.34,29.298,204.508
1011,GBTC,Grayscale Bitcoin Trust,Grayscale,GBTC,Grayscale Bitcoin Trust,BTC-USD,2026-04-02,52.15,18000.0,1.5,59.357,1.7807,14.65,1.1946,-74.01,74.01,0.37,29.298,196.197
1012,GBTC,Grayscale Bitcoin Trust,Grayscale,GBTC,Grayscale Bitcoin Trust,BTC-USD,2026-04-06,54.26,18000.0,1.5,53.923,1.7398,-2.94,-0.5955,50.98,50.98,0.36,27.955,190.107
1013,GBTC,Grayscale Bitcoin Trust,Grayscale,GBTC,Grayscale Bitcoin Trust,BTC-USD,2026-04-07,53.7,18000.0,1.5,57.031,1.7637,318.97,2.5051,-376.0,376.0,0.31,27.955,189.202
1014,GBTC,Grayscale Bitcoin Trust,Grayscale,GBTC,Grayscale Bitcoin Trust,BTC-USD,2026-04-08,55.52,18000.0,1.5,59.253,1.78,-16.54,-1.244,-42.72,42.72,0.31,26.938,186.164
1015,GBTC,Grayscale Bitcoin Trust,Grayscale,GBTC,Grayscale Bitcoin Trust,BTC-USD,2026-04-09,56.11,18000.0,1.5,71.391,1.8597,-28.21,-1.4656,43.18,43.18,0.31,38.981,180.179
1016,GBTC,Grayscale Bitcoin Trust,Grayscale,GBTC,Grayscale Bitcoin Trust,BTC-USD,2026-04-10,57.04,18000.0,1.5,64.105,1.8136,-56.28,-1.758,7.82,7.82,0.31,30.806,176.979
1017,GBTC,Grayscale Bitcoin Trust,Grayscale,GBTC,Grayscale Bitcoin Trust,BTC-USD,2026-04-13,57.09,18000.0,1.5,65.939,1.8257,36.4,1.5729,-102.34,102.34,0.31,35.049,173.096
1018,GBTC,Grayscale Bitcoin Trust,Grayscale,GBTC,Grayscale Bitcoin Trust,BTC-USD,2026-04-14,57.81,18000.0,1.5,65.939,1.8257,-46.13,-1.6733,19.81,19.81,0.3,35.049,163.137
1019,GBTC,Grayscale Bitcoin Trust,Grayscale,GBTC,Grayscale Bitcoin Trust,BTC-USD,2026-04-15,58.37,18000.0,1.5,70.866,1.8565,96.69,1.9898,167.55,167.55,0.3,39.507,159.594
1020,GBTC,Grayscale Bitcoin Trust,Grayscale,GBTC,Grayscale Bitcoin Trust,BTC-USD,2026-04-16,58.64,18000.0,1.5,78.514,1.9004,-51.49,-1.72,-27.03,27.03,0.28,44.15,157.449
1021,GBTC,Grayscale Bitcoin Trust,Grayscale,GBTC,Grayscale Bitcoin Trust,BTC-USD,2026-04-17,60.29,18000.0,1.5,78.514,1.9004,61.07,1.7928,139.58,139.58,0.17,44.15,160.539
1022,GBTC,Grayscale Bitcoin Trust,Grayscale,GBTC,Grayscale Bitcoin Trust,BTC-USD,2026-04-20,59.37,18000.0,1.5,79.687,1.9068,-7.31,-0.9194,72.38,72.38,0.2,44.15,155.944
1023,GBTC,Grayscale Bitcoin Trust,Grayscale,GBTC,Grayscale Bitcoin Trust,BTC-USD,2026-04-21,58.35,18000.0,1.5,79.778,1.9073,-13.83,-1.1711,-65.95,65.95,0.18,48.687,153.381
1024,GBTC,Grayscale Bitcoin Trust,Grayscale,GBTC,Grayscale Bitcoin Trust,BTC-USD,2026-04-22,61.37,18000.0,1.5,76.394,1.8887,125.09,2.1007,201.48,201.48,0.14,48.687,149.399
1025,GBTC,Grayscale Bitcoin Trust,Grayscale,GBTC,Grayscale Bitcoin Trust,BTC-USD,2026-04-23,60.48,18000.0,1.5,74.044,1.8753,112.39,2.0546,186.43,186.43,0.26,48.687,144.141
1026,GBTC,Grayscale Bitcoin Trust,Grayscale,GBTC,Grayscale Bitcoin Trust,BTC-USD,2026-04-24,60.37,18000.0,1.5,78.938,1.9028,71.23,1.8587,150.17,150.17,0.31,52.45,140.248
1027,GBTC,Grayscale Bitcoin Trust,Grayscale,GBTC,Grayscale Bitcoin Trust,BTC-USD,2026-04-27,59.77,18000.0,1.5,81.838,1.9182,-26.03,-1.4318,55.81,55.81,0.32,54.649,137.829
1028,GBTC,Grayscale Bitcoin Trust,Grayscale,GBTC,Grayscale Bitcoin Trust,BTC-USD,2026-04-28,59.34,18000.0,1.5,81.822,1.9181,53.92,1.7398,135.75,135.75,0.33,54.649,133.499
1029,GBTC,Grayscale Bitcoin Trust,Grayscale,GBTC,Grayscale Bitcoin Trust,BTC-USD,2026-04-29,58.68,18000.0,1.5,80.82,1.9129,-9.09,-1.0041,71.73,71.73,0.35,56.831,132.061
1030,GBTC,Grayscale Bitcoin Trust,Grayscale,GBTC,Grayscale Bitcoin Trust,BTC-USD,2026-04-30,59.4,18000.0,1.5,73.555,1.8725,80.11,1.9091,153.67,153.67,0.38,50.371,124.46
1031,GBTC,Grayscale Bitcoin Trust,Grayscale,GBTC,Grayscale Bitcoin Trust,BTC-USD,2026-05-01,60.97,18000.0,1.5,73.555,1.8725,39.34,1.6058,112.9,112.9,0.4,50.371,123.378
1032,GBTC,Grayscale Bitcoin Trust,Grayscale,GBTC,Grayscale Bitcoin Trust,BTC-USD,2026-05-04,62.23,18000.0,1.5,73.555,1.8725,54.17,1.7417,127.73,127.73,0.41,50.371,125.276
1033,GBTC,Grayscale Bitcoin Trust,Grayscale,GBTC,Grayscale Bitcoin Trust,BTC-USD,2026-05-05,63.46,18000.0,1.5,73.555,1.8725,-1.13,-0.3276,72.43,72.43,0.45,50.371,124.287
1034,GBTC,Grayscale Bitcoin Trust,Grayscale,GBTC,Grayscale Bitcoin Trust,BTC-USD,2026-05-06,63.3,18000.0,1.5,71.282,1.859,439.69,2.6441,510.98,510.98,0.51,52.041,123.59
1035,GBTC,Grayscale Bitcoin Trust,Grayscale,GBTC,Grayscale Bitcoin Trust,BTC-USD,2026-05-07,62.28,18000.0,1.5,68.635,1.8428,-1.76,-0.4415,66.87,66.87,0.45,52.041,122.163
1036,GBTC,Grayscale Bitcoin Trust,Grayscale,GBTC,Grayscale Bitcoin Trust,BTC-USD,2026-05-08,62.31,18000.0,1.5,58.686,1.7759,-30.76,-1.5019,27.93,27.93,0.45,43.925,121.421
1037,GBTC,Grayscale Bitcoin Trust,Grayscale,GBTC,Grayscale Bitcoin Trust,BTC-USD,2026-05-11,63.67,18000.0,1.5,55.946,1.7555,-4.45,-0.7362,51.5,51.5,0.46,43.925,120.31
1038,GBTC,Grayscale Bitcoin Trust,Grayscale,GBTC,Grayscale Bitcoin Trust,BTC-USD,2026-05-12,62.79,18000.0,1.5,50.873,1.7149,190.54,2.2823,241.42,241.42,0.46,38.157,117.57
1039,GBTC,Grayscale Bitcoin Trust,Grayscale,GBTC,Grayscale Bitcoin Trust,BTC-USD,2026-05-13,61.84,18000.0,1.5,52.207,1.726,14.68,1.1955,66.89,66.89,0.46,38.157,112.226
1040,GBTC,Grayscale Bitcoin Trust,Grayscale,GBTC,Grayscale Bitcoin Trust,BTC-USD,2026-05-14,63.27,18000.0,1.5,52.679,1.7298,12.99,1.1459,65.67,65.67,0.47,33.699,112.427
1041,GBTC,Grayscale Bitcoin Trust,Grayscale,GBTC,Grayscale Bitcoin Trust,BTC-USD,2026-05-15,61.44,18000.0,1.5,49.731,1.7053,-43.98,-1.653,5.75,5.75,0.46,24.959,112.392
1042,GBTC,Grayscale Bitcoin Trust,Grayscale,GBTC,Grayscale Bitcoin Trust,BTC-USD,2026-05-18,59.66,18000.0,1.5,49.786,1.7057,14.23,1.1828,-64.02,64.02,0.44,24.959,106.961
1043,GBTC,Grayscale Bitcoin Trust,Grayscale,GBTC,Grayscale Bitcoin Trust,BTC-USD,2026-05-19,59.6,18000.0,1.5,54.133,1.7414,-6.38,-0.8678,-47.76,47.76,0.43,29.663,103.197
1044,GBTC,Grayscale Bitcoin Trust,Grayscale,GBTC,Grayscale Bitcoin Trust,BTC-USD,2026-05-20,60.29,18000.0,1.5,47.485,1.6856,165.66,2.2218,213.14,213.14,0.41,19.857,101.847
1045,GBTC,Grayscale Bitcoin Trust,Grayscale,GBTC,Grayscale Bitcoin Trust,BTC-USD,2026-05-21,60.27,18000.0,1.5,52.169,1.7257,30.02,1.4917,-82.19,82.19,0.38,24.557,100.023
1046,GBTC,Grayscale Bitcoin Trust,Grayscale,GBTC,Grayscale Bitcoin Trust,BTC-USD,2026-05-22,58.85,18000.0,1.5,50.045,1.708,31.58,1.5129,81.62,81.62,0.4,24.557,100.391
1047,GBTC,Grayscale Bitcoin Trust,Grayscale,GBTC,Grayscale Bitcoin Trust,BTC-USD,2026-05-26,58.94,18000.0,1.5,54.953,1.7478,-31.12,-1.5068,-23.83,23.83,0.39,28.259,101.72
1048,GBTC,Grayscale Bitcoin Trust,Grayscale,GBTC,Grayscale Bitcoin Trust,BTC-USD,2026-05-27,58.15,18000.0,1.5,52.053,1.7247,55.77,1.7541,107.82,107.82,0.39,26.06,102.309
1049,GBTC,Grayscale Bitcoin Trust,Grayscale,GBTC,Grayscale Bitcoin Trust,BTC-USD,2026-05-28,56.94,18000.0,1.5,52.053,1.7247,2.94,0.596,-55.0,55.0,0.38,26.06,105.915
1050,GBTC,Grayscale Bitcoin Trust,Grayscale,GBTC,Grayscale Bitcoin Trust,BTC-USD,2026-05-29,57.02,18000.0,1.5,54.731,1.7461,-34.1,-1.5453,20.63,20.63,0.38,29.243,106.687
1051,GBTC,Grayscale Bitcoin Trust,Grayscale,GBTC,Grayscale Bitcoin Trust,BTC-USD,2026-06-01,55.48,18000.0,1.5,53.629,1.7374,11.9,1.1106,-65.53,65.53,0.4,27.831,110.215
1052,GBTC,Grayscale Bitcoin Trust,Grayscale,GBTC,Grayscale Bitcoin Trust,BTC-USD,2026-06-02,52.16,18000.0,1.5,53.629,1.7374,92.03,1.9686,-145.66,145.66,0.41,27.831,113.099
1053,GBTC,Grayscale Bitcoin Trust,Grayscale,GBTC,Grayscale Bitcoin Trust,BTC-USD,2026-06-03,50.73,18000.0,1.5,53.672,1.7378,35.7,1.5646,-89.37,89.37,0.43,27.831,110.532
1054,GBTC,Grayscale Bitcoin Trust,Grayscale,GBTC,Grayscale Bitcoin Trust,BTC-USD,2026-06-04,49.34,18000.0,1.5,53.672,1.7378,340.5,2.5334,-394.18,394.18,0.5,27.831,112.992
1055,GBTC,Grayscale Bitcoin Trust,Grayscale,GBTC,Grayscale Bitcoin Trust,BTC-USD,2026-06-05,46.8,18000.0,1.5,55.371,1.7511,380.02,2.5809,-435.39,435.39,0.72,26.162,121.989
1056,GBTC,Grayscale Bitcoin Trust,Grayscale,GBTC,Grayscale Bitcoin Trust,BTC-USD,2026-06-08,49.17,18000.0,1.5,55.721,1.7537,211.34,2.327,-267.06,267.06,0.8,26.162,124.116
1057,GBTC,Grayscale Bitcoin Trust,Grayscale,GBTC,Grayscale Bitcoin Trust,BTC-USD,2026-06-09,48.14,18000.0,1.5,53.649,1.7376,202.04,2.3076,-255.69,255.69,0.86,22.234,127.484
1058,GBTC,Grayscale Bitcoin Trust,Grayscale,GBTC,Grayscale Bitcoin Trust,BTC-USD,2026-06-10,48.02,18000.0,1.5,60.871,1.7915,222.1,2.3485,-282.98,282.98,0.94,24.465,130.498
1059,GBTC,Grayscale Bitcoin Trust,Grayscale,GBTC,Grayscale Bitcoin Trust,BTC-USD,2026-06-11,49.32,18000.0,1.5,60.128,1.7862,269.71,2.4325,-329.84,329.84,1.03,24.465,133.599
1060,GBTC,Grayscale Bitcoin Trust,Grayscale,GBTC,Grayscale Bitcoin Trust,BTC-USD,2026-06-12,49.34,18000.0,1.5,59.184,1.7795,255.59,2.4092,-314.78,314.78,1.14,24.942,135.099
1061,GBTC,Grayscale Bitcoin Trust,Grayscale,GBTC,Grayscale Bitcoin Trust,BTC-USD,2026-06-15,51.65,18000.0,1.5,53.927,1.7398,207.47,2.319,-261.4,261.4,1.2,24.942,133.696
1062,GBTC,Grayscale Bitcoin Trust,Grayscale,GBTC,Grayscale Bitcoin Trust,BTC-USD,2026-06-16,50.91,18000.0,1.5,52.279,1.7266,201.68,2.3068,-253.96,253.96,1.28,24.942,130.902
1063,GBTC,Grayscale Bitcoin Trust,Grayscale,GBTC,Grayscale Bitcoin Trust,BTC-USD,2026-06-17,49.85,18000.0,1.5,53.663,1.7377,210.04,2.3244,-263.7,263.7,1.34,27.71,128.783
1064,GBTC,Grayscale Bitcoin Trust,Grayscale,GBTC,Grayscale Bitcoin Trust,BTC-USD,2026-06-18,48.8,18000.0,1.5,48.245,1.6924,225.07,2.3542,-273.31,273.31,1.4,23.006,131.166
1065,GBTC,Grayscale Bitcoin Trust,Grayscale,GBTC,Grayscale Bitcoin Trust,BTC-USD,2026-06-22,49.96,18000.0,1.5,48.113,1.6912,170.48,2.2342,-218.6,218.6,1.43,23.006,130.278
1066,GBTC,Grayscale Bitcoin Trust,Grayscale,GBTC,Grayscale Bitcoin Trust,BTC-USD,2026-06-23,48.35,18000.0,1.5,43.452,1.6479,299.22,2.4774,-342.67,342.67,1.5,18.306,126.341
1067,GBTC,Grayscale Bitcoin Trust,Grayscale,GBTC,Grayscale Bitcoin Trust,BTC-USD,2026-06-24,46.41,18000.0,1.5,42.667,1.6402,460.58,2.6642,-503.25,503.25,1.79,18.306,127.832
1068,GBTC,Grayscale Bitcoin Trust,Grayscale,GBTC,Grayscale Bitcoin Trust,BTC-USD,2026-06-25,45.9,18000.0,1.5,41.417,1.6275,356.65,2.5535,-398.07,398.07,1.85,17.651,128.319
1069,GBTC,Grayscale Bitcoin Trust,Grayscale,GBTC,Grayscale Bitcoin Trust,BTC-USD,2026-06-26,46.28,18000.0,1.5,52.36,1.7272,350.5,2.5459,-402.86,402.86,2.0,26.219,127.656
1070,GBTC,Grayscale Bitcoin Trust,Grayscale,GBTC,Grayscale Bitcoin Trust,BTC-USD,2026-06-29,46.77,18000.0,1.5,63.723,1.8111,146.74,2.1695,-210.46,210.46,1.92,37.731,125.28
1071,GBTC,Grayscale Bitcoin Trust,Grayscale,GBTC,Grayscale Bitcoin Trust,BTC-USD,2026-06-30,45.52,18000.0,1.5,57.988,1.7708,208.15,2.3205,-266.14,266.14,1.98,32.366,122.905
1072,GBTC,Grayscale Bitcoin Trust,Grayscale,GBTC,Grayscale Bitcoin Trust,BTC-USD,2026-07-01,46.5,18000.0,1.5,62.134,1.8003,185.22,2.27,-247.35,247.35,2.01,32.366,119.565
1073,GBTC,Grayscale Bitcoin Trust,Grayscale,GBTC,Grayscale Bitcoin Trust,BTC-USD,2026-07-02,47.64,18000.0,1.5,62.134,1.8003,143.66,2.1604,-205.8,205.8,2.18,32.366,115.023
1074,GBTC,Grayscale Bitcoin Trust,Grayscale,GBTC,Grayscale Bitcoin Trust,BTC-USD,2026-07-06,49.4,18000.0,1.5,62.943,1.8058,250.3,2.4002,-313.24,313.24,2.61,33.984,114.506
1075,GBTC,Grayscale Bitcoin Trust,Grayscale,GBTC,Grayscale Bitcoin Trust,BTC-USD,2026-07-07,49.46,18000.0,1.5,67.941,1.8385,-14.02,-1.1766,53.92,53.92,2.26,37.144,110.418
1076,GBTC,Grayscale Bitcoin Trust,Grayscale,GBTC,Grayscale Bitcoin Trust,BTC-USD,2026-07-08,48.24,18000.0,1.5,65.787,1.8247,34.5,1.5502,100.28,100.28,2.3,37.144,100.275
1077,GBTC,Grayscale Bitcoin Trust,Grayscale,GBTC,Grayscale Bitcoin Trust,BTC-USD,2026-07-09,49.0,18000.0,1.5,71.195,1.8585,7.69,0.9388,-78.88,78.88,2.23,37.144,96.231
1078,GBTC,Grayscale Bitcoin Trust,Grayscale,GBTC,Grayscale Bitcoin Trust,BTC-USD,2026-07-10,49.56,18000.0,1.5,71.195,1.8585,39.22,1.6044,-110.41,110.41,2.25,37.144,92.008
1079,GBTC,Grayscale Bitcoin Trust,Grayscale,GBTC,Grayscale Bitcoin Trust,BTC-USD,2026-07-13,48.22,18000.0,1.5,65.984,1.826,17.09,1.2575,-83.08,83.08,2.19,34.913,89.482
1080,GBTC,Grayscale Bitcoin Trust,Grayscale,GBTC,Grayscale Bitcoin Trust,BTC-USD,2026-07-14,50.03,18000.0,1.5,70.812,1.8562,35.35,1.5605,-106.16,106.16,2.31,34.913,88.061
1081,GBTC,Grayscale Bitcoin Trust,Grayscale,GBTC,Grayscale Bitcoin Trust,BTC-USD,2026-07-15,50.34,18000.0,1.5,70.573,1.8548,-57.05,-1.7638,-13.52,13.52,2.27,34.435,86.11
1082,GBTC,Grayscale Bitcoin Trust,Grayscale,GBTC,Grayscale Bitcoin Trust,BTC-USD,2026-07-16,49.78,18000.0,1.5,70.321,1.8532,-17.09,-1.2574,-53.23,53.23,2.27,34.435,83.314
1083,GBTC,Grayscale Bitcoin Trust,Grayscale,GBTC,Grayscale Bitcoin Trust,BTC-USD,2026-07-17,49.71,18000.0,1.5,65.232,1.8211,-29.21,-1.4801,-36.02,36.02,2.34,34.435,83.809
1084,GBTC,Grayscale Bitcoin Trust,Grayscale,GBTC,Grayscale Bitcoin Trust,BTC-USD,2026-07-20,50.45,18000.0,1.5,63.848,1.8119,-15.95,-1.2291,-47.9,47.9,2.32,31.668,84.159
1085,GBTC,Grayscale Bitcoin Trust,Grayscale,GBTC,Grayscale Bitcoin Trust,BTC-USD,2026-07-21,51.49,18000.0,1.5,64.101,1.8136,-22.94,-1.3792,-41.16,41.16,2.25,31.668,82.121
1086,GBTC,Grayscale Bitcoin Trust,Grayscale,GBTC,Grayscale Bitcoin Trust,BTC-USD,2026-07-22,51.08,18000.0,1.5,66.134,1.8269,76.42,1.8888,-142.55,142.55,2.19,31.668,81.785
1087,GBTC,Grayscale Bitcoin Trust,Grayscale,GBTC,Grayscale Bitcoin Trust,BTC-USD,2026-07-23,50.19,18000.0,1.5,66.134,1.8269,-47.75,-1.688,-18.38,18.38,2.19,31.668,81.256
1088,GBTC,Grayscale Bitcoin Trust,Grayscale,GBTC,Grayscale Bitcoin Trust,BTC-USD,2026-07-24,49.72,18000.0,1.5,66.583,1.8298,126.33,2.1049,192.92,192.92,2.19,31.668,77.724
1089,GBTC,Grayscale Bitcoin Trust,Grayscale,GBTC,Grayscale Bitcoin Trust,BTC-USD,2026-07-27,50.28,18000.0,1.5,64.704,1.8176,215.87,2.3362,280.58,280.58,2.4,24.857,74.138
1090,GBTC,Grayscale Bitcoin Trust,Grayscale,GBTC,Grayscale Bitcoin Trust,BTC-USD,2026-07-28,49.44,18000.0,1.5,53.903,1.7396,-5.08,-0.7841,48.82,48.82,2.1,16.289,72.165
1091,GBTC,Grayscale Bitcoin Trust,Grayscale,GBTC,Grayscale Bitcoin Trust,BTC-USD,2026-07-29,49.2,18000.0,1.5,42.71,1.6406,49.0,1.699,-91.71,91.71,2.03,4.777,71.582
1092,GBTC,Grayscale Bitcoin Trust,Grayscale,GBTC,Grayscale Bitcoin Trust,BTC-USD,2026-07-30,50.16,18000.0,1.5,42.969,1.6431,-42.22,-1.6357,-0.75,0.75,1.97,4.777,71.346
1093,GBTC,Grayscale Bitcoin Trust,Grayscale,GBTC,Grayscale Bitcoin Trust,BTC-USD,2026-07-31,48.73,18000.0,1.5,40.827,1.6215,-26.23,-1.4351,14.59,14.59,1.98,4.777,74.633
1094,GBTC,Grayscale Bitcoin Trust,Grayscale,GBTC,Grayscale Bitcoin Trust,BTC-USD,2026-08-03,49.43,18000.0,1.5,47.29,1.6839,10.98,1.0783,58.27,58.27,1.74,12.969,76.66
1095,GBTC,Grayscale Bitcoin Trust,Grayscale,GBTC,Grayscale Bitcoin Trust,BTC-USD,2026-08-04,49.73,18000.0,1.5,46.421,1.676,21.78,1.3575,68.2,68.2,2.46,11.351,74.978
1096,GBTC,Grayscale Bitcoin Trust,Grayscale,GBTC,Grayscale Bitcoin Trust,BTC-USD,2026-08-05,50.19,18000.0,1.5,41.578,1.6292,3.94,0.6941,-45.52,45.52,2.39,8.5,75.253
1097,GBTC,Grayscale Bitcoin Trust,Grayscale,GBTC,Grayscale Bitcoin Trust,BTC-USD,2026-08-06,49.88,18000.0,1.5,46.31,1.6749,-20.13,-1.3249,26.18,26.18,2.37,13.081,74.669
1098,GBTC,Grayscale Bitcoin Trust,Grayscale,GBTC,Grayscale Bitcoin Trust,BTC-USD,2026-08-07,50.3,18000.0,1.5,42.506,1.6385,-30.06,-1.4922,12.45,12.45,2.19,13.081,74.932
1099,GBTC,Grayscale Bitcoin Trust,Grayscale,GBTC,Grayscale Bitcoin Trust,BTC-USD,2026-08-10,49.53,18000.0,1.5,46.025,1.6723,-2.31,-0.5194,43.72,43.72,2.39,13.081,78.139
1100,GBTC,Grayscale Bitcoin Trust,Grayscale,GBTC,Grayscale Bitcoin Trust,BTC-USD,2026-08-11,49.13,18000.0,1.5,43.902,1.6523,-30.55,-1.499,-13.35,13.35,2.33,13.081,76.875
1101,GBTC,Grayscale Bitcoin Trust,Grayscale,GBTC,Grayscale Bitcoin Trust,BTC-USD,2026-08-12,49.04,18000.0,1.5,45.199,1.6646,10.46,1.0593,55.66,55.66,2.4,17.916,75.511
1102,GBTC,Grayscale Bitcoin Trust,Grayscale,GBTC,Grayscale Bitcoin Trust,BTC-USD,2026-08-13,49.05,18000.0,1.5,46.808,1.6795,-4.72,-0.7577,-42.08,42.08,2.37,20.878,75.903
1103,GBTC,Grayscale Bitcoin Trust,Grayscale,GBTC,Grayscale Bitcoin Trust,BTC-USD,2026-08-14,48.68,18000.0,1.5,47.821,1.6886,36.74,1.5768,-84.56,84.56,2.35,20.878,75.687
1104,GBTC,Grayscale Bitcoin Trust,Grayscale,GBTC,Grayscale Bitcoin Trust,BTC-USD,2026-08-17,49.75,18000.0,1.5,48.595,1.6954,21.79,1.3577,-70.38,70.38,2.26,20.878,77.376
1105,GBTC,Grayscale Bitcoin Trust,Grayscale,GBTC,Grayscale Bitcoin Trust,BTC-USD,2026-08-18,50.0,18000.0,1.5,48.589,1.6954,-39.63,-1.6089,8.96,8.96,2.78,20.878,76.585
1106,GBTC,Grayscale Bitcoin Trust,Grayscale,GBTC,Grayscale Bitcoin Trust,BTC-USD,2026-08-19,53.0,18000.0,1.5,48.589,1.6954,30.46,1.4978,-79.05,79.05,2.67,20.878,87.802
1107,GBTC,Grayscale Bitcoin Trust,Grayscale,GBTC,Grayscale Bitcoin Trust,BTC-USD,2026-08-20,56.28,18000.0,1.5,45.528,1.6677,-22.07,-1.363,23.46,23.46,2.81,20.878,95.018
1108,GBTC,Grayscale Bitcoin Trust,Grayscale,GBTC,Grayscale Bitcoin Trust,BTC-USD,2026-08-21,59.63,18000.0,1.5,45.528,1.6677,10.95,1.0775,-56.48,56.48,2.63,20.878,103.183
1109,GBTC,Grayscale Bitcoin Trust,Grayscale,GBTC,Grayscale Bitcoin Trust,BTC-USD,2026-08-24,60.96,18000.0,1.5,46.835,1.6797,-11.38,-1.0929,35.45,35.45,2.91,20.878,110.788
1110,GBTC,Grayscale Bitcoin Trust,Grayscale,GBTC,Grayscale Bitcoin Trust,BTC-USD,2026-08-25,61.07,18000.0,1.5,44.66,1.6595,23.0,1.3802,-67.66,67.66,2.76,27.677,114.341
1111,GBTC,Grayscale Bitcoin Trust,Grayscale,GBTC,Grayscale Bitcoin Trust,BTC-USD,2026-08-26,60.73,18000.0,1.5,45.558,1.668,-34.4,-1.549,11.15,11.15,2.87,27.677,115.682
1112,GBTC,Grayscale Bitcoin Trust,Grayscale,GBTC,Grayscale Bitcoin Trust,BTC-USD,2026-08-27,61.86,18000.0,1.5,45.465,1.6671,89.02,1.9543,134.48,134.48,3.1,27.677,116.798
1113,ARKB,ARK 21Shares Bitcoin ETF,ARK / 21Shares,ARKB,ARK 21Shares Bitcoin ETF,BTC-USD,2025-03-07,28.9633,5000.0,0.21,99.407,2.0018,-90.99,-1.9638,8.42,8.42,0.16,86.978,105.625
1114,ARKB,ARK 21Shares Bitcoin ETF,ARK / 21Shares,ARKB,ARK 21Shares Bitcoin ETF,BTC-USD,2025-03-10,26.35,5000.0,0.21,88.74,1.953,3.08,0.6104,91.82,91.82,0.19,78.012,109.353
1115,ARKB,ARK 21Shares Bitcoin ETF,ARK / 21Shares,ARKB,ARK 21Shares Bitcoin ETF,BTC-USD,2025-03-11,27.63,5000.0,0.21,98.077,1.996,54.22,1.7421,152.3,152.3,0.23,78.573,108.859
1116,ARKB,ARK 21Shares Bitcoin ETF,ARK / 21Shares,ARKB,ARK 21Shares Bitcoin ETF,BTC-USD,2025-03-12,27.58,5000.0,0.21,100.041,2.0045,-54.48,-1.7442,-45.56,45.56,0.14,88.012,109.651
1117,ARKB,ARK 21Shares Bitcoin ETF,ARK / 21Shares,ARKB,ARK 21Shares Bitcoin ETF,BTC-USD,2025-03-13,26.6567,5000.0,0.21,107.211,2.0343,-86.31,-1.941,-20.91,20.91,0.21,97.013,110.011
1118,ARKB,ARK 21Shares Bitcoin ETF,ARK / 21Shares,ARKB,ARK 21Shares Bitcoin ETF,BTC-USD,2025-03-14,28.1433,5000.0,0.21,102.049,2.013,116.98,2.0718,219.03,219.03,0.23,86.268,111.81
1119,ARKB,ARK 21Shares Bitcoin ETF,ARK / 21Shares,ARKB,ARK 21Shares Bitcoin ETF,BTC-USD,2025-03-17,28.12,5000.0,0.21,102.904,2.0166,35.8,1.5658,138.7,138.7,0.24,91.392,113.088
1120,ARKB,ARK 21Shares Bitcoin ETF,ARK / 21Shares,ARKB,ARK 21Shares Bitcoin ETF,BTC-USD,2025-03-18,27.3767,5000.0,0.21,102.642,2.0155,-86.56,-1.9423,16.09,16.09,0.23,91.392,115.373
1121,ARKB,ARK 21Shares Bitcoin ETF,ARK / 21Shares,ARKB,ARK 21Shares Bitcoin ETF,BTC-USD,2025-03-19,28.4233,5000.0,0.21,102.642,2.0155,-73.2,-1.8704,29.44,29.44,0.23,91.392,114.79
1122,ARKB,ARK 21Shares Bitcoin ETF,ARK / 21Shares,ARKB,ARK 21Shares Bitcoin ETF,BTC-USD,2025-03-20,28.0,5000.0,0.21,112.069,2.0533,-18.05,-1.2798,94.02,94.02,0.23,100.927,114.576
1123,ARKB,ARK 21Shares Bitcoin ETF,ARK / 21Shares,ARKB,ARK 21Shares Bitcoin ETF,BTC-USD,2025-03-21,27.9083,5000.0,0.21,111.797,2.0523,-96.57,-1.9893,15.22,15.22,0.22,100.927,113.714
1124,ARKB,ARK 21Shares Bitcoin ETF,ARK / 21Shares,ARKB,ARK 21Shares Bitcoin ETF,BTC-USD,2025-03-24,29.35,5000.0,0.21,106.222,2.0303,159.04,2.2042,265.27,265.27,0.19,96.22,109.558
1125,ARKB,ARK 21Shares Bitcoin ETF,ARK / 21Shares,ARKB,ARK 21Shares Bitcoin ETF,BTC-USD,2025-03-25,29.3267,5000.0,0.21,112.606,2.0554,42.4,1.6375,-155.01,155.01,,100.097,106.575
1126,ARKB,ARK 21Shares Bitcoin ETF,ARK / 21Shares,ARKB,ARK 21Shares Bitcoin ETF,BTC-USD,2025-03-26,28.77,5000.0,0.21,116.519,2.0701,-63.94,-1.8125,52.58,52.58,,100.097,98.746
1127,ARKB,ARK 21Shares Bitcoin ETF,ARK / 21Shares,ARKB,ARK 21Shares Bitcoin ETF,BTC-USD,2025-03-27,28.9467,5000.0,0.21,124.301,2.098,-115.09,-2.0648,-9.21,9.21,0.11,107.202,90.158
1128,ARKB,ARK 21Shares Bitcoin ETF,ARK / 21Shares,ARKB,ARK 21Shares Bitcoin ETF,BTC-USD,2025-03-28,27.8567,5000.0,0.21,111.819,2.0524,-19.04,-1.3018,92.78,92.78,,92.49,88.529
1129,ARKB,ARK 21Shares Bitcoin ETF,ARK / 21Shares,ARKB,ARK 21Shares Bitcoin ETF,BTC-USD,2025-03-31,27.4,5000.0,0.21,110.189,2.0461,-91.17,-1.9646,-19.02,19.02,,87.646,82.015
1130,ARKB,ARK 21Shares Bitcoin ETF,ARK / 21Shares,ARKB,ARK 21Shares Bitcoin ETF,BTC-USD,2025-04-01,28.2633,5000.0,0.21,110.213,2.0462,-93.03,-1.9733,-17.18,17.18,,87.646,76.729
1131,ARKB,ARK 21Shares Bitcoin ETF,ARK / 21Shares,ARKB,ARK 21Shares Bitcoin ETF,BTC-USD,2025-04-02,28.92,5000.0,0.21,115.237,2.0653,454.42,2.6584,569.66,569.66,,87.646,74.716
1132,ARKB,ARK 21Shares Bitcoin ETF,ARK / 21Shares,ARKB,ARK 21Shares Bitcoin ETF,BTC-USD,2025-04-03,27.2533,5000.0,0.21,115.237,2.0653,11.59,1.1002,-126.83,126.83,,87.646,74.302
1133,ARKB,ARK 21Shares Bitcoin ETF,ARK / 21Shares,ARKB,ARK 21Shares Bitcoin ETF,BTC-USD,2025-04-04,27.9233,5000.0,0.21,111.756,2.0521,5.12,0.7868,116.88,116.88,,76.906,76.199
1134,ARKB,ARK 21Shares Bitcoin ETF,ARK / 21Shares,ARKB,ARK 21Shares Bitcoin ETF,BTC-USD,2025-04-07,25.9633,5000.0,0.21,105.49,2.0273,126.93,2.107,-232.42,232.42,,65.108,83.435
1135,ARKB,ARK 21Shares Bitcoin ETF,ARK / 21Shares,ARKB,ARK 21Shares Bitcoin ETF,BTC-USD,2025-04-08,25.5133,5000.0,0.21,126.173,2.1044,-18.78,-1.2963,-107.39,107.39,,85.505,80.49
1136,ARKB,ARK 21Shares Bitcoin ETF,ARK / 21Shares,ARKB,ARK 21Shares Bitcoin ETF,BTC-USD,2025-04-09,27.3533,5000.0,0.21,117.214,2.0727,-39.11,-1.6033,-78.1,78.1,,82.533,85.195
1137,ARKB,ARK 21Shares Bitcoin ETF,ARK / 21Shares,ARKB,ARK 21Shares Bitcoin ETF,BTC-USD,2025-04-10,26.4567,5000.0,0.21,123.464,2.095,-84.91,-1.9341,38.55,38.55,,83.607,85.519
1138,ARKB,ARK 21Shares Bitcoin ETF,ARK / 21Shares,ARKB,ARK 21Shares Bitcoin ETF,BTC-USD,2025-04-11,27.88,5000.0,0.21,117.042,2.072,42.53,1.6387,159.57,159.57,,74.606,85.998
1139,ARKB,ARK 21Shares Bitcoin ETF,ARK / 21Shares,ARKB,ARK 21Shares Bitcoin ETF,BTC-USD,2025-04-14,28.25,5000.0,0.21,110.645,2.0478,-84.18,-1.9303,-26.47,26.47,,74.606,85.131
1140,ARKB,ARK 21Shares Bitcoin ETF,ARK / 21Shares,ARKB,ARK 21Shares Bitcoin ETF,BTC-USD,2025-04-15,27.9433,5000.0,0.21,111.464,2.051,-92.72,-1.9718,-18.74,18.74,,74.055,84.054
1141,ARKB,ARK 21Shares Bitcoin ETF,ARK / 21Shares,ARKB,ARK 21Shares Bitcoin ETF,BTC-USD,2025-04-16,28.05,5000.0,0.21,114.544,2.0627,-30.52,-1.4985,84.03,84.03,,77.146,82.27
1142,ARKB,ARK 21Shares Bitcoin ETF,ARK / 21Shares,ARKB,ARK 21Shares Bitcoin ETF,BTC-USD,2025-04-17,28.2367,5000.0,0.21,122.363,2.0912,43.22,1.6456,165.58,165.58,,85.604,82.527
1143,ARKB,ARK 21Shares Bitcoin ETF,ARK / 21Shares,ARKB,ARK 21Shares Bitcoin ETF,BTC-USD,2025-04-21,29.0667,5000.0,0.21,109.609,2.0438,-93.65,-1.9761,15.96,15.96,,74.164,87.754
1144,ARKB,ARK 21Shares Bitcoin ETF,ARK / 21Shares,ARKB,ARK 21Shares Bitcoin ETF,BTC-USD,2025-04-22,30.4367,5000.0,0.21,109.656,2.044,-10.06,-1.0436,-99.6,99.6,,74.164,93.999
1145,ARKB,ARK 21Shares Bitcoin ETF,ARK / 21Shares,ARKB,ARK 21Shares Bitcoin ETF,BTC-USD,2025-04-23,31.0967,5000.0,0.21,109.609,2.0438,-90.41,-1.961,-19.2,19.2,,74.164,97.17
1146,ARKB,ARK 21Shares Bitcoin ETF,ARK / 21Shares,ARKB,ARK 21Shares Bitcoin ETF,BTC-USD,2025-04-24,31.14,5000.0,0.21,108.41,2.0391,-84.48,-1.9319,-23.93,23.93,,72.92,101.623
1147,ARKB,ARK 21Shares Bitcoin ETF,ARK / 21Shares,ARKB,ARK 21Shares Bitcoin ETF,BTC-USD,2025-04-25,31.73,5000.0,0.21,103.836,2.0205,116.73,2.0709,220.56,220.56,,72.92,104.614
1148,ARKB,ARK 21Shares Bitcoin ETF,ARK / 21Shares,ARKB,ARK 21Shares Bitcoin ETF,BTC-USD,2025-04-28,31.5167,5000.0,0.21,102.214,2.0137,-6.38,-0.8681,95.83,95.83,,65.532,105.723
1149,ARKB,ARK 21Shares Bitcoin ETF,ARK / 21Shares,ARKB,ARK 21Shares Bitcoin ETF,BTC-USD,2025-04-29,31.7,5000.0,0.21,104.063,2.0214,183.79,2.2667,287.85,287.85,,65.532,104.758
1150,ARKB,ARK 21Shares Bitcoin ETF,ARK / 21Shares,ARKB,ARK 21Shares Bitcoin ETF,BTC-USD,2025-04-30,31.2967,5000.0,0.21,105.981,2.0293,13.17,1.1512,119.15,119.15,,65.532,106.124
1151,ARKB,ARK 21Shares Bitcoin ETF,ARK / 21Shares,ARKB,ARK 21Shares Bitcoin ETF,BTC-USD,2025-05-01,32.1133,5000.0,0.21,105.981,2.0293,46.08,1.6729,152.06,152.06,,65.532,106.028
1152,ARKB,ARK 21Shares Bitcoin ETF,ARK / 21Shares,ARKB,ARK 21Shares Bitcoin ETF,BTC-USD,2025-05-02,32.26,5000.0,0.21,101.047,2.0088,263.56,2.4225,-364.6,364.6,,65.789,105.106
1153,ARKB,ARK 21Shares Bitcoin ETF,ARK / 21Shares,ARKB,ARK 21Shares Bitcoin ETF,BTC-USD,2025-05-05,31.3667,5000.0,0.21,101.047,2.0088,115.72,2.0672,216.77,216.77,,65.789,104.515
1154,ARKB,ARK 21Shares Bitcoin ETF,ARK / 21Shares,ARKB,ARK 21Shares Bitcoin ETF,BTC-USD,2025-05-06,31.5767,5000.0,0.21,101.733,2.0117,-27.55,-1.4557,-74.18,74.18,,71.03,101.345
1155,ARKB,ARK 21Shares Bitcoin ETF,ARK / 21Shares,ARKB,ARK 21Shares Bitcoin ETF,BTC-USD,2025-05-07,31.99,5000.0,0.21,101.624,2.0112,136.62,2.1387,238.25,238.25,,71.03,92.271
1156,ARKB,ARK 21Shares Bitcoin ETF,ARK / 21Shares,ARKB,ARK 21Shares Bitcoin ETF,BTC-USD,2025-05-08,33.6967,5000.0,0.21,80.929,1.9134,-56.43,-1.7591,24.5,24.5,,50.633,91.961
1157,ARKB,ARK 21Shares Bitcoin ETF,ARK / 21Shares,ARKB,ARK 21Shares Bitcoin ETF,BTC-USD,2025-05-09,34.3333,5000.0,0.21,67.491,1.8356,200.35,2.304,267.84,267.84,,40.319,85.867
1158,ARKB,ARK 21Shares Bitcoin ETF,ARK / 21Shares,ARKB,ARK 21Shares Bitcoin ETF,BTC-USD,2025-05-12,33.8633,5000.0,0.21,58.049,1.7712,85.99,1.9395,144.04,144.04,,30.91,87.418
1159,ARKB,ARK 21Shares Bitcoin ETF,ARK / 21Shares,ARKB,ARK 21Shares Bitcoin ETF,BTC-USD,2025-05-13,34.8633,5000.0,0.21,57.728,1.7688,164.31,2.2183,222.03,222.03,,32.383,87.126
1160,ARKB,ARK 21Shares Bitcoin ETF,ARK / 21Shares,ARKB,ARK 21Shares Bitcoin ETF,BTC-USD,2025-05-14,34.3367,5000.0,0.21,61.997,1.7993,53.67,1.7377,115.66,115.66,,36.636,86.584
1161,ARKB,ARK 21Shares Bitcoin ETF,ARK / 21Shares,ARKB,ARK 21Shares Bitcoin ETF,BTC-USD,2025-05-15,34.3,5000.0,0.21,57.056,1.7638,43.33,1.6467,100.39,100.39,,32.696,87.838
1162,ARKB,ARK 21Shares Bitcoin ETF,ARK / 21Shares,ARKB,ARK 21Shares Bitcoin ETF,BTC-USD,2025-05-16,34.61,5000.0,0.21,53.267,1.7345,162.93,2.2147,216.2,216.2,,29.605,86.857
1163,ARKB,ARK 21Shares Bitcoin ETF,ARK / 21Shares,ARKB,ARK 21Shares Bitcoin ETF,BTC-USD,2025-05-19,35.0967,5000.0,0.21,47.889,1.6892,157.14,2.199,205.03,205.03,,23.819,87.0
1164,ARKB,ARK 21Shares Bitcoin ETF,ARK / 21Shares,ARKB,ARK 21Shares Bitcoin ETF,BTC-USD,2025-05-20,35.63,5000.0,0.21,51.403,1.7194,195.53,2.2934,246.94,246.94,,23.819,83.49
1165,ARKB,ARK 21Shares Bitcoin ETF,ARK / 21Shares,ARKB,ARK 21Shares Bitcoin ETF,BTC-USD,2025-05-21,36.1467,5000.0,0.21,51.348,1.7189,238.18,2.3787,289.53,289.53,,23.819,82.638
1166,ARKB,ARK 21Shares Bitcoin ETF,ARK / 21Shares,ARKB,ARK 21Shares Bitcoin ETF,BTC-USD,2025-05-22,36.9967,5000.0,0.21,51.348,1.7189,117.59,2.0741,168.94,168.94,,23.819,83.418
1167,ARKB,ARK 21Shares Bitcoin ETF,ARK / 21Shares,ARKB,ARK 21Shares Bitcoin ETF,BTC-USD,2025-05-23,36.1667,5000.0,0.21,48.837,1.6975,259.28,2.4154,308.12,308.12,,21.185,81.172
1168,ARKB,ARK 21Shares Bitcoin ETF,ARK / 21Shares,ARKB,ARK 21Shares Bitcoin ETF,BTC-USD,2025-05-27,36.57,5000.0,0.21,54.434,1.7438,108.66,2.04,163.09,163.09,,22.81,79.921
1169,ARKB,ARK 21Shares Bitcoin ETF,ARK / 21Shares,ARKB,ARK 21Shares Bitcoin ETF,BTC-USD,2025-05-28,35.5667,5000.0,0.21,48.099,1.6911,25.37,1.4211,73.47,73.47,,22.177,80.54
1170,ARKB,ARK 21Shares Bitcoin ETF,ARK / 21Shares,ARKB,ARK 21Shares Bitcoin ETF,BTC-USD,2025-05-29,35.12,5000.0,0.21,47.453,1.6853,-45.23,-1.6649,2.22,2.22,,22.465,87.357
1171,ARKB,ARK 21Shares Bitcoin ETF,ARK / 21Shares,ARKB,ARK 21Shares Bitcoin ETF,BTC-USD,2025-05-30,34.7767,5000.0,0.21,45.369,1.6662,118.53,2.0775,163.9,163.9,,22.465,87.646
1172,ARKB,ARK 21Shares Bitcoin ETF,ARK / 21Shares,ARKB,ARK 21Shares Bitcoin ETF,BTC-USD,2025-06-02,34.75,5000.0,0.21,51.198,1.7177,-8.7,-0.9867,-42.5,42.5,,25.227,87.346
1173,ARKB,ARK 21Shares Bitcoin ETF,ARK / 21Shares,ARKB,ARK 21Shares Bitcoin ETF,BTC-USD,2025-06-03,35.33,5000.0,0.21,51.125,1.717,103.78,2.0203,154.91,154.91,,24.971,88.682
1174,ARKB,ARK 21Shares Bitcoin ETF,ARK / 21Shares,ARKB,ARK 21Shares Bitcoin ETF,BTC-USD,2025-06-04,34.91,5000.0,0.21,51.164,1.7174,117.89,2.0751,169.05,169.05,,24.971,87.897
1175,ARKB,ARK 21Shares Bitcoin ETF,ARK / 21Shares,ARKB,ARK 21Shares Bitcoin ETF,BTC-USD,2025-06-05,33.8733,5000.0,0.21,48.78,1.6971,211.64,2.3276,260.42,260.42,,22.322,96.613
1176,ARKB,ARK 21Shares Bitcoin ETF,ARK / 21Shares,ARKB,ARK 21Shares Bitcoin ETF,BTC-USD,2025-06-06,34.67,5000.0,0.21,58.34,1.7733,87.36,1.9463,145.7,145.7,,25.345,96.705
1177,ARKB,ARK 21Shares Bitcoin ETF,ARK / 21Shares,ARKB,ARK 21Shares Bitcoin ETF,BTC-USD,2025-06-09,36.1167,5000.0,0.21,58.34,1.7733,63.89,1.8122,122.23,122.23,,25.345,97.707
1178,ARKB,ARK 21Shares Bitcoin ETF,ARK / 21Shares,ARKB,ARK 21Shares Bitcoin ETF,BTC-USD,2025-06-10,36.4133,5000.0,0.21,60.181,1.7866,-55.59,-1.7527,-4.59,4.59,,25.345,98.261
1179,ARKB,ARK 21Shares Bitcoin ETF,ARK / 21Shares,ARKB,ARK 21Shares Bitcoin ETF,BTC-USD,2025-06-11,36.1433,5000.0,0.21,64.635,1.8171,100.94,2.0084,165.58,165.58,,30.458,97.818
1180,ARKB,ARK 21Shares Bitcoin ETF,ARK / 21Shares,ARKB,ARK 21Shares Bitcoin ETF,BTC-USD,2025-06-12,35.51,5000.0,0.21,57.745,1.769,-32.12,-1.5201,25.62,25.62,,28.985,98.921
1181,ARKB,ARK 21Shares Bitcoin ETF,ARK / 21Shares,ARKB,ARK 21Shares Bitcoin ETF,BTC-USD,2025-06-13,34.9633,5000.0,0.21,53.476,1.7362,-9.27,-1.0116,-44.21,44.21,,24.732,99.263
1182,ARKB,ARK 21Shares Bitcoin ETF,ARK / 21Shares,ARKB,ARK 21Shares Bitcoin ETF,BTC-USD,2025-06-16,36.15,5000.0,0.21,49.894,1.7067,215.9,2.3363,265.79,265.79,,20.979,97.785
1183,ARKB,ARK 21Shares Bitcoin ETF,ARK / 21Shares,ARKB,ARK 21Shares Bitcoin ETF,BTC-USD,2025-06-17,34.82,5000.0,0.21,51.768,1.7224,-3.91,-0.6909,-47.86,47.86,,20.979,100.812
1184,ARKB,ARK 21Shares Bitcoin ETF,ARK / 21Shares,ARKB,ARK 21Shares Bitcoin ETF,BTC-USD,2025-06-18,34.52,5000.0,0.21,55.332,1.7508,62.04,1.7996,-117.37,117.37,,25.501,100.078
1185,ARKB,ARK 21Shares Bitcoin ETF,ARK / 21Shares,ARKB,ARK 21Shares Bitcoin ETF,BTC-USD,2025-06-20,34.34,5000.0,0.21,56.452,1.7593,36.48,1.5738,-92.93,92.93,,30.458,99.233
1186,ARKB,ARK 21Shares Bitcoin ETF,ARK / 21Shares,ARKB,ARK 21Shares Bitcoin ETF,BTC-USD,2025-06-23,34.32,5000.0,0.21,60.881,1.7916,121.62,2.0886,-182.5,182.5,0.19,30.458,95.436
1187,ARKB,ARK 21Shares Bitcoin ETF,ARK / 21Shares,ARKB,ARK 21Shares Bitcoin ETF,BTC-USD,2025-06-24,35.13,5000.0,0.21,61.175,1.7936,-2.42,-0.5341,-58.75,58.75,0.23,30.458,89.811
1188,ARKB,ARK 21Shares Bitcoin ETF,ARK / 21Shares,ARKB,ARK 21Shares Bitcoin ETF,BTC-USD,2025-06-25,35.84,5000.0,0.21,58.557,1.7749,26.13,1.4334,-84.69,84.69,0.25,30.458,89.179
1189,ARKB,ARK 21Shares Bitcoin ETF,ARK / 21Shares,ARKB,ARK 21Shares Bitcoin ETF,BTC-USD,2025-06-26,35.79,5000.0,0.21,55.961,1.7556,-15.82,-1.2258,-40.14,40.14,0.27,30.678,85.662
1190,ARKB,ARK 21Shares Bitcoin ETF,ARK / 21Shares,ARKB,ARK 21Shares Bitcoin ETF,BTC-USD,2025-06-27,35.53,5000.0,0.21,58.722,1.7761,-0.75,-0.2419,57.98,57.98,0.26,35.106,84.902
1191,ARKB,ARK 21Shares Bitcoin ETF,ARK / 21Shares,ARKB,ARK 21Shares Bitcoin ETF,BTC-USD,2025-06-30,35.79,5000.0,0.21,58.822,1.7769,15.57,1.2194,74.4,74.4,0.31,38.467,78.857
1192,ARKB,ARK 21Shares Bitcoin ETF,ARK / 21Shares,ARKB,ARK 21Shares Bitcoin ETF,BTC-USD,2025-07-01,35.02,5000.0,0.21,59.163,1.7793,6.68,0.8856,-65.85,65.85,0.44,38.467,78.534
1193,ARKB,ARK 21Shares Bitcoin ETF,ARK / 21Shares,ARKB,ARK 21Shares Bitcoin ETF,BTC-USD,2025-07-02,36.49,5000.0,0.21,56.472,1.7595,198.57,2.3001,255.04,255.04,0.42,35.705,79.99
1194,ARKB,ARK 21Shares Bitcoin ETF,ARK / 21Shares,ARKB,ARK 21Shares Bitcoin ETF,BTC-USD,2025-07-03,36.33,5000.0,0.21,56.187,1.7573,-1.54,-0.4049,-54.65,54.65,0.41,35.705,78.403
1195,ARKB,ARK 21Shares Bitcoin ETF,ARK / 21Shares,ARKB,ARK 21Shares Bitcoin ETF,BTC-USD,2025-07-07,35.92,5000.0,0.21,56.148,1.757,-55.08,-1.7488,-1.06,1.06,0.37,35.705,77.906
1196,ARKB,ARK 21Shares Bitcoin ETF,ARK / 21Shares,ARKB,ARK 21Shares Bitcoin ETF,BTC-USD,2025-07-08,36.175,5000.0,0.21,56.971,1.7632,-0.32,-0.1205,56.65,56.65,0.34,33.113,68.067
1197,ARKB,ARK 21Shares Bitcoin ETF,ARK / 21Shares,ARKB,ARK 21Shares Bitcoin ETF,BTC-USD,2025-07-09,37.18,5000.0,0.21,47.536,1.6861,105.78,2.0285,153.32,153.32,0.34,30.09,66.355
1198,ARKB,ARK 21Shares Bitcoin ETF,ARK / 21Shares,ARKB,ARK 21Shares Bitcoin ETF,BTC-USD,2025-07-10,37.72,5000.0,0.21,47.377,1.6846,-17.31,-1.2627,30.07,30.07,0.34,30.09,64.92
1199,ARKB,ARK 21Shares Bitcoin ETF,ARK / 21Shares,ARKB,ARK 21Shares Bitcoin ETF,BTC-USD,2025-07-11,39.29,5000.0,0.21,45.571,1.6681,205.72,2.3154,251.29,251.29,0.34,30.09,66.951
1200,ARKB,ARK 21Shares Bitcoin ETF,ARK / 21Shares,ARKB,ARK 21Shares Bitcoin ETF,BTC-USD,2025-07-14,39.87,5000.0,0.21,37.59,1.5865,157.42,2.1998,195.01,195.01,0.34,22.074,66.371
1201,ARKB,ARK 21Shares Bitcoin ETF,ARK / 21Shares,ARKB,ARK 21Shares Bitcoin ETF,BTC-USD,2025-07-15,38.7,5000.0,0.21,37.686,1.5876,-34.93,-1.5555,2.76,2.76,0.33,22.074,67.95
1202,ARKB,ARK 21Shares Bitcoin ETF,ARK / 21Shares,ARKB,ARK 21Shares Bitcoin ETF,BTC-USD,2025-07-16,39.65,5000.0,0.21,41.787,1.6313,311.02,2.4942,352.8,352.8,0.31,22.074,69.69
1203,ARKB,ARK 21Shares Bitcoin ETF,ARK / 21Shares,ARKB,ARK 21Shares Bitcoin ETF,BTC-USD,2025-07-17,39.56,5000.0,0.21,47.747,1.6879,-39.65,-1.609,8.1,8.1,0.28,27.812,69.757
1204,ARKB,ARK 21Shares Bitcoin ETF,ARK / 21Shares,ARKB,ARK 21Shares Bitcoin ETF,BTC-USD,2025-07-18,39.02,5000.0,0.21,53.603,1.7372,107.9,2.037,161.5,161.5,0.26,32.111,68.537
1205,ARKB,ARK 21Shares Bitcoin ETF,ARK / 21Shares,ARKB,ARK 21Shares Bitcoin ETF,BTC-USD,2025-07-21,38.82,5000.0,0.21,54.752,1.7463,206.81,2.3177,261.56,261.56,0.25,32.076,68.96
1206,ARKB,ARK 21Shares Bitcoin ETF,ARK / 21Shares,ARKB,ARK 21Shares Bitcoin ETF,BTC-USD,2025-07-22,39.66,5000.0,0.21,55.697,1.7536,163.63,2.2165,219.32,219.32,0.25,28.368,69.58
1207,ARKB,ARK 21Shares Bitcoin ETF,ARK / 21Shares,ARKB,ARK 21Shares Bitcoin ETF,BTC-USD,2025-07-23,39.37,5000.0,0.21,55.657,1.7533,367.93,2.5669,423.58,423.58,0.31,29.121,68.99
1208,ARKB,ARK 21Shares Bitcoin ETF,ARK / 21Shares,ARKB,ARK 21Shares Bitcoin ETF,BTC-USD,2025-07-24,39.57,5000.0,0.21,58.853,1.7771,241.47,2.3847,300.33,300.33,0.37,29.121,69.218
1209,ARKB,ARK 21Shares Bitcoin ETF,ARK / 21Shares,ARKB,ARK 21Shares Bitcoin ETF,BTC-USD,2025-07-25,38.83,5000.0,0.21,58.853,1.7771,1.16,0.3341,60.01,60.01,0.36,29.121,69.313
1210,ARKB,ARK 21Shares Bitcoin ETF,ARK / 21Shares,ARKB,ARK 21Shares Bitcoin ETF,BTC-USD,2025-07-28,39.25,5000.0,0.21,55.852,1.7547,75.23,1.8821,131.08,131.08,0.36,27.276,71.061
1211,ARKB,ARK 21Shares Bitcoin ETF,ARK / 21Shares,ARKB,ARK 21Shares Bitcoin ETF,BTC-USD,2025-07-29,39.05,5000.0,0.21,57.101,1.7642,106.14,2.0299,163.24,163.24,0.36,27.931,71.815
1212,ARKB,ARK 21Shares Bitcoin ETF,ARK / 21Shares,ARKB,ARK 21Shares Bitcoin ETF,BTC-USD,2025-07-30,38.84,5000.0,0.21,58.467,1.7743,-13.01,-1.1464,45.46,45.46,0.38,28.798,72.757
1213,ARKB,ARK 21Shares Bitcoin ETF,ARK / 21Shares,ARKB,ARK 21Shares Bitcoin ETF,BTC-USD,2025-07-31,38.78,5000.0,0.21,67.023,1.8327,212.86,2.3301,279.88,279.88,0.47,35.042,72.955
1214,ARKB,ARK 21Shares Bitcoin ETF,ARK / 21Shares,ARKB,ARK 21Shares Bitcoin ETF,BTC-USD,2025-08-01,37.59,5000.0,0.21,64.019,1.813,-55.26,-1.7502,-8.76,8.76,0.46,35.042,77.356
1215,ARKB,ARK 21Shares Bitcoin ETF,ARK / 21Shares,ARKB,ARK 21Shares Bitcoin ETF,BTC-USD,2025-08-04,38.13,5000.0,0.21,68.264,1.8405,39.93,1.612,108.19,108.19,0.5,39.721,77.364
1216,ARKB,ARK 21Shares Bitcoin ETF,ARK / 21Shares,ARKB,ARK 21Shares Bitcoin ETF,BTC-USD,2025-08-05,37.79,5000.0,0.21,68.168,1.8399,28.11,1.464,96.28,96.28,0.52,39.721,78.126
1217,ARKB,ARK 21Shares Bitcoin ETF,ARK / 21Shares,ARKB,ARK 21Shares Bitcoin ETF,BTC-USD,2025-08-06,38.32,5000.0,0.21,66.948,1.8322,82.48,1.9216,149.43,149.43,0.54,39.721,78.722
1218,ARKB,ARK 21Shares Bitcoin ETF,ARK / 21Shares,ARKB,ARK 21Shares Bitcoin ETF,BTC-USD,2025-08-07,39.1,5000.0,0.21,66.948,1.8322,8.7,0.9869,75.65,75.65,0.54,39.721,79.64
1219,ARKB,ARK 21Shares Bitcoin ETF,ARK / 21Shares,ARKB,ARK 21Shares Bitcoin ETF,BTC-USD,2025-08-08,38.71,5000.0,0.21,71.561,1.8607,145.7,2.1664,217.26,217.26,0.53,44.824,79.108
1220,ARKB,ARK 21Shares Bitcoin ETF,ARK / 21Shares,ARKB,ARK 21Shares Bitcoin ETF,BTC-USD,2025-08-11,39.55,5000.0,0.21,71.561,1.8607,-50.6,-1.7127,-20.96,20.96,0.51,44.824,76.761
1221,ARKB,ARK 21Shares Bitcoin ETF,ARK / 21Shares,ARKB,ARK 21Shares Bitcoin ETF,BTC-USD,2025-08-12,39.75,5000.0,0.21,76.155,1.8874,-13.68,-1.1668,-62.47,62.47,0.54,49.701,78.516
1222,ARKB,ARK 21Shares Bitcoin ETF,ARK / 21Shares,ARKB,ARK 21Shares Bitcoin ETF,BTC-USD,2025-08-13,40.84,5000.0,0.21,76.155,1.8874,65.25,1.8212,141.4,141.4,0.52,49.701,78.182
1223,ARKB,ARK 21Shares Bitcoin ETF,ARK / 21Shares,ARKB,ARK 21Shares Bitcoin ETF,BTC-USD,2025-08-14,39.25,5000.0,0.21,78.824,1.9021,-5.27,-0.7972,-73.56,73.56,0.5,49.701,80.733
1224,ARKB,ARK 21Shares Bitcoin ETF,ARK / 21Shares,ARKB,ARK 21Shares Bitcoin ETF,BTC-USD,2025-08-15,38.88,5000.0,0.21,74.055,1.8754,-36.84,-1.578,-37.21,37.21,0.5,46.395,82.418
1225,ARKB,ARK 21Shares Bitcoin ETF,ARK / 21Shares,ARKB,ARK 21Shares Bitcoin ETF,BTC-USD,2025-08-18,38.66,5000.0,0.21,66.222,1.8275,-27.67,-1.4574,38.55,38.55,0.47,42.096,80.539
1226,ARKB,ARK 21Shares Bitcoin ETF,ARK / 21Shares,ARKB,ARK 21Shares Bitcoin ETF,BTC-USD,2025-08-19,37.58,5000.0,0.21,59.693,1.7831,-31.68,-1.5143,28.01,28.01,0.47,34.936,81.894
1227,ARKB,ARK 21Shares Bitcoin ETF,ARK / 21Shares,ARKB,ARK 21Shares Bitcoin ETF,BTC-USD,2025-08-20,37.99,5000.0,0.21,56.496,1.7596,-46.02,-1.6723,-10.48,10.48,0.45,36.725,81.662
1228,ARKB,ARK 21Shares Bitcoin ETF,ARK / 21Shares,ARKB,ARK 21Shares Bitcoin ETF,BTC-USD,2025-08-21,37.27,5000.0,0.21,58.807,1.7767,8.09,0.9586,-66.9,66.9,0.46,41.043,82.708
1229,ARKB,ARK 21Shares Bitcoin ETF,ARK / 21Shares,ARKB,ARK 21Shares Bitcoin ETF,BTC-USD,2025-08-22,38.78,5000.0,0.21,60.78,1.7908,39.02,1.6022,-99.8,99.8,0.49,44.962,87.42
1230,ARKB,ARK 21Shares Bitcoin ETF,ARK / 21Shares,ARKB,ARK 21Shares Bitcoin ETF,BTC-USD,2025-08-25,36.82,5000.0,0.21,60.78,1.7908,-4.27,-0.7215,56.51,56.51,0.49,44.962,88.411
1231,ARKB,ARK 21Shares Bitcoin ETF,ARK / 21Shares,ARKB,ARK 21Shares Bitcoin ETF,BTC-USD,2025-08-26,36.94,5000.0,0.21,64.759,1.818,68.89,1.8444,-133.64,133.64,0.5,44.962,90.249
1232,ARKB,ARK 21Shares Bitcoin ETF,ARK / 21Shares,ARKB,ARK 21Shares Bitcoin ETF,BTC-USD,2025-08-27,37.25,5000.0,0.21,62.012,1.7994,-14.45,-1.189,47.56,47.56,0.51,39.88,90.681
1233,ARKB,ARK 21Shares Bitcoin ETF,ARK / 21Shares,ARKB,ARK 21Shares Bitcoin ETF,BTC-USD,2025-08-28,37.2,5000.0,0.21,60.076,1.7859,-33.8,-1.5415,-26.28,26.28,0.53,35.362,90.131
1234,ARKB,ARK 21Shares Bitcoin ETF,ARK / 21Shares,ARKB,ARK 21Shares Bitcoin ETF,BTC-USD,2025-08-29,35.96,5000.0,0.21,51.834,1.7229,102.29,2.014,-154.12,154.12,0.55,29.118,93.938
1235,ARKB,ARK 21Shares Bitcoin ETF,ARK / 21Shares,ARKB,ARK 21Shares Bitcoin ETF,BTC-USD,2025-09-02,36.83,5000.0,0.21,57.049,1.7638,-41.68,-1.6302,-15.37,15.37,0.53,29.118,90.329
1236,ARKB,ARK 21Shares Bitcoin ETF,ARK / 21Shares,ARKB,ARK 21Shares Bitcoin ETF,BTC-USD,2025-09-03,37.3,5000.0,0.21,52.789,1.7307,3.58,0.6607,56.37,56.37,0.52,24.44,91.229
1237,ARKB,ARK 21Shares Bitcoin ETF,ARK / 21Shares,ARKB,ARK 21Shares Bitcoin ETF,BTC-USD,2025-09-04,36.49,5000.0,0.21,54.171,1.7417,4.18,0.7143,-58.35,58.35,0.52,24.44,91.046
1238,ARKB,ARK 21Shares Bitcoin ETF,ARK / 21Shares,ARKB,ARK 21Shares Bitcoin ETF,BTC-USD,2025-09-05,37.1,5000.0,0.21,53.607,1.7372,-12.78,-1.1392,40.83,40.83,0.52,24.44,92.274
1239,ARKB,ARK 21Shares Bitcoin ETF,ARK / 21Shares,ARKB,ARK 21Shares Bitcoin ETF,BTC-USD,2025-09-08,37.25,5000.0,0.21,58.174,1.7721,-0.69,-0.2267,-57.49,57.49,0.54,26.393,92.563
1240,ARKB,ARK 21Shares Bitcoin ETF,ARK / 21Shares,ARKB,ARK 21Shares Bitcoin ETF,BTC-USD,2025-09-09,36.99,5000.0,0.21,58.584,1.7751,-18.35,-1.2867,-40.23,40.23,0.56,23.901,93.225
1241,ARKB,ARK 21Shares Bitcoin ETF,ARK / 21Shares,ARKB,ARK 21Shares Bitcoin ETF,BTC-USD,2025-09-10,37.74,5000.0,0.21,61.663,1.797,48.16,1.6916,-109.82,109.82,0.57,23.901,95.517
1242,ARKB,ARK 21Shares Bitcoin ETF,ARK / 21Shares,ARKB,ARK 21Shares Bitcoin ETF,BTC-USD,2025-09-11,38.05,5000.0,0.21,57.225,1.7651,45.88,1.671,-103.1,103.1,0.63,19.763,93.147
1243,ARKB,ARK 21Shares Bitcoin ETF,ARK / 21Shares,ARKB,ARK 21Shares Bitcoin ETF,BTC-USD,2025-09-12,38.86,5000.0,0.21,57.225,1.7651,-44.68,-1.6597,12.55,12.55,0.69,19.763,89.509
1244,ARKB,ARK 21Shares Bitcoin ETF,ARK / 21Shares,ARKB,ARK 21Shares Bitcoin ETF,BTC-USD,2025-09-15,38.34,5000.0,0.21,54.021,1.7405,-22.45,-1.3701,-31.57,31.57,0.67,19.763,85.811
1245,ARKB,ARK 21Shares Bitcoin ETF,ARK / 21Shares,ARKB,ARK 21Shares Bitcoin ETF,BTC-USD,2025-09-16,38.85,5000.0,0.21,55.8,1.7544,-43.87,-1.6519,11.93,11.93,0.65,17.332,84.717
1246,ARKB,ARK 21Shares Bitcoin ETF,ARK / 21Shares,ARKB,ARK 21Shares Bitcoin ETF,BTC-USD,2025-09-17,38.44,5000.0,0.21,62.475,1.8026,30.03,1.4917,-92.5,92.5,0.61,22.572,87.478
1247,ARKB,ARK 21Shares Bitcoin ETF,ARK / 21Shares,ARKB,ARK 21Shares Bitcoin ETF,BTC-USD,2025-09-18,39.04,5000.0,0.21,62.093,1.8,-33.31,-1.5354,28.79,28.79,0.6,22.572,85.079
1248,ARKB,ARK 21Shares Bitcoin ETF,ARK / 21Shares,ARKB,ARK 21Shares Bitcoin ETF,BTC-USD,2025-09-19,38.25,5000.0,0.21,60.157,1.7864,-10.02,-1.0422,-50.14,50.14,0.58,19.533,84.752
1249,ARKB,ARK 21Shares Bitcoin ETF,ARK / 21Shares,ARKB,ARK 21Shares Bitcoin ETF,BTC-USD,2025-09-22,37.27,5000.0,0.21,53.671,1.7378,-33.58,-1.5388,-20.09,20.09,0.57,14.463,84.324
1250,ARKB,ARK 21Shares Bitcoin ETF,ARK / 21Shares,ARKB,ARK 21Shares Bitcoin ETF,BTC-USD,2025-09-23,37.09,5000.0,0.21,50.138,1.7087,0.46,0.1645,-50.6,50.6,0.59,14.403,79.442
1251,ARKB,ARK 21Shares Bitcoin ETF,ARK / 21Shares,ARKB,ARK 21Shares Bitcoin ETF,BTC-USD,2025-09-24,37.71,5000.0,0.21,52.925,1.7318,-35.03,-1.5567,-17.89,17.89,0.6,14.403,76.748
1252,ARKB,ARK 21Shares Bitcoin ETF,ARK / 21Shares,ARKB,ARK 21Shares Bitcoin ETF,BTC-USD,2025-09-25,36.34,5000.0,0.21,50.526,1.712,34.28,1.5476,84.81,84.81,0.6,14.403,79.88
1253,ARKB,ARK 21Shares Bitcoin ETF,ARK / 21Shares,ARKB,ARK 21Shares Bitcoin ETF,BTC-USD,2025-09-26,36.28,5000.0,0.21,52.082,1.7249,67.19,1.8337,-119.28,119.28,0.63,18.79,79.263
1254,ARKB,ARK 21Shares Bitcoin ETF,ARK / 21Shares,ARKB,ARK 21Shares Bitcoin ETF,BTC-USD,2025-09-29,38.02,5000.0,0.21,50.568,1.7124,20.05,1.3232,70.61,70.61,0.68,18.79,82.853
1255,ARKB,ARK 21Shares Bitcoin ETF,ARK / 21Shares,ARKB,ARK 21Shares Bitcoin ETF,BTC-USD,2025-09-30,38.02,5000.0,0.21,54.611,1.7452,43.82,1.6515,98.43,98.43,0.68,23.649,78.951
1256,ARKB,ARK 21Shares Bitcoin ETF,ARK / 21Shares,ARKB,ARK 21Shares Bitcoin ETF,BTC-USD,2025-10-01,39.05,5000.0,0.21,49.507,1.7033,-36.44,-1.5733,-13.07,13.07,0.67,23.649,79.368
1257,ARKB,ARK 21Shares Bitcoin ETF,ARK / 21Shares,ARKB,ARK 21Shares Bitcoin ETF,BTC-USD,2025-10-02,40.205,5000.0,0.21,49.55,1.7037,-14.7,-1.1959,34.85,34.85,0.67,23.649,80.925
1258,ARKB,ARK 21Shares Bitcoin ETF,ARK / 21Shares,ARKB,ARK 21Shares Bitcoin ETF,BTC-USD,2025-10-03,40.83,5000.0,0.21,48.236,1.6923,149.41,2.1773,197.65,197.65,0.68,23.649,85.225
1259,ARKB,ARK 21Shares Bitcoin ETF,ARK / 21Shares,ARKB,ARK 21Shares Bitcoin ETF,BTC-USD,2025-10-06,41.7,5000.0,0.21,46.913,1.6805,-7.41,-0.9247,39.5,39.5,0.66,23.649,86.58
1260,ARKB,ARK 21Shares Bitcoin ETF,ARK / 21Shares,ARKB,ARK 21Shares Bitcoin ETF,BTC-USD,2025-10-07,40.41,5000.0,0.21,42.235,1.6358,25.39,1.4214,67.62,67.62,0.63,21.696,91.111
1261,ARKB,ARK 21Shares Bitcoin ETF,ARK / 21Shares,ARKB,ARK 21Shares Bitcoin ETF,BTC-USD,2025-10-08,41.01,5000.0,0.21,44.749,1.6604,43.83,1.6515,88.57,88.57,0.66,25.383,90.937
1262,ARKB,ARK 21Shares Bitcoin ETF,ARK / 21Shares,ARKB,ARK 21Shares Bitcoin ETF,BTC-USD,2025-10-09,40.22,5000.0,0.21,44.575,1.6587,-17.29,-1.2622,27.29,27.29,0.69,25.849,92.369
1263,ARKB,ARK 21Shares Bitcoin ETF,ARK / 21Shares,ARKB,ARK 21Shares Bitcoin ETF,BTC-USD,2025-10-10,38.74,5000.0,0.21,44.682,1.6597,300.21,2.4789,344.89,344.89,0.79,26.063,101.202
1264,ARKB,ARK 21Shares Bitcoin ETF,ARK / 21Shares,ARKB,ARK 21Shares Bitcoin ETF,BTC-USD,2025-10-13,38.51,5000.0,0.21,45.304,1.6656,-4.75,-0.7594,-40.56,40.56,0.66,26.063,107.462
1265,ARKB,ARK 21Shares Bitcoin ETF,ARK / 21Shares,ARKB,ARK 21Shares Bitcoin ETF,BTC-USD,2025-10-14,37.43,5000.0,0.21,41.766,1.6311,35.22,1.559,-76.99,76.99,0.63,26.063,110.477
1266,ARKB,ARK 21Shares Bitcoin ETF,ARK / 21Shares,ARKB,ARK 21Shares Bitcoin ETF,BTC-USD,2025-10-15,36.98,5000.0,0.21,46.674,1.6783,-10.76,-1.0703,-35.92,35.92,0.59,32.275,112.651
1267,ARKB,ARK 21Shares Bitcoin ETF,ARK / 21Shares,ARKB,ARK 21Shares Bitcoin ETF,BTC-USD,2025-10-16,35.95,5000.0,0.21,40.0,1.6128,-5.35,-0.8031,-34.65,34.65,0.48,27.036,117.329
1268,ARKB,ARK 21Shares Bitcoin ETF,ARK / 21Shares,ARKB,ARK 21Shares Bitcoin ETF,BTC-USD,2025-10-17,35.38,5000.0,0.21,39.96,1.6124,112.67,2.0557,-152.63,152.63,0.35,27.036,127.107
1269,ARKB,ARK 21Shares Bitcoin ETF,ARK / 21Shares,ARKB,ARK 21Shares Bitcoin ETF,BTC-USD,2025-10-20,36.85,5000.0,0.21,39.304,1.6053,-37.69,-1.5876,1.61,1.61,0.34,27.036,130.894
1270,ARKB,ARK 21Shares Bitcoin ETF,ARK / 21Shares,ARKB,ARK 21Shares Bitcoin ETF,BTC-USD,2025-10-21,37.18,5000.0,0.21,47.123,1.6824,227.76,2.3594,274.88,274.88,0.32,30.095,138.946
1271,ARKB,ARK 21Shares Bitcoin ETF,ARK / 21Shares,ARKB,ARK 21Shares Bitcoin ETF,BTC-USD,2025-10-22,35.825,5000.0,0.21,45.301,1.6656,4.93,0.7729,-50.23,50.23,0.24,26.237,143.95
1272,ARKB,ARK 21Shares Bitcoin ETF,ARK / 21Shares,ARKB,ARK 21Shares Bitcoin ETF,BTC-USD,2025-10-23,36.63,5000.0,0.21,42.406,1.6376,31.34,1.5097,-73.74,73.74,0.24,26.237,148.348
1273,ARKB,ARK 21Shares Bitcoin ETF,ARK / 21Shares,ARKB,ARK 21Shares Bitcoin ETF,BTC-USD,2025-10-24,36.74,5000.0,0.21,42.952,1.643,75.88,1.8858,-118.83,118.83,0.25,30.339,145.87
1274,ARKB,ARK 21Shares Bitcoin ETF,ARK / 21Shares,ARKB,ARK 21Shares Bitcoin ETF,BTC-USD,2025-10-27,38.18,5000.0,0.21,39.397,1.6064,55.4,1.7512,94.79,94.79,0.24,25.951,147.386
1275,ARKB,ARK 21Shares Bitcoin ETF,ARK / 21Shares,ARKB,ARK 21Shares Bitcoin ETF,BTC-USD,2025-10-28,37.75,5000.0,0.21,43.37,1.6471,-40.25,-1.6155,3.12,3.12,0.24,29.083,145.701
1276,ARKB,ARK 21Shares Bitcoin ETF,ARK / 21Shares,ARKB,ARK 21Shares Bitcoin ETF,BTC-USD,2025-10-29,36.73,5000.0,0.21,39.075,1.6029,27.8,1.4594,-66.87,66.87,0.22,24.224,153.448
1277,ARKB,ARK 21Shares Bitcoin ETF,ARK / 21Shares,ARKB,ARK 21Shares Bitcoin ETF,BTC-USD,2025-10-30,35.33,5000.0,0.21,39.075,1.6029,167.39,2.2263,-206.46,206.46,0.22,24.224,156.244
1278,ARKB,ARK 21Shares Bitcoin ETF,ARK / 21Shares,ARKB,ARK 21Shares Bitcoin ETF,BTC-USD,2025-10-31,36.48,5000.0,0.21,42.596,1.6394,81.5,1.9164,-124.09,124.09,0.25,24.224,158.966
1279,ARKB,ARK 21Shares Bitcoin ETF,ARK / 21Shares,ARKB,ARK 21Shares Bitcoin ETF,BTC-USD,2025-11-03,35.39,5000.0,0.21,44.857,1.6614,152.79,2.1869,-197.64,197.64,0.26,24.224,157.866
1280,ARKB,ARK 21Shares Bitcoin ETF,ARK / 21Shares,ARKB,ARK 21Shares Bitcoin ETF,BTC-USD,2025-11-04,33.45,5000.0,0.21,44.857,1.6614,286.86,2.4592,-331.72,331.72,0.4,24.224,166.418
1281,ARKB,ARK 21Shares Bitcoin ETF,ARK / 21Shares,ARKB,ARK 21Shares Bitcoin ETF,BTC-USD,2025-11-05,34.5,5000.0,0.21,57.333,1.7659,127.6,2.1092,-184.93,184.93,0.47,29.977,162.76
1282,ARKB,ARK 21Shares Bitcoin ETF,ARK / 21Shares,ARKB,ARK 21Shares Bitcoin ETF,BTC-USD,2025-11-06,33.51,5000.0,0.21,56.42,1.7591,178.35,2.2537,-234.77,234.77,0.54,23.678,166.947
1283,ARKB,ARK 21Shares Bitcoin ETF,ARK / 21Shares,ARKB,ARK 21Shares Bitcoin ETF,BTC-USD,2025-11-07,34.49,5000.0,0.21,64.291,1.8149,11.54,1.0984,-75.83,75.83,0.57,31.281,166.952
1284,ARKB,ARK 21Shares Bitcoin ETF,ARK / 21Shares,ARKB,ARK 21Shares Bitcoin ETF,BTC-USD,2025-11-10,35.21,5000.0,0.21,63.815,1.8117,301.44,2.4806,-365.26,365.26,0.61,30.328,161.795
1285,ARKB,ARK 21Shares Bitcoin ETF,ARK / 21Shares,ARKB,ARK 21Shares Bitcoin ETF,BTC-USD,2025-11-11,34.14,5000.0,0.21,65.844,1.8251,125.42,2.1018,-191.26,191.26,0.64,30.328,156.42
1286,ARKB,ARK 21Shares Bitcoin ETF,ARK / 21Shares,ARKB,ARK 21Shares Bitcoin ETF,BTC-USD,2025-11-12,33.73,5000.0,0.21,68.857,1.8442,2.77,0.576,-71.62,71.62,0.63,35.651,156.115
1287,ARKB,ARK 21Shares Bitcoin ETF,ARK / 21Shares,ARKB,ARK 21Shares Bitcoin ETF,BTC-USD,2025-11-13,32.55,5000.0,0.21,61.762,1.7977,236.49,2.3756,-298.25,298.25,0.65,29.439,163.105
1288,ARKB,ARK 21Shares Bitcoin ETF,ARK / 21Shares,ARKB,ARK 21Shares Bitcoin ETF,BTC-USD,2025-11-14,31.31,5000.0,0.21,61.762,1.7977,44.83,1.6612,-106.6,106.6,0.64,29.439,164.331
1289,ARKB,ARK 21Shares Bitcoin ETF,ARK / 21Shares,ARKB,ARK 21Shares Bitcoin ETF,BTC-USD,2025-11-17,30.49,5000.0,0.21,61.762,1.7977,60.98,1.7923,-122.74,122.74,0.64,29.439,174.856
1290,ARKB,ARK 21Shares Bitcoin ETF,ARK / 21Shares,ARKB,ARK 21Shares Bitcoin ETF,BTC-USD,2025-11-18,30.82,5000.0,0.21,65.486,1.8227,105.8,2.0286,-171.29,171.29,0.67,36.951,180.5
1291,ARKB,ARK 21Shares Bitcoin ETF,ARK / 21Shares,ARKB,ARK 21Shares Bitcoin ETF,BTC-USD,2025-11-19,29.7,5000.0,0.21,64.213,1.8143,562.12,2.7506,-626.33,626.33,0.84,33.891,178.674
1292,ARKB,ARK 21Shares Bitcoin ETF,ARK / 21Shares,ARKB,ARK 21Shares Bitcoin ETF,BTC-USD,2025-11-20,28.67,5000.0,0.21,75.022,1.8809,111.04,2.0494,-186.06,186.06,0.74,39.534,183.998
1293,ARKB,ARK 21Shares Bitcoin ETF,ARK / 21Shares,ARKB,ARK 21Shares Bitcoin ETF,BTC-USD,2025-11-21,28.06,5000.0,0.21,74.899,1.8802,186.22,2.2724,-261.12,261.12,0.77,39.534,194.12
1294,ARKB,ARK 21Shares Bitcoin ETF,ARK / 21Shares,ARKB,ARK 21Shares Bitcoin ETF,BTC-USD,2025-11-24,29.59,5000.0,0.21,73.004,1.8693,-34.62,-1.5517,-38.38,38.38,0.75,35.432,194.801
1295,ARKB,ARK 21Shares Bitcoin ETF,ARK / 21Shares,ARKB,ARK 21Shares Bitcoin ETF,BTC-USD,2025-11-25,29.01,5000.0,0.21,80.078,1.9089,191.38,2.2842,-271.46,271.46,0.75,41.519,198.595
1296,ARKB,ARK 21Shares Bitcoin ETF,ARK / 21Shares,ARKB,ARK 21Shares Bitcoin ETF,BTC-USD,2025-11-26,29.86,5000.0,0.21,78.911,1.9026,221.7,2.3477,-300.61,300.61,0.79,38.387,199.073
1297,ARKB,ARK 21Shares Bitcoin ETF,ARK / 21Shares,ARKB,ARK 21Shares Bitcoin ETF,BTC-USD,2025-11-28,30.14,5000.0,0.21,78.911,1.9026,131.4,2.1219,-210.31,210.31,0.81,38.387,194.429
1298,ARKB,ARK 21Shares Bitcoin ETF,ARK / 21Shares,ARKB,ARK 21Shares Bitcoin ETF,BTC-USD,2025-12-01,28.39,5000.0,0.21,78.911,1.9026,-12.77,-1.1388,-66.15,66.15,0.8,38.387,197.326
1299,ARKB,ARK 21Shares Bitcoin ETF,ARK / 21Shares,ARKB,ARK 21Shares Bitcoin ETF,BTC-USD,2025-12-02,30.26,5000.0,0.21,78.599,1.9009,119.21,2.0799,-197.81,197.81,0.8,38.387,196.82
1300,ARKB,ARK 21Shares Bitcoin ETF,ARK / 21Shares,ARKB,ARK 21Shares Bitcoin ETF,BTC-USD,2025-12-03,30.89,5000.0,0.21,76.444,1.889,97.68,1.9942,-174.13,174.13,0.81,38.387,198.707
1301,ARKB,ARK 21Shares Bitcoin ETF,ARK / 21Shares,ARKB,ARK 21Shares Bitcoin ETF,BTC-USD,2025-12-04,30.73,5000.0,0.21,85.094,1.935,-44.58,-1.6588,40.52,40.52,0.79,41.095,191.509
1302,ARKB,ARK 21Shares Bitcoin ETF,ARK / 21Shares,ARKB,ARK 21Shares Bitcoin ETF,BTC-USD,2025-12-05,29.68,5000.0,0.21,72.618,1.867,34.99,1.5562,-107.61,107.61,0.77,35.342,195.459
1303,ARKB,ARK 21Shares Bitcoin ETF,ARK / 21Shares,ARKB,ARK 21Shares Bitcoin ETF,BTC-USD,2025-12-08,30.15,5000.0,0.21,72.685,1.8674,-39.55,-1.608,-33.14,33.14,0.77,39.906,192.779
1304,ARKB,ARK 21Shares Bitcoin ETF,ARK / 21Shares,ARKB,ARK 21Shares Bitcoin ETF,BTC-USD,2025-12-09,30.92,5000.0,0.21,66.326,1.8282,31.19,1.5078,-97.52,97.52,0.77,32.794,191.188
1305,ARKB,ARK 21Shares Bitcoin ETF,ARK / 21Shares,ARKB,ARK 21Shares Bitcoin ETF,BTC-USD,2025-12-10,30.72,5000.0,0.21,76.142,1.8873,-14.07,-1.1781,-62.07,62.07,0.76,43.401,188.32
1306,ARKB,ARK 21Shares Bitcoin ETF,ARK / 21Shares,ARKB,ARK 21Shares Bitcoin ETF,BTC-USD,2025-12-11,30.47,5000.0,0.21,73.555,1.8725,83.8,1.9284,-157.35,157.35,0.77,43.401,191.234
1307,ARKB,ARK 21Shares Bitcoin ETF,ARK / 21Shares,ARKB,ARK 21Shares Bitcoin ETF,BTC-USD,2025-12-12,29.95,5000.0,0.21,81.718,1.9176,12.32,1.1245,-94.04,94.04,0.77,46.912,187.599
1308,ARKB,ARK 21Shares Bitcoin ETF,ARK / 21Shares,ARKB,ARK 21Shares Bitcoin ETF,BTC-USD,2025-12-15,28.48,5000.0,0.21,80.818,1.9128,-79.46,-1.9056,-1.36,1.36,0.77,46.912,185.32
1309,ARKB,ARK 21Shares Bitcoin ETF,ARK / 21Shares,ARKB,ARK 21Shares Bitcoin ETF,BTC-USD,2025-12-16,29.06,5000.0,0.21,86.972,1.9443,-5.81,-0.8331,-81.16,81.16,0.76,49.202,182.13
1310,ARKB,ARK 21Shares Bitcoin ETF,ARK / 21Shares,ARKB,ARK 21Shares Bitcoin ETF,BTC-USD,2025-12-17,28.51,5000.0,0.21,92.942,1.9729,-47.35,-1.6844,-45.6,45.6,0.76,51.354,168.734
1311,ARKB,ARK 21Shares Bitcoin ETF,ARK / 21Shares,ARKB,ARK 21Shares Bitcoin ETF,BTC-USD,2025-12-18,28.09,5000.0,0.21,104.371,2.0227,32.0,1.5185,-136.37,136.37,0.76,58.561,165.153
1312,ARKB,ARK 21Shares Bitcoin ETF,ARK / 21Shares,ARKB,ARK 21Shares Bitcoin ETF,BTC-USD,2025-12-19,29.21,5000.0,0.21,111.631,2.0517,60.09,1.786,171.72,171.72,0.72,65.872,160.104
1313,ARKB,ARK 21Shares Bitcoin ETF,ARK / 21Shares,ARKB,ARK 21Shares Bitcoin ETF,BTC-USD,2025-12-22,29.31,5000.0,0.21,100.791,2.0077,-91.34,-1.9654,9.45,9.45,0.74,60.449,151.976
1314,ARKB,ARK 21Shares Bitcoin ETF,ARK / 21Shares,ARKB,ARK 21Shares Bitcoin ETF,BTC-USD,2025-12-23,29.1,5000.0,0.21,100.791,2.0077,4.29,0.7231,105.08,105.08,0.77,60.449,140.181
1315,ARKB,ARK 21Shares Bitcoin ETF,ARK / 21Shares,ARKB,ARK 21Shares Bitcoin ETF,BTC-USD,2025-12-24,28.97,5000.0,0.21,103.997,2.0212,36.3,1.5717,-140.3,140.3,0.71,63.327,136.749
1316,ARKB,ARK 21Shares Bitcoin ETF,ARK / 21Shares,ARKB,ARK 21Shares Bitcoin ETF,BTC-USD,2025-12-26,29.05,5000.0,0.21,98.528,1.9979,-80.72,-1.9124,17.8,17.8,0.7,58.394,131.651
1317,ARKB,ARK 21Shares Bitcoin ETF,ARK / 21Shares,ARKB,ARK 21Shares Bitcoin ETF,BTC-USD,2025-12-29,28.91,5000.0,0.21,103.255,2.0181,-63.19,-1.8075,40.06,40.06,0.7,62.005,128.866
1318,ARKB,ARK 21Shares Bitcoin ETF,ARK / 21Shares,ARKB,ARK 21Shares Bitcoin ETF,BTC-USD,2025-12-30,29.17,5000.0,0.21,108.649,2.04,-42.59,-1.6394,-66.05,66.05,0.66,62.005,129.454
1319,ARKB,ARK 21Shares Bitcoin ETF,ARK / 21Shares,ARKB,ARK 21Shares Bitcoin ETF,BTC-USD,2025-12-31,29.04,5000.0,0.21,113.895,2.0603,-24.02,-1.3983,89.87,89.87,0.66,63.983,122.279
1320,ARKB,ARK 21Shares Bitcoin ETF,ARK / 21Shares,ARKB,ARK 21Shares Bitcoin ETF,BTC-USD,2026-01-02,29.79,5000.0,0.21,110.599,2.0477,-104.47,-2.0231,-6.13,6.13,0.64,63.983,129.747
1321,ARKB,ARK 21Shares Bitcoin ETF,ARK / 21Shares,ARKB,ARK 21Shares Bitcoin ETF,BTC-USD,2026-01-05,31.29,5000.0,0.21,110.599,2.0477,-22.63,-1.3734,87.97,87.97,0.63,63.983,133.186
1322,ARKB,ARK 21Shares Bitcoin ETF,ARK / 21Shares,ARKB,ARK 21Shares Bitcoin ETF,BTC-USD,2026-01-06,30.71,5000.0,0.21,111.056,2.0494,64.84,1.8185,-175.9,175.9,0.59,66.15,134.645
1323,ARKB,ARK 21Shares Bitcoin ETF,ARK / 21Shares,ARKB,ARK 21Shares Bitcoin ETF,BTC-USD,2026-01-07,30.185,5000.0,0.21,114.925,2.0642,-86.28,-1.9409,-28.64,28.64,0.52,66.15,131.078
1324,ARKB,ARK 21Shares Bitcoin ETF,ARK / 21Shares,ARKB,ARK 21Shares Bitcoin ETF,BTC-USD,2026-01-08,30.18,5000.0,0.21,108.144,2.038,-89.53,-1.9568,-18.62,18.62,0.57,61.586,129.315
1325,ARKB,ARK 21Shares Bitcoin ETF,ARK / 21Shares,ARKB,ARK 21Shares Bitcoin ETF,BTC-USD,2026-01-09,29.95,5000.0,0.21,109.124,2.0419,-41.22,-1.6255,-67.91,67.91,0.57,65.028,127.985
1326,ARKB,ARK 21Shares Bitcoin ETF,ARK / 21Shares,ARKB,ARK 21Shares Bitcoin ETF,BTC-USD,2026-01-12,30.36,5000.0,0.21,106.12,2.0299,-88.61,-1.9524,-17.51,17.51,0.57,61.653,128.313
1327,ARKB,ARK 21Shares Bitcoin ETF,ARK / 21Shares,ARKB,ARK 21Shares Bitcoin ETF,BTC-USD,2026-01-13,31.35,5000.0,0.21,106.149,2.03,-84.51,-1.932,-21.64,21.64,0.57,61.653,128.531
1328,ARKB,ARK 21Shares Bitcoin ETF,ARK / 21Shares,ARKB,ARK 21Shares Bitcoin ETF,BTC-USD,2026-01-14,32.46,5000.0,0.21,94.867,1.9817,-9.39,-1.0164,85.48,85.48,0.59,52.818,132.153
1329,ARKB,ARK 21Shares Bitcoin ETF,ARK / 21Shares,ARKB,ARK 21Shares Bitcoin ETF,BTC-USD,2026-01-15,31.63,5000.0,0.21,100.674,2.0072,-47.75,-1.688,52.92,52.92,0.62,57.409,127.454
1330,ARKB,ARK 21Shares Bitcoin ETF,ARK / 21Shares,ARKB,ARK 21Shares Bitcoin ETF,BTC-USD,2026-01-16,31.71,5000.0,0.21,94.371,1.9794,-54.76,-1.7463,39.61,39.61,0.6,55.119,124.954
1331,ARKB,ARK 21Shares Bitcoin ETF,ARK / 21Shares,ARKB,ARK 21Shares Bitcoin ETF,BTC-USD,2026-01-20,29.73,5000.0,0.21,88.4,1.9513,112.34,2.0544,200.74,200.74,0.69,52.967,122.069
1332,ARKB,ARK 21Shares Bitcoin ETF,ARK / 21Shares,ARKB,ARK 21Shares Bitcoin ETF,BTC-USD,2026-01-21,29.91,5000.0,0.21,75.541,1.8839,133.76,2.1296,209.3,209.3,0.79,38.248,122.866
1333,ARKB,ARK 21Shares Bitcoin ETF,ARK / 21Shares,ARKB,ARK 21Shares Bitcoin ETF,BTC-USD,2026-01-22,29.66,5000.0,0.21,66.764,1.831,-44.0,-1.6533,22.76,22.76,0.79,35.017,122.502
1334,ARKB,ARK 21Shares Bitcoin ETF,ARK / 21Shares,ARKB,ARK 21Shares Bitcoin ETF,BTC-USD,2026-01-23,29.69,5000.0,0.21,72.055,1.8637,-34.75,-1.5533,37.31,37.31,0.81,38.839,124.514
1335,ARKB,ARK 21Shares Bitcoin ETF,ARK / 21Shares,ARKB,ARK 21Shares Bitcoin ETF,BTC-USD,2026-01-26,29.05,5000.0,0.21,72.074,1.8638,14.87,1.2005,-86.94,86.94,0.8,38.839,124.387
1336,ARKB,ARK 21Shares Bitcoin ETF,ARK / 21Shares,ARKB,ARK 21Shares Bitcoin ETF,BTC-USD,2026-01-27,29.64,5000.0,0.21,73.227,1.8706,11.73,1.105,84.96,84.96,0.8,42.08,127.069
1337,ARKB,ARK 21Shares Bitcoin ETF,ARK / 21Shares,ARKB,ARK 21Shares Bitcoin ETF,BTC-USD,2026-01-28,29.54,5000.0,0.21,71.466,1.8601,-50.14,-1.7088,-21.33,21.33,0.8,40.925,132.396
1338,ARKB,ARK 21Shares Bitcoin ETF,ARK / 21Shares,ARKB,ARK 21Shares Bitcoin ETF,BTC-USD,2026-01-29,27.91,5000.0,0.21,63.941,1.8125,-41.88,-1.6322,-22.07,22.07,0.81,37.314,142.331
1339,ARKB,ARK 21Shares Bitcoin ETF,ARK / 21Shares,ARKB,ARK 21Shares Bitcoin ETF,BTC-USD,2026-01-30,27.8,5000.0,0.21,58.547,1.7749,-13.25,-1.1539,45.29,45.29,0.81,37.314,148.815
1340,ARKB,ARK 21Shares Bitcoin ETF,ARK / 21Shares,ARKB,ARK 21Shares Bitcoin ETF,BTC-USD,2026-02-02,25.87,5000.0,0.21,53.618,1.7373,6.1,0.8512,-59.72,59.72,0.76,35.336,166.624
1341,ARKB,ARK 21Shares Bitcoin ETF,ARK / 21Shares,ARKB,ARK 21Shares Bitcoin ETF,BTC-USD,2026-02-03,25.36,5000.0,0.21,64.303,1.8149,81.44,1.9161,145.74,145.74,0.76,35.336,178.18
1342,ARKB,ARK 21Shares Bitcoin ETF,ARK / 21Shares,ARKB,ARK 21Shares Bitcoin ETF,BTC-USD,2026-02-04,24.35,5000.0,0.21,71.288,1.8591,-54.51,-1.7444,16.77,16.77,0.74,39.206,183.619
1343,ARKB,ARK 21Shares Bitcoin ETF,ARK / 21Shares,ARKB,ARK 21Shares Bitcoin ETF,BTC-USD,2026-02-05,21.14,5000.0,0.21,62.429,1.8023,184.12,2.2674,246.54,246.54,0.79,34.332,191.985
1344,ARKB,ARK 21Shares Bitcoin ETF,ARK / 21Shares,ARKB,ARK 21Shares Bitcoin ETF,BTC-USD,2026-02-06,23.24,5000.0,0.21,85.055,1.9348,-70.94,-1.857,-14.11,14.11,0.74,40.058,193.903
1345,ARKB,ARK 21Shares Bitcoin ETF,ARK / 21Shares,ARKB,ARK 21Shares Bitcoin ETF,BTC-USD,2026-02-09,23.49,5000.0,0.21,94.341,1.9793,26.31,1.4363,120.65,120.65,0.74,52.396,196.759
1346,ARKB,ARK 21Shares Bitcoin ETF,ARK / 21Shares,ARKB,ARK 21Shares Bitcoin ETF,BTC-USD,2026-02-10,22.82,5000.0,0.21,94.64,1.9806,-67.86,-1.8379,26.78,26.78,0.75,50.584,197.282
1347,ARKB,ARK 21Shares Bitcoin ETF,ARK / 21Shares,ARKB,ARK 21Shares Bitcoin ETF,BTC-USD,2026-02-11,22.42,5000.0,0.21,87.858,1.9487,-47.2,-1.6831,40.66,40.66,0.74,43.353,201.21
1348,ARKB,ARK 21Shares Bitcoin ETF,ARK / 21Shares,ARKB,ARK 21Shares Bitcoin ETF,BTC-USD,2026-02-12,21.68,5000.0,0.21,100.474,2.0064,-52.33,-1.727,-48.14,48.14,0.75,58.053,200.099
1349,ARKB,ARK 21Shares Bitcoin ETF,ARK / 21Shares,ARKB,ARK 21Shares Bitcoin ETF,BTC-USD,2026-02-13,22.82,5000.0,0.21,104.926,2.025,-25.47,-1.4227,-79.46,79.46,0.75,58.053,200.991
1350,ARKB,ARK 21Shares Bitcoin ETF,ARK / 21Shares,ARKB,ARK 21Shares Bitcoin ETF,BTC-USD,2026-02-17,22.48,5000.0,0.21,107.698,2.0362,-38.52,-1.5968,69.18,69.18,0.72,57.269,202.202
1351,ARKB,ARK 21Shares Bitcoin ETF,ARK / 21Shares,ARKB,ARK 21Shares Bitcoin ETF,BTC-USD,2026-02-18,21.98,5000.0,0.21,114.983,2.0644,-82.0,-1.9191,-32.98,32.98,0.6,65.806,201.03
1352,ARKB,ARK 21Shares Bitcoin ETF,ARK / 21Shares,ARKB,ARK 21Shares Bitcoin ETF,BTC-USD,2026-02-19,22.29,5000.0,0.21,119.189,2.0799,9.11,1.0047,-128.3,128.3,0.63,70.179,199.611
1353,ARKB,ARK 21Shares Bitcoin ETF,ARK / 21Shares,ARKB,ARK 21Shares Bitcoin ETF,BTC-USD,2026-02-20,22.48,5000.0,0.21,116.864,2.0714,12.62,1.1341,-129.48,129.48,0.58,70.179,196.335
1354,ARKB,ARK 21Shares Bitcoin ETF,ARK / 21Shares,ARKB,ARK 21Shares Bitcoin ETF,BTC-USD,2026-02-23,21.385,5000.0,0.21,112.048,2.0533,-60.01,-1.7854,-52.04,52.04,0.61,66.099,196.93
1355,ARKB,ARK 21Shares Bitcoin ETF,ARK / 21Shares,ARKB,ARK 21Shares Bitcoin ETF,BTC-USD,2026-02-24,21.41,5000.0,0.21,106.647,2.032,-73.64,-1.873,33.01,33.01,0.6,62.058,195.39
1356,ARKB,ARK 21Shares Bitcoin ETF,ARK / 21Shares,ARKB,ARK 21Shares Bitcoin ETF,BTC-USD,2026-02-25,22.98,5000.0,0.21,106.647,2.032,149.31,2.177,255.96,255.96,0.51,62.058,197.285
1357,ARKB,ARK 21Shares Bitcoin ETF,ARK / 21Shares,ARKB,ARK 21Shares Bitcoin ETF,BTC-USD,2026-02-26,22.38,5000.0,0.21,109.607,2.0438,-64.69,-1.8175,-44.92,44.92,0.37,63.244,198.693
1358,ARKB,ARK 21Shares Bitcoin ETF,ARK / 21Shares,ARKB,ARK 21Shares Bitcoin ETF,BTC-USD,2026-02-27,21.78,5000.0,0.21,110.848,2.0486,-62.51,-1.8028,-48.34,48.34,0.36,63.244,192.985
1359,ARKB,ARK 21Shares Bitcoin ETF,ARK / 21Shares,ARKB,ARK 21Shares Bitcoin ETF,BTC-USD,2026-03-02,22.96,5000.0,0.21,116.348,2.0695,-16.48,-1.2426,99.87,99.87,0.32,63.244,197.335
1360,ARKB,ARK 21Shares Bitcoin ETF,ARK / 21Shares,ARKB,ARK 21Shares Bitcoin ETF,BTC-USD,2026-03-03,22.65,5000.0,0.21,130.587,2.1192,-112.15,-2.0536,18.44,18.44,0.26,77.02,195.19
1361,ARKB,ARK 21Shares Bitcoin ETF,ARK / 21Shares,ARKB,ARK 21Shares Bitcoin ETF,BTC-USD,2026-03-04,24.26,5000.0,0.21,130.866,2.1201,18.28,1.2851,149.14,149.14,0.28,77.02,186.828
1362,ARKB,ARK 21Shares Bitcoin ETF,ARK / 21Shares,ARKB,ARK 21Shares Bitcoin ETF,BTC-USD,2026-03-05,23.64,5000.0,0.21,125.502,2.1021,-74.14,-1.8759,-51.36,51.36,0.27,78.138,168.695
1363,ARKB,ARK 21Shares Bitcoin ETF,ARK / 21Shares,ARKB,ARK 21Shares Bitcoin ETF,BTC-USD,2026-03-06,22.6,5000.0,0.21,118.693,2.0781,-52.08,-1.725,-66.61,66.61,0.27,74.268,156.604
1364,ARKB,ARK 21Shares Bitcoin ETF,ARK / 21Shares,ARKB,ARK 21Shares Bitcoin ETF,BTC-USD,2026-03-09,22.93,5000.0,0.21,118.632,2.0778,-103.41,-2.0188,-15.22,15.22,0.26,75.19,147.693
1365,ARKB,ARK 21Shares Bitcoin ETF,ARK / 21Shares,ARKB,ARK 21Shares Bitcoin ETF,BTC-USD,2026-03-10,23.255,5000.0,0.21,91.833,1.9677,-19.91,-1.3203,71.93,71.93,0.24,69.464,147.077
1366,ARKB,ARK 21Shares Bitcoin ETF,ARK / 21Shares,ARKB,ARK 21Shares Bitcoin ETF,BTC-USD,2026-03-11,23.46,5000.0,0.21,92.531,1.971,-48.96,-1.6987,-43.57,43.57,0.2,65.106,145.802
1367,ARKB,ARK 21Shares Bitcoin ETF,ARK / 21Shares,ARKB,ARK 21Shares Bitcoin ETF,BTC-USD,2026-03-12,23.39,5000.0,0.21,91.588,1.9666,-88.7,-1.9528,-2.89,2.89,,64.717,146.151
1368,ARKB,ARK 21Shares Bitcoin ETF,ARK / 21Shares,ARKB,ARK 21Shares Bitcoin ETF,BTC-USD,2026-03-13,23.62,5000.0,0.21,91.588,1.9666,-51.24,-1.718,-40.35,40.35,,64.717,147.167
1369,ARKB,ARK 21Shares Bitcoin ETF,ARK / 21Shares,ARKB,ARK 21Shares Bitcoin ETF,BTC-USD,2026-03-16,24.55,5000.0,0.21,78.972,1.9029,-14.88,-1.2009,64.09,64.09,,50.017,148.024
1370,ARKB,ARK 21Shares Bitcoin ETF,ARK / 21Shares,ARKB,ARK 21Shares Bitcoin ETF,BTC-USD,2026-03-17,24.75,5000.0,0.21,76.206,1.8876,47.66,1.6871,123.86,123.86,,53.821,144.974
1371,ARKB,ARK 21Shares Bitcoin ETF,ARK / 21Shares,ARKB,ARK 21Shares Bitcoin ETF,BTC-USD,2026-03-18,23.59,5000.0,0.21,67.409,1.8351,-23.07,-1.3815,-44.34,44.34,,50.014,143.381
1372,ARKB,ARK 21Shares Bitcoin ETF,ARK / 21Shares,ARKB,ARK 21Shares Bitcoin ETF,BTC-USD,2026-03-19,23.31,5000.0,0.21,60.342,1.7878,29.31,1.4816,89.65,89.65,,41.476,144.625
1373,ARKB,ARK 21Shares Bitcoin ETF,ARK / 21Shares,ARKB,ARK 21Shares Bitcoin ETF,BTC-USD,2026-03-20,23.28,5000.0,0.21,63.393,1.8088,5.93,0.8407,-69.32,69.32,,42.676,143.576
1374,ARKB,ARK 21Shares Bitcoin ETF,ARK / 21Shares,ARKB,ARK 21Shares Bitcoin ETF,BTC-USD,2026-03-23,23.45,5000.0,0.21,66.778,1.8311,-52.69,-1.7299,14.09,14.09,,42.676,144.004
1375,ARKB,ARK 21Shares Bitcoin ETF,ARK / 21Shares,ARKB,ARK 21Shares Bitcoin ETF,BTC-USD,2026-03-24,23.01,5000.0,0.21,72.038,1.8635,33.86,1.5423,-105.9,105.9,0.16,42.676,144.268
1376,ARKB,ARK 21Shares Bitcoin ETF,ARK / 21Shares,ARKB,ARK 21Shares Bitcoin ETF,BTC-USD,2026-03-25,23.52,5000.0,0.21,72.467,1.8661,11.24,1.0878,-83.71,83.71,0.21,42.676,142.43
1377,ARKB,ARK 21Shares Bitcoin ETF,ARK / 21Shares,ARKB,ARK 21Shares Bitcoin ETF,BTC-USD,2026-03-26,22.73,5000.0,0.21,72.467,1.8661,151.98,2.1846,-224.44,224.44,0.28,42.676,143.01
1378,ARKB,ARK 21Shares Bitcoin ETF,ARK / 21Shares,ARKB,ARK 21Shares Bitcoin ETF,BTC-USD,2026-03-27,21.9,5000.0,0.21,65.184,1.8208,-5.4,-0.806,-59.79,59.79,0.32,35.371,139.73
1379,ARKB,ARK 21Shares Bitcoin ETF,ARK / 21Shares,ARKB,ARK 21Shares Bitcoin ETF,BTC-USD,2026-03-30,22.06,5000.0,0.21,69.742,1.8497,-61.01,-1.7925,8.73,8.73,0.33,35.371,140.847
1380,ARKB,ARK 21Shares Bitcoin ETF,ARK / 21Shares,ARKB,ARK 21Shares Bitcoin ETF,BTC-USD,2026-03-31,22.49,5000.0,0.21,74.074,1.8755,58.47,1.7743,-132.54,132.54,0.34,43.342,130.857
1381,ARKB,ARK 21Shares Bitcoin ETF,ARK / 21Shares,ARKB,ARK 21Shares Bitcoin ETF,BTC-USD,2026-04-01,22.62,5000.0,0.21,59.835,1.7842,-45.35,-1.6661,14.48,14.48,0.33,29.566,123.935
1382,ARKB,ARK 21Shares Bitcoin ETF,ARK / 21Shares,ARKB,ARK 21Shares Bitcoin ETF,BTC-USD,2026-04-02,22.24,5000.0,0.21,59.835,1.7842,9.96,1.0397,-69.79,69.79,0.37,29.566,115.259
1383,ARKB,ARK 21Shares Bitcoin ETF,ARK / 21Shares,ARKB,ARK 21Shares Bitcoin ETF,BTC-USD,2026-04-06,23.15,5000.0,0.21,54.515,1.7444,6.98,0.9019,61.49,61.49,0.35,28.449,110.797
1384,ARKB,ARK 21Shares Bitcoin ETF,ARK / 21Shares,ARKB,ARK 21Shares Bitcoin ETF,BTC-USD,2026-04-07,22.9,5000.0,0.21,57.622,1.7681,314.19,2.4986,-371.82,371.82,0.3,28.449,109.581
1385,ARKB,ARK 21Shares Bitcoin ETF,ARK / 21Shares,ARKB,ARK 21Shares Bitcoin ETF,BTC-USD,2026-04-08,23.69,5000.0,0.21,60.096,1.786,-18.57,-1.2916,-41.53,41.53,0.3,27.526,105.405
1386,ARKB,ARK 21Shares Bitcoin ETF,ARK / 21Shares,ARKB,ARK 21Shares Bitcoin ETF,BTC-USD,2026-04-09,23.95,5000.0,0.21,72.097,1.8639,-16.21,-1.2357,55.89,55.89,0.29,39.532,103.611
1387,ARKB,ARK 21Shares Bitcoin ETF,ARK / 21Shares,ARKB,ARK 21Shares Bitcoin ETF,BTC-USD,2026-04-10,24.31,5000.0,0.21,64.992,1.8195,-64.83,-1.8185,0.16,0.16,0.29,31.551,101.857
1388,ARKB,ARK 21Shares Bitcoin ETF,ARK / 21Shares,ARKB,ARK 21Shares Bitcoin ETF,BTC-USD,2026-04-13,24.35,5000.0,0.21,66.354,1.8284,34.47,1.5499,-100.83,100.83,0.3,34.85,100.352
1389,ARKB,ARK 21Shares Bitcoin ETF,ARK / 21Shares,ARKB,ARK 21Shares Bitcoin ETF,BTC-USD,2026-04-14,24.66,5000.0,0.21,66.354,1.8284,-37.06,-1.5805,29.29,29.29,0.28,34.85,95.184
1390,ARKB,ARK 21Shares Bitcoin ETF,ARK / 21Shares,ARKB,ARK 21Shares Bitcoin ETF,BTC-USD,2026-04-15,24.91,5000.0,0.21,71.462,1.8601,105.86,2.0288,177.32,177.32,0.29,39.561,90.507
1391,ARKB,ARK 21Shares Bitcoin ETF,ARK / 21Shares,ARKB,ARK 21Shares Bitcoin ETF,BTC-USD,2026-04-16,25.02,5000.0,0.21,79.35,1.905,-55.45,-1.7517,-23.9,23.9,0.26,44.684,91.311
1392,ARKB,ARK 21Shares Bitcoin ETF,ARK / 21Shares,ARKB,ARK 21Shares Bitcoin ETF,BTC-USD,2026-04-17,25.72,5000.0,0.21,79.35,1.905,61.23,1.794,140.58,140.58,0.13,44.684,91.033
1393,ARKB,ARK 21Shares Bitcoin ETF,ARK / 21Shares,ARKB,ARK 21Shares Bitcoin ETF,BTC-USD,2026-04-20,25.32,5000.0,0.21,80.689,1.9122,-5.42,-0.8073,75.27,75.27,0.16,44.684,86.788
1394,ARKB,ARK 21Shares Bitcoin ETF,ARK / 21Shares,ARKB,ARK 21Shares Bitcoin ETF,BTC-USD,2026-04-21,24.89,5000.0,0.21,80.542,1.9114,-21.3,-1.3484,-59.24,59.24,0.13,48.927,85.041
1395,ARKB,ARK 21Shares Bitcoin ETF,ARK / 21Shares,ARKB,ARK 21Shares Bitcoin ETF,BTC-USD,2026-04-22,26.17,5000.0,0.21,77.63,1.8956,123.02,2.0935,200.65,200.65,,48.927,80.435
1396,ARKB,ARK 21Shares Bitcoin ETF,ARK / 21Shares,ARKB,ARK 21Shares Bitcoin ETF,BTC-USD,2026-04-23,25.795,5000.0,0.21,75.447,1.8834,108.84,2.0408,184.29,184.29,0.24,48.927,77.558
1397,ARKB,ARK 21Shares Bitcoin ETF,ARK / 21Shares,ARKB,ARK 21Shares Bitcoin ETF,BTC-USD,2026-04-24,25.77,5000.0,0.21,80.173,1.9094,78.17,1.8986,158.34,158.34,0.3,52.688,76.548
1398,ARKB,ARK 21Shares Bitcoin ETF,ARK / 21Shares,ARKB,ARK 21Shares Bitcoin ETF,BTC-USD,2026-04-27,25.52,5000.0,0.21,83.378,1.9262,-13.36,-1.1573,70.01,70.01,0.31,55.496,71.701
1399,ARKB,ARK 21Shares Bitcoin ETF,ARK / 21Shares,ARKB,ARK 21Shares Bitcoin ETF,BTC-USD,2026-04-28,25.325,5000.0,0.21,83.378,1.9262,58.56,1.775,141.94,141.94,0.32,55.496,69.411
1400,ARKB,ARK 21Shares Bitcoin ETF,ARK / 21Shares,ARKB,ARK 21Shares Bitcoin ETF,BTC-USD,2026-04-29,25.04,5000.0,0.21,82.325,1.9208,-7.29,-0.9188,75.03,75.03,0.34,57.578,67.762
1401,ARKB,ARK 21Shares Bitcoin ETF,ARK / 21Shares,ARKB,ARK 21Shares Bitcoin ETF,BTC-USD,2026-04-30,25.35,5000.0,0.21,75.192,1.8819,84.54,1.9322,159.73,159.73,0.37,50.945,62.263
1402,ARKB,ARK 21Shares Bitcoin ETF,ARK / 21Shares,ARKB,ARK 21Shares Bitcoin ETF,BTC-USD,2026-05-01,26.02,5000.0,0.21,75.553,1.884,41.51,1.6285,117.06,117.06,0.4,50.945,60.307
1403,ARKB,ARK 21Shares Bitcoin ETF,ARK / 21Shares,ARKB,ARK 21Shares Bitcoin ETF,BTC-USD,2026-05-04,26.57,5000.0,0.21,75.594,1.8842,60.96,1.7921,136.56,136.56,0.42,50.945,58.299
1404,ARKB,ARK 21Shares Bitcoin ETF,ARK / 21Shares,ARKB,ARK 21Shares Bitcoin ETF,BTC-USD,2026-05-05,27.1,5000.0,0.21,75.594,1.8842,2.25,0.5124,77.85,77.85,0.46,50.945,56.879
1405,ARKB,ARK 21Shares Bitcoin ETF,ARK / 21Shares,ARKB,ARK 21Shares Bitcoin ETF,BTC-USD,2026-05-06,27.03,5000.0,0.21,73.136,1.87,446.15,2.6504,519.28,519.28,0.52,52.245,55.35
1406,ARKB,ARK 21Shares Bitcoin ETF,ARK / 21Shares,ARKB,ARK 21Shares Bitcoin ETF,BTC-USD,2026-05-07,26.58,5000.0,0.21,70.489,1.8542,-7.11,-0.9091,63.38,63.38,0.46,52.245,54.246
1407,ARKB,ARK 21Shares Bitcoin ETF,ARK / 21Shares,ARKB,ARK 21Shares Bitcoin ETF,BTC-USD,2026-05-08,26.6,5000.0,0.21,60.515,1.789,-37.14,-1.5814,23.37,23.37,0.46,44.078,50.976
1408,ARKB,ARK 21Shares Bitcoin ETF,ARK / 21Shares,ARKB,ARK 21Shares Bitcoin ETF,BTC-USD,2026-05-11,27.19,5000.0,0.21,58.0,1.7709,7.53,0.931,65.53,65.53,0.46,44.078,49.933
1409,ARKB,ARK 21Shares Bitcoin ETF,ARK / 21Shares,ARKB,ARK 21Shares Bitcoin ETF,BTC-USD,2026-05-12,26.8,5000.0,0.21,53.073,1.733,187.93,2.2763,241.0,241.0,0.46,38.582,48.805
1410,ARKB,ARK 21Shares Bitcoin ETF,ARK / 21Shares,ARKB,ARK 21Shares Bitcoin ETF,BTC-USD,2026-05-13,26.38,5000.0,0.21,54.248,1.7423,5.35,0.8031,59.6,59.6,0.47,38.582,47.272
1411,ARKB,ARK 21Shares Bitcoin ETF,ARK / 21Shares,ARKB,ARK 21Shares Bitcoin ETF,BTC-USD,2026-05-14,26.99,5000.0,0.21,54.395,1.7435,-0.36,-0.1322,54.04,54.04,0.47,33.871,49.874
1412,ARKB,ARK 21Shares Bitcoin ETF,ARK / 21Shares,ARKB,ARK 21Shares Bitcoin ETF,BTC-USD,2026-05-15,26.25,5000.0,0.21,51.458,1.7198,-40.81,-1.6213,10.65,10.65,0.46,24.943,48.597
1413,ARKB,ARK 21Shares Bitcoin ETF,ARK / 21Shares,ARKB,ARK 21Shares Bitcoin ETF,BTC-USD,2026-05-18,25.48,5000.0,0.21,51.614,1.7211,11.62,1.1009,-63.23,63.23,0.43,24.943,47.213
1414,ARKB,ARK 21Shares Bitcoin ETF,ARK / 21Shares,ARKB,ARK 21Shares Bitcoin ETF,BTC-USD,2026-05-19,25.47,5000.0,0.21,55.721,1.7537,-18.44,-1.2888,-37.28,37.28,0.43,29.479,46.942
1415,ARKB,ARK 21Shares Bitcoin ETF,ARK / 21Shares,ARKB,ARK 21Shares Bitcoin ETF,BTC-USD,2026-05-20,25.75,5000.0,0.21,49.124,1.7,166.83,2.2249,215.96,215.96,0.41,19.664,45.671
1416,ARKB,ARK 21Shares Bitcoin ETF,ARK / 21Shares,ARKB,ARK 21Shares Bitcoin ETF,BTC-USD,2026-05-21,25.76,5000.0,0.21,53.733,1.7382,16.45,1.2419,-70.19,70.19,0.38,24.422,44.525
1417,ARKB,ARK 21Shares Bitcoin ETF,ARK / 21Shares,ARKB,ARK 21Shares Bitcoin ETF,BTC-USD,2026-05-22,25.135,5000.0,0.21,51.725,1.722,32.1,1.5198,83.82,83.82,0.4,24.422,43.744
1418,ARKB,ARK 21Shares Bitcoin ETF,ARK / 21Shares,ARKB,ARK 21Shares Bitcoin ETF,BTC-USD,2026-05-26,25.17,5000.0,0.21,56.373,1.7587,-25.46,-1.4226,-30.91,30.91,0.39,27.606,45.466
1419,ARKB,ARK 21Shares Bitcoin ETF,ARK / 21Shares,ARKB,ARK 21Shares Bitcoin ETF,BTC-USD,2026-05-27,24.84,5000.0,0.21,53.682,1.7378,46.89,1.6802,100.57,100.57,0.39,24.797,45.28
1420,ARKB,ARK 21Shares Bitcoin ETF,ARK / 21Shares,ARKB,ARK 21Shares Bitcoin ETF,BTC-USD,2026-05-28,24.31,5000.0,0.21,53.761,1.7385,9.15,1.0063,-62.91,62.91,0.38,24.797,46.792
1421,ARKB,ARK 21Shares Bitcoin ETF,ARK / 21Shares,ARKB,ARK 21Shares Bitcoin ETF,BTC-USD,2026-05-29,24.35,5000.0,0.21,56.483,1.7595,-39.86,-1.6113,16.63,16.63,0.39,28.07,46.426
1422,ARKB,ARK 21Shares Bitcoin ETF,ARK / 21Shares,ARKB,ARK 21Shares Bitcoin ETF,BTC-USD,2026-06-01,23.71,5000.0,0.21,55.233,1.75,9.11,1.0046,-64.34,64.34,0.41,26.733,47.655
1423,ARKB,ARK 21Shares Bitcoin ETF,ARK / 21Shares,ARKB,ARK 21Shares Bitcoin ETF,BTC-USD,2026-06-02,22.29,5000.0,0.21,55.233,1.75,91.84,1.9678,-147.08,147.08,0.42,26.733,48.618
1424,ARKB,ARK 21Shares Bitcoin ETF,ARK / 21Shares,ARKB,ARK 21Shares Bitcoin ETF,BTC-USD,2026-06-03,21.68,5000.0,0.21,55.233,1.75,41.3,1.6263,-96.53,96.53,0.44,26.733,48.842
1425,ARKB,ARK 21Shares Bitcoin ETF,ARK / 21Shares,ARKB,ARK 21Shares Bitcoin ETF,BTC-USD,2026-06-04,21.08,5000.0,0.21,55.233,1.75,350.82,2.5463,-406.05,406.05,0.51,26.733,49.272
1426,ARKB,ARK 21Shares Bitcoin ETF,ARK / 21Shares,ARKB,ARK 21Shares Bitcoin ETF,BTC-USD,2026-06-05,20.0,5000.0,0.21,57.143,1.7645,387.84,2.5898,-444.98,444.98,0.74,25.432,51.602
1427,ARKB,ARK 21Shares Bitcoin ETF,ARK / 21Shares,ARKB,ARK 21Shares Bitcoin ETF,BTC-USD,2026-06-08,21.02,5000.0,0.21,57.485,1.767,209.83,2.3239,-267.31,267.31,0.81,25.432,51.599
1428,ARKB,ARK 21Shares Bitcoin ETF,ARK / 21Shares,ARKB,ARK 21Shares Bitcoin ETF,BTC-USD,2026-06-09,20.58,5000.0,0.21,55.974,1.7557,202.68,2.3089,-258.65,258.65,0.88,21.594,52.68
1429,ARKB,ARK 21Shares Bitcoin ETF,ARK / 21Shares,ARKB,ARK 21Shares Bitcoin ETF,BTC-USD,2026-06-10,20.52,5000.0,0.21,62.851,1.8052,231.18,2.3658,-294.03,294.03,0.97,24.15,53.173
1430,ARKB,ARK 21Shares Bitcoin ETF,ARK / 21Shares,ARKB,ARK 21Shares Bitcoin ETF,BTC-USD,2026-06-11,21.08,5000.0,0.21,62.615,1.8036,270.38,2.4336,-333.0,333.0,1.06,24.15,53.59
1431,ARKB,ARK 21Shares Bitcoin ETF,ARK / 21Shares,ARKB,ARK 21Shares Bitcoin ETF,BTC-USD,2026-06-12,21.08,5000.0,0.21,61.503,1.7959,254.7,2.4077,-316.2,316.2,1.17,24.241,52.721
1432,ARKB,ARK 21Shares Bitcoin ETF,ARK / 21Shares,ARKB,ARK 21Shares Bitcoin ETF,BTC-USD,2026-06-15,22.09,5000.0,0.21,56.408,1.759,197.06,2.2968,-253.46,253.46,1.22,24.241,49.82
1433,ARKB,ARK 21Shares Bitcoin ETF,ARK / 21Shares,ARKB,ARK 21Shares Bitcoin ETF,BTC-USD,2026-06-16,21.77,5000.0,0.21,55.004,1.7482,206.7,2.3174,-261.7,261.7,1.3,24.241,46.517
1434,ARKB,ARK 21Shares Bitcoin ETF,ARK / 21Shares,ARKB,ARK 21Shares Bitcoin ETF,BTC-USD,2026-06-17,21.3,5000.0,0.21,56.699,1.7612,217.75,2.34,-274.45,274.45,1.37,27.153,44.881
1435,ARKB,ARK 21Shares Bitcoin ETF,ARK / 21Shares,ARKB,ARK 21Shares Bitcoin ETF,BTC-USD,2026-06-18,20.88,5000.0,0.21,51.317,1.7186,225.21,2.3545,-276.52,276.52,1.44,22.618,46.397
1436,ARKB,ARK 21Shares Bitcoin ETF,ARK / 21Shares,ARKB,ARK 21Shares Bitcoin ETF,BTC-USD,2026-06-22,21.36,5000.0,0.21,51.571,1.7207,172.35,2.2389,-223.92,223.92,1.46,22.618,47.039
1437,ARKB,ARK 21Shares Bitcoin ETF,ARK / 21Shares,ARKB,ARK 21Shares Bitcoin ETF,BTC-USD,2026-06-23,20.68,5000.0,0.21,47.201,1.6831,303.95,2.4842,-351.15,351.15,1.54,17.859,47.201
1438,ARKB,ARK 21Shares Bitcoin ETF,ARK / 21Shares,ARKB,ARK 21Shares Bitcoin ETF,BTC-USD,2026-06-24,19.86,5000.0,0.21,46.416,1.6759,452.95,2.657,-499.36,499.36,1.84,17.859,48.388
1439,ARKB,ARK 21Shares Bitcoin ETF,ARK / 21Shares,ARKB,ARK 21Shares Bitcoin ETF,BTC-USD,2026-06-25,19.64,5000.0,0.21,45.493,1.6674,348.43,2.5434,-393.93,393.93,1.89,17.857,47.16
1440,ARKB,ARK 21Shares Bitcoin ETF,ARK / 21Shares,ARKB,ARK 21Shares Bitcoin ETF,BTC-USD,2026-06-26,19.8,5000.0,0.21,56.322,1.7583,345.82,2.5401,-402.15,402.15,2.04,26.199,47.359
1441,ARKB,ARK 21Shares Bitcoin ETF,ARK / 21Shares,ARKB,ARK 21Shares Bitcoin ETF,BTC-USD,2026-06-29,20.0,5000.0,0.21,67.504,1.8357,141.3,2.1532,-208.81,208.81,1.97,37.347,46.062
1442,ARKB,ARK 21Shares Bitcoin ETF,ARK / 21Shares,ARKB,ARK 21Shares Bitcoin ETF,BTC-USD,2026-06-30,19.46,5000.0,0.21,61.672,1.7971,207.86,2.3199,-269.53,269.53,2.03,31.993,45.629
1443,ARKB,ARK 21Shares Bitcoin ETF,ARK / 21Shares,ARKB,ARK 21Shares Bitcoin ETF,BTC-USD,2026-07-01,19.89,5000.0,0.21,65.7,1.8241,186.0,2.2718,-251.7,251.7,2.06,31.993,45.213
1444,ARKB,ARK 21Shares Bitcoin ETF,ARK / 21Shares,ARKB,ARK 21Shares Bitcoin ETF,BTC-USD,2026-07-02,20.37,5000.0,0.21,65.677,1.824,146.55,2.1689,-212.23,212.23,2.24,31.993,43.862
1445,ARKB,ARK 21Shares Bitcoin ETF,ARK / 21Shares,ARKB,ARK 21Shares Bitcoin ETF,BTC-USD,2026-07-06,21.13,5000.0,0.21,66.458,1.829,249.89,2.3995,-316.35,316.35,2.69,33.509,43.446
1446,ARKB,ARK 21Shares Bitcoin ETF,ARK / 21Shares,ARKB,ARK 21Shares Bitcoin ETF,BTC-USD,2026-07-07,21.16,5000.0,0.21,71.384,1.8596,-15.64,-1.2211,55.75,55.75,2.31,36.526,42.643
1447,ARKB,ARK 21Shares Bitcoin ETF,ARK / 21Shares,ARKB,ARK 21Shares Bitcoin ETF,BTC-USD,2026-07-08,20.63,5000.0,0.21,68.858,1.8442,27.73,1.4583,96.58,96.58,2.36,36.526,40.589
1448,ARKB,ARK 21Shares Bitcoin ETF,ARK / 21Shares,ARKB,ARK 21Shares Bitcoin ETF,BTC-USD,2026-07-09,20.97,5000.0,0.21,74.266,1.8766,5.19,0.7917,-79.46,79.46,2.3,36.526,40.09
1449,ARKB,ARK 21Shares Bitcoin ETF,ARK / 21Shares,ARKB,ARK 21Shares Bitcoin ETF,BTC-USD,2026-07-10,21.2,5000.0,0.21,74.266,1.8766,41.46,1.628,-115.73,115.73,2.32,36.526,39.75
1450,ARKB,ARK 21Shares Bitcoin ETF,ARK / 21Shares,ARKB,ARK 21Shares Bitcoin ETF,BTC-USD,2026-07-13,20.63,5000.0,0.21,69.003,1.8451,13.21,1.1525,-82.21,82.21,2.25,33.97,39.081
1451,ARKB,ARK 21Shares Bitcoin ETF,ARK / 21Shares,ARKB,ARK 21Shares Bitcoin ETF,BTC-USD,2026-07-14,21.42,5000.0,0.21,73.558,1.8725,27.88,1.4605,-101.43,101.43,2.38,33.97,38.734
1452,ARKB,ARK 21Shares Bitcoin ETF,ARK / 21Shares,ARKB,ARK 21Shares Bitcoin ETF,BTC-USD,2026-07-15,21.55,5000.0,0.21,73.399,1.8716,-67.54,-1.8359,-5.86,5.86,2.33,33.878,37.988
1453,ARKB,ARK 21Shares Bitcoin ETF,ARK / 21Shares,ARKB,ARK 21Shares Bitcoin ETF,BTC-USD,2026-07-16,21.31,5000.0,0.21,73.399,1.8716,-17.94,-1.2774,-55.46,55.46,2.33,33.878,37.413
1454,ARKB,ARK 21Shares Bitcoin ETF,ARK / 21Shares,ARKB,ARK 21Shares Bitcoin ETF,BTC-USD,2026-07-17,21.28,5000.0,0.21,67.814,1.8377,-31.02,-1.5054,-36.8,36.8,2.4,33.878,37.937
1455,ARKB,ARK 21Shares Bitcoin ETF,ARK / 21Shares,ARKB,ARK 21Shares Bitcoin ETF,BTC-USD,2026-07-20,21.6,5000.0,0.21,66.252,1.8277,-26.05,-1.4322,-40.2,40.2,2.38,30.966,37.887
1456,ARKB,ARK 21Shares Bitcoin ETF,ARK / 21Shares,ARKB,ARK 21Shares Bitcoin ETF,BTC-USD,2026-07-21,22.04,5000.0,0.21,66.252,1.8277,-16.17,-1.2349,-50.08,50.08,2.31,30.966,37.477
1457,ARKB,ARK 21Shares Bitcoin ETF,ARK / 21Shares,ARKB,ARK 21Shares Bitcoin ETF,BTC-USD,2026-07-22,21.86,5000.0,0.21,68.537,1.8422,77.19,1.8931,-145.73,145.73,2.24,30.966,36.405
1458,ARKB,ARK 21Shares Bitcoin ETF,ARK / 21Shares,ARKB,ARK 21Shares Bitcoin ETF,BTC-USD,2026-07-23,21.47,5000.0,0.21,68.537,1.8422,-39.31,-1.6054,-29.23,29.23,2.23,30.966,36.134
1459,ARKB,ARK 21Shares Bitcoin ETF,ARK / 21Shares,ARKB,ARK 21Shares Bitcoin ETF,BTC-USD,2026-07-24,21.28,5000.0,0.21,68.742,1.8435,113.95,2.0605,182.69,182.69,2.21,30.966,34.624
1460,ARKB,ARK 21Shares Bitcoin ETF,ARK / 21Shares,ARKB,ARK 21Shares Bitcoin ETF,BTC-USD,2026-07-27,21.52,5000.0,0.21,67.183,1.8337,204.43,2.3127,271.62,271.62,2.42,24.023,33.186
1461,ARKB,ARK 21Shares Bitcoin ETF,ARK / 21Shares,ARKB,ARK 21Shares Bitcoin ETF,BTC-USD,2026-07-28,21.17,5000.0,0.21,56.354,1.7586,-10.54,-1.0621,45.82,45.82,2.13,15.682,33.72
1462,ARKB,ARK 21Shares Bitcoin ETF,ARK / 21Shares,ARKB,ARK 21Shares Bitcoin ETF,BTC-USD,2026-07-29,21.055,5000.0,0.21,45.342,1.666,50.34,1.7104,-95.68,95.68,2.05,4.533,34.485
1463,ARKB,ARK 21Shares Bitcoin ETF,ARK / 21Shares,ARKB,ARK 21Shares Bitcoin ETF,BTC-USD,2026-07-30,21.48,5000.0,0.21,45.698,1.6693,-41.37,-1.6271,4.33,4.33,1.99,4.533,34.223
1464,ARKB,ARK 21Shares Bitcoin ETF,ARK / 21Shares,ARKB,ARK 21Shares Bitcoin ETF,BTC-USD,2026-07-31,20.85,5000.0,0.21,43.61,1.6494,-36.94,-1.5791,6.67,6.67,1.99,4.533,34.175
1465,ARKB,ARK 21Shares Bitcoin ETF,ARK / 21Shares,ARKB,ARK 21Shares Bitcoin ETF,BTC-USD,2026-08-03,21.17,5000.0,0.21,50.634,1.7129,12.89,1.1427,63.52,63.52,1.74,12.647,33.925
1466,ARKB,ARK 21Shares Bitcoin ETF,ARK / 21Shares,ARKB,ARK 21Shares Bitcoin ETF,BTC-USD,2026-08-04,21.29,5000.0,0.21,49.071,1.6996,16.94,1.2537,66.01,66.01,2.5,11.13,32.994
1467,ARKB,ARK 21Shares Bitcoin ETF,ARK / 21Shares,ARKB,ARK 21Shares Bitcoin ETF,BTC-USD,2026-08-05,21.5,5000.0,0.21,44.202,1.6552,-0.12,-0.051,-44.08,44.08,2.43,8.228,32.907
1468,ARKB,ARK 21Shares Bitcoin ETF,ARK / 21Shares,ARKB,ARK 21Shares Bitcoin ETF,BTC-USD,2026-08-06,21.35,5000.0,0.21,48.367,1.6934,-25.08,-1.4163,23.29,23.29,2.4,12.595,31.667
1469,ARKB,ARK 21Shares Bitcoin ETF,ARK / 21Shares,ARKB,ARK 21Shares Bitcoin ETF,BTC-USD,2026-08-07,21.54,5000.0,0.21,44.802,1.6609,-37.66,-1.5873,7.14,7.14,2.21,12.595,31.073
1470,ARKB,ARK 21Shares Bitcoin ETF,ARK / 21Shares,ARKB,ARK 21Shares Bitcoin ETF,BTC-USD,2026-08-10,21.21,5000.0,0.21,48.419,1.6939,-4.84,-0.7662,43.58,43.58,2.43,12.595,31.0
1471,ARKB,ARK 21Shares Bitcoin ETF,ARK / 21Shares,ARKB,ARK 21Shares Bitcoin ETF,BTC-USD,2026-08-11,21.05,5000.0,0.21,46.194,1.6739,-36.28,-1.5715,-9.92,9.92,2.38,12.595,30.363
1472,ARKB,ARK 21Shares Bitcoin ETF,ARK / 21Shares,ARKB,ARK 21Shares Bitcoin ETF,BTC-USD,2026-08-12,21.01,5000.0,0.21,47.416,1.685,4.81,0.7643,52.23,52.23,2.44,17.343,29.82
1473,ARKB,ARK 21Shares Bitcoin ETF,ARK / 21Shares,ARKB,ARK 21Shares Bitcoin ETF,BTC-USD,2026-08-13,21.0,5000.0,0.21,48.839,1.6976,2.25,0.5125,-51.09,51.09,2.4,19.933,31.818
1474,ARKB,ARK 21Shares Bitcoin ETF,ARK / 21Shares,ARKB,ARK 21Shares Bitcoin ETF,BTC-USD,2026-08-14,20.85,5000.0,0.21,49.42,1.7026,40.08,1.6136,-89.5,89.5,2.38,19.933,32.18
1475,ARKB,ARK 21Shares Bitcoin ETF,ARK / 21Shares,ARKB,ARK 21Shares Bitcoin ETF,BTC-USD,2026-08-17,21.31,5000.0,0.21,50.619,1.7128,24.88,1.4129,-75.5,75.5,2.26,19.933,33.457
1476,ARKB,ARK 21Shares Bitcoin ETF,ARK / 21Shares,ARKB,ARK 21Shares Bitcoin ETF,BTC-USD,2026-08-18,21.43,5000.0,0.21,50.188,1.7092,-41.36,-1.627,8.83,8.83,2.77,19.933,32.934
1477,ARKB,ARK 21Shares Bitcoin ETF,ARK / 21Shares,ARKB,ARK 21Shares Bitcoin ETF,BTC-USD,2026-08-19,22.7,5000.0,0.21,50.188,1.7092,34.07,1.545,-84.26,84.26,2.64,19.933,36.152
1478,ARKB,ARK 21Shares Bitcoin ETF,ARK / 21Shares,ARKB,ARK 21Shares Bitcoin ETF,BTC-USD,2026-08-20,24.1,5000.0,0.21,47.121,1.6823,-29.62,-1.486,17.5,17.5,2.78,19.933,38.924
1479,ARKB,ARK 21Shares Bitcoin ETF,ARK / 21Shares,ARKB,ARK 21Shares Bitcoin ETF,BTC-USD,2026-08-21,25.55,5000.0,0.21,47.121,1.6823,6.95,0.9002,-54.07,54.07,2.63,19.933,41.872
1480,ARKB,ARK 21Shares Bitcoin ETF,ARK / 21Shares,ARKB,ARK 21Shares Bitcoin ETF,BTC-USD,2026-08-24,26.12,5000.0,0.21,48.729,1.6966,-16.55,-1.2444,32.17,32.17,2.91,19.933,43.451
1481,ARKB,ARK 21Shares Bitcoin ETF,ARK / 21Shares,ARKB,ARK 21Shares Bitcoin ETF,BTC-USD,2026-08-25,26.17,5000.0,0.21,46.275,1.6746,23.75,1.3936,-70.02,70.02,2.76,26.574,44.039
1482,ARKB,ARK 21Shares Bitcoin ETF,ARK / 21Shares,ARKB,ARK 21Shares Bitcoin ETF,BTC-USD,2026-08-26,26.03,5000.0,0.21,47.25,1.6835,-40.87,-1.6219,6.38,6.38,2.86,26.574,43.333
1483,ARKB,ARK 21Shares Bitcoin ETF,ARK / 21Shares,ARKB,ARK 21Shares Bitcoin ETF,BTC-USD,2026-08-27,26.51,5000.0,0.21,47.3,1.6839,86.28,1.9409,133.58,133.58,3.1,26.574,42.77
1484,BITB,Bitwise Bitcoin ETF,Bitwise,BITB,Bitwise Bitcoin ETF,BTC-USD,2025-03-07,47.33,4000.0,0.2,100.568,2.0068,-96.18,-1.9876,-4.39,4.39,0.14,88.037,86.716
1485,BITB,Bitwise Bitcoin ETF,Bitwise,BITB,Bitwise Bitcoin ETF,BTC-USD,2025-03-10,42.99,4000.0,0.2,90.055,1.9593,-31.48,-1.5116,58.58,58.58,0.18,79.223,88.509
1486,BITB,Bitwise Bitcoin ETF,Bitwise,BITB,Bitwise Bitcoin ETF,BTC-USD,2025-03-11,45.21,4000.0,0.2,100.055,2.0046,41.41,1.6275,141.46,141.46,0.21,80.274,85.216
1487,BITB,Bitwise Bitcoin ETF,Bitwise,BITB,Bitwise Bitcoin ETF,BTC-USD,2025-03-12,45.12,4000.0,0.2,101.92,2.0125,-56.99,-1.7633,-44.93,44.93,0.07,90.352,84.948
1488,BITB,Bitwise Bitcoin ETF,Bitwise,BITB,Bitwise Bitcoin ETF,BTC-USD,2025-03-13,43.61,4000.0,0.2,109.185,2.0421,-81.86,-1.9183,-27.33,27.33,0.2,99.543,84.841
1489,BITB,Bitwise Bitcoin ETF,Bitwise,BITB,Bitwise Bitcoin ETF,BTC-USD,2025-03-14,46.08,4000.0,0.2,104.099,2.0216,111.03,2.0493,215.13,215.13,0.22,88.95,85.569
1490,BITB,Bitwise Bitcoin ETF,Bitwise,BITB,Bitwise Bitcoin ETF,BTC-USD,2025-03-17,45.99,4000.0,0.2,105.46,2.0272,18.94,1.2997,124.4,124.4,0.23,95.085,85.476
1491,BITB,Bitwise Bitcoin ETF,Bitwise,BITB,Bitwise Bitcoin ETF,BTC-USD,2025-03-18,44.8,4000.0,0.2,105.616,2.0278,-96.51,-1.9891,9.1,9.1,0.21,95.085,85.492
1492,BITB,Bitwise Bitcoin ETF,Bitwise,BITB,Bitwise Bitcoin ETF,BTC-USD,2025-03-19,46.55,4000.0,0.2,105.616,2.0278,-75.31,-1.8826,30.3,30.3,0.21,95.085,84.229
1493,BITB,Bitwise Bitcoin ETF,Bitwise,BITB,Bitwise Bitcoin ETF,BTC-USD,2025-03-20,45.81,4000.0,0.2,115.117,2.0649,-30.37,-1.4965,84.75,84.75,0.22,104.767,83.147
1494,BITB,Bitwise Bitcoin ETF,Bitwise,BITB,Bitwise Bitcoin ETF,BTC-USD,2025-03-21,45.68,4000.0,0.2,114.427,2.0623,-107.71,-2.0363,6.72,6.72,0.2,104.767,81.33
1495,BITB,Bitwise Bitcoin ETF,Bitwise,BITB,Bitwise Bitcoin ETF,BTC-USD,2025-03-24,48.04,4000.0,0.2,108.683,2.0401,151.18,2.1824,259.86,259.86,0.15,99.723,77.521
1496,BITB,Bitwise Bitcoin ETF,Bitwise,BITB,Bitwise Bitcoin ETF,BTC-USD,2025-03-25,48.0,4000.0,0.2,115.317,2.0656,43.02,1.6436,-158.33,158.33,,104.1,74.05
1497,BITB,Bitwise Bitcoin ETF,Bitwise,BITB,Bitwise Bitcoin ETF,BTC-USD,2025-03-26,47.09,4000.0,0.2,119.939,2.0826,-69.56,-1.8486,50.37,50.37,,104.1,64.836
1498,BITB,Bitwise Bitcoin ETF,Bitwise,BITB,Bitwise Bitcoin ETF,BTC-USD,2025-03-27,47.38,4000.0,0.2,127.156,2.1077,-115.81,-2.0675,-11.34,11.34,,111.562,59.988
1499,BITB,Bitwise Bitcoin ETF,Bitwise,BITB,Bitwise Bitcoin ETF,BTC-USD,2025-03-28,45.58,4000.0,0.2,115.724,2.0672,-33.29,-1.5351,82.44,82.44,,96.574,55.358
1500,BITB,Bitwise Bitcoin ETF,Bitwise,BITB,Bitwise Bitcoin ETF,BTC-USD,2025-03-31,44.88,4000.0,0.2,113.167,2.0575,-106.96,-2.0333,-6.21,6.21,,91.46,51.929
1501,BITB,Bitwise Bitcoin ETF,Bitwise,BITB,Bitwise Bitcoin ETF,BTC-USD,2025-04-01,46.27,4000.0,0.2,113.176,2.0576,-104.74,-2.0242,-8.43,8.43,,91.46,50.687
1502,BITB,Bitwise Bitcoin ETF,Bitwise,BITB,Bitwise Bitcoin ETF,BTC-USD,2025-04-02,47.33,4000.0,0.2,118.188,2.0762,452.87,2.6569,571.06,571.06,,91.46,48.918
1503,BITB,Bitwise Bitcoin ETF,Bitwise,BITB,Bitwise Bitcoin ETF,BTC-USD,2025-04-03,44.59,4000.0,0.2,118.188,2.0762,15.15,1.2081,-133.33,133.33,,91.46,48.794
1504,BITB,Bitwise Bitcoin ETF,Bitwise,BITB,Bitwise Bitcoin ETF,BTC-USD,2025-04-04,45.69,4000.0,0.2,114.635,2.0631,-1.77,-0.4432,112.86,112.86,,80.576,49.261
1505,BITB,Bitwise Bitcoin ETF,Bitwise,BITB,Bitwise Bitcoin ETF,BTC-USD,2025-04-07,42.43,4000.0,0.2,108.772,2.0405,120.21,2.0836,-228.99,228.99,,67.883,51.033
1506,BITB,Bitwise Bitcoin ETF,Bitwise,BITB,Bitwise Bitcoin ETF,BTC-USD,2025-04-08,41.75,4000.0,0.2,128.783,2.1132,-56.08,-1.7565,-72.71,72.71,,88.613,49.423
1507,BITB,Bitwise Bitcoin ETF,Bitwise,BITB,Bitwise Bitcoin ETF,BTC-USD,2025-04-09,44.77,4000.0,0.2,120.523,2.0847,-46.68,-1.6783,-73.84,73.84,,87.04,52.759
1508,BITB,Bitwise Bitcoin ETF,Bitwise,BITB,Bitwise Bitcoin ETF,BTC-USD,2025-04-10,43.3,4000.0,0.2,127.299,2.1082,-79.97,-1.9083,47.33,47.33,,87.836,54.283
1509,BITB,Bitwise Bitcoin ETF,Bitwise,BITB,Bitwise Bitcoin ETF,BTC-USD,2025-04-11,45.65,4000.0,0.2,120.783,2.0856,46.77,1.6792,167.55,167.55,,78.645,55.255
1510,BITB,Bitwise Bitcoin ETF,Bitwise,BITB,Bitwise Bitcoin ETF,BTC-USD,2025-04-14,46.22,4000.0,0.2,113.721,2.0596,-80.23,-1.9097,-33.49,33.49,,78.645,53.628
1511,BITB,Bitwise Bitcoin ETF,Bitwise,BITB,Bitwise Bitcoin ETF,BTC-USD,2025-04-15,45.74,4000.0,0.2,114.206,2.0615,-105.24,-2.0263,-8.97,8.97,,77.426,52.932
1512,BITB,Bitwise Bitcoin ETF,Bitwise,BITB,Bitwise Bitcoin ETF,BTC-USD,2025-04-16,45.92,4000.0,0.2,117.313,2.073,-29.32,-1.4818,87.99,87.99,,80.59,53.053
1513,BITB,Bitwise Bitcoin ETF,Bitwise,BITB,Bitwise Bitcoin ETF,BTC-USD,2025-04-17,46.23,4000.0,0.2,124.81,2.0997,40.49,1.6179,165.3,165.3,,89.082,52.467
1514,BITB,Bitwise Bitcoin ETF,Bitwise,BITB,Bitwise Bitcoin ETF,BTC-USD,2025-04-21,47.57,4000.0,0.2,112.32,2.0543,-94.97,-1.9821,17.35,17.35,,77.361,54.87
1515,BITB,Bitwise Bitcoin ETF,Bitwise,BITB,Bitwise Bitcoin ETF,BTC-USD,2025-04-22,49.8,4000.0,0.2,112.348,2.0544,-2.87,-0.588,-109.48,109.48,,77.361,59.792
1516,BITB,Bitwise Bitcoin ETF,Bitwise,BITB,Bitwise Bitcoin ETF,BTC-USD,2025-04-23,50.89,4000.0,0.2,112.32,2.0543,-87.67,-1.9478,-24.65,24.65,,77.361,61.367
1517,BITB,Bitwise Bitcoin ETF,Bitwise,BITB,Bitwise Bitcoin ETF,BTC-USD,2025-04-24,50.96,4000.0,0.2,110.892,2.0488,-81.5,-1.9165,-29.39,29.39,,75.66,62.777
1518,BITB,Bitwise Bitcoin ETF,Bitwise,BITB,Bitwise Bitcoin ETF,BTC-USD,2025-04-25,51.93,4000.0,0.2,106.89,2.033,107.61,2.0359,214.5,214.5,,75.66,64.302
1519,BITB,Bitwise Bitcoin ETF,Bitwise,BITB,Bitwise Bitcoin ETF,BTC-USD,2025-04-28,51.59,4000.0,0.2,105.322,2.0266,-13.83,-1.1711,91.49,91.49,,68.378,65.332
1520,BITB,Bitwise Bitcoin ETF,Bitwise,BITB,Bitwise Bitcoin ETF,BTC-USD,2025-04-29,51.88,4000.0,0.2,107.185,2.0342,175.82,2.2475,283.0,283.0,,68.378,65.518
1521,BITB,Bitwise Bitcoin ETF,Bitwise,BITB,Bitwise Bitcoin ETF,BTC-USD,2025-04-30,51.23,4000.0,0.2,109.011,2.0414,-4.82,-0.7652,104.19,104.19,,68.378,65.746
1522,BITB,Bitwise Bitcoin ETF,Bitwise,BITB,Bitwise Bitcoin ETF,BTC-USD,2025-05-01,52.59,4000.0,0.2,109.011,2.0414,38.14,1.5927,147.15,147.15,,68.378,64.945
1523,BITB,Bitwise Bitcoin ETF,Bitwise,BITB,Bitwise Bitcoin ETF,BTC-USD,2025-05-02,52.81,4000.0,0.2,103.791,2.0203,268.73,2.4309,-372.52,372.52,,68.378,64.128
1524,BITB,Bitwise Bitcoin ETF,Bitwise,BITB,Bitwise Bitcoin ETF,BTC-USD,2025-05-05,51.31,4000.0,0.2,103.791,2.0203,102.5,2.0149,206.29,206.29,,68.378,65.072
1525,BITB,Bitwise Bitcoin ETF,Bitwise,BITB,Bitwise Bitcoin ETF,BTC-USD,2025-05-06,51.68,4000.0,0.2,104.481,2.0232,-23.24,-1.3846,-81.24,81.24,,73.584,63.428
1526,BITB,Bitwise Bitcoin ETF,Bitwise,BITB,Bitwise Bitcoin ETF,BTC-USD,2025-05-07,52.38,4000.0,0.2,104.161,2.0219,138.72,2.1453,242.88,242.88,,73.584,59.238
1527,BITB,Bitwise Bitcoin ETF,Bitwise,BITB,Bitwise Bitcoin ETF,BTC-USD,2025-05-08,55.15,4000.0,0.2,83.62,1.9275,-80.47,-1.911,3.15,3.15,,52.854,59.136
1528,BITB,Bitwise Bitcoin ETF,Bitwise,BITB,Bitwise Bitcoin ETF,BTC-USD,2025-05-09,56.18,4000.0,0.2,69.453,1.8479,178.32,2.2536,247.77,247.77,,41.083,55.267
1529,BITB,Bitwise Bitcoin ETF,Bitwise,BITB,Bitwise Bitcoin ETF,BTC-USD,2025-05-12,55.43,4000.0,0.2,59.733,1.7834,66.0,1.8261,125.73,125.73,,31.526,55.223
1530,BITB,Bitwise Bitcoin ETF,Bitwise,BITB,Bitwise Bitcoin ETF,BTC-USD,2025-05-13,57.07,4000.0,0.2,59.283,1.7802,142.67,2.1574,201.95,201.95,,32.74,54.764
1531,BITB,Bitwise Bitcoin ETF,Bitwise,BITB,Bitwise Bitcoin ETF,BTC-USD,2025-05-14,56.21,4000.0,0.2,63.362,1.8086,42.12,1.6347,105.48,105.48,,36.717,55.677
1532,BITB,Bitwise Bitcoin ETF,Bitwise,BITB,Bitwise Bitcoin ETF,BTC-USD,2025-05-15,56.13,4000.0,0.2,58.199,1.7723,22.73,1.3752,80.92,80.92,,32.652,56.809
1533,BITB,Bitwise Bitcoin ETF,Bitwise,BITB,Bitwise Bitcoin ETF,BTC-USD,2025-05-16,56.64,4000.0,0.2,54.323,1.7429,142.02,2.1554,196.34,196.34,,29.487,56.462
1534,BITB,Bitwise Bitcoin ETF,Bitwise,BITB,Bitwise Bitcoin ETF,BTC-USD,2025-05-19,57.45,4000.0,0.2,48.903,1.6981,136.89,2.1395,185.79,185.79,,23.686,57.227
1535,BITB,Bitwise Bitcoin ETF,Bitwise,BITB,Bitwise Bitcoin ETF,BTC-USD,2025-05-20,58.31,4000.0,0.2,52.396,1.7275,178.43,2.2539,230.83,230.83,,23.686,57.152
1536,BITB,Bitwise Bitcoin ETF,Bitwise,BITB,Bitwise Bitcoin ETF,BTC-USD,2025-05-21,59.16,4000.0,0.2,52.146,1.7255,226.74,2.3574,278.89,278.89,,23.686,60.663
1537,BITB,Bitwise Bitcoin ETF,Bitwise,BITB,Bitwise Bitcoin ETF,BTC-USD,2025-05-22,60.51,4000.0,0.2,51.762,1.7223,96.31,1.9882,148.07,148.07,,23.686,62.817
1538,BITB,Bitwise Bitcoin ETF,Bitwise,BITB,Bitwise Bitcoin ETF,BTC-USD,2025-05-23,59.2,4000.0,0.2,49.41,1.7025,249.48,2.3988,298.89,298.89,,21.009,64.639
1539,BITB,Bitwise Bitcoin ETF,Bitwise,BITB,Bitwise Bitcoin ETF,BTC-USD,2025-05-27,59.9,4000.0,0.2,54.756,1.7463,104.44,2.023,159.19,159.19,,22.602,65.829
1540,BITB,Bitwise Bitcoin ETF,Bitwise,BITB,Bitwise Bitcoin ETF,BTC-USD,2025-05-28,58.22,4000.0,0.2,48.285,1.6927,14.34,1.1857,62.62,62.62,,21.364,67.185
1541,BITB,Bitwise Bitcoin ETF,Bitwise,BITB,Bitwise Bitcoin ETF,BTC-USD,2025-05-29,57.45,4000.0,0.2,47.538,1.6861,-35.27,-1.5596,-12.26,12.26,,21.452,72.589
1542,BITB,Bitwise Bitcoin ETF,Bitwise,BITB,Bitwise Bitcoin ETF,BTC-USD,2025-05-30,56.93,4000.0,0.2,45.343,1.666,110.48,2.0472,155.82,155.82,,21.452,73.471
1543,BITB,Bitwise Bitcoin ETF,Bitwise,BITB,Bitwise Bitcoin ETF,BTC-USD,2025-06-02,56.86,4000.0,0.2,51.234,1.718,7.57,0.933,-58.81,58.81,,24.334,73.234
1544,BITB,Bitwise Bitcoin ETF,Bitwise,BITB,Bitwise Bitcoin ETF,BTC-USD,2025-06-03,57.82,4000.0,0.2,51.287,1.7184,93.46,1.9752,144.75,144.75,,24.334,74.805
1545,BITB,Bitwise Bitcoin ETF,Bitwise,BITB,Bitwise Bitcoin ETF,BTC-USD,2025-06-04,57.14,4000.0,0.2,51.326,1.7187,114.66,2.0632,165.99,165.99,,24.334,73.489
1546,BITB,Bitwise Bitcoin ETF,Bitwise,BITB,Bitwise Bitcoin ETF,BTC-USD,2025-06-05,55.44,4000.0,0.2,48.957,1.6986,204.95,2.3138,253.9,253.9,,21.619,77.195
1547,BITB,Bitwise Bitcoin ETF,Bitwise,BITB,Bitwise Bitcoin ETF,BTC-USD,2025-06-06,56.76,4000.0,0.2,58.36,1.7735,78.95,1.9028,137.31,137.31,,24.578,77.64
1548,BITB,Bitwise Bitcoin ETF,Bitwise,BITB,Bitwise Bitcoin ETF,BTC-USD,2025-06-09,59.14,4000.0,0.2,58.36,1.7735,66.09,1.8267,124.45,124.45,,24.578,79.106
1549,BITB,Bitwise Bitcoin ETF,Bitwise,BITB,Bitwise Bitcoin ETF,BTC-USD,2025-06-10,59.6,4000.0,0.2,60.278,1.7873,-55.49,-1.7519,-4.79,4.79,,24.578,80.959
1550,BITB,Bitwise Bitcoin ETF,Bitwise,BITB,Bitwise Bitcoin ETF,BTC-USD,2025-06-11,59.21,4000.0,0.2,64.944,1.8192,105.87,2.0289,170.81,170.81,,30.114,79.806
1551,BITB,Bitwise Bitcoin ETF,Bitwise,BITB,Bitwise Bitcoin ETF,BTC-USD,2025-06-12,58.11,4000.0,0.2,58.183,1.7722,-37.12,-1.5812,21.06,21.06,,28.9,80.946
1552,BITB,Bitwise Bitcoin ETF,Bitwise,BITB,Bitwise Bitcoin ETF,BTC-USD,2025-06-13,57.22,4000.0,0.2,54.037,1.7407,-5.21,-0.7928,-48.83,48.83,,24.923,82.116
1553,BITB,Bitwise Bitcoin ETF,Bitwise,BITB,Bitwise Bitcoin ETF,BTC-USD,2025-06-16,59.16,4000.0,0.2,50.37,1.7107,214.09,2.3326,264.46,264.46,,21.219,82.693
1554,BITB,Bitwise Bitcoin ETF,Bitwise,BITB,Bitwise Bitcoin ETF,BTC-USD,2025-06-17,56.98,4000.0,0.2,52.237,1.7262,-1.9,-0.4622,-50.34,50.34,,21.219,83.734
1555,BITB,Bitwise Bitcoin ETF,Bitwise,BITB,Bitwise Bitcoin ETF,BTC-USD,2025-06-18,56.52,4000.0,0.2,55.558,1.7525,59.6,1.7825,-115.16,115.16,,25.351,84.477
1556,BITB,Bitwise Bitcoin ETF,Bitwise,BITB,Bitwise Bitcoin ETF,BTC-USD,2025-06-20,56.22,4000.0,0.2,56.836,1.7622,31.6,1.5133,-88.44,88.44,,30.036,84.469
1557,BITB,Bitwise Bitcoin ETF,Bitwise,BITB,Bitwise Bitcoin ETF,BTC-USD,2025-06-23,56.2,4000.0,0.2,61.265,1.7942,113.21,2.0577,-174.47,174.47,,30.036,78.667
1558,BITB,Bitwise Bitcoin ETF,Bitwise,BITB,Bitwise Bitcoin ETF,BTC-USD,2025-06-24,57.49,4000.0,0.2,61.312,1.7946,-12.73,-1.1378,-48.58,48.58,,30.036,76.214
1559,BITB,Bitwise Bitcoin ETF,Bitwise,BITB,Bitwise Bitcoin ETF,BTC-USD,2025-06-25,58.66,4000.0,0.2,58.694,1.7759,25.64,1.4255,-84.33,84.33,0.15,30.036,74.879
1560,BITB,Bitwise Bitcoin ETF,Bitwise,BITB,Bitwise Bitcoin ETF,BTC-USD,2025-06-26,58.53,4000.0,0.2,56.161,1.7571,-2.86,-0.5866,-53.3,53.3,0.18,30.382,72.851
1561,BITB,Bitwise Bitcoin ETF,Bitwise,BITB,Bitwise Bitcoin ETF,BTC-USD,2025-06-27,58.14,4000.0,0.2,59.37,1.7808,-3.21,-0.6245,56.16,56.16,0.18,34.979,72.634
1562,BITB,Bitwise Bitcoin ETF,Bitwise,BITB,Bitwise Bitcoin ETF,BTC-USD,2025-06-30,58.59,4000.0,0.2,59.531,1.782,22.36,1.3686,81.9,81.9,0.23,38.633,69.502
1563,BITB,Bitwise Bitcoin ETF,Bitwise,BITB,Bitwise Bitcoin ETF,BTC-USD,2025-07-01,57.32,4000.0,0.2,59.594,1.7824,8.85,0.9934,-68.44,68.44,0.36,38.633,70.514
1564,BITB,Bitwise Bitcoin ETF,Bitwise,BITB,Bitwise Bitcoin ETF,BTC-USD,2025-07-02,59.74,4000.0,0.2,56.896,1.7627,203.63,2.311,260.52,260.52,0.34,35.75,74.801
1565,BITB,Bitwise Bitcoin ETF,Bitwise,BITB,Bitwise Bitcoin ETF,BTC-USD,2025-07-03,59.48,4000.0,0.2,56.896,1.7627,-5.76,-0.8299,-51.14,51.14,0.32,35.75,74.132
1566,BITB,Bitwise Bitcoin ETF,Bitwise,BITB,Bitwise Bitcoin ETF,BTC-USD,2025-07-07,58.78,4000.0,0.2,56.456,1.7593,-52.59,-1.7291,-3.87,3.87,0.3,35.75,75.55
1567,BITB,Bitwise Bitcoin ETF,Bitwise,BITB,Bitwise Bitcoin ETF,BTC-USD,2025-07-08,59.18,4000.0,0.2,56.683,1.761,-5.76,-0.83,50.92,50.92,0.27,33.26,73.301
1568,BITB,Bitwise Bitcoin ETF,Bitwise,BITB,Bitwise Bitcoin ETF,BTC-USD,2025-07-09,60.86,4000.0,0.2,47.28,1.6838,103.55,2.0193,150.83,150.83,0.27,30.301,75.43
1569,BITB,Bitwise Bitcoin ETF,Bitwise,BITB,Bitwise Bitcoin ETF,BTC-USD,2025-07-10,61.74,4000.0,0.2,47.093,1.6821,-21.24,-1.3471,25.85,25.85,0.27,30.301,76.247
1570,BITB,Bitwise Bitcoin ETF,Bitwise,BITB,Bitwise Bitcoin ETF,BTC-USD,2025-07-11,64.31,4000.0,0.2,45.314,1.6657,206.02,2.316,251.34,251.34,0.27,30.301,78.62
1571,BITB,Bitwise Bitcoin ETF,Bitwise,BITB,Bitwise Bitcoin ETF,BTC-USD,2025-07-14,65.25,4000.0,0.2,37.084,1.5807,147.23,2.1709,184.31,184.31,0.28,21.785,81.836
1572,BITB,Bitwise Bitcoin ETF,Bitwise,BITB,Bitwise Bitcoin ETF,BTC-USD,2025-07-15,63.36,4000.0,0.2,37.084,1.5807,-30.56,-1.4991,6.52,6.52,0.27,21.785,86.357
1573,BITB,Bitwise Bitcoin ETF,Bitwise,BITB,Bitwise Bitcoin ETF,BTC-USD,2025-07-16,64.92,4000.0,0.2,41.128,1.6246,315.45,2.5003,356.58,356.58,0.24,21.785,88.35
1574,BITB,Bitwise Bitcoin ETF,Bitwise,BITB,Bitwise Bitcoin ETF,BTC-USD,2025-07-17,64.76,4000.0,0.2,46.83,1.6797,-36.71,-1.5765,10.12,10.12,0.22,27.471,87.882
1575,BITB,Bitwise Bitcoin ETF,Bitwise,BITB,Bitwise Bitcoin ETF,BTC-USD,2025-07-18,63.87,4000.0,0.2,52.744,1.7303,110.6,2.0477,163.34,163.34,0.19,31.575,89.919
1576,BITB,Bitwise Bitcoin ETF,Bitwise,BITB,Bitwise Bitcoin ETF,BTC-USD,2025-07-21,63.53,4000.0,0.2,53.933,1.7398,201.95,2.3074,255.88,255.88,0.17,31.62,92.217
1577,BITB,Bitwise Bitcoin ETF,Bitwise,BITB,Bitwise Bitcoin ETF,BTC-USD,2025-07-22,64.92,4000.0,0.2,54.736,1.7461,161.72,2.2115,216.46,216.46,0.18,27.939,94.085
1578,BITB,Bitwise Bitcoin ETF,Bitwise,BITB,Bitwise Bitcoin ETF,BTC-USD,2025-07-23,64.43,4000.0,0.2,54.753,1.7463,361.47,2.5593,416.22,416.22,0.26,28.805,94.333
1579,BITB,Bitwise Bitcoin ETF,Bitwise,BITB,Bitwise Bitcoin ETF,BTC-USD,2025-07-24,64.78,4000.0,0.2,58.154,1.772,245.12,2.3912,303.28,303.28,0.32,28.906,96.035
1580,BITB,Bitwise Bitcoin ETF,Bitwise,BITB,Bitwise Bitcoin ETF,BTC-USD,2025-07-25,63.57,4000.0,0.2,58.154,1.772,3.75,0.677,61.91,61.91,0.31,28.906,97.133
1581,BITB,Bitwise Bitcoin ETF,Bitwise,BITB,Bitwise Bitcoin ETF,BTC-USD,2025-07-28,64.22,4000.0,0.2,55.106,1.749,80.19,1.9095,135.3,135.3,0.31,26.968,98.624
1582,BITB,Bitwise Bitcoin ETF,Bitwise,BITB,Bitwise Bitcoin ETF,BTC-USD,2025-07-29,63.91,4000.0,0.2,56.252,1.7578,107.82,2.0367,164.07,164.07,0.31,27.416,99.874
1583,BITB,Bitwise Bitcoin ETF,Bitwise,BITB,Bitwise Bitcoin ETF,BTC-USD,2025-07-30,63.56,4000.0,0.2,57.665,1.7684,-16.57,-1.2447,41.1,41.1,0.33,28.376,102.844
1584,BITB,Bitwise Bitcoin ETF,Bitwise,BITB,Bitwise Bitcoin ETF,BTC-USD,2025-07-31,63.49,4000.0,0.2,66.345,1.8283,215.25,2.335,281.59,281.59,0.41,34.931,103.84
1585,BITB,Bitwise Bitcoin ETF,Bitwise,BITB,Bitwise Bitcoin ETF,BTC-USD,2025-08-01,61.51,4000.0,0.2,63.437,1.8091,-49.42,-1.7026,-14.02,14.02,0.4,34.931,106.719
1586,BITB,Bitwise Bitcoin ETF,Bitwise,BITB,Bitwise Bitcoin ETF,BTC-USD,2025-08-04,62.42,4000.0,0.2,67.738,1.8372,38.88,1.6007,106.62,106.62,0.44,39.771,106.53
1587,BITB,Bitwise Bitcoin ETF,Bitwise,BITB,Bitwise Bitcoin ETF,BTC-USD,2025-08-05,61.85,4000.0,0.2,67.738,1.8372,29.77,1.4882,97.51,97.51,0.47,39.771,106.327
1588,BITB,Bitwise Bitcoin ETF,Bitwise,BITB,Bitwise Bitcoin ETF,BTC-USD,2025-08-06,62.72,4000.0,0.2,66.521,1.8294,87.38,1.9464,153.9,153.9,0.49,39.771,107.052
1589,BITB,Bitwise Bitcoin ETF,Bitwise,BITB,Bitwise Bitcoin ETF,BTC-USD,2025-08-07,63.98,4000.0,0.2,66.521,1.8294,4.78,0.7617,71.3,71.3,0.49,39.771,108.226
1590,BITB,Bitwise Bitcoin ETF,Bitwise,BITB,Bitwise Bitcoin ETF,BTC-USD,2025-08-08,63.36,4000.0,0.2,71.011,1.8574,145.8,2.1667,216.81,216.81,0.48,44.63,106.941
1591,BITB,Bitwise Bitcoin ETF,Bitwise,BITB,Bitwise Bitcoin ETF,BTC-USD,2025-08-11,64.76,4000.0,0.2,71.011,1.8574,-53.1,-1.7332,-17.91,17.91,0.46,44.63,105.158
1592,BITB,Bitwise Bitcoin ETF,Bitwise,BITB,Bitwise Bitcoin ETF,BTC-USD,2025-08-12,65.09,4000.0,0.2,75.819,1.8855,-18.08,-1.2807,-57.74,57.74,0.48,49.649,103.54
1593,BITB,Bitwise Bitcoin ETF,Bitwise,BITB,Bitwise Bitcoin ETF,BTC-USD,2025-08-13,66.87,4000.0,0.2,75.819,1.8855,64.97,1.8193,140.78,140.78,0.47,49.649,101.566
1594,BITB,Bitwise Bitcoin ETF,Bitwise,BITB,Bitwise Bitcoin ETF,BTC-USD,2025-08-14,64.19,4000.0,0.2,78.487,1.9003,6.31,0.8636,-84.79,84.79,0.45,49.649,103.249
1595,BITB,Bitwise Bitcoin ETF,Bitwise,BITB,Bitwise Bitcoin ETF,BTC-USD,2025-08-15,63.63,4000.0,0.2,73.81,1.874,-34.72,-1.5529,-39.09,39.09,0.46,46.45,103.92
1596,BITB,Bitwise Bitcoin ETF,Bitwise,BITB,Bitwise Bitcoin ETF,BTC-USD,2025-08-18,63.26,4000.0,0.2,66.075,1.8266,-29.84,-1.4891,36.24,36.24,0.44,42.346,101.557
1597,BITB,Bitwise Bitcoin ETF,Bitwise,BITB,Bitwise Bitcoin ETF,BTC-USD,2025-08-19,61.49,4000.0,0.2,59.603,1.7825,-31.0,-1.5051,28.61,28.61,0.44,35.478,101.083
1598,BITB,Bitwise Bitcoin ETF,Bitwise,BITB,Bitwise Bitcoin ETF,BTC-USD,2025-08-20,62.15,4000.0,0.2,56.781,1.7618,-42.41,-1.6376,-14.37,14.37,0.43,37.59,99.141
1599,BITB,Bitwise Bitcoin ETF,Bitwise,BITB,Bitwise Bitcoin ETF,BTC-USD,2025-08-21,60.98,4000.0,0.2,58.836,1.777,7.53,0.931,-66.37,66.37,0.43,41.701,98.783
1600,BITB,Bitwise Bitcoin ETF,Bitwise,BITB,Bitwise Bitcoin ETF,BTC-USD,2025-08-22,63.47,4000.0,0.2,60.861,1.7914,41.25,1.6258,-102.11,102.11,0.47,45.505,102.363
1601,BITB,Bitwise Bitcoin ETF,Bitwise,BITB,Bitwise Bitcoin ETF,BTC-USD,2025-08-25,60.27,4000.0,0.2,60.861,1.7914,-3.18,-0.6215,57.68,57.68,0.46,45.505,102.004
1602,BITB,Bitwise Bitcoin ETF,Bitwise,BITB,Bitwise Bitcoin ETF,BTC-USD,2025-08-26,60.45,4000.0,0.2,64.84,1.8185,65.21,1.8209,-130.05,130.05,0.48,45.505,101.894
1603,BITB,Bitwise Bitcoin ETF,Bitwise,BITB,Bitwise Bitcoin ETF,BTC-USD,2025-08-27,60.97,4000.0,0.2,62.112,1.8001,-11.25,-1.088,50.87,50.87,0.49,40.46,100.187
1604,BITB,Bitwise Bitcoin ETF,Bitwise,BITB,Bitwise Bitcoin ETF,BTC-USD,2025-08-28,60.9,4000.0,0.2,60.084,1.7859,-39.4,-1.6064,-20.68,20.68,0.51,35.758,96.538
1605,BITB,Bitwise Bitcoin ETF,Bitwise,BITB,Bitwise Bitcoin ETF,BTC-USD,2025-08-29,58.87,4000.0,0.2,51.369,1.7191,99.91,2.0039,-151.28,151.28,0.52,29.203,96.579
1606,BITB,Bitwise Bitcoin ETF,Bitwise,BITB,Bitwise Bitcoin ETF,BTC-USD,2025-09-02,60.26,4000.0,0.2,56.505,1.7597,-42.26,-1.6361,-14.25,14.25,0.51,29.203,91.861
1607,BITB,Bitwise Bitcoin ETF,Bitwise,BITB,Bitwise Bitcoin ETF,BTC-USD,2025-09-03,61.05,4000.0,0.2,52.275,1.7265,4.39,0.7314,56.66,56.66,0.5,24.363,92.195
1608,BITB,Bitwise Bitcoin ETF,Bitwise,BITB,Bitwise Bitcoin ETF,BTC-USD,2025-09-04,59.72,4000.0,0.2,53.787,1.7387,2.67,0.5645,-56.46,56.46,0.49,24.363,92.789
1609,BITB,Bitwise Bitcoin ETF,Bitwise,BITB,Bitwise Bitcoin ETF,BTC-USD,2025-09-05,60.71,4000.0,0.2,53.224,1.7342,-12.03,-1.1151,41.19,41.19,0.5,24.363,94.081
1610,BITB,Bitwise Bitcoin ETF,Bitwise,BITB,Bitwise Bitcoin ETF,BTC-USD,2025-09-08,60.98,4000.0,0.2,57.888,1.77,-7.22,-0.9147,-50.67,50.67,0.51,26.289,91.628
1611,BITB,Bitwise Bitcoin ETF,Bitwise,BITB,Bitwise Bitcoin ETF,BTC-USD,2025-09-09,60.57,4000.0,0.2,58.41,1.7739,-24.75,-1.4107,-33.66,33.66,0.53,24.023,91.018
1612,BITB,Bitwise Bitcoin ETF,Bitwise,BITB,Bitwise Bitcoin ETF,BTC-USD,2025-09-10,61.81,4000.0,0.2,61.699,1.7973,43.92,1.6524,-105.62,105.62,0.54,24.023,91.631
1613,BITB,Bitwise Bitcoin ETF,Bitwise,BITB,Bitwise Bitcoin ETF,BTC-USD,2025-09-11,62.3,4000.0,0.2,57.312,1.7658,44.96,1.6624,-102.28,102.28,0.61,19.987,91.494
1614,BITB,Bitwise Bitcoin ETF,Bitwise,BITB,Bitwise Bitcoin ETF,BTC-USD,2025-09-12,63.6,4000.0,0.2,57.312,1.7658,-46.89,-1.6802,10.42,10.42,0.66,19.987,88.398
1615,BITB,Bitwise Bitcoin ETF,Bitwise,BITB,Bitwise Bitcoin ETF,BTC-USD,2025-09-15,62.73,4000.0,0.2,54.076,1.741,-27.61,-1.4565,-26.47,26.47,0.65,19.987,84.692
1616,BITB,Bitwise Bitcoin ETF,Bitwise,BITB,Bitwise Bitcoin ETF,BTC-USD,2025-09-16,63.57,4000.0,0.2,55.86,1.7548,-45.82,-1.6705,10.04,10.04,0.62,17.5,84.07
1617,BITB,Bitwise Bitcoin ETF,Bitwise,BITB,Bitwise Bitcoin ETF,BTC-USD,2025-09-17,62.91,4000.0,0.2,62.518,1.8029,28.9,1.4757,-91.42,91.42,0.59,22.707,86.884
1618,BITB,Bitwise Bitcoin ETF,Bitwise,BITB,Bitwise Bitcoin ETF,BTC-USD,2025-09-18,63.94,4000.0,0.2,62.076,1.7999,-25.88,-1.4295,36.19,36.19,0.57,22.707,86.491
1619,BITB,Bitwise Bitcoin ETF,Bitwise,BITB,Bitwise Bitcoin ETF,BTC-USD,2025-09-19,62.61,4000.0,0.2,60.023,1.7855,-14.61,-1.1933,-45.42,45.42,0.56,19.591,87.434
1620,BITB,Bitwise Bitcoin ETF,Bitwise,BITB,Bitwise Bitcoin ETF,BTC-USD,2025-09-22,61.0,4000.0,0.2,53.584,1.7371,-35.96,-1.5677,-17.63,17.63,0.55,14.614,86.424
1621,BITB,Bitwise Bitcoin ETF,Bitwise,BITB,Bitwise Bitcoin ETF,BTC-USD,2025-09-23,60.72,4000.0,0.2,50.163,1.709,-3.96,-0.6951,-46.21,46.21,0.56,14.622,80.041
1622,BITB,Bitwise Bitcoin ETF,Bitwise,BITB,Bitwise Bitcoin ETF,BTC-USD,2025-09-24,61.71,4000.0,0.2,52.95,1.732,-31.15,-1.5072,-21.8,21.8,0.57,14.622,77.837
1623,BITB,Bitwise Bitcoin ETF,Bitwise,BITB,Bitwise Bitcoin ETF,BTC-USD,2025-09-25,59.46,4000.0,0.2,50.473,1.7116,33.82,1.5418,84.29,84.29,0.57,14.622,80.549
1624,BITB,Bitwise Bitcoin ETF,Bitwise,BITB,Bitwise Bitcoin ETF,BTC-USD,2025-09-26,59.37,4000.0,0.2,51.96,1.7239,68.98,1.845,-120.94,120.94,0.61,18.871,81.191
1625,BITB,Bitwise Bitcoin ETF,Bitwise,BITB,Bitwise Bitcoin ETF,BTC-USD,2025-09-29,62.24,4000.0,0.2,50.351,1.7105,19.31,1.3076,69.66,69.66,0.65,18.871,84.723
1626,BITB,Bitwise Bitcoin ETF,Bitwise,BITB,Bitwise Bitcoin ETF,BTC-USD,2025-09-30,62.22,4000.0,0.2,54.287,1.7426,38.22,1.5935,92.5,92.5,0.65,23.713,83.272
1627,BITB,Bitwise Bitcoin ETF,Bitwise,BITB,Bitwise Bitcoin ETF,BTC-USD,2025-10-01,63.92,4000.0,0.2,49.183,1.7006,-37.8,-1.5888,-11.38,11.38,0.65,23.713,83.585
1628,BITB,Bitwise Bitcoin ETF,Bitwise,BITB,Bitwise Bitcoin ETF,BTC-USD,2025-10-02,65.8,4000.0,0.2,49.271,1.7013,-18.13,-1.2818,31.14,31.14,0.65,23.713,85.109
1629,BITB,Bitwise Bitcoin ETF,Bitwise,BITB,Bitwise Bitcoin ETF,BTC-USD,2025-10-03,66.82,4000.0,0.2,47.852,1.6889,145.47,2.1657,193.32,193.32,0.65,23.713,87.607
1630,BITB,Bitwise Bitcoin ETF,Bitwise,BITB,Bitwise Bitcoin ETF,BTC-USD,2025-10-06,68.27,4000.0,0.2,46.681,1.6783,-6.99,-0.9023,39.7,39.7,0.65,23.713,88.297
1631,BITB,Bitwise Bitcoin ETF,Bitwise,BITB,Bitwise Bitcoin ETF,BTC-USD,2025-10-07,66.14,4000.0,0.2,42.017,1.6336,20.76,1.3376,62.78,62.78,0.62,21.786,93.245
1632,BITB,Bitwise Bitcoin ETF,Bitwise,BITB,Bitwise Bitcoin ETF,BTC-USD,2025-10-08,67.12,4000.0,0.2,44.483,1.6578,35.45,1.5618,79.94,79.94,0.64,25.377,94.756
1633,BITB,Bitwise Bitcoin ETF,Bitwise,BITB,Bitwise Bitcoin ETF,BTC-USD,2025-10-09,65.83,4000.0,0.2,44.144,1.6546,-25.5,-1.4232,18.64,18.64,0.67,25.554,96.683
1634,BITB,Bitwise Bitcoin ETF,Bitwise,BITB,Bitwise Bitcoin ETF,BTC-USD,2025-10-10,63.4,4000.0,0.2,44.196,1.6551,296.88,2.474,341.07,341.07,0.76,25.66,105.345
1635,BITB,Bitwise Bitcoin ETF,Bitwise,BITB,Bitwise Bitcoin ETF,BTC-USD,2025-10-13,63.05,4000.0,0.2,44.752,1.6604,-8.26,-0.9664,-36.5,36.5,0.64,25.66,110.391
1636,BITB,Bitwise Bitcoin ETF,Bitwise,BITB,Bitwise Bitcoin ETF,BTC-USD,2025-10-14,61.25,4000.0,0.2,41.173,1.625,33.32,1.5356,-74.49,74.49,0.61,25.66,116.325
1637,BITB,Bitwise Bitcoin ETF,Bitwise,BITB,Bitwise Bitcoin ETF,BTC-USD,2025-10-15,60.52,4000.0,0.2,45.87,1.6709,-13.93,-1.174,-31.94,31.94,0.57,31.657,118.45
1638,BITB,Bitwise Bitcoin ETF,Bitwise,BITB,Bitwise Bitcoin ETF,BTC-USD,2025-10-16,58.86,4000.0,0.2,39.213,1.6044,-11.91,-1.1109,-27.3,27.3,0.46,26.45,124.332
1639,BITB,Bitwise Bitcoin ETF,Bitwise,BITB,Bitwise Bitcoin ETF,BTC-USD,2025-10-17,57.88,4000.0,0.2,39.193,1.6041,120.7,2.0853,-159.89,159.89,0.32,26.45,130.579
1640,BITB,Bitwise Bitcoin ETF,Bitwise,BITB,Bitwise Bitcoin ETF,BTC-USD,2025-10-20,60.29,4000.0,0.2,38.536,1.597,-37.4,-1.5843,-1.14,1.14,0.31,26.45,132.075
1641,BITB,Bitwise Bitcoin ETF,Bitwise,BITB,Bitwise Bitcoin ETF,BTC-USD,2025-10-21,60.84,4000.0,0.2,46.477,1.6765,228.02,2.3599,274.49,274.49,0.29,29.544,139.31
1642,BITB,Bitwise Bitcoin ETF,Bitwise,BITB,Bitwise Bitcoin ETF,BTC-USD,2025-10-22,58.6,4000.0,0.2,44.523,1.6582,12.3,1.1238,-56.82,56.82,0.19,25.631,144.654
1643,BITB,Bitwise Bitcoin ETF,Bitwise,BITB,Bitwise Bitcoin ETF,BTC-USD,2025-10-23,59.94,4000.0,0.2,41.735,1.6308,31.2,1.5079,-72.94,72.94,0.2,25.631,147.791
1644,BITB,Bitwise Bitcoin ETF,Bitwise,BITB,Bitwise Bitcoin ETF,BTC-USD,2025-10-24,60.16,4000.0,0.2,42.554,1.639,69.27,1.8468,-111.82,111.82,0.21,30.156,145.241
1645,BITB,Bitwise Bitcoin ETF,Bitwise,BITB,Bitwise Bitcoin ETF,BTC-USD,2025-10-27,62.52,4000.0,0.2,39.007,1.6021,60.92,1.7918,99.92,99.92,0.2,25.908,145.205
1646,BITB,Bitwise Bitcoin ETF,Bitwise,BITB,Bitwise Bitcoin ETF,BTC-USD,2025-10-28,61.81,4000.0,0.2,42.942,1.6429,-37.35,-1.5837,5.59,5.59,0.21,28.84,143.989
1647,BITB,Bitwise Bitcoin ETF,Bitwise,BITB,Bitwise Bitcoin ETF,BTC-USD,2025-10-29,60.12,4000.0,0.2,38.918,1.6012,24.61,1.4084,-63.53,63.53,0.18,23.998,153.773
1648,BITB,Bitwise Bitcoin ETF,Bitwise,BITB,Bitwise Bitcoin ETF,BTC-USD,2025-10-30,57.83,4000.0,0.2,38.918,1.6012,164.1,2.2177,-203.02,203.02,0.18,23.998,159.085
1649,BITB,Bitwise Bitcoin ETF,Bitwise,BITB,Bitwise Bitcoin ETF,BTC-USD,2025-10-31,59.67,4000.0,0.2,42.438,1.6379,83.54,1.9271,-125.98,125.98,0.22,23.998,161.161
1650,BITB,Bitwise Bitcoin ETF,Bitwise,BITB,Bitwise Bitcoin ETF,BTC-USD,2025-11-03,57.98,4000.0,0.2,44.439,1.6574,137.72,2.1421,-182.16,182.16,0.23,23.998,162.04
1651,BITB,Bitwise Bitcoin ETF,Bitwise,BITB,Bitwise Bitcoin ETF,BTC-USD,2025-11-04,54.77,4000.0,0.2,44.439,1.6574,279.11,2.4473,-323.55,323.55,0.36,23.998,168.238
1652,BITB,Bitwise Bitcoin ETF,Bitwise,BITB,Bitwise Bitcoin ETF,BTC-USD,2025-11-05,56.48,4000.0,0.2,57.004,1.7635,120.31,2.0839,-177.32,177.32,0.43,29.929,166.785
1653,BITB,Bitwise Bitcoin ETF,Bitwise,BITB,Bitwise Bitcoin ETF,BTC-USD,2025-11-06,54.85,4000.0,0.2,56.168,1.7572,170.91,2.2353,-227.08,227.08,0.5,23.745,169.702
1654,BITB,Bitwise Bitcoin ETF,Bitwise,BITB,Bitwise Bitcoin ETF,BTC-USD,2025-11-07,56.39,4000.0,0.2,64.374,1.8154,16.19,1.2352,-80.56,80.56,0.53,31.528,170.428
1655,BITB,Bitwise Bitcoin ETF,Bitwise,BITB,Bitwise Bitcoin ETF,BTC-USD,2025-11-10,57.63,4000.0,0.2,63.844,1.8119,297.55,2.475,-361.39,361.39,0.57,30.439,162.884
1656,BITB,Bitwise Bitcoin ETF,Bitwise,BITB,Bitwise Bitcoin ETF,BTC-USD,2025-11-11,55.88,4000.0,0.2,65.774,1.8246,124.13,2.0974,-189.9,189.9,0.61,30.439,158.636
1657,BITB,Bitwise Bitcoin ETF,Bitwise,BITB,Bitwise Bitcoin ETF,BTC-USD,2025-11-12,55.2,4000.0,0.2,68.885,1.8444,-1.65,-0.4236,-67.23,67.23,0.6,35.682,157.268
1658,BITB,Bitwise Bitcoin ETF,Bitwise,BITB,Bitwise Bitcoin ETF,BTC-USD,2025-11-13,53.25,4000.0,0.2,61.898,1.7986,236.9,2.3764,-298.8,298.8,0.62,29.684,163.842
1659,BITB,Bitwise Bitcoin ETF,Bitwise,BITB,Bitwise Bitcoin ETF,BTC-USD,2025-11-14,51.24,4000.0,0.2,62.028,1.7995,45.75,1.6698,-107.78,107.78,0.61,29.684,160.2
1660,BITB,Bitwise Bitcoin ETF,Bitwise,BITB,Bitwise Bitcoin ETF,BTC-USD,2025-11-17,49.92,4000.0,0.2,62.028,1.7995,49.91,1.7068,-111.93,111.93,0.61,29.684,165.708
1661,BITB,Bitwise Bitcoin ETF,Bitwise,BITB,Bitwise Bitcoin ETF,BTC-USD,2025-11-18,50.44,4000.0,0.2,65.532,1.823,98.45,1.9976,-163.98,163.98,0.64,36.952,167.529
1662,BITB,Bitwise Bitcoin ETF,Bitwise,BITB,Bitwise Bitcoin ETF,BTC-USD,2025-11-19,48.62,4000.0,0.2,64.209,1.8143,554.69,2.7448,-618.9,618.9,0.8,33.858,169.003
1663,BITB,Bitwise Bitcoin ETF,Bitwise,BITB,Bitwise Bitcoin ETF,BTC-USD,2025-11-20,46.91,4000.0,0.2,75.266,1.8823,103.37,2.0186,-178.63,178.63,0.71,39.931,171.1
1664,BITB,Bitwise Bitcoin ETF,Bitwise,BITB,Bitwise Bitcoin ETF,BTC-USD,2025-11-21,45.95,4000.0,0.2,75.228,1.8821,173.05,2.2407,-248.27,248.27,0.74,39.931,181.766
1665,BITB,Bitwise Bitcoin ETF,Bitwise,BITB,Bitwise Bitcoin ETF,BTC-USD,2025-11-24,48.45,4000.0,0.2,73.004,1.8693,-39.85,-1.6112,-33.15,33.15,0.71,35.406,184.451
1666,BITB,Bitwise Bitcoin ETF,Bitwise,BITB,Bitwise Bitcoin ETF,BTC-USD,2025-11-25,47.48,4000.0,0.2,80.214,1.9096,189.27,2.2794,-269.49,269.49,0.72,41.531,190.345
1667,BITB,Bitwise Bitcoin ETF,Bitwise,BITB,Bitwise Bitcoin ETF,BTC-USD,2025-11-26,48.86,4000.0,0.2,79.029,1.9032,221.9,2.3481,-300.93,300.93,0.76,38.598,189.941
1668,BITB,Bitwise Bitcoin ETF,Bitwise,BITB,Bitwise Bitcoin ETF,BTC-USD,2025-11-28,49.32,4000.0,0.2,79.029,1.9032,129.15,2.1144,-208.18,208.18,0.78,38.598,180.163
1669,BITB,Bitwise Bitcoin ETF,Bitwise,BITB,Bitwise Bitcoin ETF,BTC-USD,2025-12-01,46.47,4000.0,0.2,79.092,1.9036,-17.73,-1.2726,-61.36,61.36,0.77,38.598,178.093
1670,BITB,Bitwise Bitcoin ETF,Bitwise,BITB,Bitwise Bitcoin ETF,BTC-USD,2025-12-02,49.5,4000.0,0.2,78.78,1.9019,113.05,2.0571,-191.83,191.83,0.77,38.598,178.672
1671,BITB,Bitwise Bitcoin ETF,Bitwise,BITB,Bitwise Bitcoin ETF,BTC-USD,2025-12-03,50.52,4000.0,0.2,76.781,1.8909,109.91,2.045,-186.69,186.69,0.78,38.598,176.652
1672,BITB,Bitwise Bitcoin ETF,Bitwise,BITB,Bitwise Bitcoin ETF,BTC-USD,2025-12-04,50.3,4000.0,0.2,85.559,1.9373,-45.37,-1.6662,40.19,40.19,0.75,41.313,169.736
1673,BITB,Bitwise Bitcoin ETF,Bitwise,BITB,Bitwise Bitcoin ETF,BTC-USD,2025-12-05,48.55,4000.0,0.2,72.994,1.8692,38.98,1.6019,-111.98,111.98,0.74,35.383,168.225
1674,BITB,Bitwise Bitcoin ETF,Bitwise,BITB,Bitwise Bitcoin ETF,BTC-USD,2025-12-08,49.37,4000.0,0.2,73.131,1.87,-46.71,-1.6786,-26.42,26.42,0.74,39.96,164.455
1675,BITB,Bitwise Bitcoin ETF,Bitwise,BITB,Bitwise Bitcoin ETF,BTC-USD,2025-12-09,50.6,4000.0,0.2,66.895,1.8318,18.55,1.2911,-85.44,85.44,0.73,32.99,161.754
1676,BITB,Bitwise Bitcoin ETF,Bitwise,BITB,Bitwise Bitcoin ETF,BTC-USD,2025-12-10,50.29,4000.0,0.2,76.646,1.8901,-19.82,-1.3185,-56.83,56.83,0.73,43.455,162.476
1677,BITB,Bitwise Bitcoin ETF,Bitwise,BITB,Bitwise Bitcoin ETF,BTC-USD,2025-12-11,49.89,4000.0,0.2,73.808,1.8739,77.35,1.8941,-151.16,151.16,0.73,43.455,166.148
1678,BITB,Bitwise Bitcoin ETF,Bitwise,BITB,Bitwise Bitcoin ETF,BTC-USD,2025-12-12,49.04,4000.0,0.2,82.104,1.9196,4.08,0.7055,-86.18,86.18,0.73,47.297,163.435
1679,BITB,Bitwise Bitcoin ETF,Bitwise,BITB,Bitwise Bitcoin ETF,BTC-USD,2025-12-15,46.61,4000.0,0.2,81.4,1.9159,-76.52,-1.8894,4.88,4.88,0.73,47.297,158.835
1680,BITB,Bitwise Bitcoin ETF,Bitwise,BITB,Bitwise Bitcoin ETF,BTC-USD,2025-12-16,47.59,4000.0,0.2,87.311,1.946,-14.1,-1.1791,-73.21,73.21,0.73,49.43,160.234
1681,BITB,Bitwise Bitcoin ETF,Bitwise,BITB,Bitwise Bitcoin ETF,BTC-USD,2025-12-17,46.63,4000.0,0.2,93.421,1.9751,-38.69,-1.5987,-54.73,54.73,0.73,51.434,149.213
1682,BITB,Bitwise Bitcoin ETF,Bitwise,BITB,Bitwise Bitcoin ETF,BTC-USD,2025-12-18,45.93,4000.0,0.2,104.911,2.0249,39.13,1.6035,-144.04,144.04,0.72,58.763,150.602
1683,BITB,Bitwise Bitcoin ETF,Bitwise,BITB,Bitwise Bitcoin ETF,BTC-USD,2025-12-19,47.8,4000.0,0.2,112.144,2.0536,56.4,1.7589,168.55,168.55,0.69,65.879,145.878
1684,BITB,Bitwise Bitcoin ETF,Bitwise,BITB,Bitwise Bitcoin ETF,BTC-USD,2025-12-22,47.97,4000.0,0.2,101.261,2.0097,-89.72,-1.9577,11.54,11.54,0.71,60.294,142.725
1685,BITB,Bitwise Bitcoin ETF,Bitwise,BITB,Bitwise Bitcoin ETF,BTC-USD,2025-12-23,47.61,4000.0,0.2,101.261,2.0097,-6.03,-0.8469,95.23,95.23,0.74,60.294,133.527
1686,BITB,Bitwise Bitcoin ETF,Bitwise,BITB,Bitwise Bitcoin ETF,BTC-USD,2025-12-24,47.4,4000.0,0.2,104.171,2.0219,43.55,1.6488,-147.72,147.72,0.68,63.031,128.555
1687,BITB,Bitwise Bitcoin ETF,Bitwise,BITB,Bitwise Bitcoin ETF,BTC-USD,2025-12-26,47.54,4000.0,0.2,98.575,1.9982,-82.28,-1.9206,16.29,16.29,0.67,57.844,123.903
1688,BITB,Bitwise Bitcoin ETF,Bitwise,BITB,Bitwise Bitcoin ETF,BTC-USD,2025-12-29,47.31,4000.0,0.2,103.124,2.0176,-61.83,-1.7982,41.29,41.29,0.67,61.268,122.323
1689,BITB,Bitwise Bitcoin ETF,Bitwise,BITB,Bitwise Bitcoin ETF,BTC-USD,2025-12-30,47.73,4000.0,0.2,108.375,2.0389,-41.89,-1.6323,-66.49,66.49,0.63,61.268,125.306
1690,BITB,Bitwise Bitcoin ETF,Bitwise,BITB,Bitwise Bitcoin ETF,BTC-USD,2025-12-31,47.56,4000.0,0.2,113.371,2.0583,-18.36,-1.2869,95.01,95.01,0.62,62.81,122.795
1691,BITB,Bitwise Bitcoin ETF,Bitwise,BITB,Bitwise Bitcoin ETF,BTC-USD,2026-01-02,48.8,4000.0,0.2,110.164,2.046,-102.82,-2.0163,7.34,7.34,0.62,62.81,126.227
1692,BITB,Bitwise Bitcoin ETF,Bitwise,BITB,Bitwise Bitcoin ETF,BTC-USD,2026-01-05,51.21,4000.0,0.2,110.164,2.046,-15.81,-1.2255,94.36,94.36,0.61,62.81,133.447
1693,BITB,Bitwise Bitcoin ETF,Bitwise,BITB,Bitwise Bitcoin ETF,BTC-USD,2026-01-06,50.25,4000.0,0.2,110.58,2.0476,69.29,1.8469,-179.87,179.87,0.57,64.969,136.758
1694,BITB,Bitwise Bitcoin ETF,Bitwise,BITB,Bitwise Bitcoin ETF,BTC-USD,2026-01-07,49.41,4000.0,0.2,114.417,2.0623,-91.88,-1.9679,-22.54,22.54,0.51,64.969,139.277
1695,BITB,Bitwise Bitcoin ETF,Bitwise,BITB,Bitwise Bitcoin ETF,BTC-USD,2026-01-08,49.35,4000.0,0.2,107.698,2.0362,-74.44,-1.8776,-33.26,33.26,0.54,60.392,139.437
1696,BITB,Bitwise Bitcoin ETF,Bitwise,BITB,Bitwise Bitcoin ETF,BTC-USD,2026-01-09,49.0,4000.0,0.2,108.517,2.0395,-37.38,-1.5841,-71.14,71.14,0.54,63.916,140.18
1697,BITB,Bitwise Bitcoin ETF,Bitwise,BITB,Bitwise Bitcoin ETF,BTC-USD,2026-01-12,49.69,4000.0,0.2,105.757,2.0284,-85.47,-1.9369,-20.29,20.29,0.54,61.033,142.413
1698,BITB,Bitwise Bitcoin ETF,Bitwise,BITB,Bitwise Bitcoin ETF,BTC-USD,2026-01-13,51.34,4000.0,0.2,105.873,2.0289,-85.29,-1.936,-20.58,20.58,0.54,61.033,141.388
1699,BITB,Bitwise Bitcoin ETF,Bitwise,BITB,Bitwise Bitcoin ETF,BTC-USD,2026-01-14,53.08,4000.0,0.2,94.466,1.9798,-22.85,-1.3775,71.62,71.62,0.56,51.948,143.693
1700,BITB,Bitwise Bitcoin ETF,Bitwise,BITB,Bitwise Bitcoin ETF,BTC-USD,2026-01-15,51.72,4000.0,0.2,100.141,2.0049,-56.9,-1.7627,43.24,43.24,0.59,56.276,142.988
1701,BITB,Bitwise Bitcoin ETF,Bitwise,BITB,Bitwise Bitcoin ETF,BTC-USD,2026-01-16,51.9,4000.0,0.2,93.83,1.9769,-60.77,-1.7908,33.06,33.06,0.57,54.144,140.754
1702,BITB,Bitwise Bitcoin ETF,Bitwise,BITB,Bitwise Bitcoin ETF,BTC-USD,2026-01-20,48.63,4000.0,0.2,87.934,1.9491,113.04,2.0571,200.97,200.97,0.66,52.14,142.814
1703,BITB,Bitwise Bitcoin ETF,Bitwise,BITB,Bitwise Bitcoin ETF,BTC-USD,2026-01-21,48.95,4000.0,0.2,75.136,1.8816,142.5,2.1569,217.64,217.64,0.76,37.544,141.51
1704,BITB,Bitwise Bitcoin ETF,Bitwise,BITB,Bitwise Bitcoin ETF,BTC-USD,2026-01-22,48.55,4000.0,0.2,66.471,1.8291,-41.23,-1.6256,25.24,25.24,0.76,34.499,139.117
1705,BITB,Bitwise Bitcoin ETF,Bitwise,BITB,Bitwise Bitcoin ETF,BTC-USD,2026-01-23,48.59,4000.0,0.2,71.769,1.8619,-35.11,-1.5576,36.66,36.66,0.78,38.335,137.147
1706,BITB,Bitwise Bitcoin ETF,Bitwise,BITB,Bitwise Bitcoin ETF,BTC-USD,2026-01-26,47.55,4000.0,0.2,71.877,1.8626,10.94,1.0769,-82.81,82.81,0.77,38.335,135.402
1707,BITB,Bitwise Bitcoin ETF,Bitwise,BITB,Bitwise Bitcoin ETF,BTC-USD,2026-01-27,48.51,4000.0,0.2,72.954,1.869,14.49,1.19,87.44,87.44,0.77,41.629,139.154
1708,BITB,Bitwise Bitcoin ETF,Bitwise,BITB,Bitwise Bitcoin ETF,BTC-USD,2026-01-28,48.38,4000.0,0.2,71.301,1.8591,-57.42,-1.7666,-13.88,13.88,0.77,40.692,139.837
1709,BITB,Bitwise Bitcoin ETF,Bitwise,BITB,Bitwise Bitcoin ETF,BTC-USD,2026-01-29,45.67,4000.0,0.2,63.762,1.8113,-41.1,-1.6243,-22.66,22.66,0.78,37.268,148.177
1710,BITB,Bitwise Bitcoin ETF,Bitwise,BITB,Bitwise Bitcoin ETF,BTC-USD,2026-01-30,45.51,4000.0,0.2,58.368,1.7735,-7.79,-0.9438,50.58,50.58,0.78,37.268,151.392
1711,BITB,Bitwise Bitcoin ETF,Bitwise,BITB,Bitwise Bitcoin ETF,BTC-USD,2026-02-02,42.34,4000.0,0.2,53.343,1.7351,11.48,1.0962,-64.82,64.82,0.74,35.725,160.346
1712,BITB,Bitwise Bitcoin ETF,Bitwise,BITB,Bitwise Bitcoin ETF,BTC-USD,2026-02-03,41.47,4000.0,0.2,63.996,1.8129,66.78,1.8311,130.78,130.78,0.73,35.725,169.625
1713,BITB,Bitwise Bitcoin ETF,Bitwise,BITB,Bitwise Bitcoin ETF,BTC-USD,2026-02-04,39.84,4000.0,0.2,71.21,1.8586,-53.83,-1.739,17.38,17.38,0.71,39.363,165.89
1714,BITB,Bitwise Bitcoin ETF,Bitwise,BITB,Bitwise Bitcoin ETF,BTC-USD,2026-02-05,34.56,4000.0,0.2,62.005,1.7994,184.71,2.2688,246.71,246.71,0.76,34.489,176.653
1715,BITB,Bitwise Bitcoin ETF,Bitwise,BITB,Bitwise Bitcoin ETF,BTC-USD,2026-02-06,38.04,4000.0,0.2,85.228,1.9356,-74.62,-1.8787,-10.6,10.6,0.71,40.191,176.616
1716,BITB,Bitwise Bitcoin ETF,Bitwise,BITB,Bitwise Bitcoin ETF,BTC-USD,2026-02-09,38.44,4000.0,0.2,94.444,1.9797,38.26,1.594,132.71,132.71,0.71,52.39,180.36
1717,BITB,Bitwise Bitcoin ETF,Bitwise,BITB,Bitwise Bitcoin ETF,BTC-USD,2026-02-10,37.35,4000.0,0.2,95.011,1.9823,-59.01,-1.7782,36.01,36.01,0.72,50.417,181.345
1718,BITB,Bitwise Bitcoin ETF,Bitwise,BITB,Bitwise Bitcoin ETF,BTC-USD,2026-02-11,36.69,4000.0,0.2,88.054,1.9497,-42.39,-1.6374,45.67,45.67,0.72,42.835,178.915
1719,BITB,Bitwise Bitcoin ETF,Bitwise,BITB,Bitwise Bitcoin ETF,BTC-USD,2026-02-12,35.5,4000.0,0.2,100.795,2.0077,-58.39,-1.7737,-42.41,42.41,0.73,57.785,178.477
1720,BITB,Bitwise Bitcoin ETF,Bitwise,BITB,Bitwise Bitcoin ETF,BTC-USD,2026-02-13,37.35,4000.0,0.2,105.247,2.0263,-39.75,-1.6102,-65.49,65.49,0.72,57.785,177.127
1721,BITB,Bitwise Bitcoin ETF,Bitwise,BITB,Bitwise Bitcoin ETF,BTC-USD,2026-02-17,36.79,4000.0,0.2,108.195,2.0382,-24.23,-1.4019,83.97,83.97,0.7,57.292,176.36
1722,BITB,Bitwise Bitcoin ETF,Bitwise,BITB,Bitwise Bitcoin ETF,BTC-USD,2026-02-18,35.96,4000.0,0.2,115.426,2.0661,-85.12,-1.9351,-30.31,30.31,0.59,65.71,173.563
1723,BITB,Bitwise Bitcoin ETF,Bitwise,BITB,Bitwise Bitcoin ETF,BTC-USD,2026-02-19,36.45,4000.0,0.2,119.436,2.0808,5.54,0.8155,-124.97,124.97,0.62,69.957,170.262
1724,BITB,Bitwise Bitcoin ETF,Bitwise,BITB,Bitwise Bitcoin ETF,BTC-USD,2026-02-20,36.79,4000.0,0.2,117.111,2.0723,7.02,0.9043,-124.13,124.13,0.57,69.957,171.667
1725,BITB,Bitwise Bitcoin ETF,Bitwise,BITB,Bitwise Bitcoin ETF,BTC-USD,2026-02-23,35.01,4000.0,0.2,112.432,2.0547,-69.63,-1.849,-42.8,42.8,0.6,65.885,174.356
1726,BITB,Bitwise Bitcoin ETF,Bitwise,BITB,Bitwise Bitcoin ETF,BTC-USD,2026-02-24,35.01,4000.0,0.2,107.027,2.0335,-74.16,-1.876,32.87,32.87,0.59,61.561,173.851
1727,BITB,Bitwise Bitcoin ETF,Bitwise,BITB,Bitwise Bitcoin ETF,BTC-USD,2026-02-25,37.59,4000.0,0.2,107.04,2.0336,147.74,2.1724,254.78,254.78,0.5,61.561,175.459
1728,BITB,Bitwise Bitcoin ETF,Bitwise,BITB,Bitwise Bitcoin ETF,BTC-USD,2026-02-26,36.65,4000.0,0.2,110.128,2.0458,-76.86,-1.8913,-33.27,33.27,0.37,63.004,177.692
1729,BITB,Bitwise Bitcoin ETF,Bitwise,BITB,Bitwise Bitcoin ETF,BTC-USD,2026-02-27,35.63,4000.0,0.2,111.171,2.0499,-58.34,-1.7733,-52.83,52.83,0.36,63.004,176.408
1730,BITB,Bitwise Bitcoin ETF,Bitwise,BITB,Bitwise Bitcoin ETF,BTC-USD,2026-03-02,37.56,4000.0,0.2,116.87,2.0714,-15.92,-1.2283,100.95,100.95,0.32,63.004,177.189
1731,BITB,Bitwise Bitcoin ETF,Bitwise,BITB,Bitwise Bitcoin ETF,BTC-USD,2026-03-03,37.06,4000.0,0.2,131.245,2.1214,-113.89,-2.0603,17.36,17.36,0.25,77.053,179.353
1732,BITB,Bitwise Bitcoin ETF,Bitwise,BITB,Bitwise Bitcoin ETF,BTC-USD,2026-03-04,39.72,4000.0,0.2,131.245,2.1214,20.67,1.3359,151.92,151.92,0.27,77.053,176.799
1733,BITB,Bitwise Bitcoin ETF,Bitwise,BITB,Bitwise Bitcoin ETF,BTC-USD,2026-03-05,38.7,4000.0,0.2,126.024,2.1039,-85.22,-1.9356,-40.8,40.8,0.26,78.457,166.984
1734,BITB,Bitwise Bitcoin ETF,Bitwise,BITB,Bitwise Bitcoin ETF,BTC-USD,2026-03-06,36.98,4000.0,0.2,119.053,2.0794,-54.54,-1.7446,-64.51,64.51,0.26,74.82,163.828
1735,BITB,Bitwise Bitcoin ETF,Bitwise,BITB,Bitwise Bitcoin ETF,BTC-USD,2026-03-09,37.5,4000.0,0.2,119.121,2.0796,-103.03,-2.0171,-16.09,16.09,0.26,75.743,153.66
1736,BITB,Bitwise Bitcoin ETF,Bitwise,BITB,Bitwise Bitcoin ETF,BTC-USD,2026-03-10,38.05,4000.0,0.2,92.584,1.9712,-25.21,-1.4185,67.37,67.37,0.24,70.042,154.415
1737,BITB,Bitwise Bitcoin ETF,Bitwise,BITB,Bitwise Bitcoin ETF,BTC-USD,2026-03-11,38.37,4000.0,0.2,93.307,1.9745,-43.1,-1.6444,-50.21,50.21,0.2,65.733,152.386
1738,BITB,Bitwise Bitcoin ETF,Bitwise,BITB,Bitwise Bitcoin ETF,BTC-USD,2026-03-12,38.27,4000.0,0.2,91.797,1.9675,-83.2,-1.9253,-8.6,8.6,0.11,64.851,151.365
1739,BITB,Bitwise Bitcoin ETF,Bitwise,BITB,Bitwise Bitcoin ETF,BTC-USD,2026-03-13,38.67,4000.0,0.2,91.699,1.9671,-51.62,-1.7211,-40.08,40.08,0.12,64.851,157.153
1740,BITB,Bitwise Bitcoin ETF,Bitwise,BITB,Bitwise Bitcoin ETF,BTC-USD,2026-03-16,40.18,4000.0,0.2,78.958,1.9029,-27.34,-1.4524,51.62,51.62,,49.902,158.952
1741,BITB,Bitwise Bitcoin ETF,Bitwise,BITB,Bitwise Bitcoin ETF,BTC-USD,2026-03-17,40.51,4000.0,0.2,76.433,1.8889,42.54,1.6388,118.97,118.97,,53.865,159.365
1742,BITB,Bitwise Bitcoin ETF,Bitwise,BITB,Bitwise Bitcoin ETF,BTC-USD,2026-03-18,38.58,4000.0,0.2,67.462,1.8354,-12.39,-1.1267,-55.07,55.07,,50.03,158.699
1743,BITB,Bitwise Bitcoin ETF,Bitwise,BITB,Bitwise Bitcoin ETF,BTC-USD,2026-03-19,38.16,4000.0,0.2,60.615,1.7897,31.74,1.5151,92.36,92.36,,41.612,159.247
1744,BITB,Bitwise Bitcoin ETF,Bitwise,BITB,Bitwise Bitcoin ETF,BTC-USD,2026-03-20,38.13,4000.0,0.2,63.733,1.8111,-6.62,-0.8817,-57.12,57.12,,43.108,159.585
1745,BITB,Bitwise Bitcoin ETF,Bitwise,BITB,Bitwise Bitcoin ETF,BTC-USD,2026-03-23,38.38,4000.0,0.2,67.118,1.8333,-55.68,-1.7534,11.44,11.44,,43.108,154.448
1746,BITB,Bitwise Bitcoin ETF,Bitwise,BITB,Bitwise Bitcoin ETF,BTC-USD,2026-03-24,37.65,4000.0,0.2,72.378,1.8656,44.13,1.6544,-116.51,116.51,0.16,43.108,151.898
1747,BITB,Bitwise Bitcoin ETF,Bitwise,BITB,Bitwise Bitcoin ETF,BTC-USD,2026-03-25,38.47,4000.0,0.2,72.378,1.8656,15.06,1.2059,-87.44,87.44,0.22,43.108,151.117
1748,BITB,Bitwise Bitcoin ETF,Bitwise,BITB,Bitwise Bitcoin ETF,BTC-USD,2026-03-26,37.21,4000.0,0.2,72.378,1.8656,146.17,2.1678,-218.55,218.55,0.29,43.108,148.712
1749,BITB,Bitwise Bitcoin ETF,Bitwise,BITB,Bitwise Bitcoin ETF,BTC-USD,2026-03-27,35.84,4000.0,0.2,65.011,1.8196,1.74,0.438,-66.75,66.75,0.32,35.634,144.591
1750,BITB,Bitwise Bitcoin ETF,Bitwise,BITB,Bitwise Bitcoin ETF,BTC-USD,2026-03-30,36.11,4000.0,0.2,69.859,1.8504,-56.89,-1.7626,12.97,12.97,0.34,35.634,144.814
1751,BITB,Bitwise Bitcoin ETF,Bitwise,BITB,Bitwise Bitcoin ETF,BTC-USD,2026-03-31,36.81,4000.0,0.2,74.087,1.8756,53.82,1.7389,-127.9,127.9,0.34,43.397,137.61
1752,BITB,Bitwise Bitcoin ETF,Bitwise,BITB,Bitwise Bitcoin ETF,BTC-USD,2026-04-01,37.01,4000.0,0.2,59.711,1.7833,-46.2,-1.674,13.51,13.51,0.33,29.348,128.53
1753,BITB,Bitwise Bitcoin ETF,Bitwise,BITB,Bitwise Bitcoin ETF,BTC-USD,2026-04-02,36.39,4000.0,0.2,59.711,1.7833,12.1,1.1173,-71.81,71.81,0.37,29.348,119.58
1754,BITB,Bitwise Bitcoin ETF,Bitwise,BITB,Bitwise Bitcoin ETF,BTC-USD,2026-04-06,37.87,4000.0,0.2,54.247,1.7423,0.88,0.2732,55.12,55.12,0.36,27.944,112.603
1755,BITB,Bitwise Bitcoin ETF,Bitwise,BITB,Bitwise Bitcoin ETF,BTC-USD,2026-04-07,37.47,4000.0,0.2,57.355,1.7661,318.29,2.5042,-375.64,375.64,0.31,27.944,110.283
1756,BITB,Bitwise Bitcoin ETF,Bitwise,BITB,Bitwise Bitcoin ETF,BTC-USD,2026-04-08,38.74,4000.0,0.2,60.125,1.7862,-15.0,-1.2041,-45.12,45.12,0.31,27.02,104.274
1757,BITB,Bitwise Bitcoin ETF,Bitwise,BITB,Bitwise Bitcoin ETF,BTC-USD,2026-04-09,39.18,4000.0,0.2,72.098,1.8639,-20.01,-1.3225,52.09,52.09,0.31,38.905,98.835
1758,BITB,Bitwise Bitcoin ETF,Bitwise,BITB,Bitwise Bitcoin ETF,BTC-USD,2026-04-10,39.82,4000.0,0.2,64.99,1.8195,-52.45,-1.7279,12.54,12.54,0.3,31.014,95.727
1759,BITB,Bitwise Bitcoin ETF,Bitwise,BITB,Bitwise Bitcoin ETF,BTC-USD,2026-04-13,39.85,4000.0,0.2,66.77,1.831,35.28,1.5596,-102.04,102.04,0.31,35.149,93.179
1760,BITB,Bitwise Bitcoin ETF,Bitwise,BITB,Bitwise Bitcoin ETF,BTC-USD,2026-04-14,40.35,4000.0,0.2,66.77,1.831,-46.01,-1.6722,20.76,20.76,0.3,35.149,87.119
1761,BITB,Bitwise Bitcoin ETF,Bitwise,BITB,Bitwise Bitcoin ETF,BTC-USD,2026-04-15,40.76,4000.0,0.2,71.904,1.8627,102.83,2.0163,174.73,174.73,0.3,39.911,81.87
1762,BITB,Bitwise Bitcoin ETF,Bitwise,BITB,Bitwise Bitcoin ETF,BTC-USD,2026-04-16,40.94,4000.0,0.2,79.462,1.9056,-51.42,-1.7195,-28.04,28.04,0.27,44.377,78.368
1763,BITB,Bitwise Bitcoin ETF,Bitwise,BITB,Bitwise Bitcoin ETF,BTC-USD,2026-04-17,42.09,4000.0,0.2,79.372,1.9051,62.77,1.8046,142.14,142.14,0.16,44.377,82.231
1764,BITB,Bitwise Bitcoin ETF,Bitwise,BITB,Bitwise Bitcoin ETF,BTC-USD,2026-04-20,41.46,4000.0,0.2,80.581,1.9116,-7.94,-0.9513,72.64,72.64,0.18,44.377,80.131
1765,BITB,Bitwise Bitcoin ETF,Bitwise,BITB,Bitwise Bitcoin ETF,BTC-USD,2026-04-21,40.76,4000.0,0.2,80.363,1.9104,-14.68,-1.1952,-65.69,65.69,0.15,48.559,78.58
1766,BITB,Bitwise Bitcoin ETF,Bitwise,BITB,Bitwise Bitcoin ETF,BTC-USD,2026-04-22,42.84,4000.0,0.2,77.413,1.8944,119.37,2.0805,196.78,196.78,,48.559,77.94
1767,BITB,Bitwise Bitcoin ETF,Bitwise,BITB,Bitwise Bitcoin ETF,BTC-USD,2026-04-23,42.23,4000.0,0.2,74.639,1.8787,109.05,2.0416,183.69,183.69,0.24,48.559,77.62
1768,BITB,Bitwise Bitcoin ETF,Bitwise,BITB,Bitwise Bitcoin ETF,BTC-USD,2026-04-24,42.18,4000.0,0.2,79.483,1.9057,81.03,1.914,160.52,160.52,0.3,52.244,77.935
1769,BITB,Bitwise Bitcoin ETF,Bitwise,BITB,Bitwise Bitcoin ETF,BTC-USD,2026-04-27,41.75,4000.0,0.2,82.601,1.9222,-25.82,-1.4284,56.78,56.78,0.31,54.934,76.911
1770,BITB,Bitwise Bitcoin ETF,Bitwise,BITB,Bitwise Bitcoin ETF,BTC-USD,2026-04-28,41.45,4000.0,0.2,82.601,1.9222,52.68,1.7298,135.28,135.28,0.32,54.934,74.404
1771,BITB,Bitwise Bitcoin ETF,Bitwise,BITB,Bitwise Bitcoin ETF,BTC-USD,2026-04-29,40.98,4000.0,0.2,81.602,1.917,-15.71,-1.2229,65.9,65.9,0.34,57.069,73.065
1772,BITB,Bitwise Bitcoin ETF,Bitwise,BITB,Bitwise Bitcoin ETF,BTC-USD,2026-04-30,41.48,4000.0,0.2,74.344,1.877,76.26,1.888,150.61,150.61,0.36,50.629,69.795
1773,BITB,Bitwise Bitcoin ETF,Bitwise,BITB,Bitwise Bitcoin ETF,BTC-USD,2026-05-01,42.59,4000.0,0.2,74.354,1.8771,39.06,1.6027,113.42,113.42,0.39,50.629,70.518
1774,BITB,Bitwise Bitcoin ETF,Bitwise,BITB,Bitwise Bitcoin ETF,BTC-USD,2026-05-04,43.48,4000.0,0.2,74.354,1.8771,53.76,1.7384,128.11,128.11,0.4,50.629,70.153
1775,BITB,Bitwise Bitcoin ETF,Bitwise,BITB,Bitwise Bitcoin ETF,BTC-USD,2026-05-05,44.32,4000.0,0.2,74.354,1.8771,-7.36,-0.9224,66.99,66.99,0.44,50.629,69.258
1776,BITB,Bitwise Bitcoin ETF,Bitwise,BITB,Bitwise Bitcoin ETF,BTC-USD,2026-05-06,44.22,4000.0,0.2,71.937,1.8629,439.34,2.6438,511.28,511.28,0.5,52.009,68.291
1777,BITB,Bitwise Bitcoin ETF,Bitwise,BITB,Bitwise Bitcoin ETF,BTC-USD,2026-05-07,43.52,4000.0,0.2,69.289,1.8469,0.29,0.1092,69.57,69.57,0.44,52.009,68.011
1778,BITB,Bitwise Bitcoin ETF,Bitwise,BITB,Bitwise Bitcoin ETF,BTC-USD,2026-05-08,43.54,4000.0,0.2,59.217,1.7797,-35.93,-1.5674,23.29,23.29,0.44,43.645,66.19
1779,BITB,Bitwise Bitcoin ETF,Bitwise,BITB,Bitwise Bitcoin ETF,BTC-USD,2026-05-11,44.51,4000.0,0.2,56.476,1.7595,-2.34,-0.5231,54.14,54.14,0.45,43.645,66.052
1780,BITB,Bitwise Bitcoin ETF,Bitwise,BITB,Bitwise Bitcoin ETF,BTC-USD,2026-05-12,43.87,4000.0,0.2,51.899,1.7234,187.81,2.276,239.7,239.7,0.45,37.851,65.543
1781,BITB,Bitwise Bitcoin ETF,Bitwise,BITB,Bitwise Bitcoin ETF,BTC-USD,2026-05-13,43.22,4000.0,0.2,53.074,1.733,15.83,1.2262,68.91,68.91,0.46,37.851,63.947
1782,BITB,Bitwise Bitcoin ETF,Bitwise,BITB,Bitwise Bitcoin ETF,BTC-USD,2026-05-14,44.22,4000.0,0.2,53.413,1.7357,9.99,1.0411,63.41,63.41,0.46,33.089,65.075
1783,BITB,Bitwise Bitcoin ETF,Bitwise,BITB,Bitwise Bitcoin ETF,BTC-USD,2026-05-15,42.95,4000.0,0.2,50.667,1.7132,-43.21,-1.6455,7.46,7.46,0.45,24.659,65.059
1784,BITB,Bitwise Bitcoin ETF,Bitwise,BITB,Bitwise Bitcoin ETF,BTC-USD,2026-05-18,41.73,4000.0,0.2,50.817,1.7145,5.39,0.8057,-56.21,56.21,0.43,24.659,60.311
1785,BITB,Bitwise Bitcoin ETF,Bitwise,BITB,Bitwise Bitcoin ETF,BTC-USD,2026-05-19,41.68,4000.0,0.2,55.179,1.7496,-10.19,-1.049,-44.99,44.99,0.42,29.395,58.993
1786,BITB,Bitwise Bitcoin ETF,Bitwise,BITB,Bitwise Bitcoin ETF,BTC-USD,2026-05-20,42.15,4000.0,0.2,48.544,1.695,161.5,2.2109,210.05,210.05,0.4,19.469,57.783
1787,BITB,Bitwise Bitcoin ETF,Bitwise,BITB,Bitwise Bitcoin ETF,BTC-USD,2026-05-21,42.14,4000.0,0.2,53.059,1.7329,24.13,1.4003,-77.19,77.19,0.37,24.14,56.248
1788,BITB,Bitwise Bitcoin ETF,Bitwise,BITB,Bitwise Bitcoin ETF,BTC-USD,2026-05-22,41.14,4000.0,0.2,51.101,1.7168,30.56,1.4992,81.66,81.66,0.39,24.14,55.027
1789,BITB,Bitwise Bitcoin ETF,Bitwise,BITB,Bitwise Bitcoin ETF,BTC-USD,2026-05-26,41.21,4000.0,0.2,55.966,1.7556,-27.59,-1.4561,-28.38,28.38,0.38,27.756,56.493
1790,BITB,Bitwise Bitcoin ETF,Bitwise,BITB,Bitwise Bitcoin ETF,BTC-USD,2026-05-27,40.66,4000.0,0.2,52.92,1.7318,52.9,1.7316,105.82,105.82,0.38,25.066,55.784
1791,BITB,Bitwise Bitcoin ETF,Bitwise,BITB,Bitwise Bitcoin ETF,BTC-USD,2026-05-28,39.82,4000.0,0.2,53.079,1.733,2.92,0.5938,-56.0,56.0,0.37,25.066,57.404
1792,BITB,Bitwise Bitcoin ETF,Bitwise,BITB,Bitwise Bitcoin ETF,BTC-USD,2026-05-29,39.87,4000.0,0.2,55.738,1.7539,-35.58,-1.5632,20.16,20.16,0.38,28.211,57.444
1793,BITB,Bitwise Bitcoin ETF,Bitwise,BITB,Bitwise Bitcoin ETF,BTC-USD,2026-06-01,38.81,4000.0,0.2,54.51,1.7444,7.66,0.9374,-62.17,62.17,0.39,26.888,59.316
1794,BITB,Bitwise Bitcoin ETF,Bitwise,BITB,Bitwise Bitcoin ETF,BTC-USD,2026-06-02,36.49,4000.0,0.2,54.51,1.7444,92.55,1.971,-147.06,147.06,0.41,26.888,60.383
1795,BITB,Bitwise Bitcoin ETF,Bitwise,BITB,Bitwise Bitcoin ETF,BTC-USD,2026-06-03,35.49,4000.0,0.2,54.51,1.7444,39.83,1.6109,-94.34,94.34,0.42,26.888,60.636
1796,BITB,Bitwise Bitcoin ETF,Bitwise,BITB,Bitwise Bitcoin ETF,BTC-USD,2026-06-04,34.51,4000.0,0.2,54.336,1.743,342.9,2.5364,-397.24,397.24,0.5,26.888,62.988
1797,BITB,Bitwise Bitcoin ETF,Bitwise,BITB,Bitwise Bitcoin ETF,BTC-USD,2026-06-05,32.74,4000.0,0.2,56.324,1.7583,384.26,2.5858,-440.58,440.58,0.72,25.508,68.283
1798,BITB,Bitwise Bitcoin ETF,Bitwise,BITB,Bitwise Bitcoin ETF,BTC-USD,2026-06-08,34.4,4000.0,0.2,56.684,1.7611,216.5,2.3375,-273.19,273.19,0.8,25.508,68.462
1799,BITB,Bitwise Bitcoin ETF,Bitwise,BITB,Bitwise Bitcoin ETF,BTC-USD,2026-06-09,33.68,4000.0,0.2,54.816,1.7468,207.34,2.3188,-262.15,262.15,0.87,21.987,70.919
1800,BITB,Bitwise Bitcoin ETF,Bitwise,BITB,Bitwise Bitcoin ETF,BTC-USD,2026-06-10,33.61,4000.0,0.2,62.168,1.8005,227.9,2.3596,-290.07,290.07,0.95,24.5,71.208
1801,BITB,Bitwise Bitcoin ETF,Bitwise,BITB,Bitwise Bitcoin ETF,BTC-USD,2026-06-11,34.51,4000.0,0.2,61.435,1.7954,271.61,2.4355,-333.05,333.05,1.04,24.5,71.486
1802,BITB,Bitwise Bitcoin ETF,Bitwise,BITB,Bitwise Bitcoin ETF,BTC-USD,2026-06-12,34.52,4000.0,0.2,60.548,1.7892,261.55,2.4192,-322.1,322.1,1.16,25.075,71.511
1803,BITB,Bitwise Bitcoin ETF,Bitwise,BITB,Bitwise Bitcoin ETF,BTC-USD,2026-06-15,36.15,4000.0,0.2,55.444,1.7516,208.65,2.3215,-264.09,264.09,1.22,25.075,69.948
1804,BITB,Bitwise Bitcoin ETF,Bitwise,BITB,Bitwise Bitcoin ETF,BTC-USD,2026-06-16,35.63,4000.0,0.2,53.797,1.7388,205.51,2.315,-259.31,259.31,1.3,25.075,67.899
1805,BITB,Bitwise Bitcoin ETF,Bitwise,BITB,Bitwise Bitcoin ETF,BTC-USD,2026-06-17,34.86,4000.0,0.2,55.295,1.7505,227.33,2.3586,-282.62,282.62,1.37,28.072,67.174
1806,BITB,Bitwise Bitcoin ETF,Bitwise,BITB,Bitwise Bitcoin ETF,BTC-USD,2026-06-18,34.13,4000.0,0.2,49.814,1.706,239.89,2.3818,-289.71,289.71,1.44,23.337,68.967
1807,BITB,Bitwise Bitcoin ETF,Bitwise,BITB,Bitwise Bitcoin ETF,BTC-USD,2026-06-22,34.97,4000.0,0.2,49.809,1.7059,174.16,2.2434,-223.97,223.97,1.46,23.337,69.076
1808,BITB,Bitwise Bitcoin ETF,Bitwise,BITB,Bitwise Bitcoin ETF,BTC-USD,2026-06-23,33.84,4000.0,0.2,45.129,1.664,304.87,2.4855,-350.0,350.0,1.54,18.666,68.848
1809,BITB,Bitwise Bitcoin ETF,Bitwise,BITB,Bitwise Bitcoin ETF,BTC-USD,2026-06-24,32.48,4000.0,0.2,44.344,1.6565,464.77,2.6682,-509.12,509.12,1.84,18.666,71.171
1810,BITB,Bitwise Bitcoin ETF,Bitwise,BITB,Bitwise Bitcoin ETF,BTC-USD,2026-06-25,32.12,4000.0,0.2,43.232,1.6457,363.63,2.5619,-406.86,406.86,1.91,18.285,71.705
1811,BITB,Bitwise Bitcoin ETF,Bitwise,BITB,Bitwise Bitcoin ETF,BTC-USD,2026-06-26,32.37,4000.0,0.2,54.133,1.7414,362.2,2.5601,-416.34,416.34,2.07,26.77,72.395
1812,BITB,Bitwise Bitcoin ETF,Bitwise,BITB,Bitwise Bitcoin ETF,BTC-USD,2026-06-29,32.74,4000.0,0.2,65.511,1.8229,151.71,2.1839,-217.22,217.22,1.98,38.311,72.01
1813,BITB,Bitwise Bitcoin ETF,Bitwise,BITB,Bitwise Bitcoin ETF,BTC-USD,2026-06-30,31.86,4000.0,0.2,59.774,1.7837,213.15,2.3307,-272.93,272.93,2.04,33.031,71.749
1814,BITB,Bitwise Bitcoin ETF,Bitwise,BITB,Bitwise Bitcoin ETF,BTC-USD,2026-07-01,32.55,4000.0,0.2,63.833,1.8118,192.05,2.2857,-255.88,255.88,2.08,33.031,70.876
1815,BITB,Bitwise Bitcoin ETF,Bitwise,BITB,Bitwise Bitcoin ETF,BTC-USD,2026-07-02,33.35,4000.0,0.2,63.833,1.8118,148.13,2.1736,-211.96,211.96,2.25,33.031,68.897
1816,BITB,Bitwise Bitcoin ETF,Bitwise,BITB,Bitwise Bitcoin ETF,BTC-USD,2026-07-06,34.58,4000.0,0.2,64.612,1.817,253.97,2.4065,-318.58,318.58,2.7,34.59,68.49
1817,BITB,Bitwise Bitcoin ETF,Bitwise,BITB,Bitwise Bitcoin ETF,BTC-USD,2026-07-07,34.63,4000.0,0.2,69.699,1.8494,-16.72,-1.2485,52.98,52.98,2.32,37.926,65.881
1818,BITB,Bitwise Bitcoin ETF,Bitwise,BITB,Bitwise Bitcoin ETF,BTC-USD,2026-07-08,33.77,4000.0,0.2,67.69,1.8369,29.36,1.4824,97.05,97.05,2.36,37.926,60.379
1819,BITB,Bitwise Bitcoin ETF,Bitwise,BITB,Bitwise Bitcoin ETF,BTC-USD,2026-07-09,34.31,4000.0,0.2,73.098,1.8698,8.34,0.9702,-81.43,81.43,2.3,37.926,58.82
1820,BITB,Bitwise Bitcoin ETF,Bitwise,BITB,Bitwise Bitcoin ETF,BTC-USD,2026-07-10,34.7,4000.0,0.2,73.198,1.8704,39.86,1.6113,-113.06,113.06,2.32,37.926,56.264
1821,BITB,Bitwise Bitcoin ETF,Bitwise,BITB,Bitwise Bitcoin ETF,BTC-USD,2026-07-13,33.78,4000.0,0.2,67.899,1.8382,16.67,1.2472,-84.57,84.57,2.25,35.414,55.097
1822,BITB,Bitwise Bitcoin ETF,Bitwise,BITB,Bitwise Bitcoin ETF,BTC-USD,2026-07-14,35.05,4000.0,0.2,72.341,1.8653,32.78,1.5287,-105.12,105.12,2.39,35.414,54.94
1823,BITB,Bitwise Bitcoin ETF,Bitwise,BITB,Bitwise Bitcoin ETF,BTC-USD,2026-07-15,35.25,4000.0,0.2,72.053,1.8636,-55.87,-1.7549,-16.19,16.19,2.34,34.838,52.781
1824,BITB,Bitwise Bitcoin ETF,Bitwise,BITB,Bitwise Bitcoin ETF,BTC-USD,2026-07-16,34.88,4000.0,0.2,72.053,1.8636,-17.3,-1.2624,-54.75,54.75,2.35,34.838,51.536
1825,BITB,Bitwise Bitcoin ETF,Bitwise,BITB,Bitwise Bitcoin ETF,BTC-USD,2026-07-17,34.82,4000.0,0.2,66.903,1.8319,-27.14,-1.4493,-39.76,39.76,2.42,34.838,52.03
1826,BITB,Bitwise Bitcoin ETF,Bitwise,BITB,Bitwise Bitcoin ETF,BTC-USD,2026-07-20,35.35,4000.0,0.2,65.404,1.8222,-25.49,-1.4231,-39.91,39.91,2.4,31.841,51.145
1827,BITB,Bitwise Bitcoin ETF,Bitwise,BITB,Bitwise Bitcoin ETF,BTC-USD,2026-07-21,36.07,4000.0,0.2,65.466,1.8226,-29.26,-1.4808,-36.21,36.21,2.33,31.841,49.646
1828,BITB,Bitwise Bitcoin ETF,Bitwise,BITB,Bitwise Bitcoin ETF,BTC-USD,2026-07-22,35.78,4000.0,0.2,67.69,1.8369,79.11,1.9037,-146.8,146.8,2.25,31.841,48.73
1829,BITB,Bitwise Bitcoin ETF,Bitwise,BITB,Bitwise Bitcoin ETF,BTC-USD,2026-07-23,35.15,4000.0,0.2,67.69,1.8369,-44.31,-1.6562,-23.38,23.38,2.26,31.841,48.474
1830,BITB,Bitwise Bitcoin ETF,Bitwise,BITB,Bitwise Bitcoin ETF,BTC-USD,2026-07-24,34.84,4000.0,0.2,68.282,1.8406,126.1,2.1041,194.38,194.38,2.26,31.841,45.354
1831,BITB,Bitwise Bitcoin ETF,Bitwise,BITB,Bitwise Bitcoin ETF,BTC-USD,2026-07-27,35.23,4000.0,0.2,66.408,1.8287,216.12,2.3367,282.53,282.53,2.49,24.921,41.494
1832,BITB,Bitwise Bitcoin ETF,Bitwise,BITB,Bitwise Bitcoin ETF,BTC-USD,2026-07-28,34.63,4000.0,0.2,55.748,1.754,-3.43,-0.6464,52.32,52.32,2.18,16.437,40.241
1833,BITB,Bitwise Bitcoin ETF,Bitwise,BITB,Bitwise Bitcoin ETF,BTC-USD,2026-07-29,34.48,4000.0,0.2,44.54,1.6584,46.79,1.6793,-91.33,91.33,2.09,4.895,40.09
1834,BITB,Bitwise Bitcoin ETF,Bitwise,BITB,Bitwise Bitcoin ETF,BTC-USD,2026-07-30,35.14,4000.0,0.2,44.896,1.6618,-42.61,-1.6396,-2.28,2.28,2.03,4.895,39.27
1835,BITB,Bitwise Bitcoin ETF,Bitwise,BITB,Bitwise Bitcoin ETF,BTC-USD,2026-07-31,34.13,4000.0,0.2,42.977,1.6432,-33.68,-1.5401,9.3,9.3,2.04,4.895,39.067
1836,BITB,Bitwise Bitcoin ETF,Bitwise,BITB,Bitwise Bitcoin ETF,BTC-USD,2026-08-03,34.65,4000.0,0.2,49.643,1.7045,11.32,1.0906,60.96,60.96,1.8,12.294,38.184
1837,BITB,Bitwise Bitcoin ETF,Bitwise,BITB,Bitwise Bitcoin ETF,BTC-USD,2026-08-04,34.86,4000.0,0.2,48.64,1.6958,22.69,1.3746,71.33,71.33,2.56,10.735,36.858
1838,BITB,Bitwise Bitcoin ETF,Bitwise,BITB,Bitwise Bitcoin ETF,BTC-USD,2026-08-05,35.18,4000.0,0.2,43.616,1.6495,1.79,0.4453,-45.4,45.4,2.49,7.522,36.42
1839,BITB,Bitwise Bitcoin ETF,Bitwise,BITB,Bitwise Bitcoin ETF,BTC-USD,2026-08-06,34.95,4000.0,0.2,48.031,1.6905,-23.63,-1.3915,24.4,24.4,2.47,11.912,35.284
1840,BITB,Bitwise Bitcoin ETF,Bitwise,BITB,Bitwise Bitcoin ETF,BTC-USD,2026-08-07,35.24,4000.0,0.2,44.375,1.6568,-37.2,-1.5821,7.17,7.17,2.27,11.912,34.952
1841,BITB,Bitwise Bitcoin ETF,Bitwise,BITB,Bitwise Bitcoin ETF,BTC-USD,2026-08-10,34.71,4000.0,0.2,47.972,1.69,-6.22,-0.8586,41.75,41.75,2.48,11.912,36.138
1842,BITB,Bitwise Bitcoin ETF,Bitwise,BITB,Bitwise Bitcoin ETF,BTC-USD,2026-08-11,34.43,4000.0,0.2,45.625,1.6686,-25.18,-1.418,-20.44,20.44,2.42,11.912,35.72
1843,BITB,Bitwise Bitcoin ETF,Bitwise,BITB,Bitwise Bitcoin ETF,BTC-USD,2026-08-12,34.38,4000.0,0.2,46.551,1.6772,5.02,0.7794,51.57,51.57,2.49,16.61,34.256
1844,BITB,Bitwise Bitcoin ETF,Bitwise,BITB,Bitwise Bitcoin ETF,BTC-USD,2026-08-13,34.39,4000.0,0.2,48.098,1.6911,-7.69,-0.939,-40.41,40.41,2.46,19.449,34.319
1845,BITB,Bitwise Bitcoin ETF,Bitwise,BITB,Bitwise Bitcoin ETF,BTC-USD,2026-08-14,34.13,4000.0,0.2,49.111,1.6999,40.15,1.6144,-89.26,89.26,2.43,19.449,34.233
1846,BITB,Bitwise Bitcoin ETF,Bitwise,BITB,Bitwise Bitcoin ETF,BTC-USD,2026-08-17,34.9,4000.0,0.2,50.187,1.7092,16.41,1.2407,-66.6,66.6,2.33,19.449,33.885
1847,BITB,Bitwise Bitcoin ETF,Bitwise,BITB,Bitwise Bitcoin ETF,BTC-USD,2026-08-18,35.07,4000.0,0.2,50.187,1.7092,-42.22,-1.6357,7.97,7.97,2.84,19.449,33.465
1848,BITB,Bitwise Bitcoin ETF,Bitwise,BITB,Bitwise Bitcoin ETF,BTC-USD,2026-08-19,37.16,4000.0,0.2,50.026,1.7078,31.25,1.5086,-81.28,81.28,2.72,19.449,39.423
1849,BITB,Bitwise Bitcoin ETF,Bitwise,BITB,Bitwise Bitcoin ETF,BTC-USD,2026-08-20,39.45,4000.0,0.2,46.959,1.6809,-27.1,-1.4487,19.86,19.86,2.87,19.449,43.726
1850,BITB,Bitwise Bitcoin ETF,Bitwise,BITB,Bitwise Bitcoin ETF,BTC-USD,2026-08-21,41.82,4000.0,0.2,46.959,1.6809,6.29,0.8625,-53.24,53.24,2.7,19.449,47.427
1851,BITB,Bitwise Bitcoin ETF,Bitwise,BITB,Bitwise Bitcoin ETF,BTC-USD,2026-08-24,42.74,4000.0,0.2,48.348,1.6933,-18.18,-1.2828,30.17,30.17,2.99,19.449,50.735
1852,BITB,Bitwise Bitcoin ETF,Bitwise,BITB,Bitwise Bitcoin ETF,BTC-USD,2026-08-25,42.84,4000.0,0.2,45.816,1.6704,21.09,1.3442,-66.91,66.91,2.84,26.173,52.698
1853,BITB,Bitwise Bitcoin ETF,Bitwise,BITB,Bitwise Bitcoin ETF,BTC-USD,2026-08-26,42.59,4000.0,0.2,46.509,1.6768,-34.01,-1.5442,12.5,12.5,2.95,26.173,52.725
1854,BITB,Bitwise Bitcoin ETF,Bitwise,BITB,Bitwise Bitcoin ETF,BTC-USD,2026-08-27,43.39,4000.0,0.2,46.622,1.6778,85.59,1.9375,132.21,132.21,3.2,26.173,52.833
1855,HODL,VanEck Bitcoin Trust,VanEck,HODL,VanEck Bitcoin Trust,BTC-USD,2025-03-07,24.6,1300.0,0.2,106.116,2.0299,-87.29,-1.9459,-18.82,18.82,0.2,85.812,26.695
1856,HODL,VanEck Bitcoin Trust,VanEck,HODL,VanEck Bitcoin Trust,BTC-USD,2025-03-10,22.4,1300.0,0.2,96.525,1.9891,-23.94,-1.3968,72.59,72.59,0.23,76.83,26.108
1857,HODL,VanEck Bitcoin Trust,VanEck,HODL,VanEck Bitcoin Trust,BTC-USD,2025-03-11,23.48,1300.0,0.2,106.002,2.0294,27.86,1.4603,133.86,133.86,0.26,77.52,25.331
1858,HODL,VanEck Bitcoin Trust,VanEck,HODL,VanEck Bitcoin Trust,BTC-USD,2025-03-12,23.45,1300.0,0.2,108.152,2.038,-49.23,-1.701,-58.92,58.92,0.2,87.483,25.31
1859,HODL,VanEck Bitcoin Trust,VanEck,HODL,VanEck Bitcoin Trust,BTC-USD,2025-03-13,22.68,1300.0,0.2,116.473,2.0699,-93.98,-1.9776,-22.5,22.5,0.25,94.922,24.404
1860,HODL,VanEck Bitcoin Trust,VanEck,HODL,VanEck Bitcoin Trust,BTC-USD,2025-03-14,23.93,1300.0,0.2,111.442,2.0509,87.82,1.9485,199.26,199.26,0.27,84.436,24.394
1861,HODL,VanEck Bitcoin Trust,VanEck,HODL,VanEck Bitcoin Trust,BTC-USD,2025-03-17,23.92,1300.0,0.2,112.736,2.0559,13.08,1.1487,125.82,125.82,0.28,90.439,24.144
1862,HODL,VanEck Bitcoin Trust,VanEck,HODL,VanEck Bitcoin Trust,BTC-USD,2025-03-18,23.3,1300.0,0.2,114.442,2.0624,-110.63,-2.0478,3.81,3.81,0.27,90.439,23.146
1863,HODL,VanEck Bitcoin Trust,VanEck,HODL,VanEck Bitcoin Trust,BTC-USD,2025-03-19,24.18,1300.0,0.2,112.247,2.054,-93.46,-1.9753,18.79,18.79,0.27,90.439,23.475
1864,HODL,VanEck Bitcoin Trust,VanEck,HODL,VanEck Bitcoin Trust,BTC-USD,2025-03-20,23.8,1300.0,0.2,121.677,2.0888,-53.64,-1.7375,68.03,68.03,0.27,99.98,23.623
1865,HODL,VanEck Bitcoin Trust,VanEck,HODL,VanEck Bitcoin Trust,BTC-USD,2025-03-21,23.75,1300.0,0.2,121.632,2.0886,-120.44,-2.0844,-1.19,1.19,0.25,99.98,23.424
1866,HODL,VanEck Bitcoin Trust,VanEck,HODL,VanEck Bitcoin Trust,BTC-USD,2025-03-24,24.96,1300.0,0.2,116.078,2.0685,137.82,2.1424,253.9,253.9,0.22,95.314,23.049
1867,HODL,VanEck Bitcoin Trust,VanEck,HODL,VanEck Bitcoin Trust,BTC-USD,2025-03-25,24.93,1300.0,0.2,122.519,2.0917,49.06,1.6995,-171.58,171.58,,99.305,22.56
1868,HODL,VanEck Bitcoin Trust,VanEck,HODL,VanEck Bitcoin Trust,BTC-USD,2025-03-26,24.47,1300.0,0.2,126.476,2.1054,-78.24,-1.899,48.23,48.23,,99.305,20.57
1869,HODL,VanEck Bitcoin Trust,VanEck,HODL,VanEck Bitcoin Trust,BTC-USD,2025-03-27,24.63,1300.0,0.2,134.533,2.132,-126.5,-2.1055,8.03,8.03,0.12,106.645,18.93
1870,HODL,VanEck Bitcoin Trust,VanEck,HODL,VanEck Bitcoin Trust,BTC-USD,2025-03-28,23.69,1300.0,0.2,125.42,2.1018,-34.05,-1.5447,91.37,91.37,,91.821,15.935
1871,HODL,VanEck Bitcoin Trust,VanEck,HODL,VanEck Bitcoin Trust,BTC-USD,2025-03-31,23.31,1300.0,0.2,122.839,2.0929,-121.34,-2.0876,-1.5,1.5,,86.658,16.083
1872,HODL,VanEck Bitcoin Trust,VanEck,HODL,VanEck Bitcoin Trust,BTC-USD,2025-04-01,24.04,1300.0,0.2,122.871,2.093,-104.56,-2.0235,-18.31,18.31,,86.658,15.683
1873,HODL,VanEck Bitcoin Trust,VanEck,HODL,VanEck Bitcoin Trust,BTC-USD,2025-04-02,24.57,1300.0,0.2,127.883,2.1102,431.94,2.6364,559.83,559.83,,86.658,15.307
1874,HODL,VanEck Bitcoin Trust,VanEck,HODL,VanEck Bitcoin Trust,BTC-USD,2025-04-03,23.18,1300.0,0.2,127.883,2.1102,5.12,0.787,-133.01,133.01,,86.658,15.617
1875,HODL,VanEck Bitcoin Trust,VanEck,HODL,VanEck Bitcoin Trust,BTC-USD,2025-04-04,23.75,1300.0,0.2,124.389,2.0983,-17.44,-1.2658,106.95,106.95,,75.893,16.108
1876,HODL,VanEck Bitcoin Trust,VanEck,HODL,VanEck Bitcoin Trust,BTC-USD,2025-04-07,22.08,1300.0,0.2,118.033,2.0757,101.24,2.0096,-219.28,219.28,,63.914,17.414
1877,HODL,VanEck Bitcoin Trust,VanEck,HODL,VanEck Bitcoin Trust,BTC-USD,2025-04-08,21.71,1300.0,0.2,138.438,2.1444,-48.55,-1.695,-89.89,89.89,,83.795,17.682
1878,HODL,VanEck Bitcoin Trust,VanEck,HODL,VanEck Bitcoin Trust,BTC-USD,2025-04-09,23.25,1300.0,0.2,130.33,2.1184,-58.45,-1.7742,-71.88,71.88,,82.525,18.273
1879,HODL,VanEck Bitcoin Trust,VanEck,HODL,VanEck Bitcoin Trust,BTC-USD,2025-04-10,22.5,1300.0,0.2,136.325,2.1378,-91.61,-1.9666,44.72,44.72,,83.05,18.489
1880,HODL,VanEck Bitcoin Trust,VanEck,HODL,VanEck Bitcoin Trust,BTC-USD,2025-04-11,23.71,1300.0,0.2,130.685,2.1195,30.05,1.492,160.73,160.73,,75.611,18.984
1881,HODL,VanEck Bitcoin Trust,VanEck,HODL,VanEck Bitcoin Trust,BTC-USD,2025-04-14,24.03,1300.0,0.2,124.267,2.0978,-105.44,-2.0271,-18.83,18.83,,75.611,19.374
1882,HODL,VanEck Bitcoin Trust,VanEck,HODL,VanEck Bitcoin Trust,BTC-USD,2025-04-15,23.78,1300.0,0.2,124.804,2.0997,-114.11,-2.0611,-10.69,10.69,,74.494,19.854
1883,HODL,VanEck Bitcoin Trust,VanEck,HODL,VanEck Bitcoin Trust,BTC-USD,2025-04-16,23.87,1300.0,0.2,123.914,2.0966,-36.69,-1.5762,87.22,87.22,,77.405,20.05
1884,HODL,VanEck Bitcoin Trust,VanEck,HODL,VanEck Bitcoin Trust,BTC-USD,2025-04-17,24.04,1300.0,0.2,130.852,2.1201,45.81,1.6704,176.67,176.67,,84.977,19.208
1885,HODL,VanEck Bitcoin Trust,VanEck,HODL,VanEck Bitcoin Trust,BTC-USD,2025-04-21,24.75,1300.0,0.2,115.695,2.0671,-78.01,-1.8977,37.69,37.69,,73.415,20.27
1886,HODL,VanEck Bitcoin Trust,VanEck,HODL,VanEck Bitcoin Trust,BTC-USD,2025-04-22,25.92,1300.0,0.2,115.695,2.0671,-26.94,-1.4462,-88.76,88.76,,73.415,22.89
1887,HODL,VanEck Bitcoin Trust,VanEck,HODL,VanEck Bitcoin Trust,BTC-USD,2025-04-23,26.48,1300.0,0.2,115.29,2.0655,-111.96,-2.0529,-3.33,3.33,,73.415,23.349
1888,HODL,VanEck Bitcoin Trust,VanEck,HODL,VanEck Bitcoin Trust,BTC-USD,2025-04-24,26.49,1300.0,0.2,114.087,2.061,-99.93,-2.004,-14.16,14.16,,72.163,23.909
1889,HODL,VanEck Bitcoin Trust,VanEck,HODL,VanEck Bitcoin Trust,BTC-USD,2025-04-25,26.99,1300.0,0.2,109.351,2.0428,114.86,2.0639,224.21,224.21,,72.163,24.496
1890,HODL,VanEck Bitcoin Trust,VanEck,HODL,VanEck Bitcoin Trust,BTC-USD,2025-04-28,26.82,1300.0,0.2,107.381,2.035,-7.6,-0.9343,99.78,99.78,,64.08,24.834
1891,HODL,VanEck Bitcoin Trust,VanEck,HODL,VanEck Bitcoin Trust,BTC-USD,2025-04-29,26.98,1300.0,0.2,108.844,2.0408,189.56,2.28,298.4,298.4,,64.08,25.021
1892,HODL,VanEck Bitcoin Trust,VanEck,HODL,VanEck Bitcoin Trust,BTC-USD,2025-04-30,26.63,1300.0,0.2,111.204,2.05,11.84,1.1087,123.05,123.05,,64.08,23.996
1893,HODL,VanEck Bitcoin Trust,VanEck,HODL,VanEck Bitcoin Trust,BTC-USD,2025-05-01,27.34,1300.0,0.2,111.204,2.05,52.72,1.7301,163.92,163.92,,64.08,24.294
1894,HODL,VanEck Bitcoin Trust,VanEck,HODL,VanEck Bitcoin Trust,BTC-USD,2025-05-02,27.45,1300.0,0.2,105.791,2.0285,242.15,2.3859,-347.94,347.94,,64.08,24.028
1895,HODL,VanEck Bitcoin Trust,VanEck,HODL,VanEck Bitcoin Trust,BTC-USD,2025-05-05,26.7,1300.0,0.2,105.791,2.0285,121.26,2.0873,227.06,227.06,,64.08,23.722
1896,HODL,VanEck Bitcoin Trust,VanEck,HODL,VanEck Bitcoin Trust,BTC-USD,2025-05-06,26.86,1300.0,0.2,106.596,2.0318,-35.71,-1.5648,-70.89,70.89,,69.556,22.914
1897,HODL,VanEck Bitcoin Trust,VanEck,HODL,VanEck Bitcoin Trust,BTC-USD,2025-05-07,27.21,1300.0,0.2,106.596,2.0318,134.12,2.1307,240.71,240.71,,69.556,21.455
1898,HODL,VanEck Bitcoin Trust,VanEck,HODL,VanEck Bitcoin Trust,BTC-USD,2025-05-08,28.66,1300.0,0.2,86.581,1.9424,-66.8,-1.8312,19.78,19.78,,49.675,21.031
1899,HODL,VanEck Bitcoin Trust,VanEck,HODL,VanEck Bitcoin Trust,BTC-USD,2025-05-09,29.2,1300.0,0.2,72.599,1.8669,201.57,2.3066,274.17,274.17,,38.274,20.481
1900,HODL,VanEck Bitcoin Trust,VanEck,HODL,VanEck Bitcoin Trust,BTC-USD,2025-05-12,28.82,1300.0,0.2,62.902,1.8055,88.48,1.9517,151.38,151.38,,28.964,20.378
1901,HODL,VanEck Bitcoin Trust,VanEck,HODL,VanEck Bitcoin Trust,BTC-USD,2025-05-13,29.67,1300.0,0.2,62.469,1.8026,166.76,2.2247,229.23,229.23,,30.214,20.333
1902,HODL,VanEck Bitcoin Trust,VanEck,HODL,VanEck Bitcoin Trust,BTC-USD,2025-05-14,29.23,1300.0,0.2,66.966,1.8323,56.3,1.7581,123.26,123.26,,34.081,19.788
1903,HODL,VanEck Bitcoin Trust,VanEck,HODL,VanEck Bitcoin Trust,BTC-USD,2025-05-15,29.21,1300.0,0.2,62.354,1.8018,44.9,1.6618,107.26,107.26,,30.589,19.468
1904,HODL,VanEck Bitcoin Trust,VanEck,HODL,VanEck Bitcoin Trust,BTC-USD,2025-05-16,29.43,1300.0,0.2,58.605,1.7753,149.58,2.1778,208.18,208.18,,27.678,19.415
1905,HODL,VanEck Bitcoin Trust,VanEck,HODL,VanEck Bitcoin Trust,BTC-USD,2025-05-19,29.87,1300.0,0.2,53.55,1.7368,147.94,2.173,201.49,201.49,,22.647,20.319
1906,HODL,VanEck Bitcoin Trust,VanEck,HODL,VanEck Bitcoin Trust,BTC-USD,2025-05-20,30.29,1300.0,0.2,57.063,1.7639,173.57,2.242,230.64,230.64,,22.647,19.458
1907,HODL,VanEck Bitcoin Trust,VanEck,HODL,VanEck Bitcoin Trust,BTC-USD,2025-05-21,30.72,1300.0,0.2,57.063,1.7639,212.3,2.329,269.36,269.36,,22.647,18.172
1908,HODL,VanEck Bitcoin Trust,VanEck,HODL,VanEck Bitcoin Trust,BTC-USD,2025-05-22,31.46,1300.0,0.2,56.579,1.7603,99.34,2.0015,155.92,155.92,,22.647,18.748
1909,HODL,VanEck Bitcoin Trust,VanEck,HODL,VanEck Bitcoin Trust,BTC-USD,2025-05-23,30.77,1300.0,0.2,54.444,1.7439,255.16,2.4085,309.6,309.6,,19.907,19.19
1910,HODL,VanEck Bitcoin Trust,VanEck,HODL,VanEck Bitcoin Trust,BTC-USD,2025-05-27,31.14,1300.0,0.2,59.527,1.7819,114.99,2.0644,174.52,174.52,,21.471,19.038
1911,HODL,VanEck Bitcoin Trust,VanEck,HODL,VanEck Bitcoin Trust,BTC-USD,2025-05-28,30.27,1300.0,0.2,54.14,1.7415,20.84,1.3392,74.98,74.98,,21.471,19.152
1912,HODL,VanEck Bitcoin Trust,VanEck,HODL,VanEck Bitcoin Trust,BTC-USD,2025-05-29,29.9,1300.0,0.2,53.614,1.7373,-48.61,-1.6956,5.01,5.01,,22.001,19.754
1913,HODL,VanEck Bitcoin Trust,VanEck,HODL,VanEck Bitcoin Trust,BTC-USD,2025-05-30,29.6,1300.0,0.2,50.954,1.7156,115.17,2.0651,166.13,166.13,,22.001,19.829
1914,HODL,VanEck Bitcoin Trust,VanEck,HODL,VanEck Bitcoin Trust,BTC-USD,2025-06-02,29.56,1300.0,0.2,55.903,1.7551,-4.85,-0.7675,-51.05,51.05,,24.678,19.569
1915,HODL,VanEck Bitcoin Trust,VanEck,HODL,VanEck Bitcoin Trust,BTC-USD,2025-06-03,30.08,1300.0,0.2,56.795,1.7619,103.67,2.0198,160.47,160.47,,24.678,19.864
1916,HODL,VanEck Bitcoin Trust,VanEck,HODL,VanEck Bitcoin Trust,BTC-USD,2025-06-04,29.71,1300.0,0.2,56.834,1.7622,109.37,2.0428,166.2,166.2,,24.678,19.675
1917,HODL,VanEck Bitcoin Trust,VanEck,HODL,VanEck Bitcoin Trust,BTC-USD,2025-06-05,28.83,1300.0,0.2,54.931,1.7477,209.32,2.3229,264.25,264.25,,21.589,20.05
1918,HODL,VanEck Bitcoin Trust,VanEck,HODL,VanEck Bitcoin Trust,BTC-USD,2025-06-06,29.52,1300.0,0.2,64.303,1.8149,90.92,1.9634,155.22,155.22,,24.484,20.389
1919,HODL,VanEck Bitcoin Trust,VanEck,HODL,VanEck Bitcoin Trust,BTC-USD,2025-06-09,30.77,1300.0,0.2,64.303,1.8149,75.13,1.8816,139.44,139.44,,24.484,20.648
1920,HODL,VanEck Bitcoin Trust,VanEck,HODL,VanEck Bitcoin Trust,BTC-USD,2025-06-10,31.0,1300.0,0.2,65.568,1.8233,-59.98,-1.7852,5.59,5.59,,24.484,21.025
1921,HODL,VanEck Bitcoin Trust,VanEck,HODL,VanEck Bitcoin Trust,BTC-USD,2025-06-11,30.79,1300.0,0.2,69.316,1.8471,105.91,2.029,175.23,175.23,,29.969,21.32
1922,HODL,VanEck Bitcoin Trust,VanEck,HODL,VanEck Bitcoin Trust,BTC-USD,2025-06-12,30.23,1300.0,0.2,62.537,1.803,-34.31,-1.5479,28.23,28.23,,28.72,21.323
1923,HODL,VanEck Bitcoin Trust,VanEck,HODL,VanEck Bitcoin Trust,BTC-USD,2025-06-13,29.76,1300.0,0.2,58.461,1.7742,-12.58,-1.1328,-45.88,45.88,,24.853,21.772
1924,HODL,VanEck Bitcoin Trust,VanEck,HODL,VanEck Bitcoin Trust,BTC-USD,2025-06-16,30.74,1300.0,0.2,55.514,1.7522,194.68,2.2916,250.2,250.2,,20.915,22.303
1925,HODL,VanEck Bitcoin Trust,VanEck,HODL,VanEck Bitcoin Trust,BTC-USD,2025-06-17,29.63,1300.0,0.2,58.074,1.7714,-16.59,-1.2453,-41.48,41.48,,20.915,22.789
1926,HODL,VanEck Bitcoin Trust,VanEck,HODL,VanEck Bitcoin Trust,BTC-USD,2025-06-18,29.38,1300.0,0.2,61.281,1.7944,56.83,1.7621,-118.11,118.11,,24.725,22.712
1927,HODL,VanEck Bitcoin Trust,VanEck,HODL,VanEck Bitcoin Trust,BTC-USD,2025-06-20,29.25,1300.0,0.2,61.617,1.7967,13.46,1.1602,-75.08,75.08,,29.005,23.792
1928,HODL,VanEck Bitcoin Trust,VanEck,HODL,VanEck Bitcoin Trust,BTC-USD,2025-06-23,29.21,1300.0,0.2,66.046,1.8264,103.37,2.0186,-169.42,169.42,,29.005,23.566
1929,HODL,VanEck Bitcoin Trust,VanEck,HODL,VanEck Bitcoin Trust,BTC-USD,2025-06-24,29.91,1300.0,0.2,66.787,1.8311,-18.92,-1.2993,-47.87,47.87,0.17,29.005,22.485
1930,HODL,VanEck Bitcoin Trust,VanEck,HODL,VanEck Bitcoin Trust,BTC-USD,2025-06-25,30.5,1300.0,0.2,64.813,1.8183,17.44,1.2658,-82.26,82.26,0.21,29.005,21.92
1931,HODL,VanEck Bitcoin Trust,VanEck,HODL,VanEck Bitcoin Trust,BTC-USD,2025-06-26,30.45,1300.0,0.2,62.385,1.802,-13.15,-1.1507,-49.24,49.24,0.23,29.56,22.058
1932,HODL,VanEck Bitcoin Trust,VanEck,HODL,VanEck Bitcoin Trust,BTC-USD,2025-06-27,30.23,1300.0,0.2,64.355,1.8153,-9.62,-1.026,54.74,54.74,0.22,34.326,22.023
1933,HODL,VanEck Bitcoin Trust,VanEck,HODL,VanEck Bitcoin Trust,BTC-USD,2025-06-30,30.47,1300.0,0.2,64.237,1.8145,10.32,1.054,74.56,74.56,0.27,37.423,21.951
1934,HODL,VanEck Bitcoin Trust,VanEck,HODL,VanEck Bitcoin Trust,BTC-USD,2025-07-01,29.83,1300.0,0.2,65.493,1.8228,-7.53,-0.931,-57.96,57.96,0.41,37.423,22.382
1935,HODL,VanEck Bitcoin Trust,VanEck,HODL,VanEck Bitcoin Trust,BTC-USD,2025-07-02,31.04,1300.0,0.2,62.691,1.8041,193.45,2.2888,256.15,256.15,0.39,34.747,23.317
1936,HODL,VanEck Bitcoin Trust,VanEck,HODL,VanEck Bitcoin Trust,BTC-USD,2025-07-03,30.93,1300.0,0.2,62.561,1.8032,-9.2,-1.0086,-53.36,53.36,0.37,34.747,23.556
1937,HODL,VanEck Bitcoin Trust,VanEck,HODL,VanEck Bitcoin Trust,BTC-USD,2025-07-07,30.57,1300.0,0.2,61.265,1.7942,-60.78,-1.7908,0.49,0.49,0.34,34.747,23.802
1938,HODL,VanEck Bitcoin Trust,VanEck,HODL,VanEck Bitcoin Trust,BTC-USD,2025-07-08,30.78,1300.0,0.2,60.584,1.7895,-4.07,-0.7052,56.51,56.51,0.31,32.359,23.456
1939,HODL,VanEck Bitcoin Trust,VanEck,HODL,VanEck Bitcoin Trust,BTC-USD,2025-07-09,31.65,1300.0,0.2,51.213,1.7178,102.02,2.0129,153.23,153.23,0.3,29.464,24.119
1940,HODL,VanEck Bitcoin Trust,VanEck,HODL,VanEck Bitcoin Trust,BTC-USD,2025-07-10,32.11,1300.0,0.2,49.39,1.7023,-25.81,-1.4283,23.58,23.58,0.3,29.464,24.819
1941,HODL,VanEck Bitcoin Trust,VanEck,HODL,VanEck Bitcoin Trust,BTC-USD,2025-07-11,33.44,1300.0,0.2,49.248,1.7011,201.21,2.3058,250.46,250.46,0.3,29.464,25.688
1942,HODL,VanEck Bitcoin Trust,VanEck,HODL,VanEck Bitcoin Trust,BTC-USD,2025-07-14,33.93,1300.0,0.2,41.115,1.6244,146.08,2.1676,187.2,187.2,0.3,21.143,26.557
1943,HODL,VanEck Bitcoin Trust,VanEck,HODL,VanEck Bitcoin Trust,BTC-USD,2025-07-15,32.96,1300.0,0.2,40.693,1.6201,-31.1,-1.5065,9.59,9.59,0.29,21.143,28.123
1944,HODL,VanEck Bitcoin Trust,VanEck,HODL,VanEck Bitcoin Trust,BTC-USD,2025-07-16,33.76,1300.0,0.2,44.671,1.6596,314.23,2.4986,358.9,358.9,0.27,21.143,29.16
1945,HODL,VanEck Bitcoin Trust,VanEck,HODL,VanEck Bitcoin Trust,BTC-USD,2025-07-17,33.68,1300.0,0.2,49.476,1.7031,-26.68,-1.4422,22.79,22.79,0.24,26.935,29.383
1946,HODL,VanEck Bitcoin Trust,VanEck,HODL,VanEck Bitcoin Trust,BTC-USD,2025-07-18,33.21,1300.0,0.2,55.476,1.7519,110.66,2.0479,166.14,166.14,0.22,31.204,29.897
1947,HODL,VanEck Bitcoin Trust,VanEck,HODL,VanEck Bitcoin Trust,BTC-USD,2025-07-21,33.05,1300.0,0.2,57.042,1.7637,210.31,2.3249,267.35,267.35,0.22,32.003,30.733
1948,HODL,VanEck Bitcoin Trust,VanEck,HODL,VanEck Bitcoin Trust,BTC-USD,2025-07-22,33.77,1300.0,0.2,58.374,1.7736,161.13,2.2099,219.51,219.51,0.23,29.212,30.53
1949,HODL,VanEck Bitcoin Trust,VanEck,HODL,VanEck Bitcoin Trust,BTC-USD,2025-07-23,33.53,1300.0,0.2,58.774,1.7765,374.48,2.5746,433.25,433.25,0.29,30.844,30.718
1950,HODL,VanEck Bitcoin Trust,VanEck,HODL,VanEck Bitcoin Trust,BTC-USD,2025-07-24,33.7,1300.0,0.2,62.04,1.7996,243.87,2.3889,305.91,305.91,0.35,30.844,32.655
1951,HODL,VanEck Bitcoin Trust,VanEck,HODL,VanEck Bitcoin Trust,BTC-USD,2025-07-25,33.06,1300.0,0.2,62.04,1.7996,4.68,0.7544,66.72,66.72,0.34,30.844,33.608
1952,HODL,VanEck Bitcoin Trust,VanEck,HODL,VanEck Bitcoin Trust,BTC-USD,2025-07-28,33.41,1300.0,0.2,58.902,1.7774,79.3,1.9047,138.2,138.2,0.34,28.726,33.896
1953,HODL,VanEck Bitcoin Trust,VanEck,HODL,VanEck Bitcoin Trust,BTC-USD,2025-07-29,33.25,1300.0,0.2,59.932,1.7848,113.14,2.0574,173.07,173.07,0.34,28.941,35.03
1954,HODL,VanEck Bitcoin Trust,VanEck,HODL,VanEck Bitcoin Trust,BTC-USD,2025-07-30,33.07,1300.0,0.2,61.452,1.7955,-12.88,-1.1424,48.57,48.57,0.36,30.116,35.662
1955,HODL,VanEck Bitcoin Trust,VanEck,HODL,VanEck Bitcoin Trust,BTC-USD,2025-07-31,33.04,1300.0,0.2,69.61,1.8489,214.47,2.3334,284.07,284.07,0.45,36.523,35.658
1956,HODL,VanEck Bitcoin Trust,VanEck,HODL,VanEck Bitcoin Trust,BTC-USD,2025-08-01,32.01,1300.0,0.2,66.702,1.8306,-64.94,-1.8191,1.77,1.77,0.45,36.523,35.406
1957,HODL,VanEck Bitcoin Trust,VanEck,HODL,VanEck Bitcoin Trust,BTC-USD,2025-08-04,32.47,1300.0,0.2,71.182,1.8584,39.2,1.6042,110.38,110.38,0.49,40.825,35.437
1958,HODL,VanEck Bitcoin Trust,VanEck,HODL,VanEck Bitcoin Trust,BTC-USD,2025-08-05,32.16,1300.0,0.2,71.182,1.8584,24.87,1.4127,96.05,96.05,0.51,40.825,35.567
1959,HODL,VanEck Bitcoin Trust,VanEck,HODL,VanEck Bitcoin Trust,BTC-USD,2025-08-06,32.63,1300.0,0.2,70.049,1.8516,87.4,1.9465,157.45,157.45,0.53,40.825,35.929
1960,HODL,VanEck Bitcoin Trust,VanEck,HODL,VanEck Bitcoin Trust,BTC-USD,2025-08-07,33.27,1300.0,0.2,70.049,1.8516,1.78,0.444,71.83,71.83,0.53,40.825,35.449
1961,HODL,VanEck Bitcoin Trust,VanEck,HODL,VanEck Bitcoin Trust,BTC-USD,2025-08-08,32.95,1300.0,0.2,74.64,1.8788,141.28,2.1531,215.92,215.92,0.52,45.88,35.367
1962,HODL,VanEck Bitcoin Trust,VanEck,HODL,VanEck Bitcoin Trust,BTC-USD,2025-08-11,33.67,1300.0,0.2,74.64,1.8788,-56.06,-1.7564,-18.58,18.58,0.5,45.88,34.498
1963,HODL,VanEck Bitcoin Trust,VanEck,HODL,VanEck Bitcoin Trust,BTC-USD,2025-08-12,33.86,1300.0,0.2,79.499,1.9058,-26.25,-1.4354,-53.25,53.25,0.52,50.86,33.493
1964,HODL,VanEck Bitcoin Trust,VanEck,HODL,VanEck Bitcoin Trust,BTC-USD,2025-08-13,34.77,1300.0,0.2,79.499,1.9058,59.46,1.7815,138.96,138.96,0.51,50.86,32.202
1965,HODL,VanEck Bitcoin Trust,VanEck,HODL,VanEck Bitcoin Trust,BTC-USD,2025-08-14,33.4,1300.0,0.2,82.168,1.92,-2.52,-0.5469,-79.64,79.64,0.49,50.86,31.627
1966,HODL,VanEck Bitcoin Trust,VanEck,HODL,VanEck Bitcoin Trust,BTC-USD,2025-08-15,33.1,1300.0,0.2,77.227,1.8934,-39.0,-1.6021,-38.22,38.22,0.5,47.151,30.809
1967,HODL,VanEck Bitcoin Trust,VanEck,HODL,VanEck Bitcoin Trust,BTC-USD,2025-08-18,32.91,1300.0,0.2,69.409,1.8476,-29.47,-1.4838,39.94,39.94,0.48,42.882,29.949
1968,HODL,VanEck Bitcoin Trust,VanEck,HODL,VanEck Bitcoin Trust,BTC-USD,2025-08-19,31.99,1300.0,0.2,63.715,1.811,-38.29,-1.5943,25.42,25.42,0.47,35.732,28.929
1969,HODL,VanEck Bitcoin Trust,VanEck,HODL,VanEck Bitcoin Trust,BTC-USD,2025-08-20,32.35,1300.0,0.2,59.601,1.7825,-47.98,-1.69,-11.62,11.62,0.46,37.346,29.961
1970,HODL,VanEck Bitcoin Trust,VanEck,HODL,VanEck Bitcoin Trust,BTC-USD,2025-08-21,31.73,1300.0,0.2,62.306,1.8014,9.94,1.0389,-72.24,72.24,0.47,40.793,28.854
1971,HODL,VanEck Bitcoin Trust,VanEck,HODL,VanEck Bitcoin Trust,BTC-USD,2025-08-22,33.01,1300.0,0.2,64.735,1.8178,40.79,1.6211,-105.53,105.53,0.51,44.81,27.352
1972,HODL,VanEck Bitcoin Trust,VanEck,HODL,VanEck Bitcoin Trust,BTC-USD,2025-08-25,31.35,1300.0,0.2,65.038,1.8198,-10.11,-1.0458,54.93,54.93,0.5,44.81,26.818
1973,HODL,VanEck Bitcoin Trust,VanEck,HODL,VanEck Bitcoin Trust,BTC-USD,2025-08-26,31.44,1300.0,0.2,69.017,1.8452,67.37,1.8349,-136.39,136.39,0.52,44.81,26.48
1974,HODL,VanEck Bitcoin Trust,VanEck,HODL,VanEck Bitcoin Trust,BTC-USD,2025-08-27,31.71,1300.0,0.2,66.321,1.8282,-22.85,-1.3775,43.47,43.47,0.53,39.828,25.85
1975,HODL,VanEck Bitcoin Trust,VanEck,HODL,VanEck Bitcoin Trust,BTC-USD,2025-08-28,31.67,1300.0,0.2,64.243,1.8145,-35.4,-1.5612,-28.84,28.84,0.56,35.026,24.918
1976,HODL,VanEck Bitcoin Trust,VanEck,HODL,VanEck Bitcoin Trust,BTC-USD,2025-08-29,30.61,1300.0,0.2,55.647,1.7532,108.8,2.0406,-164.45,164.45,0.58,28.619,25.168
1977,HODL,VanEck Bitcoin Trust,VanEck,HODL,VanEck Bitcoin Trust,BTC-USD,2025-09-02,31.33,1300.0,0.2,60.751,1.7906,-34.75,-1.5532,-26.01,26.01,0.56,28.619,25.353
1978,HODL,VanEck Bitcoin Trust,VanEck,HODL,VanEck Bitcoin Trust,BTC-USD,2025-09-03,31.74,1300.0,0.2,56.791,1.7619,-8.24,-0.9659,48.55,48.55,0.55,24.317,25.281
1979,HODL,VanEck Bitcoin Trust,VanEck,HODL,VanEck Bitcoin Trust,BTC-USD,2025-09-04,31.06,1300.0,0.2,58.501,1.7745,-1.44,-0.3867,-57.07,57.07,0.55,24.317,25.497
1980,HODL,VanEck Bitcoin Trust,VanEck,HODL,VanEck Bitcoin Trust,BTC-USD,2025-09-05,31.58,1300.0,0.2,58.439,1.7741,-22.15,-1.3645,36.29,36.29,0.55,24.317,25.474
1981,HODL,VanEck Bitcoin Trust,VanEck,HODL,VanEck Bitcoin Trust,BTC-USD,2025-09-08,31.71,1300.0,0.2,62.684,1.804,-8.61,-0.9829,-54.07,54.07,0.57,26.409,25.553
1982,HODL,VanEck Bitcoin Trust,VanEck,HODL,VanEck Bitcoin Trust,BTC-USD,2025-09-09,31.49,1300.0,0.2,62.991,1.8061,-22.96,-1.3794,-40.03,40.03,0.59,23.711,25.094
1983,HODL,VanEck Bitcoin Trust,VanEck,HODL,VanEck Bitcoin Trust,BTC-USD,2025-09-10,32.15,1300.0,0.2,65.841,1.825,38.02,1.5913,-103.86,103.86,0.6,23.711,25.902
1984,HODL,VanEck Bitcoin Trust,VanEck,HODL,VanEck Bitcoin Trust,BTC-USD,2025-09-11,32.41,1300.0,0.2,61.213,1.7939,42.58,1.6393,-103.8,103.8,0.67,19.194,26.031
1985,HODL,VanEck Bitcoin Trust,VanEck,HODL,VanEck Bitcoin Trust,BTC-USD,2025-09-12,33.08,1300.0,0.2,61.213,1.7939,-50.83,-1.7146,10.38,10.38,0.72,19.194,26.023
1986,HODL,VanEck Bitcoin Trust,VanEck,HODL,VanEck Bitcoin Trust,BTC-USD,2025-09-15,32.63,1300.0,0.2,57.483,1.767,-27.44,-1.4539,-30.04,30.04,0.7,19.194,26.495
1987,HODL,VanEck Bitcoin Trust,VanEck,HODL,VanEck Bitcoin Trust,BTC-USD,2025-09-16,33.07,1300.0,0.2,58.797,1.7767,-47.32,-1.6841,11.48,11.48,0.68,17.111,27.234
1988,HODL,VanEck Bitcoin Trust,VanEck,HODL,VanEck Bitcoin Trust,BTC-USD,2025-09-17,32.73,1300.0,0.2,65.32,1.8216,23.95,1.397,-89.27,89.27,0.65,22.048,28.478
1989,HODL,VanEck Bitcoin Trust,VanEck,HODL,VanEck Bitcoin Trust,BTC-USD,2025-09-18,33.22,1300.0,0.2,64.371,1.8154,-37.37,-1.584,27.0,27.0,0.64,22.048,29.859
1990,HODL,VanEck Bitcoin Trust,VanEck,HODL,VanEck Bitcoin Trust,BTC-USD,2025-09-19,32.56,1300.0,0.2,62.309,1.8015,-10.11,-1.0458,-52.2,52.2,0.63,18.945,29.415
1991,HODL,VanEck Bitcoin Trust,VanEck,HODL,VanEck Bitcoin Trust,BTC-USD,2025-09-22,31.72,1300.0,0.2,55.818,1.7545,-33.59,-1.539,-22.23,22.23,0.62,13.865,31.058
1992,HODL,VanEck Bitcoin Trust,VanEck,HODL,VanEck Bitcoin Trust,BTC-USD,2025-09-23,31.58,1300.0,0.2,52.17,1.7257,-4.01,-0.7,-48.16,48.16,0.64,13.388,31.461
1993,HODL,VanEck Bitcoin Trust,VanEck,HODL,VanEck Bitcoin Trust,BTC-USD,2025-09-24,32.11,1300.0,0.2,54.957,1.7479,-39.48,-1.6073,-15.47,15.47,0.64,13.388,31.742
1994,HODL,VanEck Bitcoin Trust,VanEck,HODL,VanEck Bitcoin Trust,BTC-USD,2025-09-25,30.93,1300.0,0.2,52.42,1.7277,33.16,1.5335,85.58,85.58,0.64,13.388,34.782
1995,HODL,VanEck Bitcoin Trust,VanEck,HODL,VanEck Bitcoin Trust,BTC-USD,2025-09-26,30.88,1300.0,0.2,53.859,1.7393,66.09,1.8267,-119.95,119.95,0.68,17.542,35.506
1996,HODL,VanEck Bitcoin Trust,VanEck,HODL,VanEck Bitcoin Trust,BTC-USD,2025-09-29,32.36,1300.0,0.2,52.207,1.726,16.43,1.2413,68.64,68.64,0.72,17.542,37.313
1997,HODL,VanEck Bitcoin Trust,VanEck,HODL,VanEck Bitcoin Trust,BTC-USD,2025-09-30,32.37,1300.0,0.2,56.048,1.7562,45.81,1.6703,101.86,101.86,0.72,22.107,37.995
1998,HODL,VanEck Bitcoin Trust,VanEck,HODL,VanEck Bitcoin Trust,BTC-USD,2025-10-01,33.24,1300.0,0.2,50.944,1.7155,-45.34,-1.666,-5.6,5.6,0.72,22.107,38.493
1999,HODL,VanEck Bitcoin Trust,VanEck,HODL,VanEck Bitcoin Trust,BTC-USD,2025-10-02,34.23,1300.0,0.2,50.944,1.7155,-9.77,-1.0323,41.17,41.17,0.71,22.107,40.488
2000,HODL,VanEck Bitcoin Trust,VanEck,HODL,VanEck Bitcoin Trust,BTC-USD,2025-10-03,34.76,1300.0,0.2,49.567,1.7039,151.52,2.1833,201.09,201.09,0.73,22.107,43.698
2001,HODL,VanEck Bitcoin Trust,VanEck,HODL,VanEck Bitcoin Trust,BTC-USD,2025-10-06,35.49,1300.0,0.2,47.44,1.6852,-7.49,-0.9288,39.95,39.95,0.72,22.107,46.228
2002,HODL,VanEck Bitcoin Trust,VanEck,HODL,VanEck Bitcoin Trust,BTC-USD,2025-10-07,34.41,1300.0,0.2,42.863,1.6421,28.54,1.4704,71.4,71.4,0.69,20.015,49.236
2003,HODL,VanEck Bitcoin Trust,VanEck,HODL,VanEck Bitcoin Trust,BTC-USD,2025-10-08,34.92,1300.0,0.2,45.475,1.6672,46.71,1.6786,92.18,92.18,0.72,23.899,50.114
2004,HODL,VanEck Bitcoin Trust,VanEck,HODL,VanEck Bitcoin Trust,BTC-USD,2025-10-09,34.24,1300.0,0.2,45.051,1.6632,-24.34,-1.4038,20.71,20.71,0.74,24.204,51.296
2005,HODL,VanEck Bitcoin Trust,VanEck,HODL,VanEck Bitcoin Trust,BTC-USD,2025-10-10,32.99,1300.0,0.2,45.43,1.6668,295.14,2.4715,340.57,340.57,0.84,24.622,54.696
2006,HODL,VanEck Bitcoin Trust,VanEck,HODL,VanEck Bitcoin Trust,BTC-USD,2025-10-13,32.77,1300.0,0.2,45.881,1.671,0.0,0.0017,-45.88,45.88,0.69,24.622,59.538
2007,HODL,VanEck Bitcoin Trust,VanEck,HODL,VanEck Bitcoin Trust,BTC-USD,2025-10-14,31.86,1300.0,0.2,42.555,1.639,34.88,1.5548,-77.43,77.43,0.66,24.622,60.805
2008,HODL,VanEck Bitcoin Trust,VanEck,HODL,VanEck Bitcoin Trust,BTC-USD,2025-10-15,31.47,1300.0,0.2,47.057,1.6818,-5.75,-0.8296,-41.3,41.3,0.62,30.577,62.577
2009,HODL,VanEck Bitcoin Trust,VanEck,HODL,VanEck Bitcoin Trust,BTC-USD,2025-10-16,30.62,1300.0,0.2,40.534,1.6184,-5.82,-0.8339,-34.71,34.71,0.51,25.64,66.325
2010,HODL,VanEck Bitcoin Trust,VanEck,HODL,VanEck Bitcoin Trust,BTC-USD,2025-10-17,30.12,1300.0,0.2,40.534,1.6184,111.32,2.0505,-151.86,151.86,0.38,25.64,70.981
2011,HODL,VanEck Bitcoin Trust,VanEck,HODL,VanEck Bitcoin Trust,BTC-USD,2025-10-20,31.35,1300.0,0.2,39.877,1.6115,-33.39,-1.5364,-6.49,6.49,0.37,25.64,72.056
2012,HODL,VanEck Bitcoin Trust,VanEck,HODL,VanEck Bitcoin Trust,BTC-USD,2025-10-21,31.64,1300.0,0.2,47.594,1.6866,223.96,2.3521,271.55,271.55,0.35,28.73,72.923
2013,HODL,VanEck Bitcoin Trust,VanEck,HODL,VanEck Bitcoin Trust,BTC-USD,2025-10-22,30.48,1300.0,0.2,46.05,1.6726,13.86,1.172,-59.91,59.91,0.26,25.191,75.612
2014,HODL,VanEck Bitcoin Trust,VanEck,HODL,VanEck Bitcoin Trust,BTC-USD,2025-10-23,31.19,1300.0,0.2,43.262,1.646,32.55,1.5257,-75.81,75.81,0.26,25.191,76.401
2015,HODL,VanEck Bitcoin Trust,VanEck,HODL,VanEck Bitcoin Trust,BTC-USD,2025-10-24,31.27,1300.0,0.2,43.816,1.6514,76.16,1.8874,-119.98,119.98,0.27,29.633,73.775
2016,HODL,VanEck Bitcoin Trust,VanEck,HODL,VanEck Bitcoin Trust,BTC-USD,2025-10-27,32.51,1300.0,0.2,40.54,1.6185,57.9,1.7701,98.44,98.44,0.25,25.479,73.327
2017,HODL,VanEck Bitcoin Trust,VanEck,HODL,VanEck Bitcoin Trust,BTC-USD,2025-10-28,32.14,1300.0,0.2,44.33,1.6564,-38.89,-1.6009,5.44,5.44,0.25,28.554,72.474
2018,HODL,VanEck Bitcoin Trust,VanEck,HODL,VanEck Bitcoin Trust,BTC-USD,2025-10-29,31.28,1300.0,0.2,40.662,1.6197,25.02,1.4153,-65.68,65.68,0.23,23.989,73.944
2019,HODL,VanEck Bitcoin Trust,VanEck,HODL,VanEck Bitcoin Trust,BTC-USD,2025-10-30,30.08,1300.0,0.2,40.662,1.6197,165.88,2.2224,-206.54,206.54,0.23,23.989,77.556
2020,HODL,VanEck Bitcoin Trust,VanEck,HODL,VanEck Bitcoin Trust,BTC-USD,2025-10-31,31.03,1300.0,0.2,44.182,1.655,91.1,1.9643,-135.29,135.29,0.26,23.989,77.243
2021,HODL,VanEck Bitcoin Trust,VanEck,HODL,VanEck Bitcoin Trust,BTC-USD,2025-11-03,30.14,1300.0,0.2,46.207,1.674,151.01,2.1819,-197.22,197.22,0.28,23.989,75.496
2022,HODL,VanEck Bitcoin Trust,VanEck,HODL,VanEck Bitcoin Trust,BTC-USD,2025-11-04,28.49,1300.0,0.2,46.538,1.677,283.04,2.4534,-329.58,329.58,0.41,23.989,76.721
2023,HODL,VanEck Bitcoin Trust,VanEck,HODL,VanEck Bitcoin Trust,BTC-USD,2025-11-05,29.35,1300.0,0.2,59.162,1.7793,138.64,2.145,-197.8,197.8,0.48,29.917,75.017
2024,HODL,VanEck Bitcoin Trust,VanEck,HODL,VanEck Bitcoin Trust,BTC-USD,2025-11-06,28.52,1300.0,0.2,58.571,1.775,185.89,2.2716,-244.46,244.46,0.56,23.676,75.218
2025,HODL,VanEck Bitcoin Trust,VanEck,HODL,VanEck Bitcoin Trust,BTC-USD,2025-11-07,29.34,1300.0,0.2,66.765,1.831,20.29,1.3283,-87.06,87.06,0.59,31.469,74.832
2026,HODL,VanEck Bitcoin Trust,VanEck,HODL,VanEck Bitcoin Trust,BTC-USD,2025-11-10,29.98,1300.0,0.2,66.399,1.8287,301.56,2.4808,-367.96,367.96,0.63,30.588,72.644
2027,HODL,VanEck Bitcoin Trust,VanEck,HODL,VanEck Bitcoin Trust,BTC-USD,2025-11-11,29.06,1300.0,0.2,68.431,1.8416,122.99,2.0934,-191.42,191.42,0.67,30.588,67.847
2028,HODL,VanEck Bitcoin Trust,VanEck,HODL,VanEck Bitcoin Trust,BTC-USD,2025-11-12,28.72,1300.0,0.2,71.457,1.8601,0.17,0.0697,-71.63,71.63,0.65,35.661,66.717
2029,HODL,VanEck Bitcoin Trust,VanEck,HODL,VanEck Bitcoin Trust,BTC-USD,2025-11-13,27.73,1300.0,0.2,64.988,1.8195,226.43,2.3568,-291.42,291.42,0.67,29.706,65.913
2030,HODL,VanEck Bitcoin Trust,VanEck,HODL,VanEck Bitcoin Trust,BTC-USD,2025-11-14,26.66,1300.0,0.2,65.025,1.8197,49.68,1.7049,-114.71,114.71,0.66,29.706,62.834
2031,HODL,VanEck Bitcoin Trust,VanEck,HODL,VanEck Bitcoin Trust,BTC-USD,2025-11-17,25.97,1300.0,0.2,65.025,1.8197,58.51,1.7746,-123.54,123.54,0.67,29.706,61.803
2032,HODL,VanEck Bitcoin Trust,VanEck,HODL,VanEck Bitcoin Trust,BTC-USD,2025-11-18,26.23,1300.0,0.2,68.816,1.844,105.31,2.0266,-174.13,174.13,0.7,37.362,60.892
2033,HODL,VanEck Bitcoin Trust,VanEck,HODL,VanEck Bitcoin Trust,BTC-USD,2025-11-19,25.26,1300.0,0.2,67.494,1.8357,570.46,2.757,-637.95,637.95,0.88,34.271,61.616
2034,HODL,VanEck Bitcoin Trust,VanEck,HODL,VanEck Bitcoin Trust,BTC-USD,2025-11-20,24.4,1300.0,0.2,78.079,1.8981,113.64,2.0593,-191.72,191.72,0.76,39.397,61.412
2035,HODL,VanEck Bitcoin Trust,VanEck,HODL,VanEck Bitcoin Trust,BTC-USD,2025-11-21,23.9,1300.0,0.2,77.971,1.8975,190.26,2.2816,-268.23,268.23,0.8,39.397,63.662
2036,HODL,VanEck Bitcoin Trust,VanEck,HODL,VanEck Bitcoin Trust,BTC-USD,2025-11-24,25.21,1300.0,0.2,75.858,1.8857,-38.72,-1.599,-37.14,37.14,0.77,34.956,64.009
2037,HODL,VanEck Bitcoin Trust,VanEck,HODL,VanEck Bitcoin Trust,BTC-USD,2025-11-25,24.68,1300.0,0.2,82.916,1.9238,206.81,2.3177,-289.73,289.73,0.77,40.915,69.185
2038,HODL,VanEck Bitcoin Trust,VanEck,HODL,VanEck Bitcoin Trust,BTC-USD,2025-11-26,25.42,1300.0,0.2,81.73,1.9177,228.18,2.3602,-309.91,309.91,0.82,37.841,69.053
2039,HODL,VanEck Bitcoin Trust,VanEck,HODL,VanEck Bitcoin Trust,BTC-USD,2025-11-28,25.65,1300.0,0.2,81.73,1.9177,142.94,2.1582,-224.67,224.67,0.84,37.841,67.013
2040,HODL,VanEck Bitcoin Trust,VanEck,HODL,VanEck Bitcoin Trust,BTC-USD,2025-12-01,24.2,1300.0,0.2,81.925,1.9187,-17.8,-1.2742,-64.12,64.12,0.82,37.841,63.443
2041,HODL,VanEck Bitcoin Trust,VanEck,HODL,VanEck Bitcoin Trust,BTC-USD,2025-12-02,25.75,1300.0,0.2,81.612,1.917,118.15,2.0761,-199.76,199.76,0.82,37.841,62.879
2042,HODL,VanEck Bitcoin Trust,VanEck,HODL,VanEck Bitcoin Trust,BTC-USD,2025-12-03,26.3,1300.0,0.2,80.051,1.9088,100.44,2.0062,-180.5,180.5,0.83,37.841,61.774
2043,HODL,VanEck Bitcoin Trust,VanEck,HODL,VanEck Bitcoin Trust,BTC-USD,2025-12-04,26.16,1300.0,0.2,88.308,1.9509,-55.85,-1.7548,32.46,32.46,0.81,40.652,58.589
2044,HODL,VanEck Bitcoin Trust,VanEck,HODL,VanEck Bitcoin Trust,BTC-USD,2025-12-05,25.26,1300.0,0.2,75.744,1.885,33.73,1.5406,-109.47,109.47,0.8,34.724,58.849
2045,HODL,VanEck Bitcoin Trust,VanEck,HODL,VanEck Bitcoin Trust,BTC-USD,2025-12-08,25.68,1300.0,0.2,75.643,1.8845,-46.14,-1.6734,-29.5,29.5,0.8,39.168,58.656
2046,HODL,VanEck Bitcoin Trust,VanEck,HODL,VanEck Bitcoin Trust,BTC-USD,2025-12-09,26.33,1300.0,0.2,68.904,1.8445,22.16,1.3648,-91.07,91.07,0.79,32.074,58.908
2047,HODL,VanEck Bitcoin Trust,VanEck,HODL,VanEck Bitcoin Trust,BTC-USD,2025-12-10,26.16,1300.0,0.2,78.551,1.9006,-12.33,-1.1249,-66.22,66.22,0.79,42.72,58.495
2048,HODL,VanEck Bitcoin Trust,VanEck,HODL,VanEck Bitcoin Trust,BTC-USD,2025-12-11,25.95,1300.0,0.2,75.806,1.8854,79.98,1.9084,-155.78,155.78,0.79,42.72,60.899
2049,HODL,VanEck Bitcoin Trust,VanEck,HODL,VanEck Bitcoin Trust,BTC-USD,2025-12-12,25.53,1300.0,0.2,83.996,1.9294,3.71,0.673,-87.71,87.71,0.79,46.35,61.131
2050,HODL,VanEck Bitcoin Trust,VanEck,HODL,VanEck Bitcoin Trust,BTC-USD,2025-12-15,24.26,1300.0,0.2,82.636,1.9224,-73.85,-1.8742,-8.79,8.79,0.79,46.35,65.531
2051,HODL,VanEck Bitcoin Trust,VanEck,HODL,VanEck Bitcoin Trust,BTC-USD,2025-12-16,24.78,1300.0,0.2,88.927,1.9539,-18.85,-1.2978,-70.08,70.08,0.79,48.682,69.416
2052,HODL,VanEck Bitcoin Trust,VanEck,HODL,VanEck Bitcoin Trust,BTC-USD,2025-12-17,24.28,1300.0,0.2,94.927,1.9819,-44.65,-1.6595,-50.27,50.27,0.79,50.893,67.178
2053,HODL,VanEck Bitcoin Trust,VanEck,HODL,VanEck Bitcoin Trust,BTC-USD,2025-12-18,23.94,1300.0,0.2,106.149,2.03,20.42,1.3308,-126.57,126.57,0.78,57.688,68.746
2054,HODL,VanEck Bitcoin Trust,VanEck,HODL,VanEck Bitcoin Trust,BTC-USD,2025-12-19,24.88,1300.0,0.2,113.322,2.0581,71.74,1.8618,185.06,185.06,0.75,64.822,66.489
2055,HODL,VanEck Bitcoin Trust,VanEck,HODL,VanEck Bitcoin Trust,BTC-USD,2025-12-22,24.98,1300.0,0.2,102.545,2.0151,-77.89,-1.897,24.65,24.65,0.77,59.749,63.867
2056,HODL,VanEck Bitcoin Trust,VanEck,HODL,VanEck Bitcoin Trust,BTC-USD,2025-12-23,24.79,1300.0,0.2,102.545,2.0151,5.44,0.809,107.99,107.99,0.81,59.749,61.025
2057,HODL,VanEck Bitcoin Trust,VanEck,HODL,VanEck Bitcoin Trust,BTC-USD,2025-12-24,24.67,1300.0,0.2,105.045,2.0255,40.33,1.6162,-145.37,145.37,0.74,62.193,60.198
2058,HODL,VanEck Bitcoin Trust,VanEck,HODL,VanEck Bitcoin Trust,BTC-USD,2025-12-26,24.74,1300.0,0.2,99.599,2.0026,-71.44,-1.86,28.16,28.16,0.73,57.308,54.955
2059,HODL,VanEck Bitcoin Trust,VanEck,HODL,VanEck Bitcoin Trust,BTC-USD,2025-12-29,24.62,1300.0,0.2,103.999,2.0212,-61.77,-1.7977,42.23,42.23,0.73,60.551,54.315
2060,HODL,VanEck Bitcoin Trust,VanEck,HODL,VanEck Bitcoin Trust,BTC-USD,2025-12-30,24.85,1300.0,0.2,109.269,2.0425,-52.75,-1.7304,-56.52,56.52,0.69,60.551,55.124
2061,HODL,VanEck Bitcoin Trust,VanEck,HODL,VanEck Bitcoin Trust,BTC-USD,2025-12-31,24.73,1300.0,0.2,114.312,2.0619,-32.94,-1.5307,81.37,81.37,0.69,62.241,55.515
2062,HODL,VanEck Bitcoin Trust,VanEck,HODL,VanEck Bitcoin Trust,BTC-USD,2026-01-02,25.37,1300.0,0.2,111.077,2.0495,-110.57,-2.0475,0.51,0.51,0.67,62.241,59.209
2063,HODL,VanEck Bitcoin Trust,VanEck,HODL,VanEck Bitcoin Trust,BTC-USD,2026-01-05,26.66,1300.0,0.2,111.077,2.0495,-16.58,-1.245,94.5,94.5,0.66,62.241,60.387
2064,HODL,VanEck Bitcoin Trust,VanEck,HODL,VanEck Bitcoin Trust,BTC-USD,2026-01-06,26.14,1300.0,0.2,111.324,2.0505,65.55,1.8231,-176.87,176.87,0.62,64.111,61.453
2065,HODL,VanEck Bitcoin Trust,VanEck,HODL,VanEck Bitcoin Trust,BTC-USD,2026-01-07,25.71,1300.0,0.2,115.194,2.0652,-95.27,-1.9835,-19.92,19.92,0.55,64.111,59.87
2066,HODL,VanEck Bitcoin Trust,VanEck,HODL,VanEck Bitcoin Trust,BTC-USD,2026-01-08,25.69,1300.0,0.2,108.533,2.0395,-83.74,-1.9281,-24.79,24.79,0.6,59.667,58.888
2067,HODL,VanEck Bitcoin Trust,VanEck,HODL,VanEck Bitcoin Trust,BTC-USD,2026-01-09,25.51,1300.0,0.2,109.266,2.0424,-41.9,-1.6324,-67.37,67.37,0.6,62.876,58.128
2068,HODL,VanEck Bitcoin Trust,VanEck,HODL,VanEck Bitcoin Trust,BTC-USD,2026-01-12,25.85,1300.0,0.2,106.202,2.0302,-86.38,-1.9414,-19.82,19.82,0.6,59.296,58.638
2069,HODL,VanEck Bitcoin Trust,VanEck,HODL,VanEck Bitcoin Trust,BTC-USD,2026-01-13,26.72,1300.0,0.2,106.23,2.0303,-92.27,-1.9697,-13.96,13.96,0.61,59.296,56.853
2070,HODL,VanEck Bitcoin Trust,VanEck,HODL,VanEck Bitcoin Trust,BTC-USD,2026-01-14,27.62,1300.0,0.2,95.014,1.9823,-25.31,-1.4201,69.7,69.7,0.63,50.593,57.09
2071,HODL,VanEck Bitcoin Trust,VanEck,HODL,VanEck Bitcoin Trust,BTC-USD,2026-01-15,26.94,1300.0,0.2,100.562,2.0067,-44.59,-1.6589,55.97,55.97,0.66,54.668,52.342
2072,HODL,VanEck Bitcoin Trust,VanEck,HODL,VanEck Bitcoin Trust,BTC-USD,2026-01-16,27.03,1300.0,0.2,94.268,1.9789,-54.89,-1.7473,39.38,39.38,0.64,52.336,48.702
2073,HODL,VanEck Bitcoin Trust,VanEck,HODL,VanEck Bitcoin Trust,BTC-USD,2026-01-20,25.32,1300.0,0.2,88.267,1.9507,116.06,2.0684,204.33,204.33,0.75,50.125,47.504
2074,HODL,VanEck Bitcoin Trust,VanEck,HODL,VanEck Bitcoin Trust,BTC-USD,2026-01-21,25.47,1300.0,0.2,75.542,1.8839,129.14,2.1144,204.68,204.68,0.84,35.673,47.012
2075,HODL,VanEck Bitcoin Trust,VanEck,HODL,VanEck Bitcoin Trust,BTC-USD,2026-01-22,25.26,1300.0,0.2,66.839,1.8315,-43.36,-1.647,23.48,23.48,0.83,32.61,47.747
2076,HODL,VanEck Bitcoin Trust,VanEck,HODL,VanEck Bitcoin Trust,BTC-USD,2026-01-23,25.3,1300.0,0.2,72.421,1.8658,-34.86,-1.5546,37.56,37.56,0.86,37.012,47.728
2077,HODL,VanEck Bitcoin Trust,VanEck,HODL,VanEck Bitcoin Trust,BTC-USD,2026-01-26,24.75,1300.0,0.2,72.421,1.8658,11.31,1.0903,-83.73,83.73,0.84,37.012,47.536
2078,HODL,VanEck Bitcoin Trust,VanEck,HODL,VanEck Bitcoin Trust,BTC-USD,2026-01-27,25.26,1300.0,0.2,73.557,1.8725,21.44,1.351,94.99,94.99,0.85,40.425,48.168
2079,HODL,VanEck Bitcoin Trust,VanEck,HODL,VanEck Bitcoin Trust,BTC-USD,2026-01-28,25.18,1300.0,0.2,71.836,1.8623,-61.98,-1.7992,-9.86,9.86,0.85,39.351,48.276
2080,HODL,VanEck Bitcoin Trust,VanEck,HODL,VanEck Bitcoin Trust,BTC-USD,2026-01-29,23.76,1300.0,0.2,64.753,1.8179,-41.66,-1.63,-23.09,23.09,0.86,36.108,49.911
2081,HODL,VanEck Bitcoin Trust,VanEck,HODL,VanEck Bitcoin Trust,BTC-USD,2026-01-30,23.7,1300.0,0.2,59.358,1.7807,-5.13,-0.7877,54.23,54.23,0.86,36.108,52.044
2082,HODL,VanEck Bitcoin Trust,VanEck,HODL,VanEck Bitcoin Trust,BTC-USD,2026-02-02,22.05,1300.0,0.2,54.228,1.7422,-6.13,-0.8531,-48.1,48.1,0.81,34.418,63.789
2083,HODL,VanEck Bitcoin Trust,VanEck,HODL,VanEck Bitcoin Trust,BTC-USD,2026-02-03,21.6,1300.0,0.2,64.913,1.819,84.33,1.9311,149.24,149.24,0.81,34.418,66.356
2084,HODL,VanEck Bitcoin Trust,VanEck,HODL,VanEck Bitcoin Trust,BTC-USD,2026-02-04,20.75,1300.0,0.2,72.067,1.8637,-52.88,-1.7314,19.19,19.19,0.78,37.935,66.984
2085,HODL,VanEck Bitcoin Trust,VanEck,HODL,VanEck Bitcoin Trust,BTC-USD,2026-02-05,18.01,1300.0,0.2,62.958,1.8059,197.01,2.2967,259.97,259.97,0.84,33.253,69.651
2086,HODL,VanEck Bitcoin Trust,VanEck,HODL,VanEck Bitcoin Trust,BTC-USD,2026-02-06,19.82,1300.0,0.2,85.477,1.9369,-84.73,-1.9331,0.75,0.75,0.78,38.764,71.477
2087,HODL,VanEck Bitcoin Trust,VanEck,HODL,VanEck Bitcoin Trust,BTC-USD,2026-02-09,20.02,1300.0,0.2,94.723,1.981,40.84,1.6216,135.56,135.56,0.79,51.024,72.765
2088,HODL,VanEck Bitcoin Trust,VanEck,HODL,VanEck Bitcoin Trust,BTC-USD,2026-02-10,19.45,1300.0,0.2,97.9,1.9952,-61.2,-1.7938,36.7,36.7,0.8,49.145,72.386
2089,HODL,VanEck Bitcoin Trust,VanEck,HODL,VanEck Bitcoin Trust,BTC-USD,2026-02-11,19.09,1300.0,0.2,91.201,1.9647,-46.56,-1.6772,44.64,44.64,0.79,42.079,71.962
2090,HODL,VanEck Bitcoin Trust,VanEck,HODL,VanEck Bitcoin Trust,BTC-USD,2026-02-12,18.48,1300.0,0.2,103.956,2.021,-59.53,-1.782,-44.42,44.42,0.8,57.056,72.134
2091,HODL,VanEck Bitcoin Trust,VanEck,HODL,VanEck Bitcoin Trust,BTC-USD,2026-02-13,19.44,1300.0,0.2,108.408,2.039,-41.53,-1.6287,-66.87,66.87,0.79,57.056,71.166
2092,HODL,VanEck Bitcoin Trust,VanEck,HODL,VanEck Bitcoin Trust,BTC-USD,2026-02-17,19.15,1300.0,0.2,110.754,2.0483,-37.72,-1.588,73.03,73.03,0.77,56.868,70.884
2093,HODL,VanEck Bitcoin Trust,VanEck,HODL,VanEck Bitcoin Trust,BTC-USD,2026-02-18,18.72,1300.0,0.2,118.767,2.0783,-79.82,-1.9075,-38.95,38.95,0.64,65.415,69.308
2094,HODL,VanEck Bitcoin Trust,VanEck,HODL,VanEck Bitcoin Trust,BTC-USD,2026-02-19,18.96,1300.0,0.2,122.951,2.0933,14.16,1.1806,-137.11,137.11,0.69,69.364,67.623
2095,HODL,VanEck Bitcoin Trust,VanEck,HODL,VanEck Bitcoin Trust,BTC-USD,2026-02-20,19.15,1300.0,0.2,120.627,2.085,2.53,0.5474,-123.15,123.15,0.63,69.364,66.092
2096,HODL,VanEck Bitcoin Trust,VanEck,HODL,VanEck Bitcoin Trust,BTC-USD,2026-02-23,18.23,1300.0,0.2,115.625,2.0668,-77.3,-1.8937,-38.33,38.33,0.67,65.294,66.567
2097,HODL,VanEck Bitcoin Trust,VanEck,HODL,VanEck Bitcoin Trust,BTC-USD,2026-02-24,18.24,1300.0,0.2,110.017,2.0454,-74.91,-1.8803,35.11,35.11,0.65,60.838,66.714
2098,HODL,VanEck Bitcoin Trust,VanEck,HODL,VanEck Bitcoin Trust,BTC-USD,2026-02-25,19.57,1300.0,0.2,110.017,2.0454,145.07,2.1646,255.09,255.09,0.55,60.838,67.197
2099,HODL,VanEck Bitcoin Trust,VanEck,HODL,VanEck Bitcoin Trust,BTC-USD,2026-02-26,19.07,1300.0,0.2,113.032,2.057,-70.08,-1.8518,-42.95,42.95,0.4,62.369,68.642
2100,HODL,VanEck Bitcoin Trust,VanEck,HODL,VanEck Bitcoin Trust,BTC-USD,2026-02-27,18.55,1300.0,0.2,114.111,2.0611,-61.74,-1.7976,-52.37,52.37,0.39,62.369,68.928
2101,HODL,VanEck Bitcoin Trust,VanEck,HODL,VanEck Bitcoin Trust,BTC-USD,2026-03-02,19.55,1300.0,0.2,119.891,2.0824,-15.6,-1.2202,104.29,104.29,0.35,62.369,69.751
2102,HODL,VanEck Bitcoin Trust,VanEck,HODL,VanEck Bitcoin Trust,BTC-USD,2026-03-03,19.3,1300.0,0.2,134.119,2.1307,-117.99,-2.0755,16.12,16.12,0.28,76.124,68.442
2103,HODL,VanEck Bitcoin Trust,VanEck,HODL,VanEck Bitcoin Trust,BTC-USD,2026-03-04,20.68,1300.0,0.2,135.36,2.1347,14.17,1.181,149.53,149.53,0.3,76.124,58.063
2104,HODL,VanEck Bitcoin Trust,VanEck,HODL,VanEck Bitcoin Trust,BTC-USD,2026-03-05,20.15,1300.0,0.2,130.191,2.1179,-85.84,-1.9387,-44.35,44.35,0.29,77.632,52.002
2105,HODL,VanEck Bitcoin Trust,VanEck,HODL,VanEck Bitcoin Trust,BTC-USD,2026-03-06,19.27,1300.0,0.2,123.338,2.0946,-63.03,-1.8064,-60.3,60.3,0.29,74.115,50.162
2106,HODL,VanEck Bitcoin Trust,VanEck,HODL,VanEck Bitcoin Trust,BTC-USD,2026-03-09,19.52,1300.0,0.2,123.434,2.0949,-97.63,-1.994,-25.8,25.8,0.29,74.909,46.891
2107,HODL,VanEck Bitcoin Trust,VanEck,HODL,VanEck Bitcoin Trust,BTC-USD,2026-03-10,19.82,1300.0,0.2,95.687,1.9854,-30.62,-1.4999,65.07,65.07,0.26,69.398,46.216
2108,HODL,VanEck Bitcoin Trust,VanEck,HODL,VanEck Bitcoin Trust,BTC-USD,2026-03-11,19.97,1300.0,0.2,96.4,1.9886,-39.97,-1.6124,-56.43,56.43,0.22,65.069,45.909
2109,HODL,VanEck Bitcoin Trust,VanEck,HODL,VanEck Bitcoin Trust,BTC-USD,2026-03-12,19.92,1300.0,0.2,94.983,1.9822,-82.71,-1.9228,-12.27,12.27,0.16,64.285,45.853
2110,HODL,VanEck Bitcoin Trust,VanEck,HODL,VanEck Bitcoin Trust,BTC-USD,2026-03-13,20.135,1300.0,0.2,94.983,1.9822,-63.54,-1.8098,-31.44,31.44,0.16,64.285,45.859
2111,HODL,VanEck Bitcoin Trust,VanEck,HODL,VanEck Bitcoin Trust,BTC-USD,2026-03-16,20.93,1300.0,0.2,82.229,1.9203,-21.52,-1.3526,60.71,60.71,0.13,49.308,46.446
2112,HODL,VanEck Bitcoin Trust,VanEck,HODL,VanEck Bitcoin Trust,BTC-USD,2026-03-17,21.1,1300.0,0.2,78.3,1.8993,49.55,1.7037,127.85,127.85,0.11,52.502,46.458
2113,HODL,VanEck Bitcoin Trust,VanEck,HODL,VanEck Bitcoin Trust,BTC-USD,2026-03-18,20.09,1300.0,0.2,70.321,1.8532,-20.63,-1.3351,-49.69,49.69,,48.615,46.325
2114,HODL,VanEck Bitcoin Trust,VanEck,HODL,VanEck Bitcoin Trust,BTC-USD,2026-03-19,19.86,1300.0,0.2,62.357,1.8018,28.76,1.4737,91.12,91.12,0.12,40.069,46.58
2115,HODL,VanEck Bitcoin Trust,VanEck,HODL,VanEck Bitcoin Trust,BTC-USD,2026-03-20,19.84,1300.0,0.2,65.24,1.8211,-12.59,-1.1333,-52.65,52.65,,41.341,46.584
2116,HODL,VanEck Bitcoin Trust,VanEck,HODL,VanEck Bitcoin Trust,BTC-USD,2026-03-23,19.98,1300.0,0.2,68.625,1.8428,-54.72,-1.746,13.9,13.9,,41.341,46.458
2117,HODL,VanEck Bitcoin Trust,VanEck,HODL,VanEck Bitcoin Trust,BTC-USD,2026-03-24,19.6,1300.0,0.2,73.885,1.8744,42.97,1.6431,-116.85,116.85,0.18,41.341,45.47
2118,HODL,VanEck Bitcoin Trust,VanEck,HODL,VanEck Bitcoin Trust,BTC-USD,2026-03-25,20.05,1300.0,0.2,74.301,1.8768,7.27,0.9174,-81.57,81.57,0.24,41.341,45.372
2119,HODL,VanEck Bitcoin Trust,VanEck,HODL,VanEck Bitcoin Trust,BTC-USD,2026-03-26,19.36,1300.0,0.2,74.301,1.8768,149.72,2.1782,-224.03,224.03,0.3,41.341,44.77
2120,HODL,VanEck Bitcoin Trust,VanEck,HODL,VanEck Bitcoin Trust,BTC-USD,2026-03-27,18.66,1300.0,0.2,68.086,1.8394,-8.16,-0.9619,-59.92,59.92,0.34,33.954,43.837
2121,HODL,VanEck Bitcoin Trust,VanEck,HODL,VanEck Bitcoin Trust,BTC-USD,2026-03-30,18.81,1300.0,0.2,71.549,1.8606,-51.98,-1.7241,19.57,19.57,0.35,33.954,43.257
2122,HODL,VanEck Bitcoin Trust,VanEck,HODL,VanEck Bitcoin Trust,BTC-USD,2026-03-31,19.16,1300.0,0.2,75.759,1.8851,51.17,1.7175,-126.93,126.93,0.35,41.681,42.051
2123,HODL,VanEck Bitcoin Trust,VanEck,HODL,VanEck Bitcoin Trust,BTC-USD,2026-04-01,19.28,1300.0,0.2,61.53,1.7961,-44.01,-1.6533,17.52,17.52,0.34,27.925,41.867
2124,HODL,VanEck Bitcoin Trust,VanEck,HODL,VanEck Bitcoin Trust,BTC-USD,2026-04-02,18.95,1300.0,0.2,61.53,1.7961,8.86,0.9938,-70.39,70.39,0.38,27.925,39.197
2125,HODL,VanEck Bitcoin Trust,VanEck,HODL,VanEck Bitcoin Trust,BTC-USD,2026-04-06,19.725,1300.0,0.2,56.014,1.756,3.01,0.6036,59.03,59.03,0.36,26.417,38.746
2126,HODL,VanEck Bitcoin Trust,VanEck,HODL,VanEck Bitcoin Trust,BTC-USD,2026-04-07,19.51,1300.0,0.2,58.739,1.7763,322.9,2.5104,-381.64,381.64,0.32,26.417,39.171
2127,HODL,VanEck Bitcoin Trust,VanEck,HODL,VanEck Bitcoin Trust,BTC-USD,2026-04-08,20.18,1300.0,0.2,61.372,1.795,-24.8,-1.4116,-36.58,36.58,0.31,25.623,38.022
2128,HODL,VanEck Bitcoin Trust,VanEck,HODL,VanEck Bitcoin Trust,BTC-USD,2026-04-09,20.41,1300.0,0.2,73.089,1.8698,-19.28,-1.307,53.81,53.81,0.3,37.059,37.323
2129,HODL,VanEck Bitcoin Trust,VanEck,HODL,VanEck Bitcoin Trust,BTC-USD,2026-04-10,20.75,1300.0,0.2,66.085,1.8266,-40.11,-1.6139,25.98,25.98,0.3,29.129,36.204
2130,HODL,VanEck Bitcoin Trust,VanEck,HODL,VanEck Bitcoin Trust,BTC-USD,2026-04-13,20.76,1300.0,0.2,67.92,1.8383,24.33,1.4036,-92.25,92.25,0.3,33.373,35.579
2131,HODL,VanEck Bitcoin Trust,VanEck,HODL,VanEck Bitcoin Trust,BTC-USD,2026-04-14,21.02,1300.0,0.2,67.92,1.8383,-41.04,-1.6237,26.88,26.88,0.29,33.373,35.25
2132,HODL,VanEck Bitcoin Trust,VanEck,HODL,VanEck Bitcoin Trust,BTC-USD,2026-04-15,21.225,1300.0,0.2,72.808,1.8681,98.92,1.9997,171.73,171.73,0.3,37.645,33.327
2133,HODL,VanEck Bitcoin Trust,VanEck,HODL,VanEck Bitcoin Trust,BTC-USD,2026-04-16,21.32,1300.0,0.2,80.818,1.9128,-51.62,-1.7212,-29.19,29.19,0.27,43.013,32.903
2134,HODL,VanEck Bitcoin Trust,VanEck,HODL,VanEck Bitcoin Trust,BTC-USD,2026-04-17,21.92,1300.0,0.2,80.818,1.9128,64.07,1.8134,144.89,144.89,0.15,43.013,33.232
2135,HODL,VanEck Bitcoin Trust,VanEck,HODL,VanEck Bitcoin Trust,BTC-USD,2026-04-20,21.57,1300.0,0.2,83.432,1.9265,-12.61,-1.134,70.82,70.82,0.18,43.013,32.543
2136,HODL,VanEck Bitcoin Trust,VanEck,HODL,VanEck Bitcoin Trust,BTC-USD,2026-04-21,21.21,1300.0,0.2,84.395,1.9314,-21.07,-1.3438,-63.33,63.33,0.16,47.539,32.518
2137,HODL,VanEck Bitcoin Trust,VanEck,HODL,VanEck Bitcoin Trust,BTC-USD,2026-04-22,22.31,1300.0,0.2,81.391,1.9159,121.07,2.0866,202.46,202.46,,47.539,32.232
2138,HODL,VanEck Bitcoin Trust,VanEck,HODL,VanEck Bitcoin Trust,BTC-USD,2026-04-23,21.985,1300.0,0.2,79.04,1.9033,106.97,2.0333,186.01,186.01,0.25,47.539,32.134
2139,HODL,VanEck Bitcoin Trust,VanEck,HODL,VanEck Bitcoin Trust,BTC-USD,2026-04-24,21.97,1300.0,0.2,83.424,1.9265,72.57,1.8667,155.99,155.99,0.3,51.042,31.535
2140,HODL,VanEck Bitcoin Trust,VanEck,HODL,VanEck Bitcoin Trust,BTC-USD,2026-04-27,21.74,1300.0,0.2,84.855,1.9338,-18.05,-1.28,66.8,66.8,0.31,53.766,31.296
2141,HODL,VanEck Bitcoin Trust,VanEck,HODL,VanEck Bitcoin Trust,BTC-USD,2026-04-28,21.59,1300.0,0.2,84.855,1.9338,56.41,1.759,141.27,141.27,0.32,53.766,29.658
2142,HODL,VanEck Bitcoin Trust,VanEck,HODL,VanEck Bitcoin Trust,BTC-USD,2026-04-29,21.34,1300.0,0.2,83.808,1.9284,-19.61,-1.314,64.2,64.2,0.34,55.859,29.645
2143,HODL,VanEck Bitcoin Trust,VanEck,HODL,VanEck Bitcoin Trust,BTC-USD,2026-04-30,21.6,1300.0,0.2,78.283,1.8992,78.17,1.8985,156.45,156.45,0.36,49.446,28.029
2144,HODL,VanEck Bitcoin Trust,VanEck,HODL,VanEck Bitcoin Trust,BTC-USD,2026-05-01,22.19,1300.0,0.2,78.428,1.9,38.32,1.5947,116.75,116.75,0.39,49.446,26.576
2145,HODL,VanEck Bitcoin Trust,VanEck,HODL,VanEck Bitcoin Trust,BTC-USD,2026-05-04,22.63,1300.0,0.2,78.511,1.9004,46.49,1.6766,125.0,125.0,0.4,49.446,26.703
2146,HODL,VanEck Bitcoin Trust,VanEck,HODL,VanEck Bitcoin Trust,BTC-USD,2026-05-05,23.09,1300.0,0.2,78.511,1.9004,-7.16,-0.9116,71.35,71.35,0.43,49.446,26.193
2147,HODL,VanEck Bitcoin Trust,VanEck,HODL,VanEck Bitcoin Trust,BTC-USD,2026-05-06,23.04,1300.0,0.2,76.212,1.8877,443.58,2.6479,519.79,519.79,0.49,51.065,24.866
2148,HODL,VanEck Bitcoin Trust,VanEck,HODL,VanEck Bitcoin Trust,BTC-USD,2026-05-07,22.67,1300.0,0.2,73.565,1.8725,-2.43,-0.5356,71.13,71.13,0.44,51.065,24.907
2149,HODL,VanEck Bitcoin Trust,VanEck,HODL,VanEck Bitcoin Trust,BTC-USD,2026-05-08,22.68,1300.0,0.2,63.842,1.8119,-39.67,-1.6093,24.17,24.17,0.44,43.4,23.963
2150,HODL,VanEck Bitcoin Trust,VanEck,HODL,VanEck Bitcoin Trust,BTC-USD,2026-05-11,23.18,1300.0,0.2,61.02,1.7925,-11.54,-1.0984,49.48,49.48,0.44,43.4,24.937
2151,HODL,VanEck Bitcoin Trust,VanEck,HODL,VanEck Bitcoin Trust,BTC-USD,2026-05-12,22.85,1300.0,0.2,56.016,1.756,182.75,2.2642,238.77,238.77,0.44,37.606,24.427
2152,HODL,VanEck Bitcoin Trust,VanEck,HODL,VanEck Bitcoin Trust,BTC-USD,2026-05-13,22.5,1300.0,0.2,57.191,1.7649,5.88,0.8375,63.07,63.07,0.45,37.606,24.074
2153,HODL,VanEck Bitcoin Trust,VanEck,HODL,VanEck Bitcoin Trust,BTC-USD,2026-05-14,23.03,1300.0,0.2,57.568,1.7677,8.12,0.9599,65.69,65.69,0.45,33.334,24.323
2154,HODL,VanEck Bitcoin Trust,VanEck,HODL,VanEck Bitcoin Trust,BTC-USD,2026-05-15,22.36,1300.0,0.2,54.704,1.7459,-49.44,-1.7028,5.27,5.27,0.44,24.772,24.029
2155,HODL,VanEck Bitcoin Trust,VanEck,HODL,VanEck Bitcoin Trust,BTC-USD,2026-05-18,21.72,1300.0,0.2,54.704,1.7459,6.79,0.8914,-61.49,61.49,0.41,24.772,23.107
2156,HODL,VanEck Bitcoin Trust,VanEck,HODL,VanEck Bitcoin Trust,BTC-USD,2026-05-19,21.71,1300.0,0.2,58.928,1.7776,-26.36,-1.4372,-32.56,32.56,0.41,29.244,22.781
2157,HODL,VanEck Bitcoin Trust,VanEck,HODL,VanEck Bitcoin Trust,BTC-USD,2026-05-20,21.96,1300.0,0.2,52.364,1.7272,170.64,2.2346,223.01,223.01,0.39,19.496,22.316
2158,HODL,VanEck Bitcoin Trust,VanEck,HODL,VanEck Bitcoin Trust,BTC-USD,2026-05-21,21.95,1300.0,0.2,56.873,1.7625,18.06,1.2801,-74.93,74.93,0.36,23.987,21.356
2159,HODL,VanEck Bitcoin Trust,VanEck,HODL,VanEck Bitcoin Trust,BTC-USD,2026-05-22,21.44,1300.0,0.2,54.831,1.7469,38.08,1.592,92.91,92.91,0.38,23.987,20.273
2160,HODL,VanEck Bitcoin Trust,VanEck,HODL,VanEck Bitcoin Trust,BTC-USD,2026-05-26,21.46,1300.0,0.2,59.829,1.7841,-29.94,-1.4905,-29.89,29.89,0.36,27.868,20.72
2161,HODL,VanEck Bitcoin Trust,VanEck,HODL,VanEck Bitcoin Trust,BTC-USD,2026-05-27,21.18,1300.0,0.2,56.667,1.7609,54.02,1.7405,110.68,110.68,0.37,25.145,20.745
2162,HODL,VanEck Bitcoin Trust,VanEck,HODL,VanEck Bitcoin Trust,BTC-USD,2026-05-28,20.74,1300.0,0.2,56.674,1.761,-1.93,-0.4674,-54.74,54.74,0.36,25.145,21.175
2163,HODL,VanEck Bitcoin Trust,VanEck,HODL,VanEck Bitcoin Trust,BTC-USD,2026-05-29,20.76,1300.0,0.2,59.283,1.7802,-38.12,-1.5923,21.17,21.17,0.36,28.191,20.737
2164,HODL,VanEck Bitcoin Trust,VanEck,HODL,VanEck Bitcoin Trust,BTC-USD,2026-06-01,20.21,1300.0,0.2,58.045,1.7712,1.02,0.3045,-59.06,59.06,0.38,26.877,21.403
2165,HODL,VanEck Bitcoin Trust,VanEck,HODL,VanEck Bitcoin Trust,BTC-USD,2026-06-02,19.01,1300.0,0.2,58.045,1.7712,85.06,1.9348,-143.11,143.11,0.39,26.877,21.615
2166,HODL,VanEck Bitcoin Trust,VanEck,HODL,VanEck Bitcoin Trust,BTC-USD,2026-06-03,18.48,1300.0,0.2,58.927,1.7776,24.34,1.4038,-83.27,83.27,0.4,26.877,21.869
2167,HODL,VanEck Bitcoin Trust,VanEck,HODL,VanEck Bitcoin Trust,BTC-USD,2026-06-04,17.97,1300.0,0.2,59.494,1.7817,336.26,2.528,-395.75,395.75,0.47,26.877,21.998
2168,HODL,VanEck Bitcoin Trust,VanEck,HODL,VanEck Bitcoin Trust,BTC-USD,2026-06-05,17.05,1300.0,0.2,61.189,1.7937,376.33,2.5767,-437.52,437.52,0.69,25.259,25.112
2169,HODL,VanEck Bitcoin Trust,VanEck,HODL,VanEck Bitcoin Trust,BTC-USD,2026-06-08,17.92,1300.0,0.2,61.903,1.7987,204.11,2.312,-266.01,266.01,0.76,25.259,25.285
2170,HODL,VanEck Bitcoin Trust,VanEck,HODL,VanEck Bitcoin Trust,BTC-USD,2026-06-09,17.54,1300.0,0.2,60.226,1.7869,196.47,2.2955,-256.7,256.7,0.83,21.487,25.65
2171,HODL,VanEck Bitcoin Trust,VanEck,HODL,VanEck Bitcoin Trust,BTC-USD,2026-06-10,17.5,1300.0,0.2,67.322,1.8346,217.14,2.3387,-284.46,284.46,0.91,23.447,25.352
2172,HODL,VanEck Bitcoin Trust,VanEck,HODL,VanEck Bitcoin Trust,BTC-USD,2026-06-11,17.97,1300.0,0.2,66.57,1.8298,262.48,2.4207,-329.05,329.05,0.99,23.447,25.602
2173,HODL,VanEck Bitcoin Trust,VanEck,HODL,VanEck Bitcoin Trust,BTC-USD,2026-06-12,17.97,1300.0,0.2,66.22,1.8275,249.67,2.3991,-315.89,315.89,1.1,23.715,25.441
2174,HODL,VanEck Bitcoin Trust,VanEck,HODL,VanEck Bitcoin Trust,BTC-USD,2026-06-15,18.84,1300.0,0.2,60.955,1.7921,191.58,2.2846,-252.53,252.53,1.16,23.715,25.274
2175,HODL,VanEck Bitcoin Trust,VanEck,HODL,VanEck Bitcoin Trust,BTC-USD,2026-06-16,18.56,1300.0,0.2,59.308,1.7804,189.02,2.2788,-248.32,248.32,1.23,23.715,24.918
2176,HODL,VanEck Bitcoin Trust,VanEck,HODL,VanEck Bitcoin Trust,BTC-USD,2026-06-17,18.15,1300.0,0.2,60.766,1.7908,212.7,2.3298,-273.47,273.47,1.29,26.632,24.824
2177,HODL,VanEck Bitcoin Trust,VanEck,HODL,VanEck Bitcoin Trust,BTC-USD,2026-06-18,17.8,1300.0,0.2,55.417,1.7514,215.12,2.3347,-270.54,270.54,1.35,22.161,26.447
2178,HODL,VanEck Bitcoin Trust,VanEck,HODL,VanEck Bitcoin Trust,BTC-USD,2026-06-22,18.21,1300.0,0.2,55.235,1.75,167.05,2.2254,-222.29,222.29,1.38,22.161,27.239
2179,HODL,VanEck Bitcoin Trust,VanEck,HODL,VanEck Bitcoin Trust,BTC-USD,2026-06-23,17.62,1300.0,0.2,51.568,1.7207,295.52,2.4721,-347.09,347.09,1.45,17.67,27.479
2180,HODL,VanEck Bitcoin Trust,VanEck,HODL,VanEck Bitcoin Trust,BTC-USD,2026-06-24,16.92,1300.0,0.2,50.783,1.7142,456.1,2.66,-506.88,506.88,1.74,17.67,28.267
2181,HODL,VanEck Bitcoin Trust,VanEck,HODL,VanEck Bitcoin Trust,BTC-USD,2026-06-25,16.74,1300.0,0.2,49.355,1.702,343.47,2.5372,-392.83,392.83,1.79,16.658,30.668
2182,HODL,VanEck Bitcoin Trust,VanEck,HODL,VanEck Bitcoin Trust,BTC-USD,2026-06-26,16.87,1300.0,0.2,60.266,1.7872,345.63,2.5399,-405.9,405.9,1.94,25.164,30.492
2183,HODL,VanEck Bitcoin Trust,VanEck,HODL,VanEck Bitcoin Trust,BTC-USD,2026-06-29,17.07,1300.0,0.2,70.308,1.8531,131.3,2.1215,-201.6,201.6,1.86,35.882,31.664
2184,HODL,VanEck Bitcoin Trust,VanEck,HODL,VanEck Bitcoin Trust,BTC-USD,2026-06-30,16.61,1300.0,0.2,65.486,1.8227,189.73,2.2804,-255.22,255.22,1.92,30.743,31.673
2185,HODL,VanEck Bitcoin Trust,VanEck,HODL,VanEck Bitcoin Trust,BTC-USD,2026-07-01,16.96,1300.0,0.2,70.354,1.8534,175.32,2.2463,-245.68,245.68,1.95,30.743,30.86
2186,HODL,VanEck Bitcoin Trust,VanEck,HODL,VanEck Bitcoin Trust,BTC-USD,2026-07-02,17.37,1300.0,0.2,69.551,1.8485,142.5,2.1568,-212.05,212.05,2.12,30.743,30.214
2187,HODL,VanEck Bitcoin Trust,VanEck,HODL,VanEck Bitcoin Trust,BTC-USD,2026-07-06,18.01,1300.0,0.2,70.858,1.8565,245.1,2.3911,-315.96,315.96,2.56,31.75,29.603
2188,HODL,VanEck Bitcoin Trust,VanEck,HODL,VanEck Bitcoin Trust,BTC-USD,2026-07-07,18.05,1300.0,0.2,75.493,1.8836,-12.34,-1.1251,63.16,63.16,2.2,34.184,28.695
2189,HODL,VanEck Bitcoin Trust,VanEck,HODL,VanEck Bitcoin Trust,BTC-USD,2026-07-08,17.59,1300.0,0.2,72.989,1.8692,24.9,1.4132,97.89,97.89,2.24,34.184,26.136
2190,HODL,VanEck Bitcoin Trust,VanEck,HODL,VanEck Bitcoin Trust,BTC-USD,2026-07-09,17.88,1300.0,0.2,78.397,1.8998,-0.79,-0.2524,-77.61,77.61,2.19,34.184,25.434
2191,HODL,VanEck Bitcoin Trust,VanEck,HODL,VanEck Bitcoin Trust,BTC-USD,2026-07-10,18.08,1300.0,0.2,78.397,1.8998,30.74,1.5016,-109.13,109.13,2.2,34.184,25.028
2192,HODL,VanEck Bitcoin Trust,VanEck,HODL,VanEck Bitcoin Trust,BTC-USD,2026-07-13,17.59,1300.0,0.2,73.326,1.8711,11.11,1.0832,-84.44,84.44,2.14,32.223,24.443
2193,HODL,VanEck Bitcoin Trust,VanEck,HODL,VanEck Bitcoin Trust,BTC-USD,2026-07-14,18.26,1300.0,0.2,77.768,1.8964,22.87,1.3779,-100.64,100.64,2.26,32.223,24.651
2194,HODL,VanEck Bitcoin Trust,VanEck,HODL,VanEck Bitcoin Trust,BTC-USD,2026-07-15,18.36,1300.0,0.2,77.621,1.8955,-66.62,-1.8301,-11.0,11.0,2.22,31.956,24.173
2195,HODL,VanEck Bitcoin Trust,VanEck,HODL,VanEck Bitcoin Trust,BTC-USD,2026-07-16,18.16,1300.0,0.2,76.867,1.8914,-13.94,-1.1743,-62.93,62.93,2.23,31.956,23.933
2196,HODL,VanEck Bitcoin Trust,VanEck,HODL,VanEck Bitcoin Trust,BTC-USD,2026-07-17,18.13,1300.0,0.2,71.729,1.8617,-28.79,-1.4741,-42.94,42.94,2.28,31.956,23.945
2197,HODL,VanEck Bitcoin Trust,VanEck,HODL,VanEck Bitcoin Trust,BTC-USD,2026-07-20,18.42,1300.0,0.2,69.79,1.85,-38.1,-1.5922,-31.69,31.69,2.27,29.039,23.793
2198,HODL,VanEck Bitcoin Trust,VanEck,HODL,VanEck Bitcoin Trust,BTC-USD,2026-07-21,18.795,1300.0,0.2,70.271,1.8529,-24.33,-1.4036,-45.94,45.94,2.2,29.039,22.278
2199,HODL,VanEck Bitcoin Trust,VanEck,HODL,VanEck Bitcoin Trust,BTC-USD,2026-07-22,18.65,1300.0,0.2,72.556,1.8666,65.07,1.82,-137.63,137.63,2.14,29.039,21.479
2200,HODL,VanEck Bitcoin Trust,VanEck,HODL,VanEck Bitcoin Trust,BTC-USD,2026-07-23,18.325,1300.0,0.2,72.556,1.8666,-61.41,-1.7952,-11.15,11.15,2.13,29.039,21.344
2201,HODL,VanEck Bitcoin Trust,VanEck,HODL,VanEck Bitcoin Trust,BTC-USD,2026-07-24,18.15,1300.0,0.2,72.667,1.8673,121.93,2.0897,194.6,194.6,2.13,29.039,20.519
2202,HODL,VanEck Bitcoin Trust,VanEck,HODL,VanEck Bitcoin Trust,BTC-USD,2026-07-27,18.36,1300.0,0.2,71.006,1.8574,211.06,2.3264,282.06,282.06,2.35,22.665,17.574
2203,HODL,VanEck Bitcoin Trust,VanEck,HODL,VanEck Bitcoin Trust,BTC-USD,2026-07-28,18.045,1300.0,0.2,60.094,1.786,-9.36,-1.0153,50.74,50.74,2.07,14.16,17.513
2204,HODL,VanEck Bitcoin Trust,VanEck,HODL,VanEck Bitcoin Trust,BTC-USD,2026-07-29,17.96,1300.0,0.2,49.298,1.7015,51.51,1.7202,-100.81,100.81,1.98,3.441,16.471
2205,HODL,VanEck Bitcoin Trust,VanEck,HODL,VanEck Bitcoin Trust,BTC-USD,2026-07-30,18.31,1300.0,0.2,49.206,1.7008,-41.07,-1.624,-8.14,8.14,1.93,3.441,16.592
2206,HODL,VanEck Bitcoin Trust,VanEck,HODL,VanEck Bitcoin Trust,BTC-USD,2026-07-31,17.78,1300.0,0.2,47.064,1.6818,-39.56,-1.6081,7.5,7.5,1.93,3.441,17.334
2207,HODL,VanEck Bitcoin Trust,VanEck,HODL,VanEck Bitcoin Trust,BTC-USD,2026-08-03,18.05,1300.0,0.2,53.842,1.7391,8.58,0.9814,62.42,62.42,1.7,11.128,17.754
2208,HODL,VanEck Bitcoin Trust,VanEck,HODL,VanEck Bitcoin Trust,BTC-USD,2026-08-04,18.16,1300.0,0.2,53.02,1.7326,20.32,1.3289,73.34,73.34,2.4,10.121,18.214
2209,HODL,VanEck Bitcoin Trust,VanEck,HODL,VanEck Bitcoin Trust,BTC-USD,2026-08-05,18.33,1300.0,0.2,48.641,1.6958,0.78,0.2513,-49.43,49.43,2.33,8.2,18.749
2210,HODL,VanEck Bitcoin Trust,VanEck,HODL,VanEck Bitcoin Trust,BTC-USD,2026-08-06,18.21,1300.0,0.2,53.278,1.7346,-26.21,-1.4347,27.07,27.07,2.31,12.754,18.373
2211,HODL,VanEck Bitcoin Trust,VanEck,HODL,VanEck Bitcoin Trust,BTC-USD,2026-08-07,18.35,1300.0,0.2,49.645,1.7045,-48.46,-1.6942,-1.19,1.19,2.14,12.754,18.799
2212,HODL,VanEck Bitcoin Trust,VanEck,HODL,VanEck Bitcoin Trust,BTC-USD,2026-08-10,18.09,1300.0,0.2,52.151,1.7255,-7.93,-0.9507,44.22,44.22,2.33,12.754,19.25
2213,HODL,VanEck Bitcoin Trust,VanEck,HODL,VanEck Bitcoin Trust,BTC-USD,2026-08-11,17.95,1300.0,0.2,48.909,1.6982,-40.01,-1.6129,-8.9,8.9,2.27,12.754,18.669
2214,HODL,VanEck Bitcoin Trust,VanEck,HODL,VanEck Bitcoin Trust,BTC-USD,2026-08-12,17.92,1300.0,0.2,49.835,1.7062,7.06,0.9064,56.9,56.9,2.34,17.423,17.941
2215,HODL,VanEck Bitcoin Trust,VanEck,HODL,VanEck Bitcoin Trust,BTC-USD,2026-08-13,17.91,1300.0,0.2,51.414,1.7194,-10.04,-1.043,-41.37,41.37,2.31,20.324,17.657
2216,HODL,VanEck Bitcoin Trust,VanEck,HODL,VanEck Bitcoin Trust,BTC-USD,2026-08-14,17.785,1300.0,0.2,52.115,1.7252,28.52,1.4701,-80.63,80.63,2.29,20.324,17.734
2217,HODL,VanEck Bitcoin Trust,VanEck,HODL,VanEck Bitcoin Trust,BTC-USD,2026-08-17,18.16,1300.0,0.2,52.883,1.7314,19.7,1.316,-72.58,72.58,2.18,20.324,19.976
2218,HODL,VanEck Bitcoin Trust,VanEck,HODL,VanEck Bitcoin Trust,BTC-USD,2026-08-18,18.27,1300.0,0.2,52.692,1.7299,-46.31,-1.675,6.38,6.38,2.67,20.324,19.789
2219,HODL,VanEck Bitcoin Trust,VanEck,HODL,VanEck Bitcoin Trust,BTC-USD,2026-08-19,19.37,1300.0,0.2,52.692,1.7299,24.47,1.4061,-77.16,77.16,2.56,20.324,21.343
2220,HODL,VanEck Bitcoin Trust,VanEck,HODL,VanEck Bitcoin Trust,BTC-USD,2026-08-20,20.57,1300.0,0.2,49.625,1.7044,-26.46,-1.4387,23.17,23.17,2.72,20.324,22.29
2221,HODL,VanEck Bitcoin Trust,VanEck,HODL,VanEck Bitcoin Trust,BTC-USD,2026-08-21,21.78,1300.0,0.2,49.625,1.7044,13.42,1.1591,-63.05,63.05,2.55,20.324,23.274
2222,HODL,VanEck Bitcoin Trust,VanEck,HODL,VanEck Bitcoin Trust,BTC-USD,2026-08-24,22.28,1300.0,0.2,51.013,1.7161,-14.11,-1.1791,36.91,36.91,2.81,20.324,24.326
2223,HODL,VanEck Bitcoin Trust,VanEck,HODL,VanEck Bitcoin Trust,BTC-USD,2026-08-25,22.33,1300.0,0.2,47.828,1.6887,17.18,1.2596,-65.01,65.01,2.67,27.157,24.623
2224,HODL,VanEck Bitcoin Trust,VanEck,HODL,VanEck Bitcoin Trust,BTC-USD,2026-08-26,22.2,1300.0,0.2,48.803,1.6973,-32.89,-1.53,15.92,15.92,2.77,27.157,24.329
2225,HODL,VanEck Bitcoin Trust,VanEck,HODL,VanEck Bitcoin Trust,BTC-USD,2026-08-27,22.59,1300.0,0.2,48.633,1.6958,78.85,1.9023,127.49,127.49,2.99,27.157,26.675
2226,BTCO,Invesco Galaxy Bitcoin ETF,Invesco / Galaxy,BTCO,Invesco Galaxy Bitcoin ETF,BTC-USD,2025-03-07,86.82,800.0,0.25,104.922,2.025,-88.58,-1.9522,-16.34,16.34,0.25,84.987,32.381
2227,BTCO,Invesco Galaxy Bitcoin ETF,Invesco / Galaxy,BTCO,Invesco Galaxy Bitcoin ETF,BTC-USD,2025-03-10,79.1,800.0,0.25,95.137,1.9829,-26.05,-1.4322,69.09,69.09,0.27,76.6,32.545
2228,BTCO,Invesco Galaxy Bitcoin ETF,Invesco / Galaxy,BTCO,Invesco Galaxy Bitcoin ETF,BTC-USD,2025-03-11,82.88,800.0,0.25,103.376,2.0186,24.04,1.3986,127.42,127.42,0.29,75.511,34.042
2229,BTCO,Invesco Galaxy Bitcoin ETF,Invesco / Galaxy,BTCO,Invesco Galaxy Bitcoin ETF,BTC-USD,2025-03-12,82.77,800.0,0.25,105.332,2.0267,-54.51,-1.7443,-50.83,50.83,0.23,84.39,30.372
2230,BTCO,Invesco Galaxy Bitcoin ETF,Invesco / Galaxy,BTCO,Invesco Galaxy Bitcoin ETF,BTC-USD,2025-03-13,79.97,800.0,0.25,110.716,2.0481,-74.11,-1.8757,-36.61,36.61,0.28,89.818,29.892
2231,BTCO,Invesco Galaxy Bitcoin ETF,Invesco / Galaxy,BTCO,Invesco Galaxy Bitcoin ETF,BTC-USD,2025-03-14,84.46,800.0,0.25,105.897,2.029,94.47,1.9799,200.37,200.37,0.3,79.009,28.991
2232,BTCO,Invesco Galaxy Bitcoin ETF,Invesco / Galaxy,BTCO,Invesco Galaxy Bitcoin ETF,BTC-USD,2025-03-17,84.4,800.0,0.25,106.975,2.0333,15.15,1.2081,122.12,122.12,0.3,84.579,29.114
2233,BTCO,Invesco Galaxy Bitcoin ETF,Invesco / Galaxy,BTCO,Invesco Galaxy Bitcoin ETF,BTC-USD,2025-03-18,82.14,800.0,0.25,107.03,2.0335,-100.04,-2.0045,-6.99,6.99,0.28,84.579,29.622
2234,BTCO,Invesco Galaxy Bitcoin ETF,Invesco / Galaxy,BTCO,Invesco Galaxy Bitcoin ETF,BTC-USD,2025-03-19,85.32,800.0,0.25,107.03,2.0335,-83.58,-1.9273,23.45,23.45,0.28,84.579,29.178
2235,BTCO,Invesco Galaxy Bitcoin ETF,Invesco / Galaxy,BTCO,Invesco Galaxy Bitcoin ETF,BTC-USD,2025-03-20,84.02,800.0,0.25,116.249,2.0691,-33.47,-1.5374,82.78,82.78,0.29,93.698,29.167
2236,BTCO,Invesco Galaxy Bitcoin ETF,Invesco / Galaxy,BTCO,Invesco Galaxy Bitcoin ETF,BTC-USD,2025-03-21,83.8,800.0,0.25,115.661,2.0669,-113.99,-2.0607,1.67,1.67,0.27,93.698,28.893
2237,BTCO,Invesco Galaxy Bitcoin ETF,Invesco / Galaxy,BTCO,Invesco Galaxy Bitcoin ETF,BTC-USD,2025-03-24,88.08,800.0,0.25,110.246,2.0463,139.24,2.1469,249.49,249.49,0.24,89.311,27.46
2238,BTCO,Invesco Galaxy Bitcoin ETF,Invesco / Galaxy,BTCO,Invesco Galaxy Bitcoin ETF,BTC-USD,2025-03-25,88.01,800.0,0.25,116.571,2.0703,44.08,1.654,-160.65,160.65,,93.708,27.264
2239,BTCO,Invesco Galaxy Bitcoin ETF,Invesco / Galaxy,BTCO,Invesco Galaxy Bitcoin ETF,BTC-USD,2025-03-26,86.4,800.0,0.25,121.391,2.0877,-74.5,-1.8779,46.89,46.89,,93.708,21.167
2240,BTCO,Invesco Galaxy Bitcoin ETF,Invesco / Galaxy,BTCO,Invesco Galaxy Bitcoin ETF,BTC-USD,2025-03-27,86.85,800.0,0.25,129.077,2.1142,-120.2,-2.0835,-8.88,8.88,0.16,100.306,19.52
2241,BTCO,Invesco Galaxy Bitcoin ETF,Invesco / Galaxy,BTCO,Invesco Galaxy Bitcoin ETF,BTC-USD,2025-03-28,83.71,800.0,0.25,117.143,2.0724,-20.23,-1.327,96.91,96.91,,85.562,18.625
2242,BTCO,Invesco Galaxy Bitcoin ETF,Invesco / Galaxy,BTCO,Invesco Galaxy Bitcoin ETF,BTC-USD,2025-03-31,82.22,800.0,0.25,114.835,2.0638,-98.94,-1.9998,-15.89,15.89,,80.546,18.136
2243,BTCO,Invesco Galaxy Bitcoin ETF,Invesco / Galaxy,BTCO,Invesco Galaxy Bitcoin ETF,BTC-USD,2025-04-01,84.82,800.0,0.25,115.402,2.066,-95.07,-1.9826,-20.33,20.33,,80.546,17.846
2244,BTCO,Invesco Galaxy Bitcoin ETF,Invesco / Galaxy,BTCO,Invesco Galaxy Bitcoin ETF,BTC-USD,2025-04-02,86.73,800.0,0.25,122.181,2.0905,437.86,2.6423,560.04,560.04,,80.546,16.192
2245,BTCO,Invesco Galaxy Bitcoin ETF,Invesco / Galaxy,BTCO,Invesco Galaxy Bitcoin ETF,BTC-USD,2025-04-03,81.78,800.0,0.25,122.786,2.0927,9.21,1.009,-131.99,131.99,,80.546,15.277
2246,BTCO,Invesco Galaxy Bitcoin ETF,Invesco / Galaxy,BTCO,Invesco Galaxy Bitcoin ETF,BTC-USD,2025-04-04,83.77,800.0,0.25,119.779,2.082,-11.02,-1.0797,108.76,108.76,,70.754,15.87
2247,BTCO,Invesco Galaxy Bitcoin ETF,Invesco / Galaxy,BTCO,Invesco Galaxy Bitcoin ETF,BTC-USD,2025-04-07,77.93,800.0,0.25,114.891,2.064,107.86,2.0369,-222.75,222.75,,59.223,16.868
2248,BTCO,Invesco Galaxy Bitcoin ETF,Invesco / Galaxy,BTCO,Invesco Galaxy Bitcoin ETF,BTC-USD,2025-04-08,76.6,800.0,0.25,134.282,2.1312,-34.48,-1.55,-99.8,99.8,,79.502,16.53
2249,BTCO,Invesco Galaxy Bitcoin ETF,Invesco / Galaxy,BTCO,Invesco Galaxy Bitcoin ETF,BTC-USD,2025-04-09,82.07,800.0,0.25,127.18,2.1078,-54.01,-1.7404,-73.17,73.17,,77.758,14.916
2250,BTCO,Invesco Galaxy Bitcoin ETF,Invesco / Galaxy,BTCO,Invesco Galaxy Bitcoin ETF,BTC-USD,2025-04-10,79.4,800.0,0.25,138.3,2.144,-98.63,-1.9984,39.67,39.67,,79.704,14.984
2251,BTCO,Invesco Galaxy Bitcoin ETF,Invesco / Galaxy,BTCO,Invesco Galaxy Bitcoin ETF,BTC-USD,2025-04-11,83.68,800.0,0.25,133.665,2.1293,35.57,1.5632,169.24,169.24,,74.276,14.987
2252,BTCO,Invesco Galaxy Bitcoin ETF,Invesco / Galaxy,BTCO,Invesco Galaxy Bitcoin ETF,BTC-USD,2025-04-14,84.74,800.0,0.25,127.279,2.1082,-98.24,-1.9967,-29.04,29.04,,74.276,14.65
2253,BTCO,Invesco Galaxy Bitcoin ETF,Invesco / Galaxy,BTCO,Invesco Galaxy Bitcoin ETF,BTC-USD,2025-04-15,83.91,800.0,0.25,128.13,2.111,-115.94,-2.068,-12.19,12.19,,73.195,14.191
2254,BTCO,Invesco Galaxy Bitcoin ETF,Invesco / Galaxy,BTCO,Invesco Galaxy Bitcoin ETF,BTC-USD,2025-04-16,84.23,800.0,0.25,130.955,2.1204,-35.46,-1.5618,95.49,95.49,,75.776,13.504
2255,BTCO,Invesco Galaxy Bitcoin ETF,Invesco / Galaxy,BTCO,Invesco Galaxy Bitcoin ETF,BTC-USD,2025-04-17,84.79,800.0,0.25,138.194,2.1436,32.27,1.5221,170.47,170.47,,83.62,13.058
2256,BTCO,Invesco Galaxy Bitcoin ETF,Invesco / Galaxy,BTCO,Invesco Galaxy Bitcoin ETF,BTC-USD,2025-04-21,87.3,800.0,0.25,122.912,2.0931,-94.42,-1.9797,28.49,28.49,,71.942,13.506
2257,BTCO,Invesco Galaxy Bitcoin ETF,Invesco / Galaxy,BTCO,Invesco Galaxy Bitcoin ETF,BTC-USD,2025-04-22,91.41,800.0,0.25,122.912,2.0931,-30.02,-1.4916,-92.9,92.9,,71.942,15.115
2258,BTCO,Invesco Galaxy Bitcoin ETF,Invesco / Galaxy,BTCO,Invesco Galaxy Bitcoin ETF,BTC-USD,2025-04-23,93.21,800.0,0.25,121.355,2.0876,-93.24,-1.9742,-28.12,28.12,,71.942,15.569
2259,BTCO,Invesco Galaxy Bitcoin ETF,Invesco / Galaxy,BTCO,Invesco Galaxy Bitcoin ETF,BTC-USD,2025-04-24,93.49,800.0,0.25,120.015,2.0828,-103.25,-2.0181,-16.76,16.76,,70.417,15.748
2260,BTCO,Invesco Galaxy Bitcoin ETF,Invesco / Galaxy,BTCO,Invesco Galaxy Bitcoin ETF,BTC-USD,2025-04-25,95.27,800.0,0.25,114.859,2.0639,107.04,2.0336,221.9,221.9,,70.417,16.061
2261,BTCO,Invesco Galaxy Bitcoin ETF,Invesco / Galaxy,BTCO,Invesco Galaxy Bitcoin ETF,BTC-USD,2025-04-28,94.63,800.0,0.25,113.842,2.0601,-7.26,-0.9171,106.58,106.58,,64.239,16.524
2262,BTCO,Invesco Galaxy Bitcoin ETF,Invesco / Galaxy,BTCO,Invesco Galaxy Bitcoin ETF,BTC-USD,2025-04-29,95.21,800.0,0.25,115.101,2.0648,171.33,2.2364,286.43,286.43,,64.239,16.445
2263,BTCO,Invesco Galaxy Bitcoin ETF,Invesco / Galaxy,BTCO,Invesco Galaxy Bitcoin ETF,BTC-USD,2025-04-30,94.01,800.0,0.25,117.06,2.0721,16.62,1.246,133.68,133.68,,64.239,16.228
2264,BTCO,Invesco Galaxy Bitcoin ETF,Invesco / Galaxy,BTCO,Invesco Galaxy Bitcoin ETF,BTC-USD,2025-05-01,96.38,800.0,0.25,118.909,2.0789,38.31,1.5945,157.22,157.22,,64.239,15.83
2265,BTCO,Invesco Galaxy Bitcoin ETF,Invesco / Galaxy,BTCO,Invesco Galaxy Bitcoin ETF,BTC-USD,2025-05-02,96.84,800.0,0.25,111.289,2.0503,239.5,2.3811,-350.78,350.78,,64.663,15.918
2266,BTCO,Invesco Galaxy Bitcoin ETF,Invesco / Galaxy,BTCO,Invesco Galaxy Bitcoin ETF,BTC-USD,2025-05-05,94.18,800.0,0.25,111.289,2.0503,115.71,2.0671,227.0,227.0,,64.663,15.556
2267,BTCO,Invesco Galaxy Bitcoin ETF,Invesco / Galaxy,BTCO,Invesco Galaxy Bitcoin ETF,BTC-USD,2025-05-06,94.77,800.0,0.25,111.9,2.0527,-46.39,-1.6757,-65.51,65.51,,69.711,14.577
2268,BTCO,Invesco Galaxy Bitcoin ETF,Invesco / Galaxy,BTCO,Invesco Galaxy Bitcoin ETF,BTC-USD,2025-05-07,96.01,800.0,0.25,111.9,2.0527,130.93,2.1203,242.83,242.83,,69.711,12.718
2269,BTCO,Invesco Galaxy Bitcoin ETF,Invesco / Galaxy,BTCO,Invesco Galaxy Bitcoin ETF,BTC-USD,2025-05-08,101.15,800.0,0.25,94.326,1.9792,-64.22,-1.8144,30.11,30.11,,49.433,12.573
2270,BTCO,Invesco Galaxy Bitcoin ETF,Invesco / Galaxy,BTCO,Invesco Galaxy Bitcoin ETF,BTC-USD,2025-05-09,103.08,800.0,0.25,81.269,1.9152,198.89,2.3008,280.16,280.16,,39.882,12.039
2271,BTCO,Invesco Galaxy Bitcoin ETF,Invesco / Galaxy,BTCO,Invesco Galaxy Bitcoin ETF,BTC-USD,2025-05-12,101.66,800.0,0.25,69.026,1.8453,84.33,1.9311,153.35,153.35,,30.271,11.84
2272,BTCO,Invesco Galaxy Bitcoin ETF,Invesco / Galaxy,BTCO,Invesco Galaxy Bitcoin ETF,BTC-USD,2025-05-13,104.7,800.0,0.25,67.969,1.8387,165.35,2.221,233.32,233.32,,30.271,11.687
2273,BTCO,Invesco Galaxy Bitcoin ETF,Invesco / Galaxy,BTCO,Invesco Galaxy Bitcoin ETF,BTC-USD,2025-05-14,103.16,800.0,0.25,71.358,1.8595,65.09,1.8201,136.44,136.44,,32.763,11.915
2274,BTCO,Invesco Galaxy Bitcoin ETF,Invesco / Galaxy,BTCO,Invesco Galaxy Bitcoin ETF,BTC-USD,2025-05-15,103.04,800.0,0.25,66.174,1.8272,43.51,1.6484,109.68,109.68,,28.619,12.162
2275,BTCO,Invesco Galaxy Bitcoin ETF,Invesco / Galaxy,BTCO,Invesco Galaxy Bitcoin ETF,BTC-USD,2025-05-16,103.88,800.0,0.25,62.835,1.8051,153.63,2.1893,216.47,216.47,,26.038,11.949
2276,BTCO,Invesco Galaxy Bitcoin ETF,Invesco / Galaxy,BTCO,Invesco Galaxy Bitcoin ETF,BTC-USD,2025-05-19,105.32,800.0,0.25,59.622,1.7826,144.12,2.1617,203.74,203.74,,20.332,11.871
2277,BTCO,Invesco Galaxy Bitcoin ETF,Invesco / Galaxy,BTCO,Invesco Galaxy Bitcoin ETF,BTC-USD,2025-05-20,106.88,800.0,0.25,63.135,1.8071,176.31,2.2487,239.45,239.45,,20.332,11.45
2278,BTCO,Invesco Galaxy Bitcoin ETF,Invesco / Galaxy,BTCO,Invesco Galaxy Bitcoin ETF,BTC-USD,2025-05-21,108.41,800.0,0.25,63.135,1.8071,217.06,2.3386,280.2,280.2,,20.332,11.137
2279,BTCO,Invesco Galaxy Bitcoin ETF,Invesco / Galaxy,BTCO,Invesco Galaxy Bitcoin ETF,BTC-USD,2025-05-22,111.02,800.0,0.25,63.772,1.8114,122.1,2.0903,185.87,185.87,,20.332,11.119
2280,BTCO,Invesco Galaxy Bitcoin ETF,Invesco / Galaxy,BTCO,Invesco Galaxy Bitcoin ETF,BTC-USD,2025-05-23,108.57,800.0,0.25,61.086,1.793,249.62,2.399,310.71,310.71,0.18,17.459,12.125
2281,BTCO,Invesco Galaxy Bitcoin ETF,Invesco / Galaxy,BTCO,Invesco Galaxy Bitcoin ETF,BTC-USD,2025-05-27,109.82,800.0,0.25,66.789,1.8312,102.12,2.0134,168.91,168.91,0.16,19.294,12.06
2282,BTCO,Invesco Galaxy Bitcoin ETF,Invesco / Galaxy,BTCO,Invesco Galaxy Bitcoin ETF,BTC-USD,2025-05-28,106.76,800.0,0.25,60.086,1.7859,14.11,1.1792,74.2,74.2,0.1,18.065,12.298
2283,BTCO,Invesco Galaxy Bitcoin ETF,Invesco / Galaxy,BTCO,Invesco Galaxy Bitcoin ETF,BTC-USD,2025-05-29,105.39,800.0,0.25,59.586,1.7824,-55.92,-1.7553,-3.66,3.66,,18.645,14.825
2284,BTCO,Invesco Galaxy Bitcoin ETF,Invesco / Galaxy,BTCO,Invesco Galaxy Bitcoin ETF,BTC-USD,2025-05-30,104.47,800.0,0.25,56.99,1.7634,109.71,2.0442,166.7,166.7,,18.645,15.179
2285,BTCO,Invesco Galaxy Bitcoin ETF,Invesco / Galaxy,BTCO,Invesco Galaxy Bitcoin ETF,BTC-USD,2025-06-02,104.28,800.0,0.25,62.666,1.8039,-21.2,-1.3464,-41.46,41.46,,21.561,15.18
2286,BTCO,Invesco Galaxy Bitcoin ETF,Invesco / Galaxy,BTCO,Invesco Galaxy Bitcoin ETF,BTC-USD,2025-06-03,106.11,800.0,0.25,62.738,1.8044,99.34,2.0015,162.08,162.08,,21.138,15.111
2287,BTCO,Invesco Galaxy Bitcoin ETF,Invesco / Galaxy,BTCO,Invesco Galaxy Bitcoin ETF,BTC-USD,2025-06-04,104.95,800.0,0.25,62.494,1.8027,121.61,2.0885,184.1,184.1,,21.138,15.115
2288,BTCO,Invesco Galaxy Bitcoin ETF,Invesco / Galaxy,BTCO,Invesco Galaxy Bitcoin ETF,BTC-USD,2025-06-05,101.71,800.0,0.25,60.458,1.7886,205.65,2.3152,266.1,266.1,,18.616,15.301
2289,BTCO,Invesco Galaxy Bitcoin ETF,Invesco / Galaxy,BTCO,Invesco Galaxy Bitcoin ETF,BTC-USD,2025-06-06,104.07,800.0,0.25,69.772,1.8499,79.15,1.9039,148.92,148.92,,21.396,15.353
2290,BTCO,Invesco Galaxy Bitcoin ETF,Invesco / Galaxy,BTCO,Invesco Galaxy Bitcoin ETF,BTC-USD,2025-06-09,108.44,800.0,0.25,69.772,1.8499,56.49,1.7596,126.26,126.26,,21.396,15.088
2291,BTCO,Invesco Galaxy Bitcoin ETF,Invesco / Galaxy,BTCO,Invesco Galaxy Bitcoin ETF,BTC-USD,2025-06-10,109.34,800.0,0.25,71.5,1.8603,-69.96,-1.851,-1.54,1.54,,21.396,14.847
2292,BTCO,Invesco Galaxy Bitcoin ETF,Invesco / Galaxy,BTCO,Invesco Galaxy Bitcoin ETF,BTC-USD,2025-06-11,108.64,800.0,0.25,75.903,1.8859,103.6,2.0195,179.5,179.5,,26.406,14.628
2293,BTCO,Invesco Galaxy Bitcoin ETF,Invesco / Galaxy,BTCO,Invesco Galaxy Bitcoin ETF,BTC-USD,2025-06-12,106.59,800.0,0.25,69.749,1.8497,-48.76,-1.6969,20.99,20.99,,26.406,14.637
2294,BTCO,Invesco Galaxy Bitcoin ETF,Invesco / Galaxy,BTCO,Invesco Galaxy Bitcoin ETF,BTC-USD,2025-06-13,104.98,800.0,0.25,66.361,1.8284,-16.68,-1.2475,-49.68,49.68,,23.915,14.451
2295,BTCO,Invesco Galaxy Bitcoin ETF,Invesco / Galaxy,BTCO,Invesco Galaxy Bitcoin ETF,BTC-USD,2025-06-16,108.5,800.0,0.25,63.838,1.8118,193.41,2.2887,257.24,257.24,,20.556,14.153
2296,BTCO,Invesco Galaxy Bitcoin ETF,Invesco / Galaxy,BTCO,Invesco Galaxy Bitcoin ETF,BTC-USD,2025-06-17,104.54,800.0,0.25,65.657,1.8238,-20.6,-1.3344,-45.06,45.06,,20.556,14.336
2297,BTCO,Invesco Galaxy Bitcoin ETF,Invesco / Galaxy,BTCO,Invesco Galaxy Bitcoin ETF,BTC-USD,2025-06-18,103.76,800.0,0.25,67.88,1.8381,33.77,1.5412,-101.65,101.65,,24.372,14.564
2298,BTCO,Invesco Galaxy Bitcoin ETF,Invesco / Galaxy,BTCO,Invesco Galaxy Bitcoin ETF,BTC-USD,2025-06-20,103.02,800.0,0.25,68.827,1.844,24.48,1.4061,-93.3,93.3,0.13,28.485,14.632
2299,BTCO,Invesco Galaxy Bitcoin ETF,Invesco / Galaxy,BTCO,Invesco Galaxy Bitcoin ETF,BTC-USD,2025-06-23,103.08,800.0,0.25,73.255,1.8707,96.85,1.9906,-170.11,170.11,0.2,28.485,13.809
2300,BTCO,Invesco Galaxy Bitcoin ETF,Invesco / Galaxy,BTCO,Invesco Galaxy Bitcoin ETF,BTC-USD,2025-06-24,105.46,800.0,0.25,73.255,1.8707,-15.94,-1.2289,-57.31,57.31,0.24,28.485,13.292
2301,BTCO,Invesco Galaxy Bitcoin ETF,Invesco / Galaxy,BTCO,Invesco Galaxy Bitcoin ETF,BTC-USD,2025-06-25,107.59,800.0,0.25,70.683,1.8554,14.64,1.1944,-85.33,85.33,0.26,28.485,12.033
2302,BTCO,Invesco Galaxy Bitcoin ETF,Invesco / Galaxy,BTCO,Invesco Galaxy Bitcoin ETF,BTC-USD,2025-06-26,107.44,800.0,0.25,68.041,1.8391,-22.96,-1.3794,-45.08,45.08,0.28,28.612,11.702
2303,BTCO,Invesco Galaxy Bitcoin ETF,Invesco / Galaxy,BTCO,Invesco Galaxy Bitcoin ETF,BTC-USD,2025-06-27,106.65,800.0,0.25,70.968,1.8571,-13.94,-1.1743,57.03,57.03,0.28,32.519,11.208
2304,BTCO,Invesco Galaxy Bitcoin ETF,Invesco / Galaxy,BTCO,Invesco Galaxy Bitcoin ETF,BTC-USD,2025-06-30,107.53,800.0,0.25,70.616,1.855,15.86,1.2268,86.47,86.47,0.32,35.146,8.687
2305,BTCO,Invesco Galaxy Bitcoin ETF,Invesco / Galaxy,BTCO,Invesco Galaxy Bitcoin ETF,BTC-USD,2025-07-01,105.14,800.0,0.25,71.589,1.8609,-0.41,-0.1478,-71.18,71.18,0.46,35.146,8.626
2306,BTCO,Invesco Galaxy Bitcoin ETF,Invesco / Galaxy,BTCO,Invesco Galaxy Bitcoin ETF,BTC-USD,2025-07-02,109.55,800.0,0.25,68.536,1.8422,191.11,2.2836,259.65,259.65,0.44,32.231,9.21
2307,BTCO,Invesco Galaxy Bitcoin ETF,Invesco / Galaxy,BTCO,Invesco Galaxy Bitcoin ETF,BTC-USD,2025-07-03,109.1,800.0,0.25,68.077,1.8393,-12.6,-1.1336,-55.47,55.47,0.41,32.231,9.203
2308,BTCO,Invesco Galaxy Bitcoin ETF,Invesco / Galaxy,BTCO,Invesco Galaxy Bitcoin ETF,BTC-USD,2025-07-07,107.85,800.0,0.25,68.497,1.842,-55.41,-1.7513,-13.09,13.09,0.38,32.231,8.978
2309,BTCO,Invesco Galaxy Bitcoin ETF,Invesco / Galaxy,BTCO,Invesco Galaxy Bitcoin ETF,BTC-USD,2025-07-08,108.59,800.0,0.25,69.034,1.8453,-13.97,-1.1752,55.07,55.07,0.36,29.703,8.62
2310,BTCO,Invesco Galaxy Bitcoin ETF,Invesco / Galaxy,BTCO,Invesco Galaxy Bitcoin ETF,BTC-USD,2025-07-09,111.62,800.0,0.25,59.72,1.7833,95.23,1.9833,154.95,154.95,0.35,26.924,8.509
2311,BTCO,Invesco Galaxy Bitcoin ETF,Invesco / Galaxy,BTCO,Invesco Galaxy Bitcoin ETF,BTC-USD,2025-07-10,113.23,800.0,0.25,59.262,1.78,-33.13,-1.5332,26.13,26.13,0.35,26.924,8.426
2312,BTCO,Invesco Galaxy Bitcoin ETF,Invesco / Galaxy,BTCO,Invesco Galaxy Bitcoin ETF,BTC-USD,2025-07-11,117.93,800.0,0.25,57.755,1.769,187.32,2.2749,245.08,245.08,0.35,26.924,8.544
2313,BTCO,Invesco Galaxy Bitcoin ETF,Invesco / Galaxy,BTCO,Invesco Galaxy Bitcoin ETF,BTC-USD,2025-07-14,119.69,800.0,0.25,49.892,1.7067,130.2,2.118,180.1,180.1,0.35,19.143,8.722
2314,BTCO,Invesco Galaxy Bitcoin ETF,Invesco / Galaxy,BTCO,Invesco Galaxy Bitcoin ETF,BTC-USD,2025-07-15,116.23,800.0,0.25,49.892,1.7067,-42.57,-1.6392,7.32,7.32,0.34,19.143,8.783
2315,BTCO,Invesco Galaxy Bitcoin ETF,Invesco / Galaxy,BTCO,Invesco Galaxy Bitcoin ETF,BTC-USD,2025-07-16,119.07,800.0,0.25,53.937,1.7399,299.18,2.4774,353.12,353.12,0.32,19.143,8.76
2316,BTCO,Invesco Galaxy Bitcoin ETF,Invesco / Galaxy,BTCO,Invesco Galaxy Bitcoin ETF,BTC-USD,2025-07-17,118.8,800.0,0.25,59.307,1.7804,-47.22,-1.6832,12.09,12.09,0.29,24.314,8.887
2317,BTCO,Invesco Galaxy Bitcoin ETF,Invesco / Galaxy,BTCO,Invesco Galaxy Bitcoin ETF,BTC-USD,2025-07-18,117.11,800.0,0.25,64.756,1.8179,92.82,1.9723,157.57,157.57,0.27,27.481,8.851
2318,BTCO,Invesco Galaxy Bitcoin ETF,Invesco / Galaxy,BTCO,Invesco Galaxy Bitcoin ETF,BTC-USD,2025-07-21,116.51,800.0,0.25,65.718,1.8242,179.99,2.2577,245.71,245.71,0.26,27.074,8.89
2319,BTCO,Invesco Galaxy Bitcoin ETF,Invesco / Galaxy,BTCO,Invesco Galaxy Bitcoin ETF,BTC-USD,2025-07-22,119.06,800.0,0.25,66.761,1.831,158.75,2.2034,225.51,225.51,0.26,22.961,8.712
2320,BTCO,Invesco Galaxy Bitcoin ETF,Invesco / Galaxy,BTCO,Invesco Galaxy Bitcoin ETF,BTC-USD,2025-07-23,118.23,800.0,0.25,67.144,1.8334,354.07,2.5503,421.21,421.21,0.32,23.151,8.305
2321,BTCO,Invesco Galaxy Bitcoin ETF,Invesco / Galaxy,BTCO,Invesco Galaxy Bitcoin ETF,BTC-USD,2025-07-24,118.85,800.0,0.25,70.498,1.8543,234.33,2.3717,304.83,304.83,0.37,23.151,8.251
2322,BTCO,Invesco Galaxy Bitcoin ETF,Invesco / Galaxy,BTCO,Invesco Galaxy Bitcoin ETF,BTC-USD,2025-07-25,116.61,800.0,0.25,70.498,1.8543,-7.33,-0.9206,63.17,63.17,0.36,23.151,8.513
2323,BTCO,Invesco Galaxy Bitcoin ETF,Invesco / Galaxy,BTCO,Invesco Galaxy Bitcoin ETF,BTC-USD,2025-07-28,117.87,800.0,0.25,68.236,1.8403,65.89,1.8254,134.13,134.13,0.36,21.189,8.455
2324,BTCO,Invesco Galaxy Bitcoin ETF,Invesco / Galaxy,BTCO,Invesco Galaxy Bitcoin ETF,BTC-USD,2025-07-29,117.24,800.0,0.25,69.657,1.8492,94.97,1.9822,164.63,164.63,0.36,22.187,8.463
2325,BTCO,Invesco Galaxy Bitcoin ETF,Invesco / Galaxy,BTCO,Invesco Galaxy Bitcoin ETF,BTC-USD,2025-07-30,116.63,800.0,0.25,70.965,1.8571,-31.65,-1.5139,39.31,39.31,0.38,22.937,8.503
2326,BTCO,Invesco Galaxy Bitcoin ETF,Invesco / Galaxy,BTCO,Invesco Galaxy Bitcoin ETF,BTC-USD,2025-07-31,116.46,800.0,0.25,79.38,1.9051,203.52,2.3107,282.9,282.9,0.47,28.821,8.02
2327,BTCO,Invesco Galaxy Bitcoin ETF,Invesco / Galaxy,BTCO,Invesco Galaxy Bitcoin ETF,BTC-USD,2025-08-01,112.8,800.0,0.25,76.599,1.8899,-63.96,-1.8126,-12.64,12.64,0.46,28.821,7.449
2328,BTCO,Invesco Galaxy Bitcoin ETF,Invesco / Galaxy,BTCO,Invesco Galaxy Bitcoin ETF,BTC-USD,2025-08-04,114.43,800.0,0.25,80.607,1.9117,20.85,1.3395,101.46,101.46,0.5,33.217,7.403
2329,BTCO,Invesco Galaxy Bitcoin ETF,Invesco / Galaxy,BTCO,Invesco Galaxy Bitcoin ETF,BTC-USD,2025-08-05,113.37,800.0,0.25,80.48,1.9111,7.83,0.946,88.31,88.31,0.52,33.217,7.485
2330,BTCO,Invesco Galaxy Bitcoin ETF,Invesco / Galaxy,BTCO,Invesco Galaxy Bitcoin ETF,BTC-USD,2025-08-06,115.03,800.0,0.25,79.26,1.9045,70.35,1.8534,149.61,149.61,0.55,33.217,7.679
2331,BTCO,Invesco Galaxy Bitcoin ETF,Invesco / Galaxy,BTCO,Invesco Galaxy Bitcoin ETF,BTC-USD,2025-08-07,117.33,800.0,0.25,79.26,1.9045,-8.94,-0.9975,70.32,70.32,0.54,33.217,7.749
2332,BTCO,Invesco Galaxy Bitcoin ETF,Invesco / Galaxy,BTCO,Invesco Galaxy Bitcoin ETF,BTC-USD,2025-08-08,116.14,800.0,0.25,83.456,1.9266,128.6,2.1126,212.06,212.06,0.53,37.482,7.739
2333,BTCO,Invesco Galaxy Bitcoin ETF,Invesco / Galaxy,BTCO,Invesco Galaxy Bitcoin ETF,BTC-USD,2025-08-11,118.77,800.0,0.25,83.456,1.9266,-66.89,-1.8318,-16.57,16.57,0.51,37.482,7.708
2334,BTCO,Invesco Galaxy Bitcoin ETF,Invesco / Galaxy,BTCO,Invesco Galaxy Bitcoin ETF,BTC-USD,2025-08-12,119.4,800.0,0.25,87.737,1.9481,-30.22,-1.4944,-57.52,57.52,0.53,41.305,7.436
2335,BTCO,Invesco Galaxy Bitcoin ETF,Invesco / Galaxy,BTCO,Invesco Galaxy Bitcoin ETF,BTC-USD,2025-08-13,122.63,800.0,0.25,87.737,1.9481,48.79,1.6971,136.53,136.53,0.51,41.305,7.452
2336,BTCO,Invesco Galaxy Bitcoin ETF,Invesco / Galaxy,BTCO,Invesco Galaxy Bitcoin ETF,BTC-USD,2025-08-14,117.72,800.0,0.25,90.405,1.961,-4.95,-0.7748,-85.45,85.45,0.49,41.305,7.717
2337,BTCO,Invesco Galaxy Bitcoin ETF,Invesco / Galaxy,BTCO,Invesco Galaxy Bitcoin ETF,BTC-USD,2025-08-15,116.7,800.0,0.25,85.829,1.9387,-44.98,-1.6625,-40.85,40.85,0.5,38.13,7.64
2338,BTCO,Invesco Galaxy Bitcoin ETF,Invesco / Galaxy,BTCO,Invesco Galaxy Bitcoin ETF,BTC-USD,2025-08-18,116.02,800.0,0.25,78.434,1.9,-38.89,-1.6009,39.54,39.54,0.48,34.963,7.605
2339,BTCO,Invesco Galaxy Bitcoin ETF,Invesco / Galaxy,BTCO,Invesco Galaxy Bitcoin ETF,BTC-USD,2025-08-19,112.8,800.0,0.25,73.142,1.8701,-40.35,-1.6165,32.79,32.79,0.47,29.416,7.691
2340,BTCO,Invesco Galaxy Bitcoin ETF,Invesco / Galaxy,BTCO,Invesco Galaxy Bitcoin ETF,BTC-USD,2025-08-20,114.03,800.0,0.25,70.259,1.8528,-61.59,-1.7965,-8.67,8.67,0.45,32.693,7.774
2341,BTCO,Invesco Galaxy Bitcoin ETF,Invesco / Galaxy,BTCO,Invesco Galaxy Bitcoin ETF,BTC-USD,2025-08-21,111.89,800.0,0.25,72.429,1.8659,-6.8,-0.8921,-65.63,65.63,0.45,35.87,7.853
2342,BTCO,Invesco Galaxy Bitcoin ETF,Invesco / Galaxy,BTCO,Invesco Galaxy Bitcoin ETF,BTC-USD,2025-08-22,116.4,800.0,0.25,74.841,1.8799,29.89,1.4899,-104.73,104.73,0.49,39.551,8.514
2343,BTCO,Invesco Galaxy Bitcoin ETF,Invesco / Galaxy,BTCO,Invesco Galaxy Bitcoin ETF,BTC-USD,2025-08-25,110.52,800.0,0.25,74.841,1.8799,-18.51,-1.2902,56.33,56.33,0.48,39.551,8.717
2344,BTCO,Invesco Galaxy Bitcoin ETF,Invesco / Galaxy,BTCO,Invesco Galaxy Bitcoin ETF,BTC-USD,2025-08-26,110.9,800.0,0.25,78.26,1.8991,54.56,1.7448,-132.82,132.82,0.5,39.551,8.693
2345,BTCO,Invesco Galaxy Bitcoin ETF,Invesco / Galaxy,BTCO,Invesco Galaxy Bitcoin ETF,BTC-USD,2025-08-27,111.79,800.0,0.25,76.162,1.8874,-28.53,-1.4702,47.64,47.64,0.51,34.646,8.436
2346,BTCO,Invesco Galaxy Bitcoin ETF,Invesco / Galaxy,BTCO,Invesco Galaxy Bitcoin ETF,BTC-USD,2025-08-28,111.67,800.0,0.25,74.506,1.878,-48.33,-1.6931,-26.18,26.18,0.53,30.689,8.403
2347,BTCO,Invesco Galaxy Bitcoin ETF,Invesco / Galaxy,BTCO,Invesco Galaxy Bitcoin ETF,BTC-USD,2025-08-29,107.94,800.0,0.25,69.204,1.8464,84.29,1.9309,-153.49,153.49,0.55,24.805,8.833
2348,BTCO,Invesco Galaxy Bitcoin ETF,Invesco / Galaxy,BTCO,Invesco Galaxy Bitcoin ETF,BTC-USD,2025-09-02,110.53,800.0,0.25,74.535,1.8781,-62.98,-1.806,-11.56,11.56,0.52,24.805,8.518
2349,BTCO,Invesco Galaxy Bitcoin ETF,Invesco / Galaxy,BTCO,Invesco Galaxy Bitcoin ETF,BTC-USD,2025-09-03,111.99,800.0,0.25,71.43,1.8599,-7.15,-0.9114,64.28,64.28,0.51,20.409,8.32
2350,BTCO,Invesco Galaxy Bitcoin ETF,Invesco / Galaxy,BTCO,Invesco Galaxy Bitcoin ETF,BTC-USD,2025-09-04,109.51,800.0,0.25,73.294,1.871,-22.04,-1.3625,-51.26,51.26,0.5,20.409,8.429
2351,BTCO,Invesco Galaxy Bitcoin ETF,Invesco / Galaxy,BTCO,Invesco Galaxy Bitcoin ETF,BTC-USD,2025-09-05,111.295,800.0,0.25,72.73,1.8676,-34.48,-1.55,38.25,38.25,0.51,20.409,8.421
2352,BTCO,Invesco Galaxy Bitcoin ETF,Invesco / Galaxy,BTCO,Invesco Galaxy Bitcoin ETF,BTC-USD,2025-09-08,111.83,800.0,0.25,76.753,1.8907,-27.87,-1.4605,-48.88,48.88,0.52,22.238,8.851
2353,BTCO,Invesco Galaxy Bitcoin ETF,Invesco / Galaxy,BTCO,Invesco Galaxy Bitcoin ETF,BTC-USD,2025-09-09,111.05,800.0,0.25,77.528,1.895,-47.62,-1.6868,-29.9,29.9,0.54,20.478,8.789
2354,BTCO,Invesco Galaxy Bitcoin ETF,Invesco / Galaxy,BTCO,Invesco Galaxy Bitcoin ETF,BTC-USD,2025-09-10,113.31,800.0,0.25,79.914,1.908,28.41,1.4685,-108.32,108.32,0.56,20.478,9.055
2355,BTCO,Invesco Galaxy Bitcoin ETF,Invesco / Galaxy,BTCO,Invesco Galaxy Bitcoin ETF,BTC-USD,2025-09-11,114.24,800.0,0.25,75.828,1.8855,28.41,1.4685,-104.24,104.24,0.62,17.044,9.171
2356,BTCO,Invesco Galaxy Bitcoin ETF,Invesco / Galaxy,BTCO,Invesco Galaxy Bitcoin ETF,BTC-USD,2025-09-12,116.63,800.0,0.25,75.045,1.8811,-62.63,-1.8036,12.42,12.42,0.67,17.044,9.239
2357,BTCO,Invesco Galaxy Bitcoin ETF,Invesco / Galaxy,BTCO,Invesco Galaxy Bitcoin ETF,BTC-USD,2025-09-15,115.05,800.0,0.25,69.69,1.8494,-45.12,-1.6639,-24.57,24.57,0.66,17.044,9.164
2358,BTCO,Invesco Galaxy Bitcoin ETF,Invesco / Galaxy,BTCO,Invesco Galaxy Bitcoin ETF,BTC-USD,2025-09-16,116.59,800.0,0.25,71.66,1.8613,-60.82,-1.7911,10.84,10.84,0.63,15.049,9.346
2359,BTCO,Invesco Galaxy Bitcoin ETF,Invesco / Galaxy,BTCO,Invesco Galaxy Bitcoin ETF,BTC-USD,2025-09-17,115.37,800.0,0.25,78.512,1.9004,13.12,1.1497,-91.63,91.63,0.6,20.644,9.759
2360,BTCO,Invesco Galaxy Bitcoin ETF,Invesco / Galaxy,BTCO,Invesco Galaxy Bitcoin ETF,BTC-USD,2025-09-18,117.27,800.0,0.25,74.753,1.8794,-40.78,-1.621,33.97,33.97,0.58,20.644,11.083
2361,BTCO,Invesco Galaxy Bitcoin ETF,Invesco / Galaxy,BTCO,Invesco Galaxy Bitcoin ETF,BTC-USD,2025-09-19,114.88,800.0,0.25,72.559,1.8666,-27.76,-1.4588,-44.8,44.8,0.56,17.368,11.835
2362,BTCO,Invesco Galaxy Bitcoin ETF,Invesco / Galaxy,BTCO,Invesco Galaxy Bitcoin ETF,BTC-USD,2025-09-22,111.9,800.0,0.25,66.924,1.832,-47.04,-1.6816,-19.88,19.88,0.56,13.999,12.036
2363,BTCO,Invesco Galaxy Bitcoin ETF,Invesco / Galaxy,BTCO,Invesco Galaxy Bitcoin ETF,BTC-USD,2025-09-23,111.37,800.0,0.25,63.295,1.8082,-18.69,-1.2942,-44.61,44.61,0.57,13.87,11.504
2364,BTCO,Invesco Galaxy Bitcoin ETF,Invesco / Galaxy,BTCO,Invesco Galaxy Bitcoin ETF,BTC-USD,2025-09-24,113.15,800.0,0.25,66.082,1.8266,-43.0,-1.6435,-23.08,23.08,0.58,13.87,11.239
2365,BTCO,Invesco Galaxy Bitcoin ETF,Invesco / Galaxy,BTCO,Invesco Galaxy Bitcoin ETF,BTC-USD,2025-09-25,109.04,800.0,0.25,63.745,1.8112,16.49,1.2428,80.23,80.23,0.58,13.87,11.711
2366,BTCO,Invesco Galaxy Bitcoin ETF,Invesco / Galaxy,BTCO,Invesco Galaxy Bitcoin ETF,BTC-USD,2025-09-26,108.87,800.0,0.25,64.936,1.8191,54.92,1.7476,-119.86,119.86,0.63,17.927,12.048
2367,BTCO,Invesco Galaxy Bitcoin ETF,Invesco / Galaxy,BTCO,Invesco Galaxy Bitcoin ETF,BTC-USD,2025-09-29,114.1,800.0,0.25,63.239,1.8078,4.15,0.7121,67.39,67.39,0.67,17.927,13.845
2368,BTCO,Invesco Galaxy Bitcoin ETF,Invesco / Galaxy,BTCO,Invesco Galaxy Bitcoin ETF,BTC-USD,2025-09-30,114.01,800.0,0.25,66.649,1.8303,18.62,1.2927,85.27,85.27,0.67,23.317,14.419
2369,BTCO,Invesco Galaxy Bitcoin ETF,Invesco / Galaxy,BTCO,Invesco Galaxy Bitcoin ETF,BTC-USD,2025-10-01,117.2,800.0,0.25,59.462,1.7815,-43.46,-1.648,-16.0,16.0,0.66,23.317,15.13
2370,BTCO,Invesco Galaxy Bitcoin ETF,Invesco / Galaxy,BTCO,Invesco Galaxy Bitcoin ETF,BTC-USD,2025-10-02,120.72,800.0,0.25,59.091,1.7788,-27.76,-1.4588,31.33,31.33,0.66,23.317,16.085
2371,BTCO,Invesco Galaxy Bitcoin ETF,Invesco / Galaxy,BTCO,Invesco Galaxy Bitcoin ETF,BTC-USD,2025-10-03,122.55,800.0,0.25,57.785,1.7693,135.53,2.1352,193.31,193.31,0.67,23.317,16.839
2372,BTCO,Invesco Galaxy Bitcoin ETF,Invesco / Galaxy,BTCO,Invesco Galaxy Bitcoin ETF,BTC-USD,2025-10-06,125.14,800.0,0.25,55.456,1.7517,-18.94,-1.2998,36.51,36.51,0.66,23.317,17.802
2373,BTCO,Invesco Galaxy Bitcoin ETF,Invesco / Galaxy,BTCO,Invesco Galaxy Bitcoin ETF,BTC-USD,2025-10-07,121.35,800.0,0.25,50.84,1.7147,15.07,1.2061,65.91,65.91,0.63,21.488,18.749
2374,BTCO,Invesco Galaxy Bitcoin ETF,Invesco / Galaxy,BTCO,Invesco Galaxy Bitcoin ETF,BTC-USD,2025-10-08,123.12,800.0,0.25,53.339,1.7351,29.84,1.4891,83.18,83.18,0.66,25.145,19.24
2375,BTCO,Invesco Galaxy Bitcoin ETF,Invesco / Galaxy,BTCO,Invesco Galaxy Bitcoin ETF,BTC-USD,2025-10-09,120.66,800.0,0.25,53.133,1.7335,-37.22,-1.5822,15.92,15.92,0.68,25.784,19.523
2376,BTCO,Invesco Galaxy Bitcoin ETF,Invesco / Galaxy,BTCO,Invesco Galaxy Bitcoin ETF,BTC-USD,2025-10-10,116.24,800.0,0.25,51.159,1.7173,287.45,2.4601,338.61,338.61,0.77,25.682,21.395
2377,BTCO,Invesco Galaxy Bitcoin ETF,Invesco / Galaxy,BTCO,Invesco Galaxy Bitcoin ETF,BTC-USD,2025-10-13,115.535,800.0,0.25,51.429,1.7196,-6.89,-0.8969,-44.54,44.54,0.64,25.682,22.14
2378,BTCO,Invesco Galaxy Bitcoin ETF,Invesco / Galaxy,BTCO,Invesco Galaxy Bitcoin ETF,BTC-USD,2025-10-14,112.29,800.0,0.25,47.891,1.6892,31.61,1.5133,-79.5,79.5,0.62,25.682,22.557
2379,BTCO,Invesco Galaxy Bitcoin ETF,Invesco / Galaxy,BTCO,Invesco Galaxy Bitcoin ETF,BTC-USD,2025-10-15,110.95,800.0,0.25,52.773,1.7306,-15.69,-1.2225,-37.08,37.08,0.58,31.876,23.823
2380,BTCO,Invesco Galaxy Bitcoin ETF,Invesco / Galaxy,BTCO,Invesco Galaxy Bitcoin ETF,BTC-USD,2025-10-16,107.93,800.0,0.25,45.921,1.6714,-16.18,-1.235,-29.74,29.74,0.46,26.281,24.877
2381,BTCO,Invesco Galaxy Bitcoin ETF,Invesco / Galaxy,BTCO,Invesco Galaxy Bitcoin ETF,BTC-USD,2025-10-17,106.15,800.0,0.25,45.921,1.6714,115.86,2.0676,-161.78,161.78,0.32,26.281,24.869
2382,BTCO,Invesco Galaxy Bitcoin ETF,Invesco / Galaxy,BTCO,Invesco Galaxy Bitcoin ETF,BTC-USD,2025-10-20,110.56,800.0,0.25,45.264,1.6652,-37.41,-1.5844,-7.86,7.86,0.31,26.281,25.604
2383,BTCO,Invesco Galaxy Bitcoin ETF,Invesco / Galaxy,BTCO,Invesco Galaxy Bitcoin ETF,BTC-USD,2025-10-21,111.62,800.0,0.25,52.967,1.7321,221.15,2.3466,274.12,274.12,0.29,29.165,27.232
2384,BTCO,Invesco Galaxy Bitcoin ETF,Invesco / Galaxy,BTCO,Invesco Galaxy Bitcoin ETF,BTC-USD,2025-10-22,107.48,800.0,0.25,51.192,1.7176,7.52,0.9302,-58.71,58.71,0.18,25.614,28.17
2385,BTCO,Invesco Galaxy Bitcoin ETF,Invesco / Galaxy,BTCO,Invesco Galaxy Bitcoin ETF,BTC-USD,2025-10-23,109.96,800.0,0.25,48.404,1.6938,20.88,1.3401,-69.29,69.29,0.19,25.614,28.392
2386,BTCO,Invesco Galaxy Bitcoin ETF,Invesco / Galaxy,BTCO,Invesco Galaxy Bitcoin ETF,BTC-USD,2025-10-24,110.31,800.0,0.25,48.994,1.6989,65.37,1.822,-114.36,114.36,0.2,30.236,28.124
2387,BTCO,Invesco Galaxy Bitcoin ETF,Invesco / Galaxy,BTCO,Invesco Galaxy Bitcoin ETF,BTC-USD,2025-10-27,114.65,800.0,0.25,45.82,1.6704,53.58,1.737,99.4,99.4,0.19,26.179,28.176
2388,BTCO,Invesco Galaxy Bitcoin ETF,Invesco / Galaxy,BTCO,Invesco Galaxy Bitcoin ETF,BTC-USD,2025-10-28,113.36,800.0,0.25,49.713,1.7051,-40.86,-1.6218,8.86,8.86,0.19,29.024,26.596
2389,BTCO,Invesco Galaxy Bitcoin ETF,Invesco / Galaxy,BTCO,Invesco Galaxy Bitcoin ETF,BTC-USD,2025-10-29,110.2,800.0,0.25,45.648,1.6688,15.73,1.2236,-61.38,61.38,0.16,23.634,26.431
2390,BTCO,Invesco Galaxy Bitcoin ETF,Invesco / Galaxy,BTCO,Invesco Galaxy Bitcoin ETF,BTC-USD,2025-10-30,106.11,800.0,0.25,45.648,1.6688,151.36,2.1829,-197.01,197.01,0.16,23.634,25.91
2391,BTCO,Invesco Galaxy Bitcoin ETF,Invesco / Galaxy,BTCO,Invesco Galaxy Bitcoin ETF,BTC-USD,2025-10-31,109.4,800.0,0.25,49.168,1.7004,83.93,1.9291,-133.1,133.1,0.21,23.634,25.379
2392,BTCO,Invesco Galaxy Bitcoin ETF,Invesco / Galaxy,BTCO,Invesco Galaxy Bitcoin ETF,BTC-USD,2025-11-03,106.28,800.0,0.25,53.256,1.7344,134.9,2.1332,-188.15,188.15,0.23,23.634,24.698
2393,BTCO,Invesco Galaxy Bitcoin ETF,Invesco / Galaxy,BTCO,Invesco Galaxy Bitcoin ETF,BTC-USD,2025-11-04,100.39,800.0,0.25,53.483,1.7363,271.77,2.4358,-325.25,325.25,0.36,23.634,24.545
2394,BTCO,Invesco Galaxy Bitcoin ETF,Invesco / Galaxy,BTCO,Invesco Galaxy Bitcoin ETF,BTC-USD,2025-11-05,103.53,800.0,0.25,66.169,1.8272,121.22,2.0871,-187.39,187.39,0.44,29.146,23.602
2395,BTCO,Invesco Galaxy Bitcoin ETF,Invesco / Galaxy,BTCO,Invesco Galaxy Bitcoin ETF,BTC-USD,2025-11-06,100.59,800.0,0.25,67.368,1.8349,163.36,2.2158,-230.73,230.73,0.51,22.984,23.14
2396,BTCO,Invesco Galaxy Bitcoin ETF,Invesco / Galaxy,BTCO,Invesco Galaxy Bitcoin ETF,BTC-USD,2025-11-07,103.45,800.0,0.25,76.991,1.892,-4.15,-0.7117,-72.84,72.84,0.54,30.526,22.775
2397,BTCO,Invesco Galaxy Bitcoin ETF,Invesco / Galaxy,BTCO,Invesco Galaxy Bitcoin ETF,BTC-USD,2025-11-10,105.67,800.0,0.25,76.847,1.8912,284.15,2.4551,-361.0,361.0,0.57,30.239,22.496
2398,BTCO,Invesco Galaxy Bitcoin ETF,Invesco / Galaxy,BTCO,Invesco Galaxy Bitcoin ETF,BTC-USD,2025-11-11,102.43,800.0,0.25,79.536,1.906,108.27,2.0385,-187.81,187.81,0.61,30.239,21.525
2399,BTCO,Invesco Galaxy Bitcoin ETF,Invesco / Galaxy,BTCO,Invesco Galaxy Bitcoin ETF,BTC-USD,2025-11-12,101.21,800.0,0.25,81.568,1.9168,-14.28,-1.1841,-67.29,67.29,0.6,34.919,21.295
2400,BTCO,Invesco Galaxy Bitcoin ETF,Invesco / Galaxy,BTCO,Invesco Galaxy Bitcoin ETF,BTC-USD,2025-11-13,97.69,800.0,0.25,74.481,1.8778,218.94,2.3423,-293.42,293.42,0.61,28.724,20.852
2401,BTCO,Invesco Galaxy Bitcoin ETF,Invesco / Galaxy,BTCO,Invesco Galaxy Bitcoin ETF,BTC-USD,2025-11-14,93.99,800.0,0.25,76.54,1.8895,29.99,1.4913,-106.53,106.53,0.61,28.724,19.871
2402,BTCO,Invesco Galaxy Bitcoin ETF,Invesco / Galaxy,BTCO,Invesco Galaxy Bitcoin ETF,BTC-USD,2025-11-17,91.53,800.0,0.25,76.54,1.8895,40.02,1.613,-116.56,116.56,0.61,28.724,19.177
2403,BTCO,Invesco Galaxy Bitcoin ETF,Invesco / Galaxy,BTCO,Invesco Galaxy Bitcoin ETF,BTC-USD,2025-11-18,92.47,800.0,0.25,80.208,1.9096,89.23,1.9554,-169.44,169.44,0.64,36.06,20.247
2404,BTCO,Invesco Galaxy Bitcoin ETF,Invesco / Galaxy,BTCO,Invesco Galaxy Bitcoin ETF,BTC-USD,2025-11-19,89.14,800.0,0.25,79.51,1.9059,548.21,2.7397,-627.72,627.72,0.81,33.176,19.139
2405,BTCO,Invesco Galaxy Bitcoin ETF,Invesco / Galaxy,BTCO,Invesco Galaxy Bitcoin ETF,BTC-USD,2025-11-20,86.06,800.0,0.25,89.829,1.9582,90.25,1.9602,-180.08,180.08,0.71,37.771,18.973
2406,BTCO,Invesco Galaxy Bitcoin ETF,Invesco / Galaxy,BTCO,Invesco Galaxy Bitcoin ETF,BTC-USD,2025-11-21,84.31,800.0,0.25,89.829,1.9582,161.29,2.2103,-251.12,251.12,0.74,37.771,19.78
2407,BTCO,Invesco Galaxy Bitcoin ETF,Invesco / Galaxy,BTCO,Invesco Galaxy Bitcoin ETF,BTC-USD,2025-11-24,88.84,800.0,0.25,88.193,1.9503,-51.69,-1.7217,-36.51,36.51,0.71,33.148,20.065
2408,BTCO,Invesco Galaxy Bitcoin ETF,Invesco / Galaxy,BTCO,Invesco Galaxy Bitcoin ETF,BTC-USD,2025-11-25,87.07,800.0,0.25,94.537,1.9802,179.17,2.2557,-273.7,273.7,0.72,38.814,20.241
2409,BTCO,Invesco Galaxy Bitcoin ETF,Invesco / Galaxy,BTCO,Invesco Galaxy Bitcoin ETF,BTC-USD,2025-11-26,89.62,800.0,0.25,94.034,1.9779,208.69,2.3216,-302.72,302.72,0.76,35.97,20.322
2410,BTCO,Invesco Galaxy Bitcoin ETF,Invesco / Galaxy,BTCO,Invesco Galaxy Bitcoin ETF,BTC-USD,2025-11-28,90.41,800.0,0.25,94.034,1.9779,115.96,2.068,-209.99,209.99,0.78,35.97,19.698
2411,BTCO,Invesco Galaxy Bitcoin ETF,Invesco / Galaxy,BTCO,Invesco Galaxy Bitcoin ETF,BTC-USD,2025-12-01,85.28,800.0,0.25,94.034,1.9779,-29.57,-1.4853,-64.47,64.47,0.77,35.97,19.644
2412,BTCO,Invesco Galaxy Bitcoin ETF,Invesco / Galaxy,BTCO,Invesco Galaxy Bitcoin ETF,BTC-USD,2025-12-02,90.79,800.0,0.25,93.721,1.9764,96.16,1.9875,-189.88,189.88,0.77,35.97,19.711
2413,BTCO,Invesco Galaxy Bitcoin ETF,Invesco / Galaxy,BTCO,Invesco Galaxy Bitcoin ETF,BTC-USD,2025-12-03,92.69,800.0,0.25,91.722,1.9672,86.27,1.9409,-177.99,177.99,0.77,35.97,19.601
2414,BTCO,Invesco Galaxy Bitcoin ETF,Invesco / Galaxy,BTCO,Invesco Galaxy Bitcoin ETF,BTC-USD,2025-12-04,92.22,800.0,0.25,99.656,2.0028,-56.98,-1.7632,42.68,42.68,0.75,38.221,18.719
2415,BTCO,Invesco Galaxy Bitcoin ETF,Invesco / Galaxy,BTCO,Invesco Galaxy Bitcoin ETF,BTC-USD,2025-12-05,89.08,800.0,0.25,87.3,1.946,17.23,1.2608,-104.53,104.53,0.74,32.709,18.325
2416,BTCO,Invesco Galaxy Bitcoin ETF,Invesco / Galaxy,BTCO,Invesco Galaxy Bitcoin ETF,BTC-USD,2025-12-08,90.52,800.0,0.25,87.565,1.9473,-58.12,-1.7717,-29.45,29.45,0.74,37.669,18.166
2417,BTCO,Invesco Galaxy Bitcoin ETF,Invesco / Galaxy,BTCO,Invesco Galaxy Bitcoin ETF,BTC-USD,2025-12-09,92.84,800.0,0.25,80.671,1.9121,3.52,0.6554,-84.19,84.19,0.74,29.488,18.23
2418,BTCO,Invesco Galaxy Bitcoin ETF,Invesco / Galaxy,BTCO,Invesco Galaxy Bitcoin ETF,BTC-USD,2025-12-10,92.23,800.0,0.25,90.305,1.9605,-34.52,-1.5505,-55.79,55.79,0.73,39.613,16.748
2419,BTCO,Invesco Galaxy Bitcoin ETF,Invesco / Galaxy,BTCO,Invesco Galaxy Bitcoin ETF,BTC-USD,2025-12-11,91.53,800.0,0.25,86.332,1.9412,56.36,1.7586,-142.69,142.69,0.74,39.613,16.768
2420,BTCO,Invesco Galaxy Bitcoin ETF,Invesco / Galaxy,BTCO,Invesco Galaxy Bitcoin ETF,BTC-USD,2025-12-12,89.95,800.0,0.25,95.959,1.9866,-12.49,-1.1299,-83.47,83.47,0.74,43.279,16.331
2421,BTCO,Invesco Galaxy Bitcoin ETF,Invesco / Galaxy,BTCO,Invesco Galaxy Bitcoin ETF,BTC-USD,2025-12-15,85.47,800.0,0.25,97.661,1.9941,-95.42,-1.9842,-2.24,2.24,0.74,43.279,15.661
2422,BTCO,Invesco Galaxy Bitcoin ETF,Invesco / Galaxy,BTCO,Invesco Galaxy Bitcoin ETF,BTC-USD,2025-12-16,87.3,800.0,0.25,103.808,2.0204,-30.35,-1.4962,-73.46,73.46,0.73,45.315,15.209
2423,BTCO,Invesco Galaxy Bitcoin ETF,Invesco / Galaxy,BTCO,Invesco Galaxy Bitcoin ETF,BTC-USD,2025-12-17,85.57,800.0,0.25,109.634,2.0439,-61.87,-1.7984,-47.77,47.77,0.73,47.178,14.795
2424,BTCO,Invesco Galaxy Bitcoin ETF,Invesco / Galaxy,BTCO,Invesco Galaxy Bitcoin ETF,BTC-USD,2025-12-18,84.3,800.0,0.25,120.91,2.086,13.57,1.1635,-134.48,134.48,0.72,54.08,12.412
2425,BTCO,Invesco Galaxy Bitcoin ETF,Invesco / Galaxy,BTCO,Invesco Galaxy Bitcoin ETF,BTC-USD,2025-12-19,87.63,800.0,0.25,132.198,2.1245,35.51,1.5624,167.71,167.71,0.69,61.492,11.997
2426,BTCO,Invesco Galaxy Bitcoin ETF,Invesco / Galaxy,BTCO,Invesco Galaxy Bitcoin ETF,BTC-USD,2025-12-22,87.98,800.0,0.25,121.879,2.0895,-111.6,-2.0515,10.28,10.28,0.72,56.897,11.391
2427,BTCO,Invesco Galaxy Bitcoin ETF,Invesco / Galaxy,BTCO,Invesco Galaxy Bitcoin ETF,BTC-USD,2025-12-23,87.3,800.0,0.25,121.879,2.0895,-31.67,-1.5142,90.21,90.21,0.74,56.897,10.49
2428,BTCO,Invesco Galaxy Bitcoin ETF,Invesco / Galaxy,BTCO,Invesco Galaxy Bitcoin ETF,BTC-USD,2025-12-24,86.91,800.0,0.25,120.676,2.0852,27.31,1.4519,-147.98,147.98,0.69,58.777,9.954
2429,BTCO,Invesco Galaxy Bitcoin ETF,Invesco / Galaxy,BTCO,Invesco Galaxy Bitcoin ETF,BTC-USD,2025-12-26,87.14,800.0,0.25,115.059,2.0647,-102.91,-2.0166,12.15,12.15,0.68,53.548,9.659
2430,BTCO,Invesco Galaxy Bitcoin ETF,Invesco / Galaxy,BTCO,Invesco Galaxy Bitcoin ETF,BTC-USD,2025-12-29,86.73,800.0,0.25,112.844,2.0563,-77.89,-1.897,34.96,34.96,0.68,56.8,9.418
2431,BTCO,Invesco Galaxy Bitcoin ETF,Invesco / Galaxy,BTCO,Invesco Galaxy Bitcoin ETF,BTC-USD,2025-12-30,87.49,800.0,0.25,118.238,2.0764,-51.01,-1.7161,-67.23,67.23,0.64,56.8,9.864
2432,BTCO,Invesco Galaxy Bitcoin ETF,Invesco / Galaxy,BTCO,Invesco Galaxy Bitcoin ETF,BTC-USD,2025-12-31,87.17,800.0,0.25,121.752,2.089,-37.77,-1.5885,83.98,83.98,0.63,58.382,10.923
2433,BTCO,Invesco Galaxy Bitcoin ETF,Invesco / Galaxy,BTCO,Invesco Galaxy Bitcoin ETF,BTC-USD,2026-01-02,89.42,800.0,0.25,118.472,2.0773,-116.41,-2.0697,-2.06,2.06,0.62,58.382,11.654
2434,BTCO,Invesco Galaxy Bitcoin ETF,Invesco / Galaxy,BTCO,Invesco Galaxy Bitcoin ETF,BTC-USD,2026-01-05,93.91,800.0,0.25,118.472,2.0773,-28.16,-1.4648,90.31,90.31,0.61,58.382,12.507
2435,BTCO,Invesco Galaxy Bitcoin ETF,Invesco / Galaxy,BTCO,Invesco Galaxy Bitcoin ETF,BTC-USD,2026-01-06,92.085,800.0,0.25,119.107,2.0796,63.88,1.8121,-182.98,182.98,0.57,61.085,13.575
2436,BTCO,Invesco Galaxy Bitcoin ETF,Invesco / Galaxy,BTCO,Invesco Galaxy Bitcoin ETF,BTC-USD,2026-01-07,90.585,800.0,0.25,122.977,2.0933,-94.32,-1.9792,-28.65,28.65,0.51,61.085,13.412
2437,BTCO,Invesco Galaxy Bitcoin ETF,Invesco / Galaxy,BTCO,Invesco Galaxy Bitcoin ETF,BTC-USD,2026-01-08,90.46,800.0,0.25,115.131,2.0649,-80.29,-1.91,-34.84,34.84,0.55,56.125,13.451
2438,BTCO,Invesco Galaxy Bitcoin ETF,Invesco / Galaxy,BTCO,Invesco Galaxy Bitcoin ETF,BTC-USD,2026-01-09,89.84,800.0,0.25,116.415,2.0697,-37.76,-1.5884,-78.65,78.65,0.55,60.175,13.082
2439,BTCO,Invesco Galaxy Bitcoin ETF,Invesco / Galaxy,BTCO,Invesco Galaxy Bitcoin ETF,BTC-USD,2026-01-12,91.11,800.0,0.25,113.807,2.06,-91.66,-1.9669,-22.15,22.15,0.55,55.858,13.112
2440,BTCO,Invesco Galaxy Bitcoin ETF,Invesco / Galaxy,BTCO,Invesco Galaxy Bitcoin ETF,BTC-USD,2026-01-13,94.06,800.0,0.25,113.88,2.0602,-81.74,-1.9177,-32.13,32.13,0.55,55.858,13.49
2441,BTCO,Invesco Galaxy Bitcoin ETF,Invesco / Galaxy,BTCO,Invesco Galaxy Bitcoin ETF,BTC-USD,2026-01-14,97.365,800.0,0.25,102.842,2.0164,-26.51,-1.4395,76.33,76.33,0.57,47.512,14.004
2442,BTCO,Invesco Galaxy Bitcoin ETF,Invesco / Galaxy,BTCO,Invesco Galaxy Bitcoin ETF,BTC-USD,2026-01-15,94.91,800.0,0.25,108.128,2.0379,-52.0,-1.7242,56.13,56.13,0.6,51.063,14.014
2443,BTCO,Invesco Galaxy Bitcoin ETF,Invesco / Galaxy,BTCO,Invesco Galaxy Bitcoin ETF,BTC-USD,2026-01-16,95.2,800.0,0.25,100.953,2.0084,-63.79,-1.8115,37.16,37.16,0.58,49.027,15.416
2444,BTCO,Invesco Galaxy Bitcoin ETF,Invesco / Galaxy,BTCO,Invesco Galaxy Bitcoin ETF,BTC-USD,2026-01-20,89.27,800.0,0.25,95.127,1.9828,110.84,2.0486,205.97,205.97,0.68,47.164,15.151
2445,BTCO,Invesco Galaxy Bitcoin ETF,Invesco / Galaxy,BTCO,Invesco Galaxy Bitcoin ETF,BTC-USD,2026-01-21,89.77,800.0,0.25,80.361,1.9104,131.63,2.1226,211.99,211.99,0.78,32.926,15.259
2446,BTCO,Invesco Galaxy Bitcoin ETF,Invesco / Galaxy,BTCO,Invesco Galaxy Bitcoin ETF,BTC-USD,2026-01-22,89.0,800.0,0.25,71.452,1.8601,-45.71,-1.6694,25.75,25.75,0.78,29.393,15.112
2447,BTCO,Invesco Galaxy Bitcoin ETF,Invesco / Galaxy,BTCO,Invesco Galaxy Bitcoin ETF,BTC-USD,2026-01-23,89.11,800.0,0.25,76.047,1.8868,-39.33,-1.6056,36.72,36.72,0.8,31.824,15.071
2448,BTCO,Invesco Galaxy Bitcoin ETF,Invesco / Galaxy,BTCO,Invesco Galaxy Bitcoin ETF,BTC-USD,2026-01-26,87.19,800.0,0.25,76.99,1.892,5.15,0.7891,-82.14,82.14,0.79,31.824,14.975
2449,BTCO,Invesco Galaxy Bitcoin ETF,Invesco / Galaxy,BTCO,Invesco Galaxy Bitcoin ETF,BTC-USD,2026-01-27,88.98,800.0,0.25,78.243,1.899,14.28,1.1841,92.52,92.52,0.79,35.47,15.085
2450,BTCO,Invesco Galaxy Bitcoin ETF,Invesco / Galaxy,BTCO,Invesco Galaxy Bitcoin ETF,BTC-USD,2026-01-28,88.68,800.0,0.25,76.841,1.8912,-64.38,-1.8154,-12.46,12.46,0.79,35.033,14.981
2451,BTCO,Invesco Galaxy Bitcoin ETF,Invesco / Galaxy,BTCO,Invesco Galaxy Bitcoin ETF,BTC-USD,2026-01-29,83.7,800.0,0.25,74.289,1.8767,-47.65,-1.6871,-26.64,26.64,0.8,31.781,15.666
2452,BTCO,Invesco Galaxy Bitcoin ETF,Invesco / Galaxy,BTCO,Invesco Galaxy Bitcoin ETF,BTC-USD,2026-01-30,83.44,800.0,0.25,68.895,1.8444,-18.37,-1.2871,50.53,50.53,0.8,31.781,15.881
2453,BTCO,Invesco Galaxy Bitcoin ETF,Invesco / Galaxy,BTCO,Invesco Galaxy Bitcoin ETF,BTC-USD,2026-02-02,77.68,800.0,0.25,64.154,1.8139,-3.54,-0.6572,-60.61,60.61,0.75,30.198,16.478
2454,BTCO,Invesco Galaxy Bitcoin ETF,Invesco / Galaxy,BTCO,Invesco Galaxy Bitcoin ETF,BTC-USD,2026-02-03,76.11,800.0,0.25,74.839,1.8799,62.26,1.8011,137.1,137.1,0.75,30.198,16.433
2455,BTCO,Invesco Galaxy Bitcoin ETF,Invesco / Galaxy,BTCO,Invesco Galaxy Bitcoin ETF,BTC-USD,2026-02-04,73.04,800.0,0.25,81.116,1.9144,-79.83,-1.9076,1.29,1.29,0.72,31.961,16.055
2456,BTCO,Invesco Galaxy Bitcoin ETF,Invesco / Galaxy,BTCO,Invesco Galaxy Bitcoin ETF,BTC-USD,2026-02-05,63.41,800.0,0.25,72.879,1.8685,164.13,2.2178,237.01,237.01,0.76,27.007,16.314
2457,BTCO,Invesco Galaxy Bitcoin ETF,Invesco / Galaxy,BTCO,Invesco Galaxy Bitcoin ETF,BTC-USD,2026-02-06,69.72,800.0,0.25,95.028,1.9824,-68.15,-1.8398,-26.87,26.87,0.71,31.78,17.1
2458,BTCO,Invesco Galaxy Bitcoin ETF,Invesco / Galaxy,BTCO,Invesco Galaxy Bitcoin ETF,BTC-USD,2026-02-09,70.49,800.0,0.25,103.691,2.0199,19.25,1.3063,122.94,122.94,0.71,42.873,17.233
2459,BTCO,Invesco Galaxy Bitcoin ETF,Invesco / Galaxy,BTCO,Invesco Galaxy Bitcoin ETF,BTC-USD,2026-02-10,68.48,800.0,0.25,108.313,2.0387,-86.93,-1.9441,21.39,21.39,0.72,38.968,17.476
2460,BTCO,Invesco Galaxy Bitcoin ETF,Invesco / Galaxy,BTCO,Invesco Galaxy Bitcoin ETF,BTC-USD,2026-02-11,67.26,800.0,0.25,102.243,2.0139,-75.12,-1.8815,27.12,27.12,0.72,33.16,17.663
2461,BTCO,Invesco Galaxy Bitcoin ETF,Invesco / Galaxy,BTCO,Invesco Galaxy Bitcoin ETF,BTC-USD,2026-02-12,65.05,800.0,0.25,112.74,2.0559,-52.65,-1.7296,-60.09,60.09,0.72,46.766,17.787
2462,BTCO,Invesco Galaxy Bitcoin ETF,Invesco / Galaxy,BTCO,Invesco Galaxy Bitcoin ETF,BTC-USD,2026-02-13,68.51,800.0,0.25,117.192,2.0726,-33.67,-1.5399,-83.53,83.53,0.72,46.766,17.658
2463,BTCO,Invesco Galaxy Bitcoin ETF,Invesco / Galaxy,BTCO,Invesco Galaxy Bitcoin ETF,BTC-USD,2026-02-17,67.47,800.0,0.25,120.396,2.0842,-61.28,-1.7944,59.11,59.11,0.69,45.977,17.379
2464,BTCO,Invesco Galaxy Bitcoin ETF,Invesco / Galaxy,BTCO,Invesco Galaxy Bitcoin ETF,BTC-USD,2026-02-18,65.95,800.0,0.25,129.348,2.1151,-78.15,-1.8985,-51.19,51.19,0.57,53.26,15.854
2465,BTCO,Invesco Galaxy Bitcoin ETF,Invesco / Galaxy,BTCO,Invesco Galaxy Bitcoin ETF,BTC-USD,2026-02-19,66.82,800.0,0.25,133.698,2.1294,19.27,1.3069,-152.97,152.97,0.61,57.305,15.535
2466,BTCO,Invesco Galaxy Bitcoin ETF,Invesco / Galaxy,BTCO,Invesco Galaxy Bitcoin ETF,BTC-USD,2026-02-20,67.44,800.0,0.25,131.373,2.1218,11.53,1.0979,-142.9,142.9,0.57,57.305,15.213
2467,BTCO,Invesco Galaxy Bitcoin ETF,Invesco / Galaxy,BTCO,Invesco Galaxy Bitcoin ETF,BTC-USD,2026-02-23,64.18,800.0,0.25,127.02,2.1073,-67.29,-1.8343,-59.73,59.73,0.6,53.426,15.067
2468,BTCO,Invesco Galaxy Bitcoin ETF,Invesco / Galaxy,BTCO,Invesco Galaxy Bitcoin ETF,BTC-USD,2026-02-24,64.23,800.0,0.25,122.425,2.0914,-103.38,-2.0186,19.04,19.04,0.59,50.996,14.997
2469,BTCO,Invesco Galaxy Bitcoin ETF,Invesco / Galaxy,BTCO,Invesco Galaxy Bitcoin ETF,BTC-USD,2026-02-25,68.94,800.0,0.25,123.957,2.0968,118.64,2.0779,242.6,242.6,0.49,50.996,14.877
2470,BTCO,Invesco Galaxy Bitcoin ETF,Invesco / Galaxy,BTCO,Invesco Galaxy Bitcoin ETF,BTC-USD,2026-02-26,67.16,800.0,0.25,124.539,2.0988,-66.88,-1.8317,-57.66,57.66,0.35,51.833,15.747
2471,BTCO,Invesco Galaxy Bitcoin ETF,Invesco / Galaxy,BTCO,Invesco Galaxy Bitcoin ETF,BTC-USD,2026-02-27,65.34,800.0,0.25,127.705,2.1096,-63.73,-1.8111,-63.97,63.97,0.35,51.833,15.774
2472,BTCO,Invesco Galaxy Bitcoin ETF,Invesco / Galaxy,BTCO,Invesco Galaxy Bitcoin ETF,BTC-USD,2026-03-02,68.87,800.0,0.25,133.484,2.1287,-39.06,-1.6027,94.42,94.42,0.31,51.833,15.529
2473,BTCO,Invesco Galaxy Bitcoin ETF,Invesco / Galaxy,BTCO,Invesco Galaxy Bitcoin ETF,BTC-USD,2026-03-03,67.95,800.0,0.25,147.902,2.1729,-141.54,-2.1539,6.37,6.37,0.24,65.969,14.904
2474,BTCO,Invesco Galaxy Bitcoin ETF,Invesco / Galaxy,BTCO,Invesco Galaxy Bitcoin ETF,BTC-USD,2026-03-04,72.83,800.0,0.25,149.693,2.1781,-8.47,-0.9762,141.23,141.23,0.27,65.969,13.169
2475,BTCO,Invesco Galaxy Bitcoin ETF,Invesco / Galaxy,BTCO,Invesco Galaxy Bitcoin ETF,BTC-USD,2026-03-05,70.96,800.0,0.25,146.99,2.1702,-93.67,-1.9762,-53.32,53.32,0.26,66.421,12.17
2476,BTCO,Invesco Galaxy Bitcoin ETF,Invesco / Galaxy,BTCO,Invesco Galaxy Bitcoin ETF,BTC-USD,2026-03-06,67.79,800.0,0.25,142.537,2.157,-74.16,-1.876,-68.38,68.38,0.26,64.658,11.474
2477,BTCO,Invesco Galaxy Bitcoin ETF,Invesco / Galaxy,BTCO,Invesco Galaxy Bitcoin ETF,BTC-USD,2026-03-09,68.77,800.0,0.25,140.959,2.1522,-125.5,-2.1021,-15.46,15.46,0.25,65.152,10.115
2478,BTCO,Invesco Galaxy Bitcoin ETF,Invesco / Galaxy,BTCO,Invesco Galaxy Bitcoin ETF,BTC-USD,2026-03-10,69.79,800.0,0.25,111.946,2.0529,-37.64,-1.5871,74.3,74.3,0.24,60.378,9.433
2479,BTCO,Invesco Galaxy Bitcoin ETF,Invesco / Galaxy,BTCO,Invesco Galaxy Bitcoin ETF,BTC-USD,2026-03-11,70.39,800.0,0.25,112.812,2.0562,-66.62,-1.8301,-46.19,46.19,0.2,56.355,9.275
2480,BTCO,Invesco Galaxy Bitcoin ETF,Invesco / Galaxy,BTCO,Invesco Galaxy Bitcoin ETF,BTC-USD,2026-03-12,70.18,800.0,0.25,111.99,2.053,-106.6,-2.0318,-5.39,5.39,0.15,56.21,8.942
2481,BTCO,Invesco Galaxy Bitcoin ETF,Invesco / Galaxy,BTCO,Invesco Galaxy Bitcoin ETF,BTC-USD,2026-03-13,70.9,800.0,0.25,111.99,2.053,-76.52,-1.8894,-35.47,35.47,0.14,56.21,8.696
2482,BTCO,Invesco Galaxy Bitcoin ETF,Invesco / Galaxy,BTCO,Invesco Galaxy Bitcoin ETF,BTC-USD,2026-03-16,73.68,800.0,0.25,99.988,2.0043,-34.78,-1.5536,65.21,65.21,0.11,42.604,8.187
2483,BTCO,Invesco Galaxy Bitcoin ETF,Invesco / Galaxy,BTCO,Invesco Galaxy Bitcoin ETF,BTC-USD,2026-03-17,74.25,800.0,0.25,97.098,1.9917,17.71,1.2721,114.81,114.81,0.12,45.861,7.812
2484,BTCO,Invesco Galaxy Bitcoin ETF,Invesco / Galaxy,BTCO,Invesco Galaxy Bitcoin ETF,BTC-USD,2026-03-18,70.73,800.0,0.25,88.674,1.9527,-33.42,-1.5368,-55.25,55.25,,43.1,7.798
2485,BTCO,Invesco Galaxy Bitcoin ETF,Invesco / Galaxy,BTCO,Invesco Galaxy Bitcoin ETF,BTC-USD,2026-03-19,69.98,800.0,0.25,82.384,1.9211,12.5,1.1305,94.89,94.89,0.13,35.817,7.732
2486,BTCO,Invesco Galaxy Bitcoin ETF,Invesco / Galaxy,BTCO,Invesco Galaxy Bitcoin ETF,BTC-USD,2026-03-20,69.91,800.0,0.25,84.814,1.9336,-32.24,-1.5216,-52.58,52.58,,36.882,7.63
2487,BTCO,Invesco Galaxy Bitcoin ETF,Invesco / Galaxy,BTCO,Invesco Galaxy Bitcoin ETF,BTC-USD,2026-03-23,70.34,800.0,0.25,88.199,1.9504,-76.33,-1.8884,11.86,11.86,,36.882,7.494
2488,BTCO,Invesco Galaxy Bitcoin ETF,Invesco / Galaxy,BTCO,Invesco Galaxy Bitcoin ETF,BTC-USD,2026-03-24,69.0,800.0,0.25,93.46,1.9752,21.13,1.3449,-114.59,114.59,0.18,36.882,7.315
2489,BTCO,Invesco Galaxy Bitcoin ETF,Invesco / Galaxy,BTCO,Invesco Galaxy Bitcoin ETF,BTC-USD,2026-03-25,70.545,800.0,0.25,94.224,1.9787,-7.74,-0.9416,-86.48,86.48,0.23,36.882,7.143
2490,BTCO,Invesco Galaxy Bitcoin ETF,Invesco / Galaxy,BTCO,Invesco Galaxy Bitcoin ETF,BTC-USD,2026-03-26,68.21,800.0,0.25,94.224,1.9787,127.79,2.1099,-222.01,222.01,0.29,36.882,7.022
2491,BTCO,Invesco Galaxy Bitcoin ETF,Invesco / Galaxy,BTCO,Invesco Galaxy Bitcoin ETF,BTC-USD,2026-03-27,65.64,800.0,0.25,92.297,1.9699,-20.66,-1.3357,-71.63,71.63,0.32,30.518,6.347
2492,BTCO,Invesco Galaxy Bitcoin ETF,Invesco / Galaxy,BTCO,Invesco Galaxy Bitcoin ETF,BTC-USD,2026-03-30,66.17,800.0,0.25,92.4,1.9703,-85.23,-1.9357,7.17,7.17,0.34,30.518,7.06
2493,BTCO,Invesco Galaxy Bitcoin ETF,Invesco / Galaxy,BTCO,Invesco Galaxy Bitcoin ETF,BTC-USD,2026-03-31,67.47,800.0,0.25,95.091,1.9827,35.87,1.5667,-130.96,130.96,0.34,36.739,6.736
2494,BTCO,Invesco Galaxy Bitcoin ETF,Invesco / Galaxy,BTCO,Invesco Galaxy Bitcoin ETF,BTC-USD,2026-04-01,67.85,800.0,0.25,80.673,1.9121,-67.57,-1.8362,13.1,13.1,0.33,22.603,6.461
2495,BTCO,Invesco Galaxy Bitcoin ETF,Invesco / Galaxy,BTCO,Invesco Galaxy Bitcoin ETF,BTC-USD,2026-04-02,66.71,800.0,0.25,76.521,1.8894,-0.08,-0.032,-76.44,76.44,0.37,22.603,6.396
2496,BTCO,Invesco Galaxy Bitcoin ETF,Invesco / Galaxy,BTCO,Invesco Galaxy Bitcoin ETF,BTC-USD,2026-04-06,69.43,800.0,0.25,71.533,1.8605,-18.1,-1.281,53.44,53.44,0.36,22.151,6.412
2497,BTCO,Invesco Galaxy Bitcoin ETF,Invesco / Galaxy,BTCO,Invesco Galaxy Bitcoin ETF,BTC-USD,2026-04-07,68.69,800.0,0.25,74.224,1.8764,298.85,2.4769,-373.07,373.07,0.31,22.151,6.471
2498,BTCO,Invesco Galaxy Bitcoin ETF,Invesco / Galaxy,BTCO,Invesco Galaxy Bitcoin ETF,BTC-USD,2026-04-08,71.05,800.0,0.25,76.625,1.89,-34.21,-1.5467,-42.41,42.41,0.3,21.657,6.591
2499,BTCO,Invesco Galaxy Bitcoin ETF,Invesco / Galaxy,BTCO,Invesco Galaxy Bitcoin ETF,BTC-USD,2026-04-09,71.84,800.0,0.25,89.039,1.9544,-38.81,-1.6,50.22,50.22,0.3,33.655,6.423
2500,BTCO,Invesco Galaxy Bitcoin ETF,Invesco / Galaxy,BTCO,Invesco Galaxy Bitcoin ETF,BTC-USD,2026-04-10,73.03,800.0,0.25,82.52,1.9218,-71.11,-1.858,11.41,11.41,0.3,26.586,6.514
2501,BTCO,Invesco Galaxy Bitcoin ETF,Invesco / Galaxy,BTCO,Invesco Galaxy Bitcoin ETF,BTC-USD,2026-04-13,73.07,800.0,0.25,84.8,1.9335,16.17,1.2347,-100.97,100.97,0.3,31.719,6.617
2502,BTCO,Invesco Galaxy Bitcoin ETF,Invesco / Galaxy,BTCO,Invesco Galaxy Bitcoin ETF,BTC-USD,2026-04-14,74.0,800.0,0.25,84.8,1.9335,-59.67,-1.783,25.13,25.13,0.28,31.719,6.752
2503,BTCO,Invesco Galaxy Bitcoin ETF,Invesco / Galaxy,BTCO,Invesco Galaxy Bitcoin ETF,BTC-USD,2026-04-15,74.73,800.0,0.25,88.756,1.9531,83.83,1.9285,172.58,172.58,0.29,34.127,6.595
2504,BTCO,Invesco Galaxy Bitcoin ETF,Invesco / Galaxy,BTCO,Invesco Galaxy Bitcoin ETF,BTC-USD,2026-04-16,75.07,800.0,0.25,96.181,1.9876,-72.72,-1.8676,-23.47,23.47,0.26,38.325,6.572
2505,BTCO,Invesco Galaxy Bitcoin ETF,Invesco / Galaxy,BTCO,Invesco Galaxy Bitcoin ETF,BTC-USD,2026-04-17,77.19,800.0,0.25,95.912,1.9864,52.04,1.7246,147.95,147.95,0.11,38.325,7.437
2506,BTCO,Invesco Galaxy Bitcoin ETF,Invesco / Galaxy,BTCO,Invesco Galaxy Bitcoin ETF,BTC-USD,2026-04-20,76.02,800.0,0.25,97.031,1.9914,-23.11,-1.3822,73.92,73.92,0.15,38.325,7.443
2507,BTCO,Invesco Galaxy Bitcoin ETF,Invesco / Galaxy,BTCO,Invesco Galaxy Bitcoin ETF,BTC-USD,2026-04-21,74.7,800.0,0.25,97.204,1.9921,-29.88,-1.4896,-67.33,67.33,0.1,42.807,7.457
2508,BTCO,Invesco Galaxy Bitcoin ETF,Invesco / Galaxy,BTCO,Invesco Galaxy Bitcoin ETF,BTC-USD,2026-04-22,78.5,800.0,0.25,100.349,2.0058,97.69,1.9943,198.04,198.04,,42.807,7.459
2509,BTCO,Invesco Galaxy Bitcoin ETF,Invesco / Galaxy,BTCO,Invesco Galaxy Bitcoin ETF,BTC-USD,2026-04-23,77.38,800.0,0.25,95.827,1.986,89.38,1.9561,185.2,185.2,0.24,42.807,7.61
2510,BTCO,Invesco Galaxy Bitcoin ETF,Invesco / Galaxy,BTCO,Invesco Galaxy Bitcoin ETF,BTC-USD,2026-04-24,77.29,800.0,0.25,96.221,1.9878,59.25,1.78,155.47,155.47,0.29,46.285,7.701
2511,BTCO,Invesco Galaxy Bitcoin ETF,Invesco / Galaxy,BTCO,Invesco Galaxy Bitcoin ETF,BTC-USD,2026-04-27,76.51,800.0,0.25,98.14,1.9962,-40.44,-1.6174,57.7,57.7,0.3,47.061,7.786
2512,BTCO,Invesco Galaxy Bitcoin ETF,Invesco / Galaxy,BTCO,Invesco Galaxy Bitcoin ETF,BTC-USD,2026-04-28,75.99,800.0,0.25,98.14,1.9962,51.91,1.7235,150.05,150.05,0.32,47.061,7.425
2513,BTCO,Invesco Galaxy Bitcoin ETF,Invesco / Galaxy,BTCO,Invesco Galaxy Bitcoin ETF,BTC-USD,2026-04-29,75.12,800.0,0.25,97.019,1.9913,-23.32,-1.386,73.7,73.7,0.34,49.004,6.861
2514,BTCO,Invesco Galaxy Bitcoin ETF,Invesco / Galaxy,BTCO,Invesco Galaxy Bitcoin ETF,BTC-USD,2026-04-30,76.05,800.0,0.25,90.656,1.9622,66.47,1.8291,157.13,157.13,0.37,43.842,6.555
2515,BTCO,Invesco Galaxy Bitcoin ETF,Invesco / Galaxy,BTCO,Invesco Galaxy Bitcoin ETF,BTC-USD,2026-05-01,78.04,800.0,0.25,91.309,1.9652,21.53,1.3528,112.84,112.84,0.4,43.842,6.613
2516,BTCO,Invesco Galaxy Bitcoin ETF,Invesco / Galaxy,BTCO,Invesco Galaxy Bitcoin ETF,BTC-USD,2026-05-04,79.72,800.0,0.25,91.309,1.9652,43.91,1.6523,135.22,135.22,0.42,43.842,6.691
2517,BTCO,Invesco Galaxy Bitcoin ETF,Invesco / Galaxy,BTCO,Invesco Galaxy Bitcoin ETF,BTC-USD,2026-05-05,81.26,800.0,0.25,91.309,1.9652,-19.46,-1.3109,71.85,71.85,0.46,43.842,6.547
2518,BTCO,Invesco Galaxy Bitcoin ETF,Invesco / Galaxy,BTCO,Invesco Galaxy Bitcoin ETF,BTC-USD,2026-05-06,81.09,800.0,0.25,89.097,1.9547,428.39,2.6329,517.49,517.49,0.53,45.633,6.656
2519,BTCO,Invesco Galaxy Bitcoin ETF,Invesco / Galaxy,BTCO,Invesco Galaxy Bitcoin ETF,BTC-USD,2026-05-07,79.73,800.0,0.25,86.443,1.9417,-24.29,-1.4029,62.16,62.16,0.47,45.633,6.91
2520,BTCO,Invesco Galaxy Bitcoin ETF,Invesco / Galaxy,BTCO,Invesco Galaxy Bitcoin ETF,BTC-USD,2026-05-08,79.74,800.0,0.25,75.469,1.8835,-60.89,-1.7917,14.57,14.57,0.47,36.76,6.896
2521,BTCO,Invesco Galaxy Bitcoin ETF,Invesco / Galaxy,BTCO,Invesco Galaxy Bitcoin ETF,BTC-USD,2026-05-11,81.59,800.0,0.25,67.549,1.836,-16.31,-1.2384,51.23,51.23,0.47,36.76,7.268
2522,BTCO,Invesco Galaxy Bitcoin ETF,Invesco / Galaxy,BTCO,Invesco Galaxy Bitcoin ETF,BTC-USD,2026-05-12,80.4,800.0,0.25,68.62,1.8427,167.65,2.227,236.27,236.27,0.47,31.626,7.236
2523,BTCO,Invesco Galaxy Bitcoin ETF,Invesco / Galaxy,BTCO,Invesco Galaxy Bitcoin ETF,BTC-USD,2026-05-13,79.19,800.0,0.25,69.795,1.85,-8.08,-0.9582,61.71,61.71,0.47,31.626,7.042
2524,BTCO,Invesco Galaxy Bitcoin ETF,Invesco / Galaxy,BTCO,Invesco Galaxy Bitcoin ETF,BTC-USD,2026-05-14,81.03,800.0,0.25,71.103,1.858,-11.61,-1.1006,59.5,59.5,0.48,29.218,7.246
2525,BTCO,Invesco Galaxy Bitcoin ETF,Invesco / Galaxy,BTCO,Invesco Galaxy Bitcoin ETF,BTC-USD,2026-05-15,78.685,800.0,0.25,68.792,1.8438,-68.49,-1.8419,0.3,0.3,0.46,21.763,7.269
2526,BTCO,Invesco Galaxy Bitcoin ETF,Invesco / Galaxy,BTCO,Invesco Galaxy Bitcoin ETF,BTC-USD,2026-05-18,76.43,800.0,0.25,68.792,1.8438,-1.35,-0.371,-67.44,67.44,0.43,21.763,6.88
2527,BTCO,Invesco Galaxy Bitcoin ETF,Invesco / Galaxy,BTCO,Invesco Galaxy Bitcoin ETF,BTC-USD,2026-05-19,76.35,800.0,0.25,72.565,1.8667,-20.2,-1.3263,-52.36,52.36,0.42,25.33,6.8
2528,BTCO,Invesco Galaxy Bitcoin ETF,Invesco / Galaxy,BTCO,Invesco Galaxy Bitcoin ETF,BTC-USD,2026-05-20,77.25,800.0,0.25,65.202,1.8209,147.02,2.1703,212.22,212.22,0.4,15.738,6.912
2529,BTCO,Invesco Galaxy Bitcoin ETF,Invesco / Galaxy,BTCO,Invesco Galaxy Bitcoin ETF,BTC-USD,2026-05-21,77.29,800.0,0.25,69.68,1.8493,-2.98,-0.6001,-66.7,66.7,0.37,20.062,6.964
2530,BTCO,Invesco Galaxy Bitcoin ETF,Invesco / Galaxy,BTCO,Invesco Galaxy Bitcoin ETF,BTC-USD,2026-05-22,75.4,800.0,0.25,67.556,1.836,18.65,1.2933,86.2,86.2,0.4,20.062,6.902
2531,BTCO,Invesco Galaxy Bitcoin ETF,Invesco / Galaxy,BTCO,Invesco Galaxy Bitcoin ETF,BTC-USD,2026-05-26,75.52,800.0,0.25,72.317,1.8652,-47.17,-1.6828,-25.15,25.15,0.38,23.47,6.992
2532,BTCO,Invesco Galaxy Bitcoin ETF,Invesco / Galaxy,BTCO,Invesco Galaxy Bitcoin ETF,BTC-USD,2026-05-27,74.57,800.0,0.25,70.158,1.8522,46.7,1.6785,116.86,116.86,0.39,22.694,6.898
2533,BTCO,Invesco Galaxy Bitcoin ETF,Invesco / Galaxy,BTCO,Invesco Galaxy Bitcoin ETF,BTC-USD,2026-05-28,72.99,800.0,0.25,70.158,1.8522,-16.62,-1.246,-53.54,53.54,0.38,22.694,6.988
2534,BTCO,Invesco Galaxy Bitcoin ETF,Invesco / Galaxy,BTCO,Invesco Galaxy Bitcoin ETF,BTC-USD,2026-05-29,73.03,800.0,0.25,72.675,1.8673,-55.71,-1.7537,16.97,16.97,0.38,25.556,6.784
2535,BTCO,Invesco Galaxy Bitcoin ETF,Invesco / Galaxy,BTCO,Invesco Galaxy Bitcoin ETF,BTC-USD,2026-06-01,71.1,800.0,0.25,71.565,1.8607,-7.46,-0.9273,-64.11,64.11,0.4,24.498,7.116
2536,BTCO,Invesco Galaxy Bitcoin ETF,Invesco / Galaxy,BTCO,Invesco Galaxy Bitcoin ETF,BTC-USD,2026-06-02,66.86,800.0,0.25,71.565,1.8607,68.28,1.8406,-139.85,139.85,0.41,24.498,7.265
2537,BTCO,Invesco Galaxy Bitcoin ETF,Invesco / Galaxy,BTCO,Invesco Galaxy Bitcoin ETF,BTC-USD,2026-06-03,65.03,800.0,0.25,71.565,1.8607,20.12,1.3247,-91.69,91.69,0.43,24.498,7.159
2538,BTCO,Invesco Galaxy Bitcoin ETF,Invesco / Galaxy,BTCO,Invesco Galaxy Bitcoin ETF,BTC-USD,2026-06-04,63.21,800.0,0.25,71.565,1.8607,326.45,2.5151,-398.01,398.01,0.5,24.498,7.398
2539,BTCO,Invesco Galaxy Bitcoin ETF,Invesco / Galaxy,BTCO,Invesco Galaxy Bitcoin ETF,BTC-USD,2026-06-05,60.01,800.0,0.25,78.391,1.8998,356.79,2.5536,-435.18,435.18,0.72,22.706,7.857
2540,BTCO,Invesco Galaxy Bitcoin ETF,Invesco / Galaxy,BTCO,Invesco Galaxy Bitcoin ETF,BTC-USD,2026-06-08,63.07,800.0,0.25,79.339,1.9049,177.59,2.2519,-256.93,256.93,0.78,22.706,7.47
2541,BTCO,Invesco Galaxy Bitcoin ETF,Invesco / Galaxy,BTCO,Invesco Galaxy Bitcoin ETF,BTC-USD,2026-06-09,61.75,800.0,0.25,77.669,1.8958,164.32,2.2183,-241.99,241.99,0.84,19.582,7.787
2542,BTCO,Invesco Galaxy Bitcoin ETF,Invesco / Galaxy,BTCO,Invesco Galaxy Bitcoin ETF,BTC-USD,2026-06-10,61.6,800.0,0.25,85.681,1.9379,195.94,2.2943,-281.62,281.62,0.92,23.377,7.239
2543,BTCO,Invesco Galaxy Bitcoin ETF,Invesco / Galaxy,BTCO,Invesco Galaxy Bitcoin ETF,BTC-USD,2026-06-11,63.25,800.0,0.25,84.929,1.9341,238.55,2.3794,-323.48,323.48,1.0,23.377,7.259
2544,BTCO,Invesco Galaxy Bitcoin ETF,Invesco / Galaxy,BTCO,Invesco Galaxy Bitcoin ETF,BTC-USD,2026-06-12,63.25,800.0,0.25,86.489,1.942,226.76,2.3575,-313.25,313.25,1.11,23.377,7.145
2545,BTCO,Invesco Galaxy Bitcoin ETF,Invesco / Galaxy,BTCO,Invesco Galaxy Bitcoin ETF,BTC-USD,2026-06-15,66.25,800.0,0.25,81.224,1.915,173.8,2.2425,-255.02,255.02,1.17,23.377,7.053
2546,BTCO,Invesco Galaxy Bitcoin ETF,Invesco / Galaxy,BTCO,Invesco Galaxy Bitcoin ETF,BTC-USD,2026-06-16,65.32,800.0,0.25,79.577,1.9062,165.16,2.2205,-244.74,244.74,1.24,23.377,6.968
2547,BTCO,Invesco Galaxy Bitcoin ETF,Invesco / Galaxy,BTCO,Invesco Galaxy Bitcoin ETF,BTC-USD,2026-06-17,63.89,800.0,0.25,80.139,1.9092,188.18,2.2769,-268.32,268.32,1.3,23.377,6.499
2548,BTCO,Invesco Galaxy Bitcoin ETF,Invesco / Galaxy,BTCO,Invesco Galaxy Bitcoin ETF,BTC-USD,2026-06-18,62.64,800.0,0.25,75.242,1.8822,187.56,2.2754,-262.8,262.8,1.36,19.809,7.696
2549,BTCO,Invesco Galaxy Bitcoin ETF,Invesco / Galaxy,BTCO,Invesco Galaxy Bitcoin ETF,BTC-USD,2026-06-22,64.12,800.0,0.25,80.903,1.9133,130.3,2.1183,-211.21,211.21,1.39,19.809,7.73
2550,BTCO,Invesco Galaxy Bitcoin ETF,Invesco / Galaxy,BTCO,Invesco Galaxy Bitcoin ETF,BTC-USD,2026-06-23,62.02,800.0,0.25,77.623,1.8956,271.19,2.4349,-348.81,348.81,1.46,15.486,7.751
2551,BTCO,Invesco Galaxy Bitcoin ETF,Invesco / Galaxy,BTCO,Invesco Galaxy Bitcoin ETF,BTC-USD,2026-06-24,59.55,800.0,0.25,75.61,1.8843,422.82,2.6272,-498.43,498.43,1.73,15.486,8.219
2552,BTCO,Invesco Galaxy Bitcoin ETF,Invesco / Galaxy,BTCO,Invesco Galaxy Bitcoin ETF,BTC-USD,2026-06-25,58.91,800.0,0.25,74.321,1.8769,317.35,2.5029,-391.67,391.67,1.8,14.754,10.122
2553,BTCO,Invesco Galaxy Bitcoin ETF,Invesco / Galaxy,BTCO,Invesco Galaxy Bitcoin ETF,BTC-USD,2026-06-26,59.36,800.0,0.25,85.23,1.9357,325.58,2.514,-410.81,410.81,1.95,23.255,10.209
2554,BTCO,Invesco Galaxy Bitcoin ETF,Invesco / Galaxy,BTCO,Invesco Galaxy Bitcoin ETF,BTC-USD,2026-06-29,60.05,800.0,0.25,90.839,1.963,114.07,2.061,-204.91,204.91,1.87,34.944,10.225
2555,BTCO,Invesco Galaxy Bitcoin ETF,Invesco / Galaxy,BTCO,Invesco Galaxy Bitcoin ETF,BTC-USD,2026-06-30,58.4,800.0,0.25,91.103,1.9643,168.93,2.2303,-260.03,260.03,1.93,30.138,10.127
2556,BTCO,Invesco Galaxy Bitcoin ETF,Invesco / Galaxy,BTCO,Invesco Galaxy Bitcoin ETF,BTC-USD,2026-07-01,59.67,800.0,0.25,96.359,1.9884,148.71,2.1752,-245.07,245.07,1.96,30.138,9.861
2557,BTCO,Invesco Galaxy Bitcoin ETF,Invesco / Galaxy,BTCO,Invesco Galaxy Bitcoin ETF,BTC-USD,2026-07-02,61.16,800.0,0.25,96.334,1.9883,105.13,2.0258,-201.46,201.46,2.11,30.138,9.798
2558,BTCO,Invesco Galaxy Bitcoin ETF,Invesco / Galaxy,BTCO,Invesco Galaxy Bitcoin ETF,BTC-USD,2026-07-06,63.38,800.0,0.25,96.427,1.9887,218.75,2.3419,-315.18,315.18,2.53,30.326,9.597
2559,BTCO,Invesco Galaxy Bitcoin ETF,Invesco / Galaxy,BTCO,Invesco Galaxy Bitcoin ETF,BTC-USD,2026-07-07,63.5,800.0,0.25,101.325,2.01,-36.65,-1.5757,64.68,64.68,2.18,33.285,9.247
2560,BTCO,Invesco Galaxy Bitcoin ETF,Invesco / Galaxy,BTCO,Invesco Galaxy Bitcoin ETF,BTC-USD,2026-07-08,61.9,800.0,0.25,98.846,1.9993,-1.98,-0.4737,96.87,96.87,2.21,33.285,8.561
2561,BTCO,Invesco Galaxy Bitcoin ETF,Invesco / Galaxy,BTCO,Invesco Galaxy Bitcoin ETF,BTC-USD,2026-07-09,62.9,800.0,0.25,104.254,2.0222,-22.43,-1.3697,-81.83,81.83,2.16,33.285,8.392
2562,BTCO,Invesco Galaxy Bitcoin ETF,Invesco / Galaxy,BTCO,Invesco Galaxy Bitcoin ETF,BTC-USD,2026-07-10,63.56,800.0,0.25,112.277,2.0541,10.17,1.048,-122.45,122.45,2.17,33.285,8.01
2563,BTCO,Invesco Galaxy Bitcoin ETF,Invesco / Galaxy,BTCO,Invesco Galaxy Bitcoin ETF,BTC-USD,2026-07-13,61.86,800.0,0.25,110.999,2.0492,-17.88,-1.2761,-93.11,93.11,2.11,29.49,8.016
2564,BTCO,Invesco Galaxy Bitcoin ETF,Invesco / Galaxy,BTCO,Invesco Galaxy Bitcoin ETF,BTC-USD,2026-07-14,64.18,800.0,0.25,115.441,2.0661,-1.84,-0.4537,-113.6,113.6,2.23,29.49,7.94
2565,BTCO,Invesco Galaxy Bitcoin ETF,Invesco / Galaxy,BTCO,Invesco Galaxy Bitcoin ETF,BTC-USD,2026-07-15,64.615,800.0,0.25,110.718,2.0481,-99.46,-2.002,-11.26,11.26,2.18,29.49,7.829
2566,BTCO,Invesco Galaxy Bitcoin ETF,Invesco / Galaxy,BTCO,Invesco Galaxy Bitcoin ETF,BTC-USD,2026-07-16,63.89,800.0,0.25,110.718,2.0481,-52.73,-1.7303,-57.98,57.98,2.19,29.49,7.638
2567,BTCO,Invesco Galaxy Bitcoin ETF,Invesco / Galaxy,BTCO,Invesco Galaxy Bitcoin ETF,BTC-USD,2026-07-17,63.8,800.0,0.25,97.606,1.9939,-53.92,-1.7397,-43.69,43.69,2.25,29.49,7.643
2568,BTCO,Invesco Galaxy Bitcoin ETF,Invesco / Galaxy,BTCO,Invesco Galaxy Bitcoin ETF,BTC-USD,2026-07-20,64.78,800.0,0.25,103.314,2.0183,-63.18,-1.8074,-40.13,40.13,2.24,29.49,7.521
2569,BTCO,Invesco Galaxy Bitcoin ETF,Invesco / Galaxy,BTCO,Invesco Galaxy Bitcoin ETF,BTC-USD,2026-07-21,66.11,800.0,0.25,105.629,2.0279,-56.34,-1.7585,-49.29,49.29,2.17,29.49,6.333
2570,BTCO,Invesco Galaxy Bitcoin ETF,Invesco / Galaxy,BTCO,Invesco Galaxy Bitcoin ETF,BTC-USD,2026-07-22,65.58,800.0,0.25,107.915,2.0371,41.94,1.6328,-149.85,149.85,2.1,29.49,6.14
2571,BTCO,Invesco Galaxy Bitcoin ETF,Invesco / Galaxy,BTCO,Invesco Galaxy Bitcoin ETF,BTC-USD,2026-07-23,64.42,800.0,0.25,107.915,2.0371,-84.91,-1.9341,-23.0,23.0,2.1,29.49,6.015
2572,BTCO,Invesco Galaxy Bitcoin ETF,Invesco / Galaxy,BTCO,Invesco Galaxy Bitcoin ETF,BTC-USD,2026-07-24,63.82,800.0,0.25,108.506,2.0394,77.45,1.8946,185.95,185.95,2.08,29.49,5.461
2573,BTCO,Invesco Galaxy Bitcoin ETF,Invesco / Galaxy,BTCO,Invesco Galaxy Bitcoin ETF,BTC-USD,2026-07-27,64.56,800.0,0.25,106.955,2.0332,167.82,2.2274,274.77,274.77,2.29,23.337,3.373
2574,BTCO,Invesco Galaxy Bitcoin ETF,Invesco / Galaxy,BTCO,Invesco Galaxy Bitcoin ETF,BTC-USD,2026-07-28,63.48,800.0,0.25,100.768,2.0076,-51.56,-1.7206,49.21,49.21,2.02,14.836,3.155
2575,BTCO,Invesco Galaxy Bitcoin ETF,Invesco / Galaxy,BTCO,Invesco Galaxy Bitcoin ETF,BTC-USD,2026-07-29,63.18,800.0,0.25,89.486,1.9566,10.74,1.0698,-100.23,100.23,1.94,3.147,3.034
2576,BTCO,Invesco Galaxy Bitcoin ETF,Invesco / Galaxy,BTCO,Invesco Galaxy Bitcoin ETF,BTC-USD,2026-07-30,64.41,800.0,0.25,89.842,1.9583,-87.99,-1.9494,-1.85,1.85,1.88,3.147,2.9
2577,BTCO,Invesco Galaxy Bitcoin ETF,Invesco / Galaxy,BTCO,Invesco Galaxy Bitcoin ETF,BTC-USD,2026-07-31,62.55,800.0,0.25,97.711,1.9944,-90.22,-1.9601,7.49,7.49,1.89,3.147,2.914
2578,BTCO,Invesco Galaxy Bitcoin ETF,Invesco / Galaxy,BTCO,Invesco Galaxy Bitcoin ETF,BTC-USD,2026-08-03,63.51,800.0,0.25,104.294,2.0224,-47.92,-1.6895,56.37,56.37,1.66,10.379,3.191
2579,BTCO,Invesco Galaxy Bitcoin ETF,Invesco / Galaxy,BTCO,Invesco Galaxy Bitcoin ETF,BTC-USD,2026-08-04,63.89,800.0,0.25,89.466,1.9565,-18.08,-1.2806,71.39,71.39,2.36,10.192,3.114
2580,BTCO,Invesco Galaxy Bitcoin ETF,Invesco / Galaxy,BTCO,Invesco Galaxy Bitcoin ETF,BTC-USD,2026-08-05,64.49,800.0,0.25,84.569,1.9323,-36.92,-1.5789,-47.65,47.65,2.29,7.233,3.069
2581,BTCO,Invesco Galaxy Bitcoin ETF,Invesco / Galaxy,BTCO,Invesco Galaxy Bitcoin ETF,BTC-USD,2026-08-06,64.05,800.0,0.25,89.074,1.9546,-66.0,-1.8261,23.07,23.07,2.27,11.32,2.989
2582,BTCO,Invesco Galaxy Bitcoin ETF,Invesco / Galaxy,BTCO,Invesco Galaxy Bitcoin ETF,BTC-USD,2026-08-07,64.6,800.0,0.25,85.509,1.9371,-78.42,-1.8999,7.09,7.09,2.1,11.32,2.962
2583,BTCO,Invesco Galaxy Bitcoin ETF,Invesco / Galaxy,BTCO,Invesco Galaxy Bitcoin ETF,BTC-USD,2026-08-10,63.62,800.0,0.25,86.811,1.9435,-38.0,-1.591,48.81,48.81,2.29,11.32,3.282
2584,BTCO,Invesco Galaxy Bitcoin ETF,Invesco / Galaxy,BTCO,Invesco Galaxy Bitcoin ETF,BTC-USD,2026-08-11,63.14,800.0,0.25,80.481,1.9111,-74.83,-1.8799,-5.65,5.65,2.24,11.32,3.268
2585,BTCO,Invesco Galaxy Bitcoin ETF,Invesco / Galaxy,BTCO,Invesco Galaxy Bitcoin ETF,BTC-USD,2026-08-12,63.03,800.0,0.25,81.452,1.9162,-17.31,-1.2627,64.14,64.14,2.31,16.043,3.168
2586,BTCO,Invesco Galaxy Bitcoin ETF,Invesco / Galaxy,BTCO,Invesco Galaxy Bitcoin ETF,BTC-USD,2026-08-13,62.98,800.0,0.25,82.81,1.9233,-33.48,-1.5376,-49.33,49.33,2.27,18.502,3.155
2587,BTCO,Invesco Galaxy Bitcoin ETF,Invesco / Galaxy,BTCO,Invesco Galaxy Bitcoin ETF,BTC-USD,2026-08-14,62.57,800.0,0.25,83.823,1.9285,-3.42,-0.6457,-80.4,80.4,2.26,18.502,3.157
2588,BTCO,Invesco Galaxy Bitcoin ETF,Invesco / Galaxy,BTCO,Invesco Galaxy Bitcoin ETF,BTC-USD,2026-08-17,63.95,800.0,0.25,84.866,1.9338,-19.62,-1.3142,-65.25,65.25,2.17,18.502,3.146
2589,BTCO,Invesco Galaxy Bitcoin ETF,Invesco / Galaxy,BTCO,Invesco Galaxy Bitcoin ETF,BTC-USD,2026-08-18,64.27,800.0,0.25,84.591,1.9324,-75.31,-1.8826,9.28,9.28,2.61,18.502,3.064
2590,BTCO,Invesco Galaxy Bitcoin ETF,Invesco / Galaxy,BTCO,Invesco Galaxy Bitcoin ETF,BTC-USD,2026-08-19,68.1,800.0,0.25,84.591,1.9324,-4.6,-0.7481,-79.99,79.99,2.5,18.502,3.312
2591,BTCO,Invesco Galaxy Bitcoin ETF,Invesco / Galaxy,BTCO,Invesco Galaxy Bitcoin ETF,BTC-USD,2026-08-20,72.3,800.0,0.25,81.799,1.918,-59.3,-1.7803,22.5,22.5,2.63,18.502,3.474
2592,BTCO,Invesco Galaxy Bitcoin ETF,Invesco / Galaxy,BTCO,Invesco Galaxy Bitcoin ETF,BTC-USD,2026-08-21,76.67,800.0,0.25,81.799,1.918,-36.06,-1.5689,-45.74,45.74,2.48,18.502,3.714
2593,BTCO,Invesco Galaxy Bitcoin ETF,Invesco / Galaxy,BTCO,Invesco Galaxy Bitcoin ETF,BTC-USD,2026-08-24,78.35,800.0,0.25,87.463,1.9468,-45.52,-1.6677,41.94,41.94,2.76,18.502,3.828
2594,BTCO,Invesco Galaxy Bitcoin ETF,Invesco / Galaxy,BTCO,Invesco Galaxy Bitcoin ETF,BTC-USD,2026-08-25,78.52,800.0,0.25,85.31,1.9361,-24.37,-1.4043,-60.94,60.94,2.62,25.308,3.858
2595,BTCO,Invesco Galaxy Bitcoin ETF,Invesco / Galaxy,BTCO,Invesco Galaxy Bitcoin ETF,BTC-USD,2026-08-26,78.08,800.0,0.25,82.011,1.9191,-64.19,-1.8141,17.83,17.83,2.72,25.308,3.867
2596,BTCO,Invesco Galaxy Bitcoin ETF,Invesco / Galaxy,BTCO,Invesco Galaxy Bitcoin ETF,BTC-USD,2026-08-27,79.51,800.0,0.25,86.116,1.9401,50.95,1.7156,137.07,137.07,2.94,25.308,3.843
2597,BRRR,CoinShares Valkyrie Bitcoin,CoinShares,BRRR,CoinShares Valkyrie Bitcoin,BTC-USD,2025-03-07,24.58,600.0,0.25,115.519,2.0664,-101.47,-2.0106,-14.04,14.04,0.19,81.397,17.183
2598,BRRR,CoinShares Valkyrie Bitcoin,CoinShares,BRRR,CoinShares Valkyrie Bitcoin,BTC-USD,2025-03-10,22.34,600.0,0.25,107.511,2.0355,-42.94,-1.6428,64.57,64.57,0.22,72.914,17.162
2599,BRRR,CoinShares Valkyrie Bitcoin,CoinShares,BRRR,CoinShares Valkyrie Bitcoin,BTC-USD,2025-03-11,23.48,600.0,0.25,116.364,2.0695,25.73,1.427,142.09,142.09,0.24,73.052,19.59
2600,BRRR,CoinShares Valkyrie Bitcoin,CoinShares,BRRR,CoinShares Valkyrie Bitcoin,BTC-USD,2025-03-12,23.44,600.0,0.25,118.45,2.0772,-71.82,-1.8622,-46.63,46.63,0.16,82.19,18.392
2601,BRRR,CoinShares Valkyrie Bitcoin,CoinShares,BRRR,CoinShares Valkyrie Bitcoin,BTC-USD,2025-03-13,22.66,600.0,0.25,125.111,2.1008,-108.66,-2.04,-16.46,16.46,0.22,90.173,18.484
2602,BRRR,CoinShares Valkyrie Bitcoin,CoinShares,BRRR,CoinShares Valkyrie Bitcoin,BTC-USD,2025-03-14,23.93,600.0,0.25,120.442,2.0844,93.98,1.9776,214.42,214.42,0.25,80.253,17.38
2603,BRRR,CoinShares Valkyrie Bitcoin,CoinShares,BRRR,CoinShares Valkyrie Bitcoin,BTC-USD,2025-03-17,23.91,600.0,0.25,122.543,2.0918,12.93,1.144,135.47,135.47,0.26,87.87,17.489
2604,BRRR,CoinShares Valkyrie Bitcoin,CoinShares,BRRR,CoinShares Valkyrie Bitcoin,BTC-USD,2025-03-18,23.27,600.0,0.25,125.213,2.1011,-113.32,-2.0581,11.89,11.89,0.25,87.87,17.62
2605,BRRR,CoinShares Valkyrie Bitcoin,CoinShares,BRRR,CoinShares Valkyrie Bitcoin,BTC-USD,2025-03-19,24.17,600.0,0.25,125.213,2.1011,-96.47,-1.9889,28.74,28.74,0.24,87.87,17.554
2606,BRRR,CoinShares Valkyrie Bitcoin,CoinShares,BRRR,CoinShares Valkyrie Bitcoin,BTC-USD,2025-03-20,23.81,600.0,0.25,132.82,2.1265,-38.39,-1.5954,94.43,94.43,0.25,96.765,17.743
2607,BRRR,CoinShares Valkyrie Bitcoin,CoinShares,BRRR,CoinShares Valkyrie Bitcoin,BTC-USD,2025-03-21,23.74,600.0,0.25,131.117,2.121,-117.22,-2.0727,13.89,13.89,0.23,96.765,17.646
2608,BRRR,CoinShares Valkyrie Bitcoin,CoinShares,BRRR,CoinShares Valkyrie Bitcoin,BTC-USD,2025-03-24,24.96,600.0,0.25,127.22,2.108,136.52,2.1384,263.74,263.74,0.2,92.006,16.54
2609,BRRR,CoinShares Valkyrie Bitcoin,CoinShares,BRRR,CoinShares Valkyrie Bitcoin,BTC-USD,2025-03-25,24.94,600.0,0.25,133.487,2.1287,28.29,1.4668,-161.78,161.78,,95.651,16.699
2610,BRRR,CoinShares Valkyrie Bitcoin,CoinShares,BRRR,CoinShares Valkyrie Bitcoin,BTC-USD,2025-03-26,24.47,600.0,0.25,137.4,2.1411,-85.44,-1.9367,51.96,51.96,,95.651,12.853
2611,BRRR,CoinShares Valkyrie Bitcoin,CoinShares,BRRR,CoinShares Valkyrie Bitcoin,BTC-USD,2025-03-27,24.61,600.0,0.25,143.423,2.1596,-126.41,-2.1052,-17.01,17.01,0.1,102.33,12.757
2612,BRRR,CoinShares Valkyrie Bitcoin,CoinShares,BRRR,CoinShares Valkyrie Bitcoin,BTC-USD,2025-03-28,23.68,600.0,0.25,132.265,2.1247,-55.22,-1.7499,77.05,77.05,,87.768,11.741
2613,BRRR,CoinShares Valkyrie Bitcoin,CoinShares,BRRR,CoinShares Valkyrie Bitcoin,BTC-USD,2025-03-31,23.3,600.0,0.25,129.2,2.1146,-119.06,-2.0794,-10.14,10.14,,85.046,11.941
2614,BRRR,CoinShares Valkyrie Bitcoin,CoinShares,BRRR,CoinShares Valkyrie Bitcoin,BTC-USD,2025-04-01,24.04,600.0,0.25,129.2,2.1146,-109.28,-2.0425,-19.92,19.92,,85.046,12.123
2615,BRRR,CoinShares Valkyrie Bitcoin,CoinShares,BRRR,CoinShares Valkyrie Bitcoin,BTC-USD,2025-04-02,24.57,600.0,0.25,135.916,2.1365,426.0,2.6304,561.91,561.91,,85.046,10.925
2616,BRRR,CoinShares Valkyrie Bitcoin,CoinShares,BRRR,CoinShares Valkyrie Bitcoin,BTC-USD,2025-04-03,23.17,600.0,0.25,137.416,2.1412,0.07,0.0293,-137.49,137.49,,85.046,10.042
2617,BRRR,CoinShares Valkyrie Bitcoin,CoinShares,BRRR,CoinShares Valkyrie Bitcoin,BTC-USD,2025-04-04,23.75,600.0,0.25,132.371,2.1251,-14.79,-1.1985,117.58,117.58,,74.177,10.483
2618,BRRR,CoinShares Valkyrie Bitcoin,CoinShares,BRRR,CoinShares Valkyrie Bitcoin,BTC-USD,2025-04-07,22.06,600.0,0.25,127.647,2.1094,88.08,1.9498,-215.72,215.72,,62.463,10.576
2619,BRRR,CoinShares Valkyrie Bitcoin,CoinShares,BRRR,CoinShares Valkyrie Bitcoin,BTC-USD,2025-04-08,21.72,600.0,0.25,147.592,2.172,-87.34,-1.9461,-60.26,60.26,,81.362,10.24
2620,BRRR,CoinShares Valkyrie Bitcoin,CoinShares,BRRR,CoinShares Valkyrie Bitcoin,BTC-USD,2025-04-09,23.27,600.0,0.25,141.97,2.1552,-78.08,-1.8981,-63.89,63.89,,79.347,7.763
2621,BRRR,CoinShares Valkyrie Bitcoin,CoinShares,BRRR,CoinShares Valkyrie Bitcoin,BTC-USD,2025-04-10,22.51,600.0,0.25,152.425,2.1859,-96.1,-1.9872,56.32,56.32,,79.873,7.629
2622,BRRR,CoinShares Valkyrie Bitcoin,CoinShares,BRRR,CoinShares Valkyrie Bitcoin,BTC-USD,2025-04-11,23.7,600.0,0.25,146.512,2.1688,14.91,1.2015,161.42,161.42,,71.89,7.461
2623,BRRR,CoinShares Valkyrie Bitcoin,CoinShares,BRRR,CoinShares Valkyrie Bitcoin,BTC-USD,2025-04-14,24.02,600.0,0.25,140.126,2.1496,-116.79,-2.0711,-23.34,23.34,,71.89,7.17
2624,BRRR,CoinShares Valkyrie Bitcoin,CoinShares,BRRR,CoinShares Valkyrie Bitcoin,BTC-USD,2025-04-15,23.77,600.0,0.25,143.137,2.1588,-132.77,-2.1263,-10.37,10.37,,69.393,7.013
2625,BRRR,CoinShares Valkyrie Bitcoin,CoinShares,BRRR,CoinShares Valkyrie Bitcoin,BTC-USD,2025-04-16,23.86,600.0,0.25,146.056,2.1675,-52.01,-1.7244,94.04,94.04,,72.162,6.647
2626,BRRR,CoinShares Valkyrie Bitcoin,CoinShares,BRRR,CoinShares Valkyrie Bitcoin,BTC-USD,2025-04-17,24.03,600.0,0.25,155.013,2.1932,24.81,1.4118,179.82,179.82,,79.348,6.185
2627,BRRR,CoinShares Valkyrie Bitcoin,CoinShares,BRRR,CoinShares Valkyrie Bitcoin,BTC-USD,2025-04-21,24.75,600.0,0.25,147.585,2.172,-116.44,-2.0698,31.15,31.15,,67.982,6.222
2628,BRRR,CoinShares Valkyrie Bitcoin,CoinShares,BRRR,CoinShares Valkyrie Bitcoin,BTC-USD,2025-04-22,25.91,600.0,0.25,147.585,2.172,-53.58,-1.737,-94.0,94.0,,67.982,7.155
2629,BRRR,CoinShares Valkyrie Bitcoin,CoinShares,BRRR,CoinShares Valkyrie Bitcoin,BTC-USD,2025-04-23,26.48,600.0,0.25,142.775,2.1577,-138.17,-2.1435,-4.6,4.6,,67.982,7.384
2630,BRRR,CoinShares Valkyrie Bitcoin,CoinShares,BRRR,CoinShares Valkyrie Bitcoin,BTC-USD,2025-04-24,26.49,600.0,0.25,141.489,2.1538,-121.9,-2.0896,-19.59,19.59,,66.566,7.123
2631,BRRR,CoinShares Valkyrie Bitcoin,CoinShares,BRRR,CoinShares Valkyrie Bitcoin,BTC-USD,2025-04-25,26.99,600.0,0.25,137.576,2.1417,84.2,1.9305,221.78,221.78,,66.566,6.933
2632,BRRR,CoinShares Valkyrie Bitcoin,CoinShares,BRRR,CoinShares Valkyrie Bitcoin,BTC-USD,2025-04-28,26.81,600.0,0.25,136.309,2.1377,-34.36,-1.5485,101.95,101.95,,59.887,6.796
2633,BRRR,CoinShares Valkyrie Bitcoin,CoinShares,BRRR,CoinShares Valkyrie Bitcoin,BTC-USD,2025-04-29,26.97,600.0,0.25,138.173,2.1436,156.19,2.1964,294.37,294.37,,59.887,6.389
2634,BRRR,CoinShares Valkyrie Bitcoin,CoinShares,BRRR,CoinShares Valkyrie Bitcoin,BTC-USD,2025-04-30,26.62,600.0,0.25,140.132,2.1496,-22.62,-1.3732,117.52,117.52,,59.887,6.305
2635,BRRR,CoinShares Valkyrie Bitcoin,CoinShares,BRRR,CoinShares Valkyrie Bitcoin,BTC-USD,2025-05-01,27.31,600.0,0.25,140.132,2.1496,7.95,0.9519,148.08,148.08,,59.887,6.194
2636,BRRR,CoinShares Valkyrie Bitcoin,CoinShares,BRRR,CoinShares Valkyrie Bitcoin,BTC-USD,2025-05-02,27.42,600.0,0.25,129.227,2.1147,236.59,2.3758,-365.82,365.82,,60.385,6.198
2637,BRRR,CoinShares Valkyrie Bitcoin,CoinShares,BRRR,CoinShares Valkyrie Bitcoin,BTC-USD,2025-05-05,26.68,600.0,0.25,129.227,2.1147,88.58,1.9522,217.8,217.8,,60.385,5.873
2638,BRRR,CoinShares Valkyrie Bitcoin,CoinShares,BRRR,CoinShares Valkyrie Bitcoin,BTC-USD,2025-05-06,26.85,600.0,0.25,129.886,2.1169,-49.01,-1.6991,-80.87,80.87,,65.53,5.33
2639,BRRR,CoinShares Valkyrie Bitcoin,CoinShares,BRRR,CoinShares Valkyrie Bitcoin,BTC-USD,2025-05-07,27.19,600.0,0.25,129.886,2.1169,101.42,2.0104,231.31,231.31,,65.53,4.84
2640,BRRR,CoinShares Valkyrie Bitcoin,CoinShares,BRRR,CoinShares Valkyrie Bitcoin,BTC-USD,2025-05-08,28.66,600.0,0.25,109.94,2.0451,-108.01,-2.0375,-1.93,1.93,,46.631,4.96
2641,BRRR,CoinShares Valkyrie Bitcoin,CoinShares,BRRR,CoinShares Valkyrie Bitcoin,BTC-USD,2025-05-09,29.2,600.0,0.25,96.663,1.9897,156.55,2.1974,253.21,253.21,,36.64,4.829
2642,BRRR,CoinShares Valkyrie Bitcoin,CoinShares,BRRR,CoinShares Valkyrie Bitcoin,BTC-USD,2025-05-12,28.8,600.0,0.25,87.738,1.9481,38.11,1.5923,125.85,125.85,,28.033,4.843
2643,BRRR,CoinShares Valkyrie Bitcoin,CoinShares,BRRR,CoinShares Valkyrie Bitcoin,BTC-USD,2025-05-13,29.65,600.0,0.25,86.681,1.9429,127.81,2.11,214.49,214.49,,28.033,4.831
2644,BRRR,CoinShares Valkyrie Bitcoin,CoinShares,BRRR,CoinShares Valkyrie Bitcoin,BTC-USD,2025-05-14,29.23,600.0,0.25,90.451,1.9612,26.17,1.4341,116.62,116.62,,31.287,4.784
2645,BRRR,CoinShares Valkyrie Bitcoin,CoinShares,BRRR,CoinShares Valkyrie Bitcoin,BTC-USD,2025-05-15,29.18,600.0,0.25,84.908,1.934,4.71,0.7569,89.62,89.62,,26.431,4.72
2646,BRRR,CoinShares Valkyrie Bitcoin,CoinShares,BRRR,CoinShares Valkyrie Bitcoin,BTC-USD,2025-05-16,29.43,600.0,0.25,81.478,1.9163,119.76,2.0819,201.24,201.24,,23.661,4.7
2647,BRRR,CoinShares Valkyrie Bitcoin,CoinShares,BRRR,CoinShares Valkyrie Bitcoin,BTC-USD,2025-05-19,29.84,600.0,0.25,76.123,1.8872,107.54,2.0356,183.67,183.67,,18.031,4.77
2648,BRRR,CoinShares Valkyrie Bitcoin,CoinShares,BRRR,CoinShares Valkyrie Bitcoin,BTC-USD,2025-05-20,30.3,600.0,0.25,79.637,1.9065,143.69,2.1604,223.33,223.33,,18.031,4.581
2649,BRRR,CoinShares Valkyrie Bitcoin,CoinShares,BRRR,CoinShares Valkyrie Bitcoin,BTC-USD,2025-05-21,30.74,600.0,0.25,79.637,1.9065,191.11,2.2836,270.75,270.75,,18.031,3.949
2650,BRRR,CoinShares Valkyrie Bitcoin,CoinShares,BRRR,CoinShares Valkyrie Bitcoin,BTC-USD,2025-05-22,31.47,600.0,0.25,80.388,1.9106,68.21,1.8401,148.6,148.6,,18.031,3.795
2651,BRRR,CoinShares Valkyrie Bitcoin,CoinShares,BRRR,CoinShares Valkyrie Bitcoin,BTC-USD,2025-05-23,30.77,600.0,0.25,85.65,1.9378,216.83,2.3381,302.48,302.48,,15.803,3.871
2652,BRRR,CoinShares Valkyrie Bitcoin,CoinShares,BRRR,CoinShares Valkyrie Bitcoin,BTC-USD,2025-05-27,31.11,600.0,0.25,96.83,1.9905,59.98,1.7852,156.81,156.81,,17.066,3.596
2653,BRRR,CoinShares Valkyrie Bitcoin,CoinShares,BRRR,CoinShares Valkyrie Bitcoin,BTC-USD,2025-05-28,30.25,600.0,0.25,90.742,1.9626,-25.47,-1.4227,65.27,65.27,,17.066,3.762
2654,BRRR,CoinShares Valkyrie Bitcoin,CoinShares,BRRR,CoinShares Valkyrie Bitcoin,BTC-USD,2025-05-29,29.86,600.0,0.25,90.291,1.9604,-80.17,-1.9094,-10.12,10.12,,17.746,4.259
2655,BRRR,CoinShares Valkyrie Bitcoin,CoinShares,BRRR,CoinShares Valkyrie Bitcoin,BTC-USD,2025-05-30,29.58,600.0,0.25,88.332,1.951,70.43,1.8539,158.77,158.77,,17.746,4.347
2656,BRRR,CoinShares Valkyrie Bitcoin,CoinShares,BRRR,CoinShares Valkyrie Bitcoin,BTC-USD,2025-06-02,29.54,600.0,0.25,94.126,1.9783,-42.97,-1.6432,-51.16,51.16,,20.328,4.125
2657,BRRR,CoinShares Valkyrie Bitcoin,CoinShares,BRRR,CoinShares Valkyrie Bitcoin,BTC-USD,2025-06-03,30.07,600.0,0.25,93.876,1.9772,70.51,1.8544,164.38,164.38,,19.829,4.262
2658,BRRR,CoinShares Valkyrie Bitcoin,CoinShares,BRRR,CoinShares Valkyrie Bitcoin,BTC-USD,2025-06-04,29.69,600.0,0.25,88.152,1.9501,74.21,1.8763,162.36,162.36,,19.829,4.192
2659,BRRR,CoinShares Valkyrie Bitcoin,CoinShares,BRRR,CoinShares Valkyrie Bitcoin,BTC-USD,2025-06-05,28.8,600.0,0.25,91.6,1.9666,163.13,2.2152,254.73,254.73,,17.317,4.29
2660,BRRR,CoinShares Valkyrie Bitcoin,CoinShares,BRRR,CoinShares Valkyrie Bitcoin,BTC-USD,2025-06-06,29.48,600.0,0.25,96.159,1.9875,49.54,1.7036,145.7,145.7,,20.356,4.452
2661,BRRR,CoinShares Valkyrie Bitcoin,CoinShares,BRRR,CoinShares Valkyrie Bitcoin,BTC-USD,2025-06-09,30.74,600.0,0.25,96.159,1.9875,32.42,1.524,128.58,128.58,,20.356,4.285
2662,BRRR,CoinShares Valkyrie Bitcoin,CoinShares,BRRR,CoinShares Valkyrie Bitcoin,BTC-USD,2025-06-10,30.99,600.0,0.25,98.124,1.9962,-96.88,-1.9907,1.25,1.25,,20.356,4.27
2663,BRRR,CoinShares Valkyrie Bitcoin,CoinShares,BRRR,CoinShares Valkyrie Bitcoin,BTC-USD,2025-06-11,30.78,600.0,0.25,102.406,2.0145,75.63,1.8844,178.04,178.04,,25.123,4.186
2664,BRRR,CoinShares Valkyrie Bitcoin,CoinShares,BRRR,CoinShares Valkyrie Bitcoin,BTC-USD,2025-06-12,30.19,600.0,0.25,96.252,1.9879,-74.11,-1.8757,22.14,22.14,,25.123,4.161
2665,BRRR,CoinShares Valkyrie Bitcoin,CoinShares,BRRR,CoinShares Valkyrie Bitcoin,BTC-USD,2025-06-13,29.74,600.0,0.25,92.482,1.9707,-39.94,-1.6122,-52.54,52.54,,21.868,4.189
2666,BRRR,CoinShares Valkyrie Bitcoin,CoinShares,BRRR,CoinShares Valkyrie Bitcoin,BTC-USD,2025-06-16,30.74,600.0,0.25,90.769,1.9627,169.98,2.233,260.75,260.75,,19.116,4.293
2667,BRRR,CoinShares Valkyrie Bitcoin,CoinShares,BRRR,CoinShares Valkyrie Bitcoin,BTC-USD,2025-06-17,29.61,600.0,0.25,95.979,1.9867,-48.14,-1.6914,-47.84,47.84,,19.116,4.302
2668,BRRR,CoinShares Valkyrie Bitcoin,CoinShares,BRRR,CoinShares Valkyrie Bitcoin,BTC-USD,2025-06-18,29.36,600.0,0.25,104.401,2.0228,9.04,1.0017,-113.44,113.44,,22.481,4.238
2669,BRRR,CoinShares Valkyrie Bitcoin,CoinShares,BRRR,CoinShares Valkyrie Bitcoin,BTC-USD,2025-06-20,29.19,600.0,0.25,96.139,1.9874,-0.0,-0.0008,-96.14,96.14,,25.739,4.543
2670,BRRR,CoinShares Valkyrie Bitcoin,CoinShares,BRRR,CoinShares Valkyrie Bitcoin,BTC-USD,2025-06-23,29.18,600.0,0.25,100.567,2.0068,81.75,1.9177,-182.31,182.31,,25.739,4.343
2671,BRRR,CoinShares Valkyrie Bitcoin,CoinShares,BRRR,CoinShares Valkyrie Bitcoin,BTC-USD,2025-06-24,29.88,600.0,0.25,100.567,2.0068,-44.57,-1.6587,-56.0,56.0,,25.739,4.232
2672,BRRR,CoinShares Valkyrie Bitcoin,CoinShares,BRRR,CoinShares Valkyrie Bitcoin,BTC-USD,2025-06-25,30.49,600.0,0.25,97.949,1.9954,-13.67,-1.1663,-84.28,84.28,0.11,25.739,4.127
2673,BRRR,CoinShares Valkyrie Bitcoin,CoinShares,BRRR,CoinShares Valkyrie Bitcoin,BTC-USD,2025-06-26,30.43,600.0,0.25,94.127,1.9783,-50.59,-1.7125,-43.54,43.54,0.17,26.496,4.103
2674,BRRR,CoinShares Valkyrie Bitcoin,CoinShares,BRRR,CoinShares Valkyrie Bitcoin,BTC-USD,2025-06-27,30.22,600.0,0.25,96.184,1.9876,-36.4,-1.5728,59.79,59.79,0.15,28.661,3.877
2675,BRRR,CoinShares Valkyrie Bitcoin,CoinShares,BRRR,CoinShares Valkyrie Bitcoin,BTC-USD,2025-06-30,30.47,600.0,0.25,95.585,1.9849,-7.51,-0.93,88.07,88.07,0.22,30.796,3.499
2676,BRRR,CoinShares Valkyrie Bitcoin,CoinShares,BRRR,CoinShares Valkyrie Bitcoin,BTC-USD,2025-07-01,29.79,600.0,0.25,97.079,1.9916,-31.85,-1.5165,-65.23,65.23,0.35,30.796,3.367
2677,BRRR,CoinShares Valkyrie Bitcoin,CoinShares,BRRR,CoinShares Valkyrie Bitcoin,BTC-USD,2025-07-02,31.04,600.0,0.25,94.193,1.9786,168.12,2.2282,262.31,262.31,0.34,28.213,3.732
2678,BRRR,CoinShares Valkyrie Bitcoin,CoinShares,BRRR,CoinShares Valkyrie Bitcoin,BTC-USD,2025-07-03,30.91,600.0,0.25,94.193,1.9786,-36.34,-1.5722,-57.85,57.85,0.32,28.213,3.491
2679,BRRR,CoinShares Valkyrie Bitcoin,CoinShares,BRRR,CoinShares Valkyrie Bitcoin,BTC-USD,2025-07-07,30.55,600.0,0.25,94.153,1.9784,-93.84,-1.977,-0.32,0.32,0.29,28.213,3.489
2680,BRRR,CoinShares Valkyrie Bitcoin,CoinShares,BRRR,CoinShares Valkyrie Bitcoin,BTC-USD,2025-07-08,30.77,600.0,0.25,93.145,1.9738,-31.64,-1.5137,61.51,61.51,0.27,25.581,3.409
2681,BRRR,CoinShares Valkyrie Bitcoin,CoinShares,BRRR,CoinShares Valkyrie Bitcoin,BTC-USD,2025-07-09,31.65,600.0,0.25,81.092,1.9143,83.09,1.9247,164.18,164.18,0.27,22.542,3.485
2682,BRRR,CoinShares Valkyrie Bitcoin,CoinShares,BRRR,CoinShares Valkyrie Bitcoin,BTC-USD,2025-07-10,32.08,600.0,0.25,78.216,1.8988,-58.12,-1.7717,20.1,20.1,0.26,22.542,3.761
2683,BRRR,CoinShares Valkyrie Bitcoin,CoinShares,BRRR,CoinShares Valkyrie Bitcoin,BTC-USD,2025-07-11,33.42,600.0,0.25,76.251,1.8879,166.56,2.2242,242.81,242.81,0.26,22.542,4.101
2684,BRRR,CoinShares Valkyrie Bitcoin,CoinShares,BRRR,CoinShares Valkyrie Bitcoin,BTC-USD,2025-07-14,33.92,600.0,0.25,68.596,1.8426,112.54,2.0551,181.13,181.13,0.27,15.179,4.505
2685,BRRR,CoinShares Valkyrie Bitcoin,CoinShares,BRRR,CoinShares Valkyrie Bitcoin,BTC-USD,2025-07-15,32.93,600.0,0.25,66.54,1.8296,-58.42,-1.7739,8.12,8.12,0.26,15.179,4.862
2686,BRRR,CoinShares Valkyrie Bitcoin,CoinShares,BRRR,CoinShares Valkyrie Bitcoin,BTC-USD,2025-07-16,33.74,600.0,0.25,66.144,1.827,287.21,2.4597,353.36,353.36,0.23,15.179,5.404
2687,BRRR,CoinShares Valkyrie Bitcoin,CoinShares,BRRR,CoinShares Valkyrie Bitcoin,BTC-USD,2025-07-17,33.67,600.0,0.25,71.512,1.8604,-58.02,-1.771,13.49,13.49,0.21,20.835,5.605
2688,BRRR,CoinShares Valkyrie Bitcoin,CoinShares,BRRR,CoinShares Valkyrie Bitcoin,BTC-USD,2025-07-18,33.19,600.0,0.25,77.022,1.8922,83.94,1.9291,160.96,160.96,0.18,24.138,6.287
2689,BRRR,CoinShares Valkyrie Bitcoin,CoinShares,BRRR,CoinShares Valkyrie Bitcoin,BTC-USD,2025-07-21,33.0,600.0,0.25,69.085,1.8456,184.27,2.2678,253.35,253.35,0.17,26.509,6.953
2690,BRRR,CoinShares Valkyrie Bitcoin,CoinShares,BRRR,CoinShares Valkyrie Bitcoin,BTC-USD,2025-07-22,33.74,600.0,0.25,80.385,1.9105,143.01,2.1584,223.4,223.4,0.19,23.25,6.875
2691,BRRR,CoinShares Valkyrie Bitcoin,CoinShares,BRRR,CoinShares Valkyrie Bitcoin,BTC-USD,2025-07-23,33.49,600.0,0.25,79.969,1.9083,345.15,2.5393,425.12,425.12,0.26,23.25,6.813
2692,BRRR,CoinShares Valkyrie Bitcoin,CoinShares,BRRR,CoinShares Valkyrie Bitcoin,BTC-USD,2025-07-24,33.68,600.0,0.25,79.312,1.9048,224.96,2.354,304.28,304.28,0.33,23.25,6.962
2693,BRRR,CoinShares Valkyrie Bitcoin,CoinShares,BRRR,CoinShares Valkyrie Bitcoin,BTC-USD,2025-07-25,33.03,600.0,0.25,77.677,1.8958,-21.44,-1.351,56.24,56.24,0.31,23.25,7.308
2694,BRRR,CoinShares Valkyrie Bitcoin,CoinShares,BRRR,CoinShares Valkyrie Bitcoin,BTC-USD,2025-07-28,33.39,600.0,0.25,76.224,1.8878,57.49,1.7671,133.72,133.72,0.31,21.23,7.351
2695,BRRR,CoinShares Valkyrie Bitcoin,CoinShares,BRRR,CoinShares Valkyrie Bitcoin,BTC-USD,2025-07-29,33.2,600.0,0.25,76.873,1.8914,79.22,1.9043,156.1,156.1,0.31,23.957,7.522
2696,BRRR,CoinShares Valkyrie Bitcoin,CoinShares,BRRR,CoinShares Valkyrie Bitcoin,BTC-USD,2025-07-30,33.03,600.0,0.25,78.756,1.9018,-47.22,-1.6832,31.54,31.54,0.33,25.858,7.681
2697,BRRR,CoinShares Valkyrie Bitcoin,CoinShares,BRRR,CoinShares Valkyrie Bitcoin,BTC-USD,2025-07-31,33.0,600.0,0.25,82.565,1.922,199.34,2.3018,281.9,281.9,0.41,32.15,7.877
2698,BRRR,CoinShares Valkyrie Bitcoin,CoinShares,BRRR,CoinShares Valkyrie Bitcoin,BTC-USD,2025-08-01,31.97,600.0,0.25,79.285,1.9046,-68.96,-1.8448,-10.33,10.33,0.41,32.15,8.158
2699,BRRR,CoinShares Valkyrie Bitcoin,CoinShares,BRRR,CoinShares Valkyrie Bitcoin,BTC-USD,2025-08-04,32.44,600.0,0.25,82.915,1.9238,23.64,1.3917,106.56,106.56,0.44,35.045,8.218
2700,BRRR,CoinShares Valkyrie Bitcoin,CoinShares,BRRR,CoinShares Valkyrie Bitcoin,BTC-USD,2025-08-05,32.12,600.0,0.25,82.542,1.9219,6.68,0.8852,89.22,89.22,0.46,35.045,8.369
2701,BRRR,CoinShares Valkyrie Bitcoin,CoinShares,BRRR,CoinShares Valkyrie Bitcoin,BTC-USD,2025-08-06,32.59,600.0,0.25,81.322,1.9155,65.61,1.8235,146.93,146.93,0.49,35.045,8.386
2702,BRRR,CoinShares Valkyrie Bitcoin,CoinShares,BRRR,CoinShares Valkyrie Bitcoin,BTC-USD,2025-08-07,33.23,600.0,0.25,81.322,1.9155,-23.92,-1.3965,57.4,57.4,0.49,35.045,8.403
2703,BRRR,CoinShares Valkyrie Bitcoin,CoinShares,BRRR,CoinShares Valkyrie Bitcoin,BTC-USD,2025-08-08,32.93,600.0,0.25,85.167,1.9353,135.06,2.1337,220.23,220.23,0.48,40.008,8.539
2704,BRRR,CoinShares Valkyrie Bitcoin,CoinShares,BRRR,CoinShares Valkyrie Bitcoin,BTC-USD,2025-08-11,33.67,600.0,0.25,85.167,1.9353,-72.42,-1.8658,-12.75,12.75,0.46,40.008,8.357
2705,BRRR,CoinShares Valkyrie Bitcoin,CoinShares,BRRR,CoinShares Valkyrie Bitcoin,BTC-USD,2025-08-12,33.83,600.0,0.25,89.828,1.9582,-30.56,-1.4991,-59.27,59.27,0.48,44.591,8.126
2706,BRRR,CoinShares Valkyrie Bitcoin,CoinShares,BRRR,CoinShares Valkyrie Bitcoin,BTC-USD,2025-08-13,34.74,600.0,0.25,89.828,1.9582,45.48,1.6673,135.31,135.31,0.47,44.591,7.933
2707,BRRR,CoinShares Valkyrie Bitcoin,CoinShares,BRRR,CoinShares Valkyrie Bitcoin,BTC-USD,2025-08-14,33.35,600.0,0.25,93.196,1.974,-5.94,-0.8416,-87.25,87.25,0.45,44.591,8.21
2708,BRRR,CoinShares Valkyrie Bitcoin,CoinShares,BRRR,CoinShares Valkyrie Bitcoin,BTC-USD,2025-08-15,33.06,600.0,0.25,90.665,1.9622,-45.95,-1.6716,-44.72,44.72,0.46,40.805,8.007
2709,BRRR,CoinShares Valkyrie Bitcoin,CoinShares,BRRR,CoinShares Valkyrie Bitcoin,BTC-USD,2025-08-18,32.88,600.0,0.25,86.036,1.9397,-46.52,-1.6769,39.51,39.51,0.44,37.502,7.325
2710,BRRR,CoinShares Valkyrie Bitcoin,CoinShares,BRRR,CoinShares Valkyrie Bitcoin,BTC-USD,2025-08-19,31.95,600.0,0.25,79.846,1.9077,-46.22,-1.6741,33.63,33.63,0.44,30.211,6.867
2711,BRRR,CoinShares Valkyrie Bitcoin,CoinShares,BRRR,CoinShares Valkyrie Bitcoin,BTC-USD,2025-08-20,32.29,600.0,0.25,77.479,1.8948,-62.45,-1.8025,-15.03,15.03,0.43,34.469,6.744
2712,BRRR,CoinShares Valkyrie Bitcoin,CoinShares,BRRR,CoinShares Valkyrie Bitcoin,BTC-USD,2025-08-21,31.71,600.0,0.25,78.997,1.9031,-19.28,-1.3071,-59.72,59.72,0.44,37.628,6.737
2713,BRRR,CoinShares Valkyrie Bitcoin,CoinShares,BRRR,CoinShares Valkyrie Bitcoin,BTC-USD,2025-08-22,32.97,600.0,0.25,81.396,1.9159,27.16,1.4496,-108.56,108.56,0.47,41.168,6.835
2714,BRRR,CoinShares Valkyrie Bitcoin,CoinShares,BRRR,CoinShares Valkyrie Bitcoin,BTC-USD,2025-08-25,31.31,600.0,0.25,82.137,1.9198,-23.96,-1.3972,58.18,58.18,0.46,41.168,6.769
2715,BRRR,CoinShares Valkyrie Bitcoin,CoinShares,BRRR,CoinShares Valkyrie Bitcoin,BTC-USD,2025-08-26,31.43,600.0,0.25,85.375,1.9364,42.44,1.6379,-127.81,127.81,0.48,41.168,7.331
2716,BRRR,CoinShares Valkyrie Bitcoin,CoinShares,BRRR,CoinShares Valkyrie Bitcoin,BTC-USD,2025-08-27,31.7,600.0,0.25,83.464,1.9267,-21.67,-1.3555,61.79,61.79,0.48,36.276,7.132
2717,BRRR,CoinShares Valkyrie Bitcoin,CoinShares,BRRR,CoinShares Valkyrie Bitcoin,BTC-USD,2025-08-28,31.65,600.0,0.25,81.43,1.9161,-63.6,-1.8102,-17.83,17.83,0.51,31.561,7.245
2718,BRRR,CoinShares Valkyrie Bitcoin,CoinShares,BRRR,CoinShares Valkyrie Bitcoin,BTC-USD,2025-08-29,30.588,600.0,0.25,73.69,1.8733,79.79,1.9074,-153.48,153.48,0.52,25.269,7.398
2719,BRRR,CoinShares Valkyrie Bitcoin,CoinShares,BRRR,CoinShares Valkyrie Bitcoin,BTC-USD,2025-09-02,31.33,600.0,0.25,81.061,1.9141,-69.3,-1.8469,-11.77,11.77,0.51,25.269,6.843
2720,BRRR,CoinShares Valkyrie Bitcoin,CoinShares,BRRR,CoinShares Valkyrie Bitcoin,BTC-USD,2025-09-03,31.75,600.0,0.25,75.536,1.8839,-11.47,-1.0959,64.07,64.07,0.49,22.374,6.974
2721,BRRR,CoinShares Valkyrie Bitcoin,CoinShares,BRRR,CoinShares Valkyrie Bitcoin,BTC-USD,2025-09-04,31.04,600.0,0.25,79.075,1.9035,-31.0,-1.5051,-48.08,48.08,0.49,22.374,6.896
2722,BRRR,CoinShares Valkyrie Bitcoin,CoinShares,BRRR,CoinShares Valkyrie Bitcoin,BTC-USD,2025-09-05,31.534,600.0,0.25,76.244,1.8879,-38.32,-1.5946,37.93,37.93,0.49,22.374,7.134
2723,BRRR,CoinShares Valkyrie Bitcoin,CoinShares,BRRR,CoinShares Valkyrie Bitcoin,BTC-USD,2025-09-08,31.71,600.0,0.25,79.921,1.9081,-42.63,-1.6398,-37.29,37.29,0.51,24.085,7.339
2724,BRRR,CoinShares Valkyrie Bitcoin,CoinShares,BRRR,CoinShares Valkyrie Bitcoin,BTC-USD,2025-09-09,31.46,600.0,0.25,80.24,1.9098,-41.34,-1.6267,-38.9,38.9,0.53,21.411,7.293
2725,BRRR,CoinShares Valkyrie Bitcoin,CoinShares,BRRR,CoinShares Valkyrie Bitcoin,BTC-USD,2025-09-10,32.11,600.0,0.25,82.788,1.9232,28.97,1.4767,-111.76,111.76,0.54,21.411,7.756
2726,BRRR,CoinShares Valkyrie Bitcoin,CoinShares,BRRR,CoinShares Valkyrie Bitcoin,BTC-USD,2025-09-11,32.35,600.0,0.25,78.923,1.9027,29.96,1.4909,-108.89,108.89,0.6,16.938,7.577
2727,BRRR,CoinShares Valkyrie Bitcoin,CoinShares,BRRR,CoinShares Valkyrie Bitcoin,BTC-USD,2025-09-12,33.03,600.0,0.25,78.182,1.8986,-67.48,-1.8355,10.71,10.71,0.66,16.938,7.785
2728,BRRR,CoinShares Valkyrie Bitcoin,CoinShares,BRRR,CoinShares Valkyrie Bitcoin,BTC-USD,2025-09-15,32.59,600.0,0.25,75.747,1.8851,-50.8,-1.7143,-24.95,24.95,0.64,16.938,7.056
2729,BRRR,CoinShares Valkyrie Bitcoin,CoinShares,BRRR,CoinShares Valkyrie Bitcoin,BTC-USD,2025-09-16,33.03,600.0,0.25,77.038,1.8923,-64.96,-1.8192,12.08,12.08,0.62,15.067,7.213
2730,BRRR,CoinShares Valkyrie Bitcoin,CoinShares,BRRR,CoinShares Valkyrie Bitcoin,BTC-USD,2025-09-17,32.68,600.0,0.25,80.47,1.911,15.14,1.2079,-95.61,95.61,0.58,19.798,7.587
2731,BRRR,CoinShares Valkyrie Bitcoin,CoinShares,BRRR,CoinShares Valkyrie Bitcoin,BTC-USD,2025-09-18,33.22,600.0,0.25,80.088,1.909,-44.51,-1.6581,35.58,35.58,0.56,19.798,7.549
2732,BRRR,CoinShares Valkyrie Bitcoin,CoinShares,BRRR,CoinShares Valkyrie Bitcoin,BTC-USD,2025-09-19,32.54,600.0,0.25,76.504,1.8893,-34.97,-1.556,-41.53,41.53,0.54,15.539,7.94
2733,BRRR,CoinShares Valkyrie Bitcoin,CoinShares,BRRR,CoinShares Valkyrie Bitcoin,BTC-USD,2025-09-22,31.67,600.0,0.25,70.973,1.8572,-37.85,-1.5894,-33.12,33.12,0.54,12.38,7.929
2734,BRRR,CoinShares Valkyrie Bitcoin,CoinShares,BRRR,CoinShares Valkyrie Bitcoin,BTC-USD,2025-09-23,31.543,600.0,0.25,67.932,1.8384,-22.73,-1.3754,-45.2,45.2,0.56,13.027,7.675
2735,BRRR,CoinShares Valkyrie Bitcoin,CoinShares,BRRR,CoinShares Valkyrie Bitcoin,BTC-USD,2025-09-24,32.055,600.0,0.25,70.719,1.8556,-48.2,-1.692,-22.52,22.52,0.56,13.027,7.502
2736,BRRR,CoinShares Valkyrie Bitcoin,CoinShares,BRRR,CoinShares Valkyrie Bitcoin,BTC-USD,2025-09-25,30.9,600.0,0.25,75.958,1.8863,3.42,0.6453,79.38,79.38,0.56,13.027,7.423
2737,BRRR,CoinShares Valkyrie Bitcoin,CoinShares,BRRR,CoinShares Valkyrie Bitcoin,BTC-USD,2025-09-26,30.85,600.0,0.25,69.581,1.8487,57.1,1.7642,-126.69,126.69,0.61,17.1,7.939
2738,BRRR,CoinShares Valkyrie Bitcoin,CoinShares,BRRR,CoinShares Valkyrie Bitcoin,BTC-USD,2025-09-29,32.32,600.0,0.25,67.884,1.8381,-5.62,-0.821,62.26,62.26,0.65,17.1,8.577
2739,BRRR,CoinShares Valkyrie Bitcoin,CoinShares,BRRR,CoinShares Valkyrie Bitcoin,BTC-USD,2025-09-30,32.33,600.0,0.25,71.509,1.8604,21.89,1.3596,93.4,93.4,0.65,21.957,9.448
2740,BRRR,CoinShares Valkyrie Bitcoin,CoinShares,BRRR,CoinShares Valkyrie Bitcoin,BTC-USD,2025-10-01,33.205,600.0,0.25,66.405,1.8287,-48.19,-1.6919,-18.22,18.22,0.64,21.957,9.566
2741,BRRR,CoinShares Valkyrie Bitcoin,CoinShares,BRRR,CoinShares Valkyrie Bitcoin,BTC-USD,2025-10-02,34.191,600.0,0.25,66.405,1.8287,-41.89,-1.6324,24.51,24.51,0.64,21.957,10.297
2742,BRRR,CoinShares Valkyrie Bitcoin,CoinShares,BRRR,CoinShares Valkyrie Bitcoin,BTC-USD,2025-10-03,34.72,600.0,0.25,65.013,1.8196,127.38,2.1085,192.39,192.39,0.65,21.957,10.9
2743,BRRR,CoinShares Valkyrie Bitcoin,CoinShares,BRRR,CoinShares Valkyrie Bitcoin,BTC-USD,2025-10-06,35.461,600.0,0.25,63.73,1.8111,-21.72,-1.3564,42.01,42.01,0.65,21.957,11.078
2744,BRRR,CoinShares Valkyrie Bitcoin,CoinShares,BRRR,CoinShares Valkyrie Bitcoin,BTC-USD,2025-10-07,34.37,600.0,0.25,59.174,1.7794,-1.36,-0.372,57.82,57.82,0.62,20.245,11.76
2745,BRRR,CoinShares Valkyrie Bitcoin,CoinShares,BRRR,CoinShares Valkyrie Bitcoin,BTC-USD,2025-10-08,34.87,600.0,0.25,61.497,1.7959,22.92,1.3788,84.42,84.42,0.64,23.551,11.796
2746,BRRR,CoinShares Valkyrie Bitcoin,CoinShares,BRRR,CoinShares Valkyrie Bitcoin,BTC-USD,2025-10-09,34.18,600.0,0.25,61.202,1.7938,-45.97,-1.6718,15.24,15.24,0.66,23.551,11.286
2747,BRRR,CoinShares Valkyrie Bitcoin,CoinShares,BRRR,CoinShares Valkyrie Bitcoin,BTC-USD,2025-10-10,32.94,600.0,0.25,61.467,1.7957,285.12,2.4565,346.59,346.59,0.75,24.306,12.378
2748,BRRR,CoinShares Valkyrie Bitcoin,CoinShares,BRRR,CoinShares Valkyrie Bitcoin,BTC-USD,2025-10-13,32.736,600.0,0.25,60.791,1.7909,-22.07,-1.3631,-38.72,38.72,0.62,24.306,12.614
2749,BRRR,CoinShares Valkyrie Bitcoin,CoinShares,BRRR,CoinShares Valkyrie Bitcoin,BTC-USD,2025-10-14,31.823,600.0,0.25,55.407,1.7513,18.98,1.3007,-74.39,74.39,0.6,24.306,13.228
2750,BRRR,CoinShares Valkyrie Bitcoin,CoinShares,BRRR,CoinShares Valkyrie Bitcoin,BTC-USD,2025-10-15,31.44,600.0,0.25,59.288,1.7802,-24.19,-1.4012,-35.1,35.1,0.55,30.027,13.48
2751,BRRR,CoinShares Valkyrie Bitcoin,CoinShares,BRRR,CoinShares Valkyrie Bitcoin,BTC-USD,2025-10-16,30.57,600.0,0.25,53.728,1.7382,-21.91,-1.36,-31.82,31.82,0.44,25.296,13.658
2752,BRRR,CoinShares Valkyrie Bitcoin,CoinShares,BRRR,CoinShares Valkyrie Bitcoin,BTC-USD,2025-10-17,30.1,600.0,0.25,52.868,1.7313,100.99,2.0085,-153.85,153.85,0.3,25.296,14.928
2753,BRRR,CoinShares Valkyrie Bitcoin,CoinShares,BRRR,CoinShares Valkyrie Bitcoin,BTC-USD,2025-10-20,31.33,600.0,0.25,53.071,1.733,-49.51,-1.7034,-3.56,3.56,0.29,25.296,15.208
2754,BRRR,CoinShares Valkyrie Bitcoin,CoinShares,BRRR,CoinShares Valkyrie Bitcoin,BTC-USD,2025-10-21,31.61,600.0,0.25,59.141,1.7792,220.42,2.3452,279.56,279.56,0.27,28.306,15.6
2755,BRRR,CoinShares Valkyrie Bitcoin,CoinShares,BRRR,CoinShares Valkyrie Bitcoin,BTC-USD,2025-10-22,30.47,600.0,0.25,56.981,1.7633,-6.59,-0.8803,-50.39,50.39,0.17,24.119,16.896
2756,BRRR,CoinShares Valkyrie Bitcoin,CoinShares,BRRR,CoinShares Valkyrie Bitcoin,BTC-USD,2025-10-23,31.13,600.0,0.25,54.193,1.7419,21.85,1.3589,-76.04,76.04,0.18,24.119,17.396
2757,BRRR,CoinShares Valkyrie Bitcoin,CoinShares,BRRR,CoinShares Valkyrie Bitcoin,BTC-USD,2025-10-24,31.27,600.0,0.25,53.618,1.7373,56.76,1.7616,-110.37,110.37,0.2,28.657,17.233
2758,BRRR,CoinShares Valkyrie Bitcoin,CoinShares,BRRR,CoinShares Valkyrie Bitcoin,BTC-USD,2025-10-27,32.49,600.0,0.25,51.56,1.7207,50.56,1.7123,102.12,102.12,0.18,24.584,16.877
2759,BRRR,CoinShares Valkyrie Bitcoin,CoinShares,BRRR,CoinShares Valkyrie Bitcoin,BTC-USD,2025-10-28,32.12,600.0,0.25,54.09,1.7411,-41.37,-1.627,12.72,12.72,0.19,27.508,16.327
2760,BRRR,CoinShares Valkyrie Bitcoin,CoinShares,BRRR,CoinShares Valkyrie Bitcoin,BTC-USD,2025-10-29,31.24,600.0,0.25,51.28,1.7183,13.59,1.164,-64.87,64.87,0.15,22.651,15.792
2761,BRRR,CoinShares Valkyrie Bitcoin,CoinShares,BRRR,CoinShares Valkyrie Bitcoin,BTC-USD,2025-10-30,30.08,600.0,0.25,51.28,1.7183,142.7,2.1575,-193.98,193.98,0.16,22.651,15.981
2762,BRRR,CoinShares Valkyrie Bitcoin,CoinShares,BRRR,CoinShares Valkyrie Bitcoin,BTC-USD,2025-10-31,31.02,600.0,0.25,54.98,1.748,69.6,1.8488,-124.58,124.58,0.21,22.651,15.504
2763,BRRR,CoinShares Valkyrie Bitcoin,CoinShares,BRRR,CoinShares Valkyrie Bitcoin,BTC-USD,2025-11-03,30.12,600.0,0.25,57.046,1.7638,132.16,2.1244,-189.21,189.21,0.23,22.651,15.247
2764,BRRR,CoinShares Valkyrie Bitcoin,CoinShares,BRRR,CoinShares Valkyrie Bitcoin,BTC-USD,2025-11-04,28.44,600.0,0.25,57.046,1.7638,276.97,2.444,-334.02,334.02,0.36,22.651,16.076
2765,BRRR,CoinShares Valkyrie Bitcoin,CoinShares,BRRR,CoinShares Valkyrie Bitcoin,BTC-USD,2025-11-05,29.33,600.0,0.25,70.333,1.8533,119.7,2.0817,-190.03,190.03,0.44,28.278,15.475
2766,BRRR,CoinShares Valkyrie Bitcoin,CoinShares,BRRR,CoinShares Valkyrie Bitcoin,BTC-USD,2025-11-06,28.5,600.0,0.25,70.731,1.8557,162.39,2.2132,-233.12,233.12,0.51,22.685,15.733
2767,BRRR,CoinShares Valkyrie Bitcoin,CoinShares,BRRR,CoinShares Valkyrie Bitcoin,BTC-USD,2025-11-07,29.292,600.0,0.25,78.83,1.9022,3.54,0.6571,-82.37,82.37,0.55,30.807,16.221
2768,BRRR,CoinShares Valkyrie Bitcoin,CoinShares,BRRR,CoinShares Valkyrie Bitcoin,BTC-USD,2025-11-10,29.95,600.0,0.25,80.705,1.9122,280.85,2.45,-361.55,361.55,0.59,29.942,15.471
2769,BRRR,CoinShares Valkyrie Bitcoin,CoinShares,BRRR,CoinShares Valkyrie Bitcoin,BTC-USD,2025-11-11,29.04,600.0,0.25,82.727,1.9229,102.92,2.0167,-185.64,185.64,0.62,29.942,15.123
2770,BRRR,CoinShares Valkyrie Bitcoin,CoinShares,BRRR,CoinShares Valkyrie Bitcoin,BTC-USD,2025-11-12,28.68,600.0,0.25,85.798,1.9385,-14.0,-1.1761,-71.8,71.8,0.61,35.104,15.437
2771,BRRR,CoinShares Valkyrie Bitcoin,CoinShares,BRRR,CoinShares Valkyrie Bitcoin,BTC-USD,2025-11-13,27.68,600.0,0.25,78.949,1.9028,218.61,2.3417,-297.56,297.56,0.63,29.384,15.835
2772,BRRR,CoinShares Valkyrie Bitcoin,CoinShares,BRRR,CoinShares Valkyrie Bitcoin,BTC-USD,2025-11-14,26.607,600.0,0.25,78.949,1.9028,36.21,1.5707,-115.16,115.16,0.62,29.384,15.581
2773,BRRR,CoinShares Valkyrie Bitcoin,CoinShares,BRRR,CoinShares Valkyrie Bitcoin,BTC-USD,2025-11-17,25.94,600.0,0.25,78.949,1.9028,45.95,1.6717,-124.9,124.9,0.63,29.384,14.946
2774,BRRR,CoinShares Valkyrie Bitcoin,CoinShares,BRRR,CoinShares Valkyrie Bitcoin,BTC-USD,2025-11-18,26.19,600.0,0.25,82.453,1.9214,96.6,1.9894,-179.05,179.05,0.66,36.653,14.406
2775,BRRR,CoinShares Valkyrie Bitcoin,CoinShares,BRRR,CoinShares Valkyrie Bitcoin,BTC-USD,2025-11-19,25.26,600.0,0.25,81.303,1.9154,544.18,2.7365,-625.49,625.49,0.84,33.643,14.505
2776,BRRR,CoinShares Valkyrie Bitcoin,CoinShares,BRRR,CoinShares Valkyrie Bitcoin,BTC-USD,2025-11-20,24.39,600.0,0.25,92.514,1.9709,95.19,1.9832,-187.71,187.71,0.74,38.288,13.843
2777,BRRR,CoinShares Valkyrie Bitcoin,CoinShares,BRRR,CoinShares Valkyrie Bitcoin,BTC-USD,2025-11-21,23.86,600.0,0.25,92.514,1.9709,167.91,2.2276,-260.42,260.42,0.78,38.288,14.067
2778,BRRR,CoinShares Valkyrie Bitcoin,CoinShares,BRRR,CoinShares Valkyrie Bitcoin,BTC-USD,2025-11-24,25.16,600.0,0.25,93.151,1.9738,-40.95,-1.6227,-52.2,52.2,0.75,33.749,13.897
2779,BRRR,CoinShares Valkyrie Bitcoin,CoinShares,BRRR,CoinShares Valkyrie Bitcoin,BTC-USD,2025-11-25,24.67,600.0,0.25,98.721,1.9988,184.11,2.2674,-282.83,282.83,0.76,39.886,14.096
2780,BRRR,CoinShares Valkyrie Bitcoin,CoinShares,BRRR,CoinShares Valkyrie Bitcoin,BTC-USD,2025-11-26,25.39,600.0,0.25,99.188,2.0008,211.52,2.3274,-310.71,310.71,0.81,36.962,13.867
2781,BRRR,CoinShares Valkyrie Bitcoin,CoinShares,BRRR,CoinShares Valkyrie Bitcoin,BTC-USD,2025-11-28,25.62,600.0,0.25,99.188,2.0008,119.95,2.0826,-219.14,219.14,0.83,36.962,13.205
2782,BRRR,CoinShares Valkyrie Bitcoin,CoinShares,BRRR,CoinShares Valkyrie Bitcoin,BTC-USD,2025-12-01,24.16,600.0,0.25,99.188,2.0008,-23.7,-1.3926,-75.49,75.49,0.81,36.962,12.85
2783,BRRR,CoinShares Valkyrie Bitcoin,CoinShares,BRRR,CoinShares Valkyrie Bitcoin,BTC-USD,2025-12-02,25.73,600.0,0.25,98.875,1.9995,101.28,2.0098,-200.16,200.16,0.81,36.962,12.633
2784,BRRR,CoinShares Valkyrie Bitcoin,CoinShares,BRRR,CoinShares Valkyrie Bitcoin,BTC-USD,2025-12-03,26.27,600.0,0.25,96.876,1.9907,84.66,1.9328,-181.54,181.54,0.82,36.962,12.249
2785,BRRR,CoinShares Valkyrie Bitcoin,CoinShares,BRRR,CoinShares Valkyrie Bitcoin,BTC-USD,2025-12-04,26.13,600.0,0.25,105.816,2.0286,-63.96,-1.8127,41.86,41.86,0.8,39.875,11.033
2786,BRRR,CoinShares Valkyrie Bitcoin,CoinShares,BRRR,CoinShares Valkyrie Bitcoin,BTC-USD,2025-12-05,25.23,600.0,0.25,94.137,1.9784,15.99,1.2302,-110.13,110.13,0.78,34.247,10.793
2787,BRRR,CoinShares Valkyrie Bitcoin,CoinShares,BRRR,CoinShares Valkyrie Bitcoin,BTC-USD,2025-12-08,25.65,600.0,0.25,95.977,1.9867,-65.31,-1.8216,-30.66,30.66,0.79,40.078,10.247
2788,BRRR,CoinShares Valkyrie Bitcoin,CoinShares,BRRR,CoinShares Valkyrie Bitcoin,BTC-USD,2025-12-09,26.32,600.0,0.25,89.468,1.9565,-14.12,-1.1794,-75.35,75.35,0.78,31.955,10.051
2789,BRRR,CoinShares Valkyrie Bitcoin,CoinShares,BRRR,CoinShares Valkyrie Bitcoin,BTC-USD,2025-12-10,26.13,600.0,0.25,98.848,1.9993,-35.04,-1.5567,-63.81,63.81,0.78,41.572,9.786
2790,BRRR,CoinShares Valkyrie Bitcoin,CoinShares,BRRR,CoinShares Valkyrie Bitcoin,BTC-USD,2025-12-11,25.94,600.0,0.25,95.937,1.9865,53.61,1.7373,-149.55,149.55,0.78,41.572,9.628
2791,BRRR,CoinShares Valkyrie Bitcoin,CoinShares,BRRR,CoinShares Valkyrie Bitcoin,BTC-USD,2025-12-12,25.486,600.0,0.25,104.556,2.0235,-17.29,-1.2623,-87.26,87.26,0.78,45.348,8.76
2792,BRRR,CoinShares Valkyrie Bitcoin,CoinShares,BRRR,CoinShares Valkyrie Bitcoin,BTC-USD,2025-12-15,24.21,600.0,0.25,106.651,2.032,-99.86,-2.0037,-6.79,6.79,0.78,45.348,8.376
2793,BRRR,CoinShares Valkyrie Bitcoin,CoinShares,BRRR,CoinShares Valkyrie Bitcoin,BTC-USD,2025-12-16,24.72,600.0,0.25,112.85,2.0563,-41.24,-1.6257,-71.61,71.61,0.78,47.487,8.246
2794,BRRR,CoinShares Valkyrie Bitcoin,CoinShares,BRRR,CoinShares Valkyrie Bitcoin,BTC-USD,2025-12-17,24.25,600.0,0.25,118.744,2.0783,-70.1,-1.8519,-48.64,48.64,0.78,49.486,7.933
2795,BRRR,CoinShares Valkyrie Bitcoin,CoinShares,BRRR,CoinShares Valkyrie Bitcoin,BTC-USD,2025-12-18,23.88,600.0,0.25,129.911,2.117,3.53,0.6558,-133.44,133.44,0.77,56.171,7.923
2796,BRRR,CoinShares Valkyrie Bitcoin,CoinShares,BRRR,CoinShares Valkyrie Bitcoin,BTC-USD,2025-12-19,24.827,600.0,0.25,141.36,2.1534,23.72,1.3931,165.08,165.08,0.74,63.193,7.671
2797,BRRR,CoinShares Valkyrie Bitcoin,CoinShares,BRRR,CoinShares Valkyrie Bitcoin,BTC-USD,2025-12-22,24.94,600.0,0.25,131.067,2.1208,-118.01,-2.0756,13.05,13.05,0.76,58.649,7.217
2798,BRRR,CoinShares Valkyrie Bitcoin,CoinShares,BRRR,CoinShares Valkyrie Bitcoin,BTC-USD,2025-12-23,24.74,600.0,0.25,131.067,2.1208,-26.28,-1.4358,104.79,104.79,0.79,58.649,6.572
2799,BRRR,CoinShares Valkyrie Bitcoin,CoinShares,BRRR,CoinShares Valkyrie Bitcoin,BTC-USD,2025-12-24,24.62,600.0,0.25,126.564,2.1057,18.17,1.2827,-144.74,144.74,0.73,60.807,6.409
2800,BRRR,CoinShares Valkyrie Bitcoin,CoinShares,BRRR,CoinShares Valkyrie Bitcoin,BTC-USD,2025-12-26,24.7,600.0,0.25,121.316,2.0875,-104.27,-2.0223,17.04,17.04,0.72,56.316,6.563
2801,BRRR,CoinShares Valkyrie Bitcoin,CoinShares,BRRR,CoinShares Valkyrie Bitcoin,BTC-USD,2025-12-29,24.57,600.0,0.25,125.573,2.1023,-90.58,-1.9618,34.99,34.99,0.73,59.854,6.628
2802,BRRR,CoinShares Valkyrie Bitcoin,CoinShares,BRRR,CoinShares Valkyrie Bitcoin,BTC-USD,2025-12-30,24.8,600.0,0.25,130.968,2.1205,-66.86,-1.8316,-64.11,64.11,0.69,59.854,7.304
2803,BRRR,CoinShares Valkyrie Bitcoin,CoinShares,BRRR,CoinShares Valkyrie Bitcoin,BTC-USD,2025-12-31,24.73,600.0,0.25,132.06,2.124,-33.41,-1.5366,98.65,98.65,0.68,61.173,8.394
2804,BRRR,CoinShares Valkyrie Bitcoin,CoinShares,BRRR,CoinShares Valkyrie Bitcoin,BTC-USD,2026-01-02,25.36,600.0,0.25,126.988,2.1072,-121.84,-2.0893,5.15,5.15,0.67,61.173,9.508
2805,BRRR,CoinShares Valkyrie Bitcoin,CoinShares,BRRR,CoinShares Valkyrie Bitcoin,BTC-USD,2026-01-05,26.62,600.0,0.25,126.988,2.1072,-35.58,-1.5632,91.41,91.41,0.67,61.173,10.304
2806,BRRR,CoinShares Valkyrie Bitcoin,CoinShares,BRRR,CoinShares Valkyrie Bitcoin,BTC-USD,2026-01-06,26.11,600.0,0.25,127.248,2.1081,49.31,1.7016,-176.56,176.56,0.62,63.125,10.991
2807,BRRR,CoinShares Valkyrie Bitcoin,CoinShares,BRRR,CoinShares Valkyrie Bitcoin,BTC-USD,2026-01-07,25.67,600.0,0.25,131.118,2.121,-107.85,-2.0368,-23.26,23.26,0.56,63.125,10.956
2808,BRRR,CoinShares Valkyrie Bitcoin,CoinShares,BRRR,CoinShares Valkyrie Bitcoin,BTC-USD,2026-01-08,25.63,600.0,0.25,121.571,2.0884,-85.76,-1.9383,-35.81,35.81,0.6,57.295,11.126
2809,BRRR,CoinShares Valkyrie Bitcoin,CoinShares,BRRR,CoinShares Valkyrie Bitcoin,BTC-USD,2026-01-09,25.46,600.0,0.25,122.266,2.0908,-40.42,-1.6172,-81.84,81.84,0.6,60.864,11.069
2810,BRRR,CoinShares Valkyrie Bitcoin,CoinShares,BRRR,CoinShares Valkyrie Bitcoin,BTC-USD,2026-01-12,25.82,600.0,0.25,118.851,2.0786,-99.8,-2.0035,-19.05,19.05,0.6,58.224,11.672
2811,BRRR,CoinShares Valkyrie Bitcoin,CoinShares,BRRR,CoinShares Valkyrie Bitcoin,BTC-USD,2026-01-13,26.68,600.0,0.25,119.54,2.0811,-94.93,-1.982,-24.61,24.61,0.61,58.224,12.228
2812,BRRR,CoinShares Valkyrie Bitcoin,CoinShares,BRRR,CoinShares Valkyrie Bitcoin,BTC-USD,2026-01-14,27.6,600.0,0.25,108.207,2.0382,-28.97,-1.4767,79.23,79.23,0.63,49.286,12.97
2813,BRRR,CoinShares Valkyrie Bitcoin,CoinShares,BRRR,CoinShares Valkyrie Bitcoin,BTC-USD,2026-01-15,26.89,600.0,0.25,113.248,2.0578,-56.63,-1.7607,56.62,56.62,0.66,52.346,12.719
2814,BRRR,CoinShares Valkyrie Bitcoin,CoinShares,BRRR,CoinShares Valkyrie Bitcoin,BTC-USD,2026-01-16,26.99,600.0,0.25,101.872,2.0123,-54.08,-1.741,47.8,47.8,0.64,50.207,14.962
2815,BRRR,CoinShares Valkyrie Bitcoin,CoinShares,BRRR,CoinShares Valkyrie Bitcoin,BTC-USD,2026-01-20,25.29,600.0,0.25,95.978,1.9867,108.68,2.0401,204.66,204.66,0.75,48.208,15.228
2816,BRRR,CoinShares Valkyrie Bitcoin,CoinShares,BRRR,CoinShares Valkyrie Bitcoin,BTC-USD,2026-01-21,25.43,600.0,0.25,82.301,1.9206,131.3,2.1216,213.61,213.61,0.85,34.254,15.687
2817,BRRR,CoinShares Valkyrie Bitcoin,CoinShares,BRRR,CoinShares Valkyrie Bitcoin,BTC-USD,2026-01-22,25.22,600.0,0.25,72.465,1.8661,-43.24,-1.6458,29.23,29.23,0.85,31.27,15.839
2818,BRRR,CoinShares Valkyrie Bitcoin,CoinShares,BRRR,CoinShares Valkyrie Bitcoin,BTC-USD,2026-01-23,25.25,600.0,0.25,77.3,1.8938,-43.13,-1.6447,34.17,34.17,0.87,34.859,15.926
2819,BRRR,CoinShares Valkyrie Bitcoin,CoinShares,BRRR,CoinShares Valkyrie Bitcoin,BTC-USD,2026-01-26,24.72,600.0,0.25,77.3,1.8938,-1.79,-0.4462,-75.51,75.51,0.85,34.859,15.957
2820,BRRR,CoinShares Valkyrie Bitcoin,CoinShares,BRRR,CoinShares Valkyrie Bitcoin,BTC-USD,2026-01-27,25.2,600.0,0.25,78.625,1.901,13.03,1.147,91.65,91.65,0.86,38.649,16.127
2821,BRRR,CoinShares Valkyrie Bitcoin,CoinShares,BRRR,CoinShares Valkyrie Bitcoin,BTC-USD,2026-01-28,25.13,600.0,0.25,76.958,1.8919,-63.45,-1.8092,-13.51,13.51,0.86,37.004,15.653
2822,BRRR,CoinShares Valkyrie Bitcoin,CoinShares,BRRR,CoinShares Valkyrie Bitcoin,BTC-USD,2026-01-29,23.72,600.0,0.25,71.504,1.8604,-52.64,-1.7295,-18.86,18.86,0.87,33.467,15.708
2823,BRRR,CoinShares Valkyrie Bitcoin,CoinShares,BRRR,CoinShares Valkyrie Bitcoin,BTC-USD,2026-01-30,23.64,600.0,0.25,66.11,1.8268,-15.76,-1.2243,50.35,50.35,0.87,33.467,15.398
2824,BRRR,CoinShares Valkyrie Bitcoin,CoinShares,BRRR,CoinShares Valkyrie Bitcoin,BTC-USD,2026-02-02,22.02,600.0,0.25,61.396,1.7952,0.17,0.0683,-61.57,61.57,0.82,32.147,15.518
2825,BRRR,CoinShares Valkyrie Bitcoin,CoinShares,BRRR,CoinShares Valkyrie Bitcoin,BTC-USD,2026-02-03,21.57,600.0,0.25,72.081,1.8638,67.05,1.8328,139.13,139.13,0.82,32.147,14.993
2826,BRRR,CoinShares Valkyrie Bitcoin,CoinShares,BRRR,CoinShares Valkyrie Bitcoin,BTC-USD,2026-02-04,20.69,600.0,0.25,78.499,1.9004,-73.05,-1.8695,5.45,5.45,0.79,34.191,14.403
2827,BRRR,CoinShares Valkyrie Bitcoin,CoinShares,BRRR,CoinShares Valkyrie Bitcoin,BTC-USD,2026-02-05,17.96,600.0,0.25,74.539,1.8782,167.87,2.2275,242.41,242.41,0.84,29.326,14.511
2828,BRRR,CoinShares Valkyrie Bitcoin,CoinShares,BRRR,CoinShares Valkyrie Bitcoin,BTC-USD,2026-02-06,19.76,600.0,0.25,96.812,1.9904,-82.81,-1.9233,-14.0,14.0,0.78,34.347,14.46
2829,BRRR,CoinShares Valkyrie Bitcoin,CoinShares,BRRR,CoinShares Valkyrie Bitcoin,BTC-USD,2026-02-09,19.97,600.0,0.25,107.628,2.0359,26.15,1.4338,133.78,133.78,0.79,46.268,14.394
2830,BRRR,CoinShares Valkyrie Bitcoin,CoinShares,BRRR,CoinShares Valkyrie Bitcoin,BTC-USD,2026-02-10,19.41,600.0,0.25,110.37,2.0468,-75.11,-1.8814,35.26,35.26,0.8,45.325,14.264
2831,BRRR,CoinShares Valkyrie Bitcoin,CoinShares,BRRR,CoinShares Valkyrie Bitcoin,BTC-USD,2026-02-11,19.05,600.0,0.25,107.487,2.0354,-72.88,-1.8685,34.61,34.61,0.79,38.348,13.833
2832,BRRR,CoinShares Valkyrie Bitcoin,CoinShares,BRRR,CoinShares Valkyrie Bitcoin,BTC-USD,2026-02-12,18.44,600.0,0.25,121.309,2.0875,-70.02,-1.8514,-51.29,51.29,0.8,52.991,13.472
2833,BRRR,CoinShares Valkyrie Bitcoin,CoinShares,BRRR,CoinShares Valkyrie Bitcoin,BTC-USD,2026-02-13,19.41,600.0,0.25,135.4,2.1348,-60.83,-1.7912,-74.57,74.57,0.8,52.991,12.978
2834,BRRR,CoinShares Valkyrie Bitcoin,CoinShares,BRRR,CoinShares Valkyrie Bitcoin,BTC-USD,2026-02-17,19.11,600.0,0.25,129.184,2.1146,-58.54,-1.7748,70.65,70.65,0.77,52.64,13.148
2835,BRRR,CoinShares Valkyrie Bitcoin,CoinShares,BRRR,CoinShares Valkyrie Bitcoin,BTC-USD,2026-02-18,18.69,600.0,0.25,145.623,2.1662,-105.33,-2.0267,-40.29,40.29,0.63,61.076,10.796
2836,BRRR,CoinShares Valkyrie Bitcoin,CoinShares,BRRR,CoinShares Valkyrie Bitcoin,BTC-USD,2026-02-19,18.94,600.0,0.25,149.777,2.1783,-12.68,-1.1362,-137.09,137.09,0.69,64.73,10.084
2837,BRRR,CoinShares Valkyrie Bitcoin,CoinShares,BRRR,CoinShares Valkyrie Bitcoin,BTC-USD,2026-02-20,19.1,600.0,0.25,147.452,2.1716,-13.21,-1.1527,-134.24,134.24,0.64,64.73,9.538
2838,BRRR,CoinShares Valkyrie Bitcoin,CoinShares,BRRR,CoinShares Valkyrie Bitcoin,BTC-USD,2026-02-23,18.18,600.0,0.25,144.554,2.163,-93.34,-1.9747,-51.21,51.21,0.66,60.691,9.233
2839,BRRR,CoinShares Valkyrie Bitcoin,CoinShares,BRRR,CoinShares Valkyrie Bitcoin,BTC-USD,2026-02-24,18.2,600.0,0.25,139.329,2.1471,-107.8,-2.0366,31.53,31.53,0.64,57.002,9.092
2840,BRRR,CoinShares Valkyrie Bitcoin,CoinShares,BRRR,CoinShares Valkyrie Bitcoin,BTC-USD,2026-02-25,19.53,600.0,0.25,139.329,2.1471,105.75,2.0284,245.08,245.08,0.54,57.002,9.04
2841,BRRR,CoinShares Valkyrie Bitcoin,CoinShares,BRRR,CoinShares Valkyrie Bitcoin,BTC-USD,2026-02-26,19.05,600.0,0.25,142.012,2.1554,-110.97,-2.0491,-31.04,31.04,0.4,57.634,9.453
2842,BRRR,CoinShares Valkyrie Bitcoin,CoinShares,BRRR,CoinShares Valkyrie Bitcoin,BTC-USD,2026-02-27,18.53,600.0,0.25,150.58,2.1806,-105.77,-2.0284,-44.81,44.81,0.39,57.634,9.457
2843,BRRR,CoinShares Valkyrie Bitcoin,CoinShares,BRRR,CoinShares Valkyrie Bitcoin,BTC-USD,2026-03-02,19.52,600.0,0.25,156.359,2.1969,-52.11,-1.7252,104.25,104.25,0.35,57.634,9.356
2844,BRRR,CoinShares Valkyrie Bitcoin,CoinShares,BRRR,CoinShares Valkyrie Bitcoin,BTC-USD,2026-03-03,19.246,600.0,0.25,170.558,2.2344,-158.82,-2.2036,11.74,11.74,0.28,71.331,9.16
2845,BRRR,CoinShares Valkyrie Bitcoin,CoinShares,BRRR,CoinShares Valkyrie Bitcoin,BTC-USD,2026-03-04,20.64,600.0,0.25,174.368,2.244,-30.95,-1.5045,143.42,143.42,0.3,71.331,8.163
2846,BRRR,CoinShares Valkyrie Bitcoin,CoinShares,BRRR,CoinShares Valkyrie Bitcoin,BTC-USD,2026-03-05,20.11,600.0,0.25,169.113,2.2307,-119.13,-2.0797,-49.98,49.98,0.29,72.667,7.645
2847,BRRR,CoinShares Valkyrie Bitcoin,CoinShares,BRRR,CoinShares Valkyrie Bitcoin,BTC-USD,2026-03-06,19.22,600.0,0.25,162.695,2.214,-105.83,-2.0287,-56.87,56.87,0.29,70.623,7.414
2848,BRRR,CoinShares Valkyrie Bitcoin,CoinShares,BRRR,CoinShares Valkyrie Bitcoin,BTC-USD,2026-03-09,19.48,600.0,0.25,159.574,2.2057,-142.56,-2.157,-17.01,17.01,0.29,72.0,6.762
2849,BRRR,CoinShares Valkyrie Bitcoin,CoinShares,BRRR,CoinShares Valkyrie Bitcoin,BTC-USD,2026-03-10,19.78,600.0,0.25,125.825,2.1032,-50.25,-1.7097,75.58,75.58,0.27,66.979,6.849
2850,BRRR,CoinShares Valkyrie Bitcoin,CoinShares,BRRR,CoinShares Valkyrie Bitcoin,BTC-USD,2026-03-11,19.95,600.0,0.25,126.629,2.1059,-85.52,-1.9371,-41.11,41.11,0.23,62.833,6.887
2851,BRRR,CoinShares Valkyrie Bitcoin,CoinShares,BRRR,CoinShares Valkyrie Bitcoin,BTC-USD,2026-03-12,19.89,600.0,0.25,117.255,2.0728,-111.18,-2.0499,-6.07,6.07,0.18,61.027,6.851
2852,BRRR,CoinShares Valkyrie Bitcoin,CoinShares,BRRR,CoinShares Valkyrie Bitcoin,BTC-USD,2026-03-13,20.086,600.0,0.25,117.255,2.0728,-83.55,-1.9271,-33.71,33.71,0.18,61.027,6.849
2853,BRRR,CoinShares Valkyrie Bitcoin,CoinShares,BRRR,CoinShares Valkyrie Bitcoin,BTC-USD,2026-03-16,20.88,600.0,0.25,104.668,2.0239,-44.26,-1.6558,60.4,60.4,0.16,46.385,6.596
2854,BRRR,CoinShares Valkyrie Bitcoin,CoinShares,BRRR,CoinShares Valkyrie Bitcoin,BTC-USD,2026-03-17,21.04,600.0,0.25,95.105,1.9827,21.08,1.3439,116.18,116.18,0.15,49.667,6.253
2855,BRRR,CoinShares Valkyrie Bitcoin,CoinShares,BRRR,CoinShares Valkyrie Bitcoin,BTC-USD,2026-03-18,20.05,600.0,0.25,93.393,1.9749,-45.8,-1.6703,-47.59,47.59,,46.957,5.867
2856,BRRR,CoinShares Valkyrie Bitcoin,CoinShares,BRRR,CoinShares Valkyrie Bitcoin,BTC-USD,2026-03-19,19.83,600.0,0.25,86.592,1.9425,6.37,0.8673,92.96,92.96,0.15,38.521,5.794
2857,BRRR,CoinShares Valkyrie Bitcoin,CoinShares,BRRR,CoinShares Valkyrie Bitcoin,BTC-USD,2026-03-20,19.8,600.0,0.25,82.87,1.9236,-21.64,-1.355,-61.23,61.23,0.1,39.254,5.816
2858,BRRR,CoinShares Valkyrie Bitcoin,CoinShares,BRRR,CoinShares Valkyrie Bitcoin,BTC-USD,2026-03-23,19.94,600.0,0.25,91.325,1.9653,-70.41,-1.8537,20.92,20.92,0.11,39.254,5.668
2859,BRRR,CoinShares Valkyrie Bitcoin,CoinShares,BRRR,CoinShares Valkyrie Bitcoin,BTC-USD,2026-03-24,19.56,600.0,0.25,96.585,1.9894,11.99,1.1135,-108.57,108.57,0.2,39.254,5.555
2860,BRRR,CoinShares Valkyrie Bitcoin,CoinShares,BRRR,CoinShares Valkyrie Bitcoin,BTC-USD,2026-03-25,20.0,600.0,0.25,98.267,1.9968,-15.32,-1.2128,-82.94,82.94,0.24,39.254,5.471
2861,BRRR,CoinShares Valkyrie Bitcoin,CoinShares,BRRR,CoinShares Valkyrie Bitcoin,BTC-USD,2026-03-26,19.33,600.0,0.25,98.267,1.9968,120.34,2.084,-218.61,218.61,0.3,39.254,5.547
2862,BRRR,CoinShares Valkyrie Bitcoin,CoinShares,BRRR,CoinShares Valkyrie Bitcoin,BTC-USD,2026-03-27,18.62,600.0,0.25,118.708,2.0781,-47.8,-1.6884,-70.91,70.91,0.34,32.674,5.053
2863,BRRR,CoinShares Valkyrie Bitcoin,CoinShares,BRRR,CoinShares Valkyrie Bitcoin,BTC-USD,2026-03-30,18.76,600.0,0.25,96.334,1.9883,-92.43,-1.9705,3.91,3.91,0.36,32.674,5.182
2864,BRRR,CoinShares Valkyrie Bitcoin,CoinShares,BRRR,CoinShares Valkyrie Bitcoin,BTC-USD,2026-03-31,19.13,600.0,0.25,98.926,1.9997,28.56,1.4707,-127.49,127.49,0.36,40.53,5.231
2865,BRRR,CoinShares Valkyrie Bitcoin,CoinShares,BRRR,CoinShares Valkyrie Bitcoin,BTC-USD,2026-04-01,19.24,600.0,0.25,84.727,1.9331,-60.1,-1.786,24.63,24.63,0.35,26.832,5.036
2866,BRRR,CoinShares Valkyrie Bitcoin,CoinShares,BRRR,CoinShares Valkyrie Bitcoin,BTC-USD,2026-04-02,18.91,600.0,0.25,84.727,1.9331,-11.8,-1.1073,-72.93,72.93,0.39,26.832,4.868
2867,BRRR,CoinShares Valkyrie Bitcoin,CoinShares,BRRR,CoinShares Valkyrie Bitcoin,BTC-USD,2026-04-06,19.68,600.0,0.25,79.297,1.9047,-23.55,-1.3901,55.74,55.74,0.37,25.496,4.654
2868,BRRR,CoinShares Valkyrie Bitcoin,CoinShares,BRRR,CoinShares Valkyrie Bitcoin,BTC-USD,2026-04-07,19.47,600.0,0.25,82.404,1.9212,293.73,2.4694,-376.14,376.14,0.33,25.496,4.633
2869,BRRR,CoinShares Valkyrie Bitcoin,CoinShares,BRRR,CoinShares Valkyrie Bitcoin,BTC-USD,2026-04-08,20.14,600.0,0.25,88.638,1.9525,-52.87,-1.7313,-35.77,35.77,0.32,24.119,4.57
2870,BRRR,CoinShares Valkyrie Bitcoin,CoinShares,BRRR,CoinShares Valkyrie Bitcoin,BTC-USD,2026-04-09,20.35,600.0,0.25,99.661,2.0029,-55.06,-1.7487,44.6,44.6,0.31,30.301,4.288
2871,BRRR,CoinShares Valkyrie Bitcoin,CoinShares,BRRR,CoinShares Valkyrie Bitcoin,BTC-USD,2026-04-10,20.675,600.0,0.25,99.375,2.0016,-99.35,-2.0015,-0.02,0.02,0.31,22.527,4.101
2872,BRRR,CoinShares Valkyrie Bitcoin,CoinShares,BRRR,CoinShares Valkyrie Bitcoin,BTC-USD,2026-04-13,20.71,600.0,0.25,101.367,2.0102,-0.52,-0.1819,-100.85,100.85,0.31,27.086,4.007
2873,BRRR,CoinShares Valkyrie Bitcoin,CoinShares,BRRR,CoinShares Valkyrie Bitcoin,BTC-USD,2026-04-14,20.97,600.0,0.25,101.367,2.0102,-73.72,-1.8734,27.65,27.65,0.3,27.086,3.849
2874,BRRR,CoinShares Valkyrie Bitcoin,CoinShares,BRRR,CoinShares Valkyrie Bitcoin,BTC-USD,2026-04-15,21.17,600.0,0.25,99.351,2.0015,69.95,1.8509,169.3,169.3,0.3,31.257,3.857
2875,BRRR,CoinShares Valkyrie Bitcoin,CoinShares,BRRR,CoinShares Valkyrie Bitcoin,BTC-USD,2026-04-16,21.27,600.0,0.25,107.347,2.0348,-82.94,-1.924,-24.41,24.41,0.27,36.597,3.826
2876,BRRR,CoinShares Valkyrie Bitcoin,CoinShares,BRRR,CoinShares Valkyrie Bitcoin,BTC-USD,2026-04-17,21.87,600.0,0.25,105.413,2.027,37.04,1.5802,142.45,142.45,0.15,36.597,4.507
2877,BRRR,CoinShares Valkyrie Bitcoin,CoinShares,BRRR,CoinShares Valkyrie Bitcoin,BTC-USD,2026-04-20,21.54,600.0,0.25,106.531,2.0315,-33.84,-1.5421,72.69,72.69,0.17,36.597,4.525
2878,BRRR,CoinShares Valkyrie Bitcoin,CoinShares,BRRR,CoinShares Valkyrie Bitcoin,BTC-USD,2026-04-21,21.15,600.0,0.25,108.863,2.0409,-38.01,-1.5912,-70.85,70.85,0.14,42.065,4.442
2879,BRRR,CoinShares Valkyrie Bitcoin,CoinShares,BRRR,CoinShares Valkyrie Bitcoin,BTC-USD,2026-04-22,22.268,600.0,0.25,112.333,2.0544,91.97,1.9683,204.3,204.3,,42.065,4.431
2880,BRRR,CoinShares Valkyrie Bitcoin,CoinShares,BRRR,CoinShares Valkyrie Bitcoin,BTC-USD,2026-04-23,21.92,600.0,0.25,109.446,2.0431,67.95,1.8385,177.39,177.39,0.23,42.065,4.524
2881,BRRR,CoinShares Valkyrie Bitcoin,CoinShares,BRRR,CoinShares Valkyrie Bitcoin,BTC-USD,2026-04-24,21.9,600.0,0.25,107.611,2.0359,41.8,1.6314,149.41,149.41,0.29,45.006,4.549
2882,BRRR,CoinShares Valkyrie Bitcoin,CoinShares,BRRR,CoinShares Valkyrie Bitcoin,BTC-USD,2026-04-27,21.68,600.0,0.25,108.665,2.0401,-52.81,-1.7309,55.86,55.86,0.3,47.382,4.646
2883,BRRR,CoinShares Valkyrie Bitcoin,CoinShares,BRRR,CoinShares Valkyrie Bitcoin,BTC-USD,2026-04-28,21.53,600.0,0.25,108.665,2.0401,28.1,1.4638,136.76,136.76,0.31,47.382,4.544
2884,BRRR,CoinShares Valkyrie Bitcoin,CoinShares,BRRR,CoinShares Valkyrie Bitcoin,BTC-USD,2026-04-29,21.29,600.0,0.25,107.545,2.0356,-38.27,-1.5941,69.27,69.27,0.32,49.328,4.459
2885,BRRR,CoinShares Valkyrie Bitcoin,CoinShares,BRRR,CoinShares Valkyrie Bitcoin,BTC-USD,2026-04-30,21.54,600.0,0.25,102.096,2.0132,43.56,1.649,145.66,145.66,0.36,42.662,4.106
2886,BRRR,CoinShares Valkyrie Bitcoin,CoinShares,BRRR,CoinShares Valkyrie Bitcoin,BTC-USD,2026-05-01,22.132,600.0,0.25,108.414,2.0391,4.43,0.7345,112.84,112.84,0.38,42.662,3.994
2887,BRRR,CoinShares Valkyrie Bitcoin,CoinShares,BRRR,CoinShares Valkyrie Bitcoin,BTC-USD,2026-05-04,22.59,600.0,0.25,108.919,2.0411,21.13,1.3449,130.05,130.05,0.4,42.662,3.963
2888,BRRR,CoinShares Valkyrie Bitcoin,CoinShares,BRRR,CoinShares Valkyrie Bitcoin,BTC-USD,2026-05-05,23.03,600.0,0.25,108.919,2.0411,-39.71,-1.6097,69.21,69.21,0.44,42.662,3.826
2889,BRRR,CoinShares Valkyrie Bitcoin,CoinShares,BRRR,CoinShares Valkyrie Bitcoin,BTC-USD,2026-05-06,22.98,600.0,0.25,106.599,2.0318,407.98,2.6117,514.57,514.57,0.5,44.237,3.873
2890,BRRR,CoinShares Valkyrie Bitcoin,CoinShares,BRRR,CoinShares Valkyrie Bitcoin,BTC-USD,2026-05-07,22.61,600.0,0.25,103.446,2.0189,-37.98,-1.5908,65.47,65.47,0.44,44.237,3.992
2891,BRRR,CoinShares Valkyrie Bitcoin,CoinShares,BRRR,CoinShares Valkyrie Bitcoin,BTC-USD,2026-05-08,22.599,600.0,0.25,87.089,1.9449,-68.38,-1.8412,18.71,18.71,0.44,41.249,3.953
2892,BRRR,CoinShares Valkyrie Bitcoin,CoinShares,BRRR,CoinShares Valkyrie Bitcoin,BTC-USD,2026-05-11,23.12,600.0,0.25,84.349,1.9312,-24.28,-1.4028,60.07,60.07,0.44,41.249,4.028
2893,BRRR,CoinShares Valkyrie Bitcoin,CoinShares,BRRR,CoinShares Valkyrie Bitcoin,BTC-USD,2026-05-12,22.8,600.0,0.25,79.47,1.9056,161.87,2.2118,241.34,241.34,0.45,35.869,4.118
2894,BRRR,CoinShares Valkyrie Bitcoin,CoinShares,BRRR,CoinShares Valkyrie Bitcoin,BTC-USD,2026-05-13,22.44,600.0,0.25,89.497,1.9566,-28.75,-1.4735,60.74,60.74,0.45,35.869,4.112
2895,BRRR,CoinShares Valkyrie Bitcoin,CoinShares,BRRR,CoinShares Valkyrie Bitcoin,BTC-USD,2026-05-14,22.97,600.0,0.25,90.045,1.9593,-24.42,-1.4052,65.62,65.62,0.46,31.699,4.118
2896,BRRR,CoinShares Valkyrie Bitcoin,CoinShares,BRRR,CoinShares Valkyrie Bitcoin,BTC-USD,2026-05-15,22.307,600.0,0.25,87.649,1.9477,-82.23,-1.9203,5.42,5.42,0.44,23.076,4.055
2897,BRRR,CoinShares Valkyrie Bitcoin,CoinShares,BRRR,CoinShares Valkyrie Bitcoin,BTC-USD,2026-05-18,21.66,600.0,0.25,89.68,1.9575,-24.26,-1.4024,-65.42,65.42,0.41,23.076,3.387
2898,BRRR,CoinShares Valkyrie Bitcoin,CoinShares,BRRR,CoinShares Valkyrie Bitcoin,BTC-USD,2026-05-19,21.64,600.0,0.25,91.986,1.9684,-42.2,-1.6355,-49.79,49.79,0.41,27.761,3.4
2899,BRRR,CoinShares Valkyrie Bitcoin,CoinShares,BRRR,CoinShares Valkyrie Bitcoin,BTC-USD,2026-05-20,21.88,600.0,0.25,84.864,1.9338,130.59,2.1192,215.46,215.46,0.39,17.907,3.648
2900,BRRR,CoinShares Valkyrie Bitcoin,CoinShares,BRRR,CoinShares Valkyrie Bitcoin,BTC-USD,2026-05-21,21.894,600.0,0.25,89.079,1.9546,-8.1,-0.959,-80.98,80.98,0.35,21.885,3.701
2901,BRRR,CoinShares Valkyrie Bitcoin,CoinShares,BRRR,CoinShares Valkyrie Bitcoin,BTC-USD,2026-05-22,21.373,600.0,0.25,86.954,1.9443,5.77,0.8306,92.72,92.72,0.37,21.885,3.653
2902,BRRR,CoinShares Valkyrie Bitcoin,CoinShares,BRRR,CoinShares Valkyrie Bitcoin,BTC-USD,2026-05-26,21.4,600.0,0.25,92.095,1.9689,-67.5,-1.8357,-24.59,24.59,0.36,26.052,3.99
2903,BRRR,CoinShares Valkyrie Bitcoin,CoinShares,BRRR,CoinShares Valkyrie Bitcoin,BTC-USD,2026-05-27,21.13,600.0,0.25,89.106,1.9548,27.83,1.4598,116.93,116.93,0.36,23.676,3.761
2904,BRRR,CoinShares Valkyrie Bitcoin,CoinShares,BRRR,CoinShares Valkyrie Bitcoin,BTC-USD,2026-05-28,20.67,600.0,0.25,88.066,1.9497,-30.02,-1.4916,-58.05,58.05,0.35,23.676,3.954
2905,BRRR,CoinShares Valkyrie Bitcoin,CoinShares,BRRR,CoinShares Valkyrie Bitcoin,BTC-USD,2026-05-29,20.7,600.0,0.25,90.864,1.9631,-72.54,-1.8665,18.33,18.33,0.35,27.1,4.212
2906,BRRR,CoinShares Valkyrie Bitcoin,CoinShares,BRRR,CoinShares Valkyrie Bitcoin,BTC-USD,2026-06-01,20.15,600.0,0.25,89.229,1.9553,-31.57,-1.5129,-57.66,57.66,0.37,25.909,4.555
2907,BRRR,CoinShares Valkyrie Bitcoin,CoinShares,BRRR,CoinShares Valkyrie Bitcoin,BTC-USD,2026-06-02,18.95,600.0,0.25,89.229,1.9553,54.96,1.7479,-144.19,144.19,0.38,25.909,4.802
2908,BRRR,CoinShares Valkyrie Bitcoin,CoinShares,BRRR,CoinShares Valkyrie Bitcoin,BTC-USD,2026-06-03,18.43,600.0,0.25,89.229,1.9553,-1.35,-0.3707,-87.88,87.88,0.4,25.909,4.81
2909,BRRR,CoinShares Valkyrie Bitcoin,CoinShares,BRRR,CoinShares Valkyrie Bitcoin,BTC-USD,2026-06-04,17.91,600.0,0.25,87.231,1.9456,310.87,2.494,-398.1,398.1,0.47,25.909,5.111
2910,BRRR,CoinShares Valkyrie Bitcoin,CoinShares,BRRR,CoinShares Valkyrie Bitcoin,BTC-USD,2026-06-05,16.99,600.0,0.25,90.946,1.9635,350.21,2.5456,-441.15,441.15,0.69,24.335,5.455
2911,BRRR,CoinShares Valkyrie Bitcoin,CoinShares,BRRR,CoinShares Valkyrie Bitcoin,BTC-USD,2026-06-08,17.88,600.0,0.25,91.746,1.9673,166.12,2.223,-257.87,257.87,0.76,24.335,5.398
2912,BRRR,CoinShares Valkyrie Bitcoin,CoinShares,BRRR,CoinShares Valkyrie Bitcoin,BTC-USD,2026-06-09,17.5,600.0,0.25,90.041,1.9592,149.29,2.1769,-239.34,239.34,0.81,21.141,5.627
2913,BRRR,CoinShares Valkyrie Bitcoin,CoinShares,BRRR,CoinShares Valkyrie Bitcoin,BTC-USD,2026-06-10,17.45,600.0,0.25,96.358,1.9884,185.45,2.2706,-281.81,281.81,0.89,22.461,5.559
2914,BRRR,CoinShares Valkyrie Bitcoin,CoinShares,BRRR,CoinShares Valkyrie Bitcoin,BTC-USD,2026-06-11,17.93,600.0,0.25,96.064,1.9871,229.44,2.3626,-325.51,325.51,0.97,22.461,5.46
2915,BRRR,CoinShares Valkyrie Bitcoin,CoinShares,BRRR,CoinShares Valkyrie Bitcoin,BTC-USD,2026-06-12,17.93,600.0,0.25,94.889,1.9818,213.02,2.3304,-307.91,307.91,1.08,22.461,5.433
2916,BRRR,CoinShares Valkyrie Bitcoin,CoinShares,BRRR,CoinShares Valkyrie Bitcoin,BTC-USD,2026-06-15,18.78,600.0,0.25,89.624,1.9572,165.76,2.2221,-255.39,255.39,1.13,22.461,5.354
2917,BRRR,CoinShares Valkyrie Bitcoin,CoinShares,BRRR,CoinShares Valkyrie Bitcoin,BTC-USD,2026-06-16,18.51,600.0,0.25,87.977,1.9493,160.74,2.2088,-248.72,248.72,1.2,22.461,5.323
2918,BRRR,CoinShares Valkyrie Bitcoin,CoinShares,BRRR,CoinShares Valkyrie Bitcoin,BTC-USD,2026-06-17,18.11,600.0,0.25,88.979,1.9541,176.4,2.249,-265.38,265.38,1.26,24.465,5.365
2919,BRRR,CoinShares Valkyrie Bitcoin,CoinShares,BRRR,CoinShares Valkyrie Bitcoin,BTC-USD,2026-06-18,17.73,600.0,0.25,83.523,1.927,190.4,2.2819,-273.92,273.92,1.33,19.78,6.13
2920,BRRR,CoinShares Valkyrie Bitcoin,CoinShares,BRRR,CoinShares Valkyrie Bitcoin,BTC-USD,2026-06-22,18.16,600.0,0.25,90.842,1.963,119.67,2.0816,-210.51,210.51,1.35,19.78,5.926
2921,BRRR,CoinShares Valkyrie Bitcoin,CoinShares,BRRR,CoinShares Valkyrie Bitcoin,BTC-USD,2026-06-23,17.56,600.0,0.25,95.96,1.9866,255.12,2.4084,-351.08,351.08,1.42,15.802,5.808
2922,BRRR,CoinShares Valkyrie Bitcoin,CoinShares,BRRR,CoinShares Valkyrie Bitcoin,BTC-USD,2026-06-24,16.87,600.0,0.25,95.175,1.9831,405.26,2.6088,-500.43,500.43,1.69,15.802,5.805
2923,BRRR,CoinShares Valkyrie Bitcoin,CoinShares,BRRR,CoinShares Valkyrie Bitcoin,BTC-USD,2026-06-25,16.7,600.0,0.25,94.253,1.9789,288.53,2.4617,-382.78,382.78,1.74,15.804,5.696
2924,BRRR,CoinShares Valkyrie Bitcoin,CoinShares,BRRR,CoinShares Valkyrie Bitcoin,BTC-USD,2026-06-26,16.83,600.0,0.25,105.138,2.0259,295.7,2.4723,-400.83,400.83,1.88,24.256,5.751
2925,BRRR,CoinShares Valkyrie Bitcoin,CoinShares,BRRR,CoinShares Valkyrie Bitcoin,BTC-USD,2026-06-29,17.02,600.0,0.25,115.792,2.0674,76.67,1.8903,-192.46,192.46,1.8,34.349,5.632
2926,BRRR,CoinShares Valkyrie Bitcoin,CoinShares,BRRR,CoinShares Valkyrie Bitcoin,BTC-USD,2026-06-30,16.55,600.0,0.25,112.644,2.0555,143.67,2.1604,-256.31,256.31,1.86,28.978,5.286
2927,BRRR,CoinShares Valkyrie Bitcoin,CoinShares,BRRR,CoinShares Valkyrie Bitcoin,BTC-USD,2026-07-01,16.9,600.0,0.25,136.281,2.1376,110.86,2.0487,-247.14,247.14,1.89,28.978,4.953
2928,BRRR,CoinShares Valkyrie Bitcoin,CoinShares,BRRR,CoinShares Valkyrie Bitcoin,BTC-USD,2026-07-02,17.33,600.0,0.25,136.281,2.1376,65.79,1.8247,-202.07,202.07,2.05,28.978,4.679
2929,BRRR,CoinShares Valkyrie Bitcoin,CoinShares,BRRR,CoinShares Valkyrie Bitcoin,BTC-USD,2026-07-06,17.97,600.0,0.25,139.039,2.1462,173.29,2.2413,-312.32,312.32,2.45,29.331,4.646
2930,BRRR,CoinShares Valkyrie Bitcoin,CoinShares,BRRR,CoinShares Valkyrie Bitcoin,BTC-USD,2026-07-07,17.99,600.0,0.25,143.802,2.1608,-80.87,-1.9131,62.93,62.93,2.12,32.022,4.391
2931,BRRR,CoinShares Valkyrie Bitcoin,CoinShares,BRRR,CoinShares Valkyrie Bitcoin,BTC-USD,2026-07-08,17.54,600.0,0.25,144.902,2.1641,-39.63,-1.6089,105.27,105.27,2.16,32.022,3.917
2932,BRRR,CoinShares Valkyrie Bitcoin,CoinShares,BRRR,CoinShares Valkyrie Bitcoin,BTC-USD,2026-07-09,17.83,600.0,0.25,173.61,2.2421,-90.8,-1.9628,-82.81,82.81,2.09,32.022,3.664
2933,BRRR,CoinShares Valkyrie Bitcoin,CoinShares,BRRR,CoinShares Valkyrie Bitcoin,BTC-USD,2026-07-10,18.015,600.0,0.25,173.61,2.2421,-50.42,-1.7112,-123.19,123.19,2.11,32.022,3.491
2934,BRRR,CoinShares Valkyrie Bitcoin,CoinShares,BRRR,CoinShares Valkyrie Bitcoin,BTC-USD,2026-07-13,17.53,600.0,0.25,199.783,2.3027,-110.34,-2.0467,-89.44,89.44,2.05,30.701,3.429
2935,BRRR,CoinShares Valkyrie Bitcoin,CoinShares,BRRR,CoinShares Valkyrie Bitcoin,BTC-USD,2026-07-14,18.19,600.0,0.25,204.704,2.3132,-87.86,-1.9487,-116.84,116.84,2.16,30.701,3.332
2936,BRRR,CoinShares Valkyrie Bitcoin,CoinShares,BRRR,CoinShares Valkyrie Bitcoin,BTC-USD,2026-07-15,18.3,600.0,0.25,204.225,2.3122,-182.69,-2.2641,-21.53,21.53,2.12,30.701,3.207
2937,BRRR,CoinShares Valkyrie Bitcoin,CoinShares,BRRR,CoinShares Valkyrie Bitcoin,BTC-USD,2026-07-16,18.1,600.0,0.25,173.288,2.2413,-111.11,-2.0497,-62.17,62.17,2.12,30.701,3.204
2938,BRRR,CoinShares Valkyrie Bitcoin,CoinShares,BRRR,CoinShares Valkyrie Bitcoin,BTC-USD,2026-07-17,18.075,600.0,0.25,144.899,2.1641,-100.09,-2.0047,-44.81,44.81,2.18,30.701,3.207
2939,BRRR,CoinShares Valkyrie Bitcoin,CoinShares,BRRR,CoinShares Valkyrie Bitcoin,BTC-USD,2026-07-20,18.36,600.0,0.25,167.197,2.2258,-125.09,-2.1007,-42.11,42.11,2.17,28.697,3.095
2940,BRRR,CoinShares Valkyrie Bitcoin,CoinShares,BRRR,CoinShares Valkyrie Bitcoin,BTC-USD,2026-07-21,18.73,600.0,0.25,171.712,2.2373,-128.8,-2.1133,-42.91,42.91,2.11,28.697,2.239
2941,BRRR,CoinShares Valkyrie Bitcoin,CoinShares,BRRR,CoinShares Valkyrie Bitcoin,BTC-USD,2026-07-22,18.57,600.0,0.25,173.998,2.243,-20.5,-1.3324,-153.5,153.5,2.05,28.697,2.176
2942,BRRR,CoinShares Valkyrie Bitcoin,CoinShares,BRRR,CoinShares Valkyrie Bitcoin,BTC-USD,2026-07-23,18.26,600.0,0.25,173.998,2.243,-160.09,-2.2071,-13.91,13.91,2.04,28.697,2.163
2943,BRRR,CoinShares Valkyrie Bitcoin,CoinShares,BRRR,CoinShares Valkyrie Bitcoin,BTC-USD,2026-07-24,18.086,600.0,0.25,163.648,2.2166,22.75,1.3757,186.4,186.4,2.04,28.697,2.07
2944,BRRR,CoinShares Valkyrie Bitcoin,CoinShares,BRRR,CoinShares Valkyrie Bitcoin,BTC-USD,2026-07-27,18.31,600.0,0.25,172.56,2.2394,102.74,2.016,275.3,275.3,2.23,21.588,1.779
2945,BRRR,CoinShares Valkyrie Bitcoin,CoinShares,BRRR,CoinShares Valkyrie Bitcoin,BTC-USD,2026-07-28,17.99,600.0,0.25,173.055,2.2407,-132.25,-2.1247,40.81,40.81,1.97,13.136,1.597
2946,BRRR,CoinShares Valkyrie Bitcoin,CoinShares,BRRR,CoinShares Valkyrie Bitcoin,BTC-USD,2026-07-29,17.92,600.0,0.25,162.571,2.2137,-65.73,-1.8243,-96.84,96.84,1.9,3.043,1.49
2947,BRRR,CoinShares Valkyrie Bitcoin,CoinShares,BRRR,CoinShares Valkyrie Bitcoin,BTC-USD,2026-07-30,18.25,600.0,0.25,162.927,2.2147,-153.44,-2.1888,-9.48,9.48,1.84,3.043,1.464
2948,BRRR,CoinShares Valkyrie Bitcoin,CoinShares,BRRR,CoinShares Valkyrie Bitcoin,BTC-USD,2026-07-31,17.72,600.0,0.25,160.785,2.2089,-154.07,-2.1905,6.71,6.71,1.84,3.043,1.488
2949,BRRR,CoinShares Valkyrie Bitcoin,CoinShares,BRRR,CoinShares Valkyrie Bitcoin,BTC-USD,2026-08-03,17.99,600.0,0.25,161.066,2.2097,-110.15,-2.0459,50.91,50.91,1.63,9.574,1.463
2950,BRRR,CoinShares Valkyrie Bitcoin,CoinShares,BRRR,CoinShares Valkyrie Bitcoin,BTC-USD,2026-08-04,18.1,600.0,0.25,160.889,2.2092,-97.53,-1.9936,63.36,63.36,2.26,9.221,1.291
2951,BRRR,CoinShares Valkyrie Bitcoin,CoinShares,BRRR,CoinShares Valkyrie Bitcoin,BTC-USD,2026-08-05,18.27,600.0,0.25,156.126,2.1962,-107.1,-2.0338,-49.03,49.03,2.2,6.531,1.24
2952,BRRR,CoinShares Valkyrie Bitcoin,CoinShares,BRRR,CoinShares Valkyrie Bitcoin,BTC-USD,2026-08-06,18.15,600.0,0.25,155.257,2.1938,-133.89,-2.13,21.37,21.37,2.18,10.726,1.209
2953,BRRR,CoinShares Valkyrie Bitcoin,CoinShares,BRRR,CoinShares Valkyrie Bitcoin,BTC-USD,2026-08-07,18.307,600.0,0.25,151.692,2.1838,-148.88,-2.1758,2.81,2.81,2.01,10.726,1.175
2954,BRRR,CoinShares Valkyrie Bitcoin,CoinShares,BRRR,CoinShares Valkyrie Bitcoin,BTC-USD,2026-08-10,18.03,600.0,0.25,160.737,2.2088,-112.86,-2.0564,47.87,47.87,2.19,10.726,1.051
2955,BRRR,CoinShares Valkyrie Bitcoin,CoinShares,BRRR,CoinShares Valkyrie Bitcoin,BTC-USD,2026-08-11,17.88,600.0,0.25,158.726,2.2034,-144.34,-2.1624,-14.39,14.39,2.13,10.726,0.985
2956,BRRR,CoinShares Valkyrie Bitcoin,CoinShares,BRRR,CoinShares Valkyrie Bitcoin,BTC-USD,2026-08-12,17.86,600.0,0.25,153.686,2.1895,-90.48,-1.9613,63.21,63.21,2.19,13.733,0.927
2957,BRRR,CoinShares Valkyrie Bitcoin,CoinShares,BRRR,CoinShares Valkyrie Bitcoin,BTC-USD,2026-08-13,17.85,600.0,0.25,155.132,2.1935,-114.17,-2.0614,-40.96,40.96,2.16,16.37,0.906
2958,BRRR,CoinShares Valkyrie Bitcoin,CoinShares,BRRR,CoinShares Valkyrie Bitcoin,BTC-USD,2026-08-14,17.723,600.0,0.25,161.574,2.2111,-79.91,-1.908,-81.66,81.66,2.15,16.37,0.824
2959,BRRR,CoinShares Valkyrie Bitcoin,CoinShares,BRRR,CoinShares Valkyrie Bitcoin,BTC-USD,2026-08-17,18.11,600.0,0.25,168.293,2.2286,-98.29,-1.9969,-70.0,70.0,2.07,16.37,0.805
2960,BRRR,CoinShares Valkyrie Bitcoin,CoinShares,BRRR,CoinShares Valkyrie Bitcoin,BTC-USD,2026-08-18,18.21,600.0,0.25,168.293,2.2286,-161.61,-2.2111,6.68,6.68,2.51,16.37,0.793
2961,BRRR,CoinShares Valkyrie Bitcoin,CoinShares,BRRR,CoinShares Valkyrie Bitcoin,BTC-USD,2026-08-19,19.28,600.0,0.25,168.293,2.2286,-80.43,-1.9108,-87.86,87.86,2.41,16.37,0.907
2962,BRRR,CoinShares Valkyrie Bitcoin,CoinShares,BRRR,CoinShares Valkyrie Bitcoin,BTC-USD,2026-08-20,20.49,600.0,0.25,187.841,2.2761,-160.55,-2.2083,27.29,27.29,2.53,16.37,0.935
2963,BRRR,CoinShares Valkyrie Bitcoin,CoinShares,BRRR,CoinShares Valkyrie Bitcoin,BTC-USD,2026-08-21,21.72,600.0,0.25,187.841,2.2761,-129.68,-2.1162,-58.16,58.16,2.37,16.37,0.984
2964,BRRR,CoinShares Valkyrie Bitcoin,CoinShares,BRRR,CoinShares Valkyrie Bitcoin,BTC-USD,2026-08-24,22.21,600.0,0.25,205.522,2.315,-168.62,-2.2295,36.9,36.9,2.63,16.37,0.974
2965,BRRR,CoinShares Valkyrie Bitcoin,CoinShares,BRRR,CoinShares Valkyrie Bitcoin,BTC-USD,2026-08-25,22.26,600.0,0.25,200.236,2.3037,-127.23,-2.108,-73.0,73.0,2.5,16.908,0.948
2966,BRRR,CoinShares Valkyrie Bitcoin,CoinShares,BRRR,CoinShares Valkyrie Bitcoin,BTC-USD,2026-08-26,22.13,600.0,0.25,201.212,2.3058,-190.38,-2.2819,10.83,10.83,2.58,16.908,0.928
2967,BRRR,CoinShares Valkyrie Bitcoin,CoinShares,BRRR,CoinShares Valkyrie Bitcoin,BTC-USD,2026-08-27,22.53,600.0,0.25,209.069,2.3224,-90.4,-1.9609,118.67,118.67,2.77,16.908,0.931
2968,BTCW,WisdomTree Bitcoin Fund,WisdomTree,BTCW,WisdomTree Bitcoin Fund,BTC-USD,2025-03-07,92.13,400.0,0.25,103.996,2.0212,-73.24,-1.8707,-30.75,30.75,0.21,83.538,29.86
2969,BTCW,WisdomTree Bitcoin Fund,WisdomTree,BTCW,WisdomTree Bitcoin Fund,BTC-USD,2025-03-10,83.67,400.0,0.25,93.822,1.9769,-34.92,-1.5553,58.91,58.91,0.23,75.031,29.983
2970,BTCW,WisdomTree Bitcoin Fund,WisdomTree,BTCW,WisdomTree Bitcoin Fund,BTC-USD,2025-03-11,88.06,400.0,0.25,102.529,2.0151,54.74,1.7462,157.27,157.27,0.26,74.876,32.088
2971,BTCW,WisdomTree Bitcoin Fund,WisdomTree,BTCW,WisdomTree Bitcoin Fund,BTC-USD,2025-03-12,87.76,400.0,0.25,104.12,2.0217,-47.67,-1.6873,-56.45,56.45,0.18,83.025,28.545
2972,BTCW,WisdomTree Bitcoin Fund,WisdomTree,BTCW,WisdomTree Bitcoin Fund,BTC-USD,2025-03-13,84.86,400.0,0.25,110.777,2.0484,-94.51,-1.9801,-16.27,16.27,0.23,91.0,28.412
2973,BTCW,WisdomTree Bitcoin Fund,WisdomTree,BTCW,WisdomTree Bitcoin Fund,BTC-USD,2025-03-14,89.68,400.0,0.25,105.908,2.029,106.58,2.0317,212.49,212.49,0.25,80.841,28.309
2974,BTCW,WisdomTree Bitcoin Fund,WisdomTree,BTCW,WisdomTree Bitcoin Fund,BTC-USD,2025-03-17,89.6,400.0,0.25,106.893,2.033,34.25,1.5472,141.15,141.15,0.25,86.224,28.214
2975,BTCW,WisdomTree Bitcoin Fund,WisdomTree,BTCW,WisdomTree Bitcoin Fund,BTC-USD,2025-03-18,87.19,400.0,0.25,106.359,2.0308,-84.43,-1.9316,21.93,21.93,0.23,86.224,28.323
2976,BTCW,WisdomTree Bitcoin Fund,WisdomTree,BTCW,WisdomTree Bitcoin Fund,BTC-USD,2025-03-19,90.62,400.0,0.25,108.518,2.0395,-73.45,-1.8719,35.07,35.07,0.22,86.224,26.969
2977,BTCW,WisdomTree Bitcoin Fund,WisdomTree,BTCW,WisdomTree Bitcoin Fund,BTC-USD,2025-03-20,89.18,400.0,0.25,118.095,2.0759,-27.48,-1.4546,90.61,90.61,0.23,96.06,26.79
2978,BTCW,WisdomTree Bitcoin Fund,WisdomTree,BTCW,WisdomTree Bitcoin Fund,BTC-USD,2025-03-21,88.92,400.0,0.25,115.937,2.068,-108.01,-2.0375,7.93,7.93,0.22,96.06,26.479
2979,BTCW,WisdomTree Bitcoin Fund,WisdomTree,BTCW,WisdomTree Bitcoin Fund,BTC-USD,2025-03-24,93.56,400.0,0.25,110.411,2.0469,164.72,2.2194,275.14,275.14,0.19,91.45,25.274
2980,BTCW,WisdomTree Bitcoin Fund,WisdomTree,BTCW,WisdomTree Bitcoin Fund,BTC-USD,2025-03-25,93.36,400.0,0.25,117.116,2.0723,50.02,1.7078,-167.14,167.14,,95.969,24.569
2981,BTCW,WisdomTree Bitcoin Fund,WisdomTree,BTCW,WisdomTree Bitcoin Fund,BTC-USD,2025-03-26,91.68,400.0,0.25,123.186,2.0941,-75.31,-1.8826,47.88,47.88,,95.969,19.602
2982,BTCW,WisdomTree Bitcoin Fund,WisdomTree,BTCW,WisdomTree Bitcoin Fund,BTC-USD,2025-03-27,92.19,400.0,0.25,128.927,2.1137,-115.81,-2.0675,-13.11,13.11,,102.993,18.951
2983,BTCW,WisdomTree Bitcoin Fund,WisdomTree,BTCW,WisdomTree Bitcoin Fund,BTC-USD,2025-03-28,88.62,400.0,0.25,118.503,2.0774,-41.64,-1.6299,76.86,76.86,,88.99,17.833
2984,BTCW,WisdomTree Bitcoin Fund,WisdomTree,BTCW,WisdomTree Bitcoin Fund,BTC-USD,2025-03-31,87.265,400.0,0.25,116.757,2.071,-89.5,-1.9566,-27.26,27.26,,85.498,18.151
2985,BTCW,WisdomTree Bitcoin Fund,WisdomTree,BTCW,WisdomTree Bitcoin Fund,BTC-USD,2025-04-01,90.05,400.0,0.25,116.845,2.0713,-96.21,-1.9877,-20.64,20.64,,85.498,17.836
2986,BTCW,WisdomTree Bitcoin Fund,WisdomTree,BTCW,WisdomTree Bitcoin Fund,BTC-USD,2025-04-02,92.14,400.0,0.25,124.99,2.1003,438.19,2.6427,563.18,563.18,,85.498,16.321
2987,BTCW,WisdomTree Bitcoin Fund,WisdomTree,BTCW,WisdomTree Bitcoin Fund,BTC-USD,2025-04-03,86.76,400.0,0.25,129.012,2.114,-3.16,-0.6186,-125.86,125.86,,85.498,14.81
2988,BTCW,WisdomTree Bitcoin Fund,WisdomTree,BTCW,WisdomTree Bitcoin Fund,BTC-USD,2025-04-04,88.96,400.0,0.25,125.355,2.1016,-4.19,-0.7154,121.16,121.16,,74.405,15.365
2989,BTCW,WisdomTree Bitcoin Fund,WisdomTree,BTCW,WisdomTree Bitcoin Fund,BTC-USD,2025-04-07,82.54,400.0,0.25,122.62,2.0921,107.68,2.0361,-230.3,230.3,,61.841,15.466
2990,BTCW,WisdomTree Bitcoin Fund,WisdomTree,BTCW,WisdomTree Bitcoin Fund,BTC-USD,2025-04-08,81.29,400.0,0.25,138.599,2.1449,-70.54,-1.8545,-68.06,68.06,,80.635,14.999
2991,BTCW,WisdomTree Bitcoin Fund,WisdomTree,BTCW,WisdomTree Bitcoin Fund,BTC-USD,2025-04-09,87.29,400.0,0.25,134.498,2.1319,-70.07,-1.8517,-64.43,64.43,,79.55,12.84
2992,BTCW,WisdomTree Bitcoin Fund,WisdomTree,BTCW,WisdomTree Bitcoin Fund,BTC-USD,2025-04-10,84.17,400.0,0.25,141.508,2.1538,-96.82,-1.9904,44.69,44.69,,82.168,13.336
2993,BTCW,WisdomTree Bitcoin Fund,WisdomTree,BTCW,WisdomTree Bitcoin Fund,BTC-USD,2025-04-11,88.76,400.0,0.25,135.599,2.1354,21.21,1.3466,156.81,156.81,,74.193,13.433
2994,BTCW,WisdomTree Bitcoin Fund,WisdomTree,BTCW,WisdomTree Bitcoin Fund,BTC-USD,2025-04-14,89.93,400.0,0.25,125.299,2.1014,-88.07,-1.9497,-37.23,37.23,,74.193,13.577
2995,BTCW,WisdomTree Bitcoin Fund,WisdomTree,BTCW,WisdomTree Bitcoin Fund,BTC-USD,2025-04-15,89.03,400.0,0.25,125.689,2.1027,-107.07,-2.0337,-18.62,18.62,,72.782,13.273
2996,BTCW,WisdomTree Bitcoin Fund,WisdomTree,BTCW,WisdomTree Bitcoin Fund,BTC-USD,2025-04-16,89.33,400.0,0.25,127.085,2.1075,-45.49,-1.6674,81.6,81.6,,74.51,13.399
2997,BTCW,WisdomTree Bitcoin Fund,WisdomTree,BTCW,WisdomTree Bitcoin Fund,BTC-USD,2025-04-17,89.98,400.0,0.25,132.877,2.1267,32.23,1.5215,165.1,165.1,,80.619,13.002
2998,BTCW,WisdomTree Bitcoin Fund,WisdomTree,BTCW,WisdomTree Bitcoin Fund,BTC-USD,2025-04-21,92.69,400.0,0.25,120.601,2.0849,-97.72,-1.9944,22.88,22.88,,69.178,13.092
2999,BTCW,WisdomTree Bitcoin Fund,WisdomTree,BTCW,WisdomTree Bitcoin Fund,BTC-USD,2025-04-22,97.14,400.0,0.25,120.601,2.0849,-21.98,-1.3613,-98.62,98.62,,69.178,14.475
3000,BTCW,WisdomTree Bitcoin Fund,WisdomTree,BTCW,WisdomTree Bitcoin Fund,BTC-USD,2025-04-23,99.18,400.0,0.25,120.601,2.0849,-96.38,-1.9885,-24.22,24.22,,69.178,14.829
3001,BTCW,WisdomTree Bitcoin Fund,WisdomTree,BTCW,WisdomTree Bitcoin Fund,BTC-USD,2025-04-24,99.24,400.0,0.25,119.12,2.0796,-95.24,-1.9834,-23.88,23.88,,67.371,14.786
3002,BTCW,WisdomTree Bitcoin Fund,WisdomTree,BTCW,WisdomTree Bitcoin Fund,BTC-USD,2025-04-25,101.17,400.0,0.25,115.207,2.0652,97.64,1.9941,212.85,212.85,,67.371,14.619
3003,BTCW,WisdomTree Bitcoin Fund,WisdomTree,BTCW,WisdomTree Bitcoin Fund,BTC-USD,2025-04-28,100.49,400.0,0.25,113.622,2.0593,-19.55,-1.3129,94.07,94.07,,60.056,14.305
3004,BTCW,WisdomTree Bitcoin Fund,WisdomTree,BTCW,WisdomTree Bitcoin Fund,BTC-USD,2025-04-29,101.1,400.0,0.25,114.612,2.063,181.59,2.2615,296.21,296.21,,60.056,14.029
3005,BTCW,WisdomTree Bitcoin Fund,WisdomTree,BTCW,WisdomTree Bitcoin Fund,BTC-USD,2025-04-30,99.74,400.0,0.25,117.445,2.0735,-11.98,-1.1134,105.46,105.46,,60.056,13.242
3006,BTCW,WisdomTree Bitcoin Fund,WisdomTree,BTCW,WisdomTree Bitcoin Fund,BTC-USD,2025-05-01,102.34,400.0,0.25,117.515,2.0738,15.84,1.2262,133.35,133.35,,60.056,12.305
3007,BTCW,WisdomTree Bitcoin Fund,WisdomTree,BTCW,WisdomTree Bitcoin Fund,BTC-USD,2025-05-02,102.81,400.0,0.25,112.433,2.0547,273.58,2.4387,-386.01,386.01,,60.056,12.695
3008,BTCW,WisdomTree Bitcoin Fund,WisdomTree,BTCW,WisdomTree Bitcoin Fund,BTC-USD,2025-05-05,100.0,400.0,0.25,112.406,2.0546,98.39,1.9973,210.8,210.8,,60.056,12.837
3009,BTCW,WisdomTree Bitcoin Fund,WisdomTree,BTCW,WisdomTree Bitcoin Fund,BTC-USD,2025-05-06,100.6,400.0,0.25,112.971,2.0568,-16.22,-1.2361,-96.75,96.75,,65.013,11.801
3010,BTCW,WisdomTree Bitcoin Fund,WisdomTree,BTCW,WisdomTree Bitcoin Fund,BTC-USD,2025-05-07,101.93,400.0,0.25,112.971,2.0568,116.42,2.0697,229.39,229.39,,65.013,11.187
3011,BTCW,WisdomTree Bitcoin Fund,WisdomTree,BTCW,WisdomTree Bitcoin Fund,BTC-USD,2025-05-08,107.55,400.0,0.25,93.106,1.9736,-88.14,-1.9501,-4.96,4.96,,46.219,11.09
3012,BTCW,WisdomTree Bitcoin Fund,WisdomTree,BTCW,WisdomTree Bitcoin Fund,BTC-USD,2025-05-09,109.41,400.0,0.25,79.174,1.904,137.39,2.1411,216.56,216.56,,34.919,10.655
3013,BTCW,WisdomTree Bitcoin Fund,WisdomTree,BTCW,WisdomTree Bitcoin Fund,BTC-USD,2025-05-12,107.93,400.0,0.25,69.722,1.8496,50.87,1.715,120.6,120.6,,25.118,9.941
3014,BTCW,WisdomTree Bitcoin Fund,WisdomTree,BTCW,WisdomTree Bitcoin Fund,BTC-USD,2025-05-13,111.11,400.0,0.25,68.76,1.8436,126.91,2.1069,195.67,195.67,,25.309,9.383
3015,BTCW,WisdomTree Bitcoin Fund,WisdomTree,BTCW,WisdomTree Bitcoin Fund,BTC-USD,2025-05-14,109.52,400.0,0.25,72.848,1.8683,28.9,1.4757,101.75,101.75,,27.585,9.188
3016,BTCW,WisdomTree Bitcoin Fund,WisdomTree,BTCW,WisdomTree Bitcoin Fund,BTC-USD,2025-05-15,109.4,400.0,0.25,67.595,1.8363,8.08,0.9579,75.67,75.67,,24.427,9.108
3017,BTCW,WisdomTree Bitcoin Fund,WisdomTree,BTCW,WisdomTree Bitcoin Fund,BTC-USD,2025-05-16,110.3,400.0,0.25,64.438,1.8158,124.22,2.0977,188.65,188.65,,22.7,8.793
3018,BTCW,WisdomTree Bitcoin Fund,WisdomTree,BTCW,WisdomTree Bitcoin Fund,BTC-USD,2025-05-19,111.92,400.0,0.25,61.769,1.7977,114.04,2.0608,175.81,175.81,,18.954,8.715
3019,BTCW,WisdomTree Bitcoin Fund,WisdomTree,BTCW,WisdomTree Bitcoin Fund,BTC-USD,2025-05-20,113.48,400.0,0.25,65.282,1.8214,135.46,2.135,200.75,200.75,,18.954,8.627
3020,BTCW,WisdomTree Bitcoin Fund,WisdomTree,BTCW,WisdomTree Bitcoin Fund,BTC-USD,2025-05-21,115.22,400.0,0.25,65.282,1.8214,183.49,2.266,248.77,248.77,,18.954,7.736
3021,BTCW,WisdomTree Bitcoin Fund,WisdomTree,BTCW,WisdomTree Bitcoin Fund,BTC-USD,2025-05-22,117.94,400.0,0.25,66.211,1.8274,67.31,1.8345,133.52,133.52,,18.954,7.471
3022,BTCW,WisdomTree Bitcoin Fund,WisdomTree,BTCW,WisdomTree Bitcoin Fund,BTC-USD,2025-05-23,115.27,400.0,0.25,65.911,1.8255,219.94,2.3443,285.85,285.85,,16.242,7.789
3023,BTCW,WisdomTree Bitcoin Fund,WisdomTree,BTCW,WisdomTree Bitcoin Fund,BTC-USD,2025-05-27,116.65,400.0,0.25,68.391,1.8413,74.57,1.8784,142.96,142.96,,16.242,7.832
3024,BTCW,WisdomTree Bitcoin Fund,WisdomTree,BTCW,WisdomTree Bitcoin Fund,BTC-USD,2025-05-28,113.3,400.0,0.25,64.608,1.817,-21.87,-1.3593,42.74,42.74,,16.242,8.015
3025,BTCW,WisdomTree Bitcoin Fund,WisdomTree,BTCW,WisdomTree Bitcoin Fund,BTC-USD,2025-05-29,112.05,400.0,0.25,63.943,1.8125,-50.78,-1.7142,-13.16,13.16,,16.494,8.11
3026,BTCW,WisdomTree Bitcoin Fund,WisdomTree,BTCW,WisdomTree Bitcoin Fund,BTC-USD,2025-05-30,110.82,400.0,0.25,59.679,1.783,86.63,1.9427,146.31,146.31,,16.494,8.204
3027,BTCW,WisdomTree Bitcoin Fund,WisdomTree,BTCW,WisdomTree Bitcoin Fund,BTC-USD,2025-06-02,110.675,400.0,0.25,64.141,1.8139,0.03,0.0138,-64.17,64.17,,18.271,8.053
3028,BTCW,WisdomTree Bitcoin Fund,WisdomTree,BTCW,WisdomTree Bitcoin Fund,BTC-USD,2025-06-03,112.68,400.0,0.25,65.07,1.82,83.24,1.9255,148.31,148.31,,18.271,7.459
3029,BTCW,WisdomTree Bitcoin Fund,WisdomTree,BTCW,WisdomTree Bitcoin Fund,BTC-USD,2025-06-04,111.08,400.0,0.25,67.415,1.8351,64.84,1.8185,132.25,132.25,,18.271,6.92
3030,BTCW,WisdomTree Bitcoin Fund,WisdomTree,BTCW,WisdomTree Bitcoin Fund,BTC-USD,2025-06-05,107.92,400.0,0.25,65.856,1.8251,185.8,2.2714,251.66,251.66,,15.867,7.258
3031,BTCW,WisdomTree Bitcoin Fund,WisdomTree,BTCW,WisdomTree Bitcoin Fund,BTC-USD,2025-06-06,110.51,400.0,0.25,77.589,1.8954,59.29,1.7802,136.87,136.87,,18.805,7.401
3032,BTCW,WisdomTree Bitcoin Fund,WisdomTree,BTCW,WisdomTree Bitcoin Fund,BTC-USD,2025-06-09,115.25,400.0,0.25,77.589,1.8954,32.21,1.5212,109.8,109.8,,18.805,7.16
3033,BTCW,WisdomTree Bitcoin Fund,WisdomTree,BTCW,WisdomTree Bitcoin Fund,BTC-USD,2025-06-10,116.18,400.0,0.25,79.554,1.9061,-76.55,-1.8896,-3.0,3.0,,18.805,7.044
3034,BTCW,WisdomTree Bitcoin Fund,WisdomTree,BTCW,WisdomTree Bitcoin Fund,BTC-USD,2025-06-11,115.35,400.0,0.25,83.764,1.9282,86.48,1.9419,170.25,170.25,,23.429,6.824
3035,BTCW,WisdomTree Bitcoin Fund,WisdomTree,BTCW,WisdomTree Bitcoin Fund,BTC-USD,2025-06-12,113.17,400.0,0.25,77.515,1.895,-54.42,-1.7437,23.09,23.09,,23.239,6.741
3036,BTCW,WisdomTree Bitcoin Fund,WisdomTree,BTCW,WisdomTree Bitcoin Fund,BTC-USD,2025-06-13,111.45,400.0,0.25,74.306,1.8768,-20.27,-1.3278,-54.03,54.03,,20.962,6.688
3037,BTCW,WisdomTree Bitcoin Fund,WisdomTree,BTCW,WisdomTree Bitcoin Fund,BTC-USD,2025-06-16,115.3,400.0,0.25,71.682,1.8614,189.58,2.2801,261.26,261.26,,17.271,6.848
3038,BTCW,WisdomTree Bitcoin Fund,WisdomTree,BTCW,WisdomTree Bitcoin Fund,BTC-USD,2025-06-17,110.93,400.0,0.25,73.548,1.8724,-20.61,-1.3347,-52.93,52.93,,17.271,7.17
3039,BTCW,WisdomTree Bitcoin Fund,WisdomTree,BTCW,WisdomTree Bitcoin Fund,BTC-USD,2025-06-18,109.95,400.0,0.25,77.013,1.8922,50.83,1.7145,-127.84,127.84,,21.691,7.37
3040,BTCW,WisdomTree Bitcoin Fund,WisdomTree,BTCW,WisdomTree Bitcoin Fund,BTC-USD,2025-06-20,109.39,400.0,0.25,78.185,1.8986,7.56,0.9323,-85.74,85.74,,26.163,7.532
3041,BTCW,WisdomTree Bitcoin Fund,WisdomTree,BTCW,WisdomTree Bitcoin Fund,BTC-USD,2025-06-23,109.39,400.0,0.25,82.661,1.9225,93.67,1.9762,-176.34,176.34,,26.163,7.325
3042,BTCW,WisdomTree Bitcoin Fund,WisdomTree,BTCW,WisdomTree Bitcoin Fund,BTC-USD,2025-06-24,112.045,400.0,0.25,82.614,1.9223,-38.27,-1.594,-44.35,44.35,,26.163,7.459
3043,BTCW,WisdomTree Bitcoin Fund,WisdomTree,BTCW,WisdomTree Bitcoin Fund,BTC-USD,2025-06-25,114.25,400.0,0.25,79.996,1.9085,2.24,0.5104,-82.23,82.23,,26.163,7.269
3044,BTCW,WisdomTree Bitcoin Fund,WisdomTree,BTCW,WisdomTree Bitcoin Fund,BTC-USD,2025-06-26,114.1,400.0,0.25,78.212,1.8988,-36.67,-1.5761,-41.54,41.54,,28.007,7.46
3045,BTCW,WisdomTree Bitcoin Fund,WisdomTree,BTCW,WisdomTree Bitcoin Fund,BTC-USD,2025-06-27,113.19,400.0,0.25,79.418,1.9054,-19.0,-1.301,60.42,60.42,,30.575,7.217
3046,BTCW,WisdomTree Bitcoin Fund,WisdomTree,BTCW,WisdomTree Bitcoin Fund,BTC-USD,2025-06-30,114.22,400.0,0.25,78.82,1.9021,-3.34,-0.6379,75.48,75.48,0.16,32.711,7.27
3047,BTCW,WisdomTree Bitcoin Fund,WisdomTree,BTCW,WisdomTree Bitcoin Fund,BTC-USD,2025-07-01,111.59,400.0,0.25,79.871,1.9078,-11.12,-1.0837,-68.75,68.75,0.3,32.711,7.054
3048,BTCW,WisdomTree Bitcoin Fund,WisdomTree,BTCW,WisdomTree Bitcoin Fund,BTC-USD,2025-07-02,116.4,400.0,0.25,77.388,1.8942,189.52,2.28,266.91,266.91,0.28,30.933,8.089
3049,BTCW,WisdomTree Bitcoin Fund,WisdomTree,BTCW,WisdomTree Bitcoin Fund,BTC-USD,2025-07-03,115.75,400.0,0.25,76.336,1.8884,-5.42,-0.8072,-70.92,70.92,0.27,30.933,8.152
3050,BTCW,WisdomTree Bitcoin Fund,WisdomTree,BTCW,WisdomTree Bitcoin Fund,BTC-USD,2025-07-07,114.53,400.0,0.25,76.297,1.8882,-61.72,-1.7974,14.58,14.58,0.23,30.933,8.634
3051,BTCW,WisdomTree Bitcoin Fund,WisdomTree,BTCW,WisdomTree Bitcoin Fund,BTC-USD,2025-07-08,115.33,400.0,0.25,76.64,1.8901,-23.78,-1.3941,52.86,52.86,0.21,28.38,8.572
3052,BTCW,WisdomTree Bitcoin Fund,WisdomTree,BTCW,WisdomTree Bitcoin Fund,BTC-USD,2025-07-09,118.49,400.0,0.25,67.247,1.8341,74.69,1.8791,141.94,141.94,0.2,25.442,8.418
3053,BTCW,WisdomTree Bitcoin Fund,WisdomTree,BTCW,WisdomTree Bitcoin Fund,BTC-USD,2025-07-10,120.3,400.0,0.25,66.937,1.8321,-49.01,-1.699,17.93,17.93,0.2,25.442,8.73
3054,BTCW,WisdomTree Bitcoin Fund,WisdomTree,BTCW,WisdomTree Bitcoin Fund,BTC-USD,2025-07-11,125.3,400.0,0.25,64.972,1.8194,172.85,2.2402,237.83,237.83,0.2,25.442,8.736
3055,BTCW,WisdomTree Bitcoin Fund,WisdomTree,BTCW,WisdomTree Bitcoin Fund,BTC-USD,2025-07-14,127.21,400.0,0.25,53.013,1.7325,125.47,2.102,178.48,178.48,0.21,18.055,9.043
3056,BTCW,WisdomTree Bitcoin Fund,WisdomTree,BTCW,WisdomTree Bitcoin Fund,BTC-USD,2025-07-15,123.46,400.0,0.25,53.013,1.7325,-50.71,-1.7136,-2.3,2.3,0.2,18.055,9.241
3057,BTCW,WisdomTree Bitcoin Fund,WisdomTree,BTCW,WisdomTree Bitcoin Fund,BTC-USD,2025-07-16,126.55,400.0,0.25,57.057,1.7639,292.31,2.4673,349.37,349.37,0.14,18.055,9.314
3058,BTCW,WisdomTree Bitcoin Fund,WisdomTree,BTCW,WisdomTree Bitcoin Fund,BTC-USD,2025-07-17,126.23,400.0,0.25,59.564,1.7822,-56.24,-1.7577,-3.33,3.33,,23.46,9.116
3059,BTCW,WisdomTree Bitcoin Fund,WisdomTree,BTCW,WisdomTree Bitcoin Fund,BTC-USD,2025-07-18,124.41,400.0,0.25,63.929,1.8124,88.14,1.9501,152.07,152.07,,24.459,8.694
3060,BTCW,WisdomTree Bitcoin Fund,WisdomTree,BTCW,WisdomTree Bitcoin Fund,BTC-USD,2025-07-21,123.84,400.0,0.25,64.901,1.8189,196.14,2.2948,261.04,261.04,,24.072,8.418
3061,BTCW,WisdomTree Bitcoin Fund,WisdomTree,BTCW,WisdomTree Bitcoin Fund,BTC-USD,2025-07-22,126.56,400.0,0.25,69.171,1.8462,146.1,2.1676,215.27,215.27,,20.453,8.085
3062,BTCW,WisdomTree Bitcoin Fund,WisdomTree,BTCW,WisdomTree Bitcoin Fund,BTC-USD,2025-07-23,125.46,400.0,0.25,69.121,1.8458,334.97,2.5263,404.09,404.09,0.2,21.184,7.697
3063,BTCW,WisdomTree Bitcoin Fund,WisdomTree,BTCW,WisdomTree Bitcoin Fund,BTC-USD,2025-07-24,126.26,400.0,0.25,69.122,1.8459,219.69,2.3438,288.81,288.81,0.27,21.184,7.405
3064,BTCW,WisdomTree Bitcoin Fund,WisdomTree,BTCW,WisdomTree Bitcoin Fund,BTC-USD,2025-07-25,123.85,400.0,0.25,69.122,1.8459,-16.29,-1.2378,52.83,52.83,0.26,21.184,7.578
3065,BTCW,WisdomTree Bitcoin Fund,WisdomTree,BTCW,WisdomTree Bitcoin Fund,BTC-USD,2025-07-28,125.25,400.0,0.25,69.474,1.848,57.46,1.7668,126.93,126.93,0.26,19.339,7.163
3066,BTCW,WisdomTree Bitcoin Fund,WisdomTree,BTCW,WisdomTree Bitcoin Fund,BTC-USD,2025-07-29,124.48,400.0,0.25,67.315,1.8345,88.48,1.9517,155.8,155.8,0.26,19.883,7.516
3067,BTCW,WisdomTree Bitcoin Fund,WisdomTree,BTCW,WisdomTree Bitcoin Fund,BTC-USD,2025-07-30,123.8,400.0,0.25,69.852,1.8504,-50.14,-1.7087,19.71,19.71,0.27,23.093,7.568
3068,BTCW,WisdomTree Bitcoin Fund,WisdomTree,BTCW,WisdomTree Bitcoin Fund,BTC-USD,2025-07-31,123.71,400.0,0.25,78.508,1.9004,199.71,2.3026,278.21,278.21,0.35,29.63,7.633
3069,BTCW,WisdomTree Bitcoin Fund,WisdomTree,BTCW,WisdomTree Bitcoin Fund,BTC-USD,2025-08-01,119.74,400.0,0.25,75.687,1.8847,-48.83,-1.6975,-26.86,26.86,0.35,29.63,7.095
3070,BTCW,WisdomTree Bitcoin Fund,WisdomTree,BTCW,WisdomTree Bitcoin Fund,BTC-USD,2025-08-04,121.66,400.0,0.25,83.314,1.9259,33.67,1.5399,116.98,116.98,0.38,34.2,7.05
3071,BTCW,WisdomTree Bitcoin Fund,WisdomTree,BTCW,WisdomTree Bitcoin Fund,BTC-USD,2025-08-05,120.43,400.0,0.25,83.314,1.9259,1.0,0.3019,84.32,84.32,0.4,34.2,6.538
3072,BTCW,WisdomTree Bitcoin Fund,WisdomTree,BTCW,WisdomTree Bitcoin Fund,BTC-USD,2025-08-06,122.18,400.0,0.25,84.624,1.9326,58.81,1.7768,143.43,143.43,0.42,34.2,6.242
3073,BTCW,WisdomTree Bitcoin Fund,WisdomTree,BTCW,WisdomTree Bitcoin Fund,BTC-USD,2025-08-07,124.61,400.0,0.25,84.624,1.9326,-16.13,-1.2337,68.49,68.49,0.42,34.2,6.241
3074,BTCW,WisdomTree Bitcoin Fund,WisdomTree,BTCW,WisdomTree Bitcoin Fund,BTC-USD,2025-08-08,123.35,400.0,0.25,88.817,1.9534,119.2,2.0799,208.02,208.02,0.41,38.459,6.164
3075,BTCW,WisdomTree Bitcoin Fund,WisdomTree,BTCW,WisdomTree Bitcoin Fund,BTC-USD,2025-08-11,126.2,400.0,0.25,88.817,1.9534,-71.97,-1.8632,-16.84,16.84,0.39,38.459,6.274
3076,BTCW,WisdomTree Bitcoin Fund,WisdomTree,BTCW,WisdomTree Bitcoin Fund,BTC-USD,2025-08-12,126.85,400.0,0.25,92.757,1.972,-31.45,-1.5112,-61.31,61.31,0.41,41.601,5.964
3077,BTCW,WisdomTree Bitcoin Fund,WisdomTree,BTCW,WisdomTree Bitcoin Fund,BTC-USD,2025-08-13,130.29,400.0,0.25,92.757,1.972,41.39,1.6273,134.15,134.15,0.4,41.601,6.021
3078,BTCW,WisdomTree Bitcoin Fund,WisdomTree,BTCW,WisdomTree Bitcoin Fund,BTC-USD,2025-08-14,125.11,400.0,0.25,95.425,1.9842,-9.39,-1.0165,-86.04,86.04,0.39,41.601,5.952
3079,BTCW,WisdomTree Bitcoin Fund,WisdomTree,BTCW,WisdomTree Bitcoin Fund,BTC-USD,2025-08-15,123.96,400.0,0.25,99.352,2.0015,-56.56,-1.7601,-42.79,42.79,0.4,36.697,5.832
3080,BTCW,WisdomTree Bitcoin Fund,WisdomTree,BTCW,WisdomTree Bitcoin Fund,BTC-USD,2025-08-18,123.29,400.0,0.25,91.38,1.9656,-48.12,-1.6913,43.26,43.26,0.38,35.698,5.703
3081,BTCW,WisdomTree Bitcoin Fund,WisdomTree,BTCW,WisdomTree Bitcoin Fund,BTC-USD,2025-08-19,119.81,400.0,0.25,86.809,1.9435,-58.55,-1.7749,28.26,28.26,0.38,29.303,5.662
3082,BTCW,WisdomTree Bitcoin Fund,WisdomTree,BTCW,WisdomTree Bitcoin Fund,BTC-USD,2025-08-20,121.12,400.0,0.25,82.854,1.9235,-70.69,-1.8555,-12.16,12.16,0.37,32.726,5.692
3083,BTCW,WisdomTree Bitcoin Fund,WisdomTree,BTCW,WisdomTree Bitcoin Fund,BTC-USD,2025-08-21,118.87,400.0,0.25,83.625,1.9275,-33.64,-1.5396,-49.99,49.99,0.37,34.392,5.712
3084,BTCW,WisdomTree Bitcoin Fund,WisdomTree,BTCW,WisdomTree Bitcoin Fund,BTC-USD,2025-08-22,123.63,400.0,0.25,86.818,1.9436,18.84,1.2975,-105.66,105.66,0.41,37.178,5.96
3085,BTCW,WisdomTree Bitcoin Fund,WisdomTree,BTCW,WisdomTree Bitcoin Fund,BTC-USD,2025-08-25,117.36,400.0,0.25,88.12,1.95,-28.58,-1.4711,59.54,59.54,0.4,37.178,5.748
3086,BTCW,WisdomTree Bitcoin Fund,WisdomTree,BTCW,WisdomTree Bitcoin Fund,BTC-USD,2025-08-26,117.85,400.0,0.25,90.797,1.9628,37.18,1.5818,-127.98,127.98,0.41,37.178,5.732
3087,BTCW,WisdomTree Bitcoin Fund,WisdomTree,BTCW,WisdomTree Bitcoin Fund,BTC-USD,2025-08-27,118.85,400.0,0.25,89.036,1.9544,-23.44,-1.3881,65.6,65.6,0.42,34.067,5.329
3088,BTCW,WisdomTree Bitcoin Fund,WisdomTree,BTCW,WisdomTree Bitcoin Fund,BTC-USD,2025-08-28,118.67,400.0,0.25,86.56,1.9423,-75.61,-1.8843,-10.95,10.95,0.44,28.47,5.031
3089,BTCW,WisdomTree Bitcoin Fund,WisdomTree,BTCW,WisdomTree Bitcoin Fund,BTC-USD,2025-08-29,114.63,400.0,0.25,79.12,1.9037,73.0,1.8692,-152.12,152.12,0.45,21.932,4.935
3090,BTCW,WisdomTree Bitcoin Fund,WisdomTree,BTCW,WisdomTree Bitcoin Fund,BTC-USD,2025-09-02,117.44,400.0,0.25,84.671,1.9328,-81.38,-1.9158,-3.29,3.29,0.44,21.932,4.468
3091,BTCW,WisdomTree Bitcoin Fund,WisdomTree,BTCW,WisdomTree Bitcoin Fund,BTC-USD,2025-09-03,119.02,400.0,0.25,82.813,1.9233,-21.86,-1.3591,60.95,60.95,0.43,17.363,4.336
3092,BTCW,WisdomTree Bitcoin Fund,WisdomTree,BTCW,WisdomTree Bitcoin Fund,BTC-USD,2025-09-04,116.3,400.0,0.25,85.538,1.9372,-32.12,-1.5201,-53.41,53.41,0.43,17.363,4.293
3093,BTCW,WisdomTree Bitcoin Fund,WisdomTree,BTCW,WisdomTree Bitcoin Fund,BTC-USD,2025-09-05,118.26,400.0,0.25,83.52,1.927,-40.0,-1.6128,43.52,43.52,0.43,17.363,4.456
3094,BTCW,WisdomTree Bitcoin Fund,WisdomTree,BTCW,WisdomTree Bitcoin Fund,BTC-USD,2025-09-08,118.83,400.0,0.25,88.073,1.9497,-46.82,-1.6796,-41.26,41.26,0.44,19.066,4.448
3095,BTCW,WisdomTree Bitcoin Fund,WisdomTree,BTCW,WisdomTree Bitcoin Fund,BTC-USD,2025-09-09,118.03,400.0,0.25,88.718,1.9529,-68.21,-1.8402,-20.5,20.5,0.45,17.045,4.261
3096,BTCW,WisdomTree Bitcoin Fund,WisdomTree,BTCW,WisdomTree Bitcoin Fund,BTC-USD,2025-09-10,120.42,400.0,0.25,88.022,1.9495,16.11,1.2332,-104.13,104.13,0.46,17.045,4.525
3097,BTCW,WisdomTree Bitcoin Fund,WisdomTree,BTCW,WisdomTree Bitcoin Fund,BTC-USD,2025-09-11,121.38,400.0,0.25,84.415,1.9315,16.06,1.2321,-100.48,100.48,0.52,14.57,4.546
3098,BTCW,WisdomTree Bitcoin Fund,WisdomTree,BTCW,WisdomTree Bitcoin Fund,BTC-USD,2025-09-12,123.82,400.0,0.25,88.4,1.9513,-78.32,-1.8994,10.08,10.08,0.57,14.57,4.373
3099,BTCW,WisdomTree Bitcoin Fund,WisdomTree,BTCW,WisdomTree Bitcoin Fund,BTC-USD,2025-09-15,122.2,400.0,0.25,84.652,1.9327,-56.25,-1.7577,-28.41,28.41,0.55,14.57,4.286
3100,BTCW,WisdomTree Bitcoin Fund,WisdomTree,BTCW,WisdomTree Bitcoin Fund,BTC-USD,2025-09-16,123.84,400.0,0.25,82.167,1.92,-71.13,-1.8581,11.04,11.04,0.53,14.068,4.467
3101,BTCW,WisdomTree Bitcoin Fund,WisdomTree,BTCW,WisdomTree Bitcoin Fund,BTC-USD,2025-09-17,122.55,400.0,0.25,87.188,1.9454,8.51,0.9781,-95.7,95.7,0.5,19.299,4.607
3102,BTCW,WisdomTree Bitcoin Fund,WisdomTree,BTCW,WisdomTree Bitcoin Fund,BTC-USD,2025-09-18,124.55,400.0,0.25,86.215,1.9406,-56.07,-1.7564,30.14,30.14,0.48,19.299,4.762
3103,BTCW,WisdomTree Bitcoin Fund,WisdomTree,BTCW,WisdomTree Bitcoin Fund,BTC-USD,2025-09-19,121.97,400.0,0.25,84.113,1.93,-33.91,-1.5429,-50.21,50.21,0.47,15.022,4.777
3104,BTCW,WisdomTree Bitcoin Fund,WisdomTree,BTCW,WisdomTree Bitcoin Fund,BTC-USD,2025-09-22,118.75,400.0,0.25,78.963,1.9029,-47.93,-1.6896,-31.03,31.03,0.47,12.625,4.797
3105,BTCW,WisdomTree Bitcoin Fund,WisdomTree,BTCW,WisdomTree Bitcoin Fund,BTC-USD,2025-09-23,118.28,400.0,0.25,75.915,1.886,-33.49,-1.5376,-42.43,42.43,0.48,13.258,4.398
3106,BTCW,WisdomTree Bitcoin Fund,WisdomTree,BTCW,WisdomTree Bitcoin Fund,BTC-USD,2025-09-24,120.17,400.0,0.25,78.702,1.9015,-54.37,-1.7433,-24.33,24.33,0.49,13.258,4.349
3107,BTCW,WisdomTree Bitcoin Fund,WisdomTree,BTCW,WisdomTree Bitcoin Fund,BTC-USD,2025-09-25,115.85,400.0,0.25,83.016,1.9244,-4.0,-0.6987,79.02,79.02,0.49,13.258,4.605
3108,BTCW,WisdomTree Bitcoin Fund,WisdomTree,BTCW,WisdomTree Bitcoin Fund,BTC-USD,2025-09-26,115.66,400.0,0.25,83.789,1.9283,43.2,1.6454,-126.99,126.99,0.53,16.08,4.548
3109,BTCW,WisdomTree Bitcoin Fund,WisdomTree,BTCW,WisdomTree Bitcoin Fund,BTC-USD,2025-09-29,121.23,400.0,0.25,82.092,1.9196,-17.97,-1.2781,64.12,64.12,0.57,16.08,5.805
3110,BTCW,WisdomTree Bitcoin Fund,WisdomTree,BTCW,WisdomTree Bitcoin Fund,BTC-USD,2025-09-30,121.27,400.0,0.25,79.254,1.9045,18.74,1.2955,98.0,98.0,0.58,20.898,5.983
3111,BTCW,WisdomTree Bitcoin Fund,WisdomTree,BTCW,WisdomTree Bitcoin Fund,BTC-USD,2025-10-01,124.51,400.0,0.25,74.149,1.8759,-54.42,-1.7437,-19.73,19.73,0.57,20.898,6.026
3112,BTCW,WisdomTree Bitcoin Fund,WisdomTree,BTCW,WisdomTree Bitcoin Fund,BTC-USD,2025-10-02,128.24,400.0,0.25,73.373,1.8714,-49.2,-1.7007,24.18,24.18,0.57,20.898,6.949
3113,BTCW,WisdomTree Bitcoin Fund,WisdomTree,BTCW,WisdomTree Bitcoin Fund,BTC-USD,2025-10-03,130.2,400.0,0.25,68.156,1.8398,125.4,2.1017,193.55,193.55,0.57,20.898,7.519
3114,BTCW,WisdomTree Bitcoin Fund,WisdomTree,BTCW,WisdomTree Bitcoin Fund,BTC-USD,2025-10-06,132.96,400.0,0.25,66.985,1.8324,-35.67,-1.5643,31.31,31.31,0.57,20.898,7.684
3115,BTCW,WisdomTree Bitcoin Fund,WisdomTree,BTCW,WisdomTree Bitcoin Fund,BTC-USD,2025-10-07,128.87,400.0,0.25,62.433,1.8023,-4.99,-0.7772,57.45,57.45,0.54,19.195,8.384
3116,BTCW,WisdomTree Bitcoin Fund,WisdomTree,BTCW,WisdomTree Bitcoin Fund,BTC-USD,2025-10-08,130.79,400.0,0.25,64.211,1.8143,10.31,1.0535,74.52,74.52,0.56,21.412,8.62
3117,BTCW,WisdomTree Bitcoin Fund,WisdomTree,BTCW,WisdomTree Bitcoin Fund,BTC-USD,2025-10-09,128.11,400.0,0.25,67.751,1.8373,-62.62,-1.8036,5.13,5.13,0.59,21.412,8.329
3118,BTCW,WisdomTree Bitcoin Fund,WisdomTree,BTCW,WisdomTree Bitcoin Fund,BTC-USD,2025-10-10,123.42,400.0,0.25,69.132,1.8459,263.72,2.4228,332.85,332.85,0.66,24.174,8.906
3119,BTCW,WisdomTree Bitcoin Fund,WisdomTree,BTCW,WisdomTree Bitcoin Fund,BTC-USD,2025-10-13,122.75,400.0,0.25,66.395,1.8286,-30.48,-1.498,-35.92,35.92,0.56,24.174,9.161
3120,BTCW,WisdomTree Bitcoin Fund,WisdomTree,BTCW,WisdomTree Bitcoin Fund,BTC-USD,2025-10-14,119.29,400.0,0.25,62.858,1.8052,13.53,1.1622,-76.38,76.38,0.54,24.174,9.299
3121,BTCW,WisdomTree Bitcoin Fund,WisdomTree,BTCW,WisdomTree Bitcoin Fund,BTC-USD,2025-10-15,117.85,400.0,0.25,65.789,1.8247,-31.54,-1.5124,-34.25,34.25,0.49,30.501,9.476
3122,BTCW,WisdomTree Bitcoin Fund,WisdomTree,BTCW,WisdomTree Bitcoin Fund,BTC-USD,2025-10-16,114.6,400.0,0.25,56.631,1.7607,-25.92,-1.43,-30.72,30.72,0.39,25.27,10.434
3123,BTCW,WisdomTree Bitcoin Fund,WisdomTree,BTCW,WisdomTree Bitcoin Fund,BTC-USD,2025-10-17,112.77,400.0,0.25,53.905,1.7396,101.36,2.0101,-155.26,155.26,0.24,25.27,11.883
3124,BTCW,WisdomTree Bitcoin Fund,WisdomTree,BTCW,WisdomTree Bitcoin Fund,BTC-USD,2025-10-20,117.46,400.0,0.25,53.248,1.7344,-52.51,-1.7284,0.74,0.74,0.23,25.27,11.894
3125,BTCW,WisdomTree Bitcoin Fund,WisdomTree,BTCW,WisdomTree Bitcoin Fund,BTC-USD,2025-10-21,118.54,400.0,0.25,60.912,1.7918,221.09,2.3465,282.0,282.0,0.2,28.385,12.02
3126,BTCW,WisdomTree Bitcoin Fund,WisdomTree,BTCW,WisdomTree Bitcoin Fund,BTC-USD,2025-10-22,114.17,400.0,0.25,59.202,1.7796,-2.3,-0.5185,-56.9,56.9,,24.965,12.522
3127,BTCW,WisdomTree Bitcoin Fund,WisdomTree,BTCW,WisdomTree Bitcoin Fund,BTC-USD,2025-10-23,116.78,400.0,0.25,56.415,1.759,12.61,1.1339,-69.02,69.02,,24.965,12.663
3128,BTCW,WisdomTree Bitcoin Fund,WisdomTree,BTCW,WisdomTree Bitcoin Fund,BTC-USD,2025-10-24,117.2,400.0,0.25,56.45,1.7593,60.13,1.7863,-116.58,116.58,,29.645,12.415
3129,BTCW,WisdomTree Bitcoin Fund,WisdomTree,BTCW,WisdomTree Bitcoin Fund,BTC-USD,2025-10-27,121.84,400.0,0.25,54.477,1.7441,45.54,1.6678,100.02,100.02,,26.823,12.406
3130,BTCW,WisdomTree Bitcoin Fund,WisdomTree,BTCW,WisdomTree Bitcoin Fund,BTC-USD,2025-10-28,120.33,400.0,0.25,58.295,1.773,-57.57,-1.7677,-0.73,0.73,,28.936,11.302
3131,BTCW,WisdomTree Bitcoin Fund,WisdomTree,BTCW,WisdomTree Bitcoin Fund,BTC-USD,2025-10-29,117.07,400.0,0.25,57.009,1.7635,16.89,1.2526,-73.9,73.9,,24.118,11.488
3132,BTCW,WisdomTree Bitcoin Fund,WisdomTree,BTCW,WisdomTree Bitcoin Fund,BTC-USD,2025-10-30,112.7,400.0,0.25,57.009,1.7635,140.93,2.1521,-197.94,197.94,,24.118,11.394
3133,BTCW,WisdomTree Bitcoin Fund,WisdomTree,BTCW,WisdomTree Bitcoin Fund,BTC-USD,2025-10-31,116.29,400.0,0.25,64.185,1.8141,60.52,1.789,-124.7,124.7,0.16,24.118,10.626
3134,BTCW,WisdomTree Bitcoin Fund,WisdomTree,BTCW,WisdomTree Bitcoin Fund,BTC-USD,2025-11-03,112.89,400.0,0.25,67.129,1.8333,120.18,2.0834,-187.31,187.31,0.18,24.118,9.992
3135,BTCW,WisdomTree Bitcoin Fund,WisdomTree,BTCW,WisdomTree Bitcoin Fund,BTC-USD,2025-11-04,106.73,400.0,0.25,68.803,1.8439,246.64,2.3938,-315.44,315.44,0.32,24.118,9.675
3136,BTCW,WisdomTree Bitcoin Fund,WisdomTree,BTCW,WisdomTree Bitcoin Fund,BTC-USD,2025-11-05,110.02,400.0,0.25,88.162,1.9502,89.66,1.9574,-177.82,177.82,0.4,28.678,9.031
3137,BTCW,WisdomTree Bitcoin Fund,WisdomTree,BTCW,WisdomTree Bitcoin Fund,BTC-USD,2025-11-06,106.86,400.0,0.25,91.666,1.9669,135.25,2.1343,-226.91,226.91,0.47,24.222,8.787
3138,BTCW,WisdomTree Bitcoin Fund,WisdomTree,BTCW,WisdomTree Bitcoin Fund,BTC-USD,2025-11-07,109.92,400.0,0.25,99.549,2.0024,-37.12,-1.5812,-62.43,62.43,0.49,31.914,8.749
3139,BTCW,WisdomTree Bitcoin Fund,WisdomTree,BTCW,WisdomTree Bitcoin Fund,BTC-USD,2025-11-10,112.33,400.0,0.25,101.331,2.01,247.31,2.395,-348.64,348.64,0.52,28.485,8.268
3140,BTCW,WisdomTree Bitcoin Fund,WisdomTree,BTCW,WisdomTree Bitcoin Fund,BTC-USD,2025-11-11,108.91,400.0,0.25,105.953,2.0292,72.57,1.8667,-178.53,178.53,0.56,28.485,7.854
3141,BTCW,WisdomTree Bitcoin Fund,WisdomTree,BTCW,WisdomTree Bitcoin Fund,BTC-USD,2025-11-12,107.525,400.0,0.25,108.508,2.0394,-43.16,-1.645,-65.35,65.35,0.55,31.475,7.626
3142,BTCW,WisdomTree Bitcoin Fund,WisdomTree,BTCW,WisdomTree Bitcoin Fund,BTC-USD,2025-11-13,103.8,400.0,0.25,117.753,2.0746,171.42,2.2366,-289.18,289.18,0.56,25.148,7.312
3143,BTCW,WisdomTree Bitcoin Fund,WisdomTree,BTCW,WisdomTree Bitcoin Fund,BTC-USD,2025-11-14,99.9,400.0,0.25,117.753,2.0746,-22.04,-1.3624,-95.72,95.72,0.55,25.148,6.476
3144,BTCW,WisdomTree Bitcoin Fund,WisdomTree,BTCW,WisdomTree Bitcoin Fund,BTC-USD,2025-11-17,97.22,400.0,0.25,117.753,2.0746,-0.06,-0.0253,-117.69,117.69,0.56,25.148,5.155
3145,BTCW,WisdomTree Bitcoin Fund,WisdomTree,BTCW,WisdomTree Bitcoin Fund,BTC-USD,2025-11-18,98.19,400.0,0.25,111.904,2.0527,61.2,1.7938,-173.11,173.11,0.59,28.839,5.244
3146,BTCW,WisdomTree Bitcoin Fund,WisdomTree,BTCW,WisdomTree Bitcoin Fund,BTC-USD,2025-11-19,94.76,400.0,0.25,118.266,2.0765,499.22,2.6992,-617.48,617.48,0.75,25.725,5.218
3147,BTCW,WisdomTree Bitcoin Fund,WisdomTree,BTCW,WisdomTree Bitcoin Fund,BTC-USD,2025-11-20,91.45,400.0,0.25,128.582,2.1125,46.71,1.6786,-175.29,175.29,0.67,30.315,5.006
3148,BTCW,WisdomTree Bitcoin Fund,WisdomTree,BTCW,WisdomTree Bitcoin Fund,BTC-USD,2025-11-21,89.57,400.0,0.25,128.582,2.1125,117.35,2.0732,-245.93,245.93,0.7,30.315,5.095
3149,BTCW,WisdomTree Bitcoin Fund,WisdomTree,BTCW,WisdomTree Bitcoin Fund,BTC-USD,2025-11-24,94.4,400.0,0.25,130.372,2.1185,-96.93,-1.9909,-33.44,33.44,0.68,25.635,5.133
3150,BTCW,WisdomTree Bitcoin Fund,WisdomTree,BTCW,WisdomTree Bitcoin Fund,BTC-USD,2025-11-25,92.52,400.0,0.25,132.224,2.1246,140.07,2.1494,-272.3,272.3,0.69,29.227,5.221
3151,BTCW,WisdomTree Bitcoin Fund,WisdomTree,BTCW,WisdomTree Bitcoin Fund,BTC-USD,2025-11-26,95.23,400.0,0.25,135.541,2.1353,154.75,2.1924,-290.29,290.29,0.72,27.114,5.152
3152,BTCW,WisdomTree Bitcoin Fund,WisdomTree,BTCW,WisdomTree Bitcoin Fund,BTC-USD,2025-11-28,95.93,400.0,0.25,135.541,2.1353,84.28,1.9309,-219.82,219.82,0.75,27.114,4.779
3153,BTCW,WisdomTree Bitcoin Fund,WisdomTree,BTCW,WisdomTree Bitcoin Fund,BTC-USD,2025-12-01,90.62,400.0,0.25,135.541,2.1353,-76.59,-1.8898,-58.95,58.95,0.73,27.114,4.631
3154,BTCW,WisdomTree Bitcoin Fund,WisdomTree,BTCW,WisdomTree Bitcoin Fund,BTC-USD,2025-12-02,96.48,400.0,0.25,137.943,2.1428,52.79,1.7307,-190.74,190.74,0.73,27.114,4.523
3155,BTCW,WisdomTree Bitcoin Fund,WisdomTree,BTCW,WisdomTree Bitcoin Fund,BTC-USD,2025-12-03,98.52,400.0,0.25,134.726,2.1327,34.96,1.5558,-169.69,169.69,0.74,27.114,4.53
3156,BTCW,WisdomTree Bitcoin Fund,WisdomTree,BTCW,WisdomTree Bitcoin Fund,BTC-USD,2025-12-04,98.07,400.0,0.25,141.423,2.1536,-94.85,-1.9816,46.58,46.58,0.72,28.532,4.38
3157,BTCW,WisdomTree Bitcoin Fund,WisdomTree,BTCW,WisdomTree Bitcoin Fund,BTC-USD,2025-12-05,94.678,400.0,0.25,131.04,2.1207,-28.84,-1.4748,-102.2,102.2,0.71,23.972,4.099
3158,BTCW,WisdomTree Bitcoin Fund,WisdomTree,BTCW,WisdomTree Bitcoin Fund,BTC-USD,2025-12-08,96.21,400.0,0.25,128.542,2.1124,-104.96,-2.0251,-23.59,23.59,0.71,26.399,4.068
3159,BTCW,WisdomTree Bitcoin Fund,WisdomTree,BTCW,WisdomTree Bitcoin Fund,BTC-USD,2025-12-09,98.7,400.0,0.25,123.389,2.0948,-45.94,-1.6716,-77.45,77.45,0.7,18.708,3.975
3160,BTCW,WisdomTree Bitcoin Fund,WisdomTree,BTCW,WisdomTree Bitcoin Fund,BTC-USD,2025-12-10,98.04,400.0,0.25,132.653,2.126,-78.18,-1.8986,-54.47,54.47,0.7,28.092,3.809
3161,BTCW,WisdomTree Bitcoin Fund,WisdomTree,BTCW,WisdomTree Bitcoin Fund,BTC-USD,2025-12-11,97.255,400.0,0.25,124.017,2.097,23.99,1.3977,-148.0,148.0,0.7,28.092,3.804
3162,BTCW,WisdomTree Bitcoin Fund,WisdomTree,BTCW,WisdomTree Bitcoin Fund,BTC-USD,2025-12-12,95.605,400.0,0.25,133.443,2.1285,-55.27,-1.7503,-78.17,78.17,0.7,34.194,3.739
3163,BTCW,WisdomTree Bitcoin Fund,WisdomTree,BTCW,WisdomTree Bitcoin Fund,BTC-USD,2025-12-15,90.79,400.0,0.25,132.455,2.1253,-127.75,-2.1097,-4.71,4.71,0.7,34.194,3.806
3164,BTCW,WisdomTree Bitcoin Fund,WisdomTree,BTCW,WisdomTree Bitcoin Fund,BTC-USD,2025-12-16,92.76,400.0,0.25,144.448,2.1627,-68.03,-1.839,-76.42,76.42,0.7,35.759,3.546
3165,BTCW,WisdomTree Bitcoin Fund,WisdomTree,BTCW,WisdomTree Bitcoin Fund,BTC-USD,2025-12-17,90.97,400.0,0.25,151.333,2.1828,-112.04,-2.0532,-39.29,39.29,0.7,37.305,3.196
3166,BTCW,WisdomTree Bitcoin Fund,WisdomTree,BTCW,WisdomTree Bitcoin Fund,BTC-USD,2025-12-18,89.82,400.0,0.25,168.488,2.2291,-67.33,-1.8346,-101.16,101.16,0.69,42.69,2.94
3167,BTCW,WisdomTree Bitcoin Fund,WisdomTree,BTCW,WisdomTree Bitcoin Fund,BTC-USD,2025-12-19,93.12,400.0,0.25,188.334,2.2772,-23.88,-1.3959,164.45,164.45,0.68,42.69,2.739
3168,BTCW,WisdomTree Bitcoin Fund,WisdomTree,BTCW,WisdomTree Bitcoin Fund,BTC-USD,2025-12-22,93.47,400.0,0.25,179.568,2.2566,-171.16,-2.2359,8.4,8.4,0.7,41.201,2.491
3169,BTCW,WisdomTree Bitcoin Fund,WisdomTree,BTCW,WisdomTree Bitcoin Fund,BTC-USD,2025-12-23,92.74,400.0,0.25,194.31,2.2907,-105.1,-2.0257,89.21,89.21,0.73,41.201,2.131
3170,BTCW,WisdomTree Bitcoin Fund,WisdomTree,BTCW,WisdomTree Bitcoin Fund,BTC-USD,2025-12-24,92.37,400.0,0.25,182.94,2.2647,-37.17,-1.5817,-145.77,145.77,0.67,44.277,2.087
3171,BTCW,WisdomTree Bitcoin Fund,WisdomTree,BTCW,WisdomTree Bitcoin Fund,BTC-USD,2025-12-26,92.59,400.0,0.25,179.113,2.2555,-167.53,-2.2267,11.59,11.59,0.66,42.628,2.152
3172,BTCW,WisdomTree Bitcoin Fund,WisdomTree,BTCW,WisdomTree Bitcoin Fund,BTC-USD,2025-12-29,92.14,400.0,0.25,183.716,2.2665,-150.94,-2.1817,32.78,32.78,0.67,45.55,2.052
3173,BTCW,WisdomTree Bitcoin Fund,WisdomTree,BTCW,WisdomTree Bitcoin Fund,BTC-USD,2025-12-30,92.99,400.0,0.25,189.11,2.279,-138.97,-2.146,-50.14,50.14,0.63,45.55,2.142
3174,BTCW,WisdomTree Bitcoin Fund,WisdomTree,BTCW,WisdomTree Bitcoin Fund,BTC-USD,2025-12-31,92.68,400.0,0.25,170.223,2.2336,-79.51,-1.9059,90.71,90.71,0.63,47.396,2.422
3175,BTCW,WisdomTree Bitcoin Fund,WisdomTree,BTCW,WisdomTree Bitcoin Fund,BTC-USD,2026-01-02,95.08,400.0,0.25,160.934,2.2093,-156.56,-2.1974,4.38,4.38,0.62,47.396,2.656
3176,BTCW,WisdomTree Bitcoin Fund,WisdomTree,BTCW,WisdomTree Bitcoin Fund,BTC-USD,2026-01-05,99.8,400.0,0.25,160.934,2.2093,-70.97,-1.8572,89.96,89.96,0.62,47.396,2.742
3177,BTCW,WisdomTree Bitcoin Fund,WisdomTree,BTCW,WisdomTree Bitcoin Fund,BTC-USD,2026-01-06,97.92,400.0,0.25,161.044,2.2096,21.05,1.3434,-182.09,182.09,0.57,49.047,3.021
3178,BTCW,WisdomTree Bitcoin Fund,WisdomTree,BTCW,WisdomTree Bitcoin Fund,BTC-USD,2026-01-07,96.31,400.0,0.25,164.913,2.2199,-140.81,-2.1517,-24.11,24.11,0.52,49.047,3.023
3179,BTCW,WisdomTree Bitcoin Fund,WisdomTree,BTCW,WisdomTree Bitcoin Fund,BTC-USD,2026-01-08,96.14,400.0,0.25,159.29,2.2049,-124.72,-2.0994,-34.57,34.57,0.55,46.62,2.962
3180,BTCW,WisdomTree Bitcoin Fund,WisdomTree,BTCW,WisdomTree Bitcoin Fund,BTC-USD,2026-01-09,95.55,400.0,0.25,148.107,2.1735,-74.02,-1.8752,-74.09,74.09,0.55,51.305,2.908
3181,BTCW,WisdomTree Bitcoin Fund,WisdomTree,BTCW,WisdomTree Bitcoin Fund,BTC-USD,2026-01-12,96.84,400.0,0.25,142.46,2.1567,-120.18,-2.0834,-22.28,22.28,0.56,42.821,2.983
3182,BTCW,WisdomTree Bitcoin Fund,WisdomTree,BTCW,WisdomTree Bitcoin Fund,BTC-USD,2026-01-13,99.99,400.0,0.25,142.46,2.1567,-117.41,-2.0734,-25.05,25.05,0.56,42.821,3.058
3183,BTCW,WisdomTree Bitcoin Fund,WisdomTree,BTCW,WisdomTree Bitcoin Fund,BTC-USD,2026-01-14,103.52,400.0,0.25,131.05,2.1207,-48.09,-1.691,82.96,82.96,0.58,33.729,3.144
3184,BTCW,WisdomTree Bitcoin Fund,WisdomTree,BTCW,WisdomTree Bitcoin Fund,BTC-USD,2026-01-15,100.83,400.0,0.25,136.003,2.1367,-75.46,-1.8834,60.54,60.54,0.61,36.614,3.103
3185,BTCW,WisdomTree Bitcoin Fund,WisdomTree,BTCW,WisdomTree Bitcoin Fund,BTC-USD,2026-01-16,101.21,400.0,0.25,122.089,2.0902,-76.36,-1.8885,45.73,45.73,0.59,35.049,3.697
3186,BTCW,WisdomTree Bitcoin Fund,WisdomTree,BTCW,WisdomTree Bitcoin Fund,BTC-USD,2026-01-20,94.79,400.0,0.25,116.421,2.0697,79.88,1.9079,196.3,196.3,0.7,33.503,3.767
3187,BTCW,WisdomTree Bitcoin Fund,WisdomTree,BTCW,WisdomTree Bitcoin Fund,BTC-USD,2026-01-21,95.44,400.0,0.25,100.176,2.0051,92.26,1.9697,192.44,192.44,0.78,24.426,3.852
3188,BTCW,WisdomTree Bitcoin Fund,WisdomTree,BTCW,WisdomTree Bitcoin Fund,BTC-USD,2026-01-22,94.59,400.0,0.25,92.102,1.969,-63.11,-1.807,28.99,28.99,0.78,27.271,3.941
3189,BTCW,WisdomTree Bitcoin Fund,WisdomTree,BTCW,WisdomTree Bitcoin Fund,BTC-USD,2026-01-23,94.71,400.0,0.25,95.536,1.9847,-53.02,-1.7325,42.52,42.52,0.81,27.378,4.042
3190,BTCW,WisdomTree Bitcoin Fund,WisdomTree,BTCW,WisdomTree Bitcoin Fund,BTC-USD,2026-01-26,92.72,400.0,0.25,95.536,1.9847,-25.62,-1.4251,-69.92,69.92,0.8,27.378,4.107
3191,BTCW,WisdomTree Bitcoin Fund,WisdomTree,BTCW,WisdomTree Bitcoin Fund,BTC-USD,2026-01-27,94.52,400.0,0.25,98.849,1.9993,-9.77,-1.0323,89.08,89.08,0.81,30.436,4.041
3192,BTCW,WisdomTree Bitcoin Fund,WisdomTree,BTCW,WisdomTree Bitcoin Fund,BTC-USD,2026-01-28,94.19,400.0,0.25,96.693,1.9899,-82.34,-1.9209,-14.35,14.35,0.81,28.493,3.883
3193,BTCW,WisdomTree Bitcoin Fund,WisdomTree,BTCW,WisdomTree Bitcoin Fund,BTC-USD,2026-01-29,88.96,400.0,0.25,95.584,1.9849,-74.26,-1.8766,-21.33,21.33,0.81,25.571,3.973
3194,BTCW,WisdomTree Bitcoin Fund,WisdomTree,BTCW,WisdomTree Bitcoin Fund,BTC-USD,2026-01-30,88.63,400.0,0.25,90.19,1.9599,-45.39,-1.6664,44.8,44.8,0.82,25.571,4.166
3195,BTCW,WisdomTree Bitcoin Fund,WisdomTree,BTCW,WisdomTree Bitcoin Fund,BTC-USD,2026-02-02,82.56,400.0,0.25,92.983,1.9731,-28.0,-1.4624,-64.98,64.98,0.77,23.725,4.302
3196,BTCW,WisdomTree Bitcoin Fund,WisdomTree,BTCW,WisdomTree Bitcoin Fund,BTC-USD,2026-02-03,80.87,400.0,0.25,103.668,2.0198,24.18,1.401,127.85,127.85,0.76,23.725,4.346
3197,BTCW,WisdomTree Bitcoin Fund,WisdomTree,BTCW,WisdomTree Bitcoin Fund,BTC-USD,2026-02-04,77.69,400.0,0.25,106.844,2.0328,-100.78,-2.0077,6.06,6.06,0.74,26.015,4.548
3198,BTCW,WisdomTree Bitcoin Fund,WisdomTree,BTCW,WisdomTree Bitcoin Fund,BTC-USD,2026-02-05,67.42,400.0,0.25,101.907,2.0124,128.27,2.1115,230.17,230.17,0.79,22.946,4.619
3199,BTCW,WisdomTree Bitcoin Fund,WisdomTree,BTCW,WisdomTree Bitcoin Fund,BTC-USD,2026-02-06,74.14,400.0,0.25,123.613,2.0956,-94.76,-1.9812,-28.85,28.85,0.74,26.833,5.361
3200,BTCW,WisdomTree Bitcoin Fund,WisdomTree,BTCW,WisdomTree Bitcoin Fund,BTC-USD,2026-02-09,74.94,400.0,0.25,132.038,2.124,-9.68,-1.0285,122.36,122.36,0.73,37.451,5.439
3201,BTCW,WisdomTree Bitcoin Fund,WisdomTree,BTCW,WisdomTree Bitcoin Fund,BTC-USD,2026-02-10,72.8,400.0,0.25,140.973,2.1522,-127.75,-2.1098,13.22,13.22,0.74,32.766,5.493
3202,BTCW,WisdomTree Bitcoin Fund,WisdomTree,BTCW,WisdomTree Bitcoin Fund,BTC-USD,2026-02-11,71.46,400.0,0.25,137.356,2.141,-118.6,-2.0777,18.76,18.76,0.73,31.866,5.677
3203,BTCW,WisdomTree Bitcoin Fund,WisdomTree,BTCW,WisdomTree Bitcoin Fund,BTC-USD,2026-02-12,69.19,400.0,0.25,149.268,2.1769,-88.97,-1.9541,-60.3,60.3,0.75,45.158,5.655
3204,BTCW,WisdomTree Bitcoin Fund,WisdomTree,BTCW,WisdomTree Bitcoin Fund,BTC-USD,2026-02-13,72.8,400.0,0.25,153.72,2.1895,-58.71,-1.7761,-95.01,95.01,0.74,45.158,5.77
3205,BTCW,WisdomTree Bitcoin Fund,WisdomTree,BTCW,WisdomTree Bitcoin Fund,BTC-USD,2026-02-17,71.72,400.0,0.25,145.898,2.167,-86.7,-1.943,59.19,59.19,0.71,44.575,5.812
3206,BTCW,WisdomTree Bitcoin Fund,WisdomTree,BTCW,WisdomTree Bitcoin Fund,BTC-USD,2026-02-18,70.06,400.0,0.25,163.886,2.2172,-99.29,-2.0013,-64.6,64.6,0.58,53.129,5.215
3207,BTCW,WisdomTree Bitcoin Fund,WisdomTree,BTCW,WisdomTree Bitcoin Fund,BTC-USD,2026-02-19,71.04,400.0,0.25,166.498,2.224,-20.78,-1.338,-145.72,145.72,0.63,53.7,5.124
3208,BTCW,WisdomTree Bitcoin Fund,WisdomTree,BTCW,WisdomTree Bitcoin Fund,BTC-USD,2026-02-20,71.66,400.0,0.25,164.173,2.2179,-10.99,-1.0789,-153.18,153.18,0.59,53.7,5.14
3209,BTCW,WisdomTree Bitcoin Fund,WisdomTree,BTCW,WisdomTree Bitcoin Fund,BTC-USD,2026-02-23,68.19,400.0,0.25,165.377,2.2211,-97.04,-1.9914,-68.34,68.34,0.63,50.855,5.233
3210,BTCW,WisdomTree Bitcoin Fund,WisdomTree,BTCW,WisdomTree Bitcoin Fund,BTC-USD,2026-02-24,68.26,400.0,0.25,160.394,2.2079,-147.99,-2.1732,12.4,12.4,0.61,47.648,5.202
3211,BTCW,WisdomTree Bitcoin Fund,WisdomTree,BTCW,WisdomTree Bitcoin Fund,BTC-USD,2026-02-25,73.27,400.0,0.25,160.394,2.2079,71.32,1.8593,231.71,231.71,0.51,47.648,5.246
3212,BTCW,WisdomTree Bitcoin Fund,WisdomTree,BTCW,WisdomTree Bitcoin Fund,BTC-USD,2026-02-26,71.33,400.0,0.25,156.848,2.1982,-92.62,-1.9714,-64.23,64.23,0.36,47.243,5.734
3213,BTCW,WisdomTree Bitcoin Fund,WisdomTree,BTCW,WisdomTree Bitcoin Fund,BTC-USD,2026-02-27,69.47,400.0,0.25,163.52,2.2162,-104.52,-2.0233,-59.0,59.0,0.36,47.243,5.743
3214,BTCW,WisdomTree Bitcoin Fund,WisdomTree,BTCW,WisdomTree Bitcoin Fund,BTC-USD,2026-03-02,73.2,400.0,0.25,169.3,2.2312,-78.4,-1.8998,90.9,90.9,0.32,47.243,5.717
3215,BTCW,WisdomTree Bitcoin Fund,WisdomTree,BTCW,WisdomTree Bitcoin Fund,BTC-USD,2026-03-03,72.27,400.0,0.25,183.046,2.2649,-167.42,-2.2264,15.63,15.63,0.26,60.034,5.428
3216,BTCW,WisdomTree Bitcoin Fund,WisdomTree,BTCW,WisdomTree Bitcoin Fund,BTC-USD,2026-03-04,77.25,400.0,0.25,177.336,2.2512,-56.84,-1.7622,120.49,120.49,0.29,60.034,5.527
3217,BTCW,WisdomTree Bitcoin Fund,WisdomTree,BTCW,WisdomTree Bitcoin Fund,BTC-USD,2026-03-05,75.4,400.0,0.25,171.413,2.2366,-117.76,-2.0747,-53.65,53.65,0.28,60.034,5.375
3218,BTCW,WisdomTree Bitcoin Fund,WisdomTree,BTCW,WisdomTree Bitcoin Fund,BTC-USD,2026-03-06,72.09,400.0,0.25,208.856,2.3219,-137.09,-2.1402,-71.76,71.76,0.29,57.744,5.019
3219,BTCW,WisdomTree Bitcoin Fund,WisdomTree,BTCW,WisdomTree Bitcoin Fund,BTC-USD,2026-03-09,73.07,400.0,0.25,164.872,2.2198,-143.09,-2.1586,-21.78,21.78,0.28,57.744,4.83
3220,BTCW,WisdomTree Bitcoin Fund,WisdomTree,BTCW,WisdomTree Bitcoin Fund,BTC-USD,2026-03-10,74.14,400.0,0.25,183.28,2.2655,-118.67,-2.078,64.61,64.61,0.27,53.857,4.099
3221,BTCW,WisdomTree Bitcoin Fund,WisdomTree,BTCW,WisdomTree Bitcoin Fund,BTC-USD,2026-03-11,74.79,400.0,0.25,185.21,2.27,-133.82,-2.1298,-51.39,51.39,0.24,51.962,4.09
3222,BTCW,WisdomTree Bitcoin Fund,WisdomTree,BTCW,WisdomTree Bitcoin Fund,BTC-USD,2026-03-12,74.55,400.0,0.25,134.418,2.1317,-122.28,-2.0909,-12.14,12.14,0.2,54.164,4.102
3223,BTCW,WisdomTree Bitcoin Fund,WisdomTree,BTCW,WisdomTree Bitcoin Fund,BTC-USD,2026-03-13,75.34,400.0,0.25,134.418,2.1317,-101.98,-2.0127,-32.44,32.44,0.2,54.164,4.175
3224,BTCW,WisdomTree Bitcoin Fund,WisdomTree,BTCW,WisdomTree Bitcoin Fund,BTC-USD,2026-03-16,78.32,400.0,0.25,122.505,2.0917,-60.04,-1.7856,62.47,62.47,0.19,40.872,4.154
3225,BTCW,WisdomTree Bitcoin Fund,WisdomTree,BTCW,WisdomTree Bitcoin Fund,BTC-USD,2026-03-17,78.92,400.0,0.25,119.31,2.0803,0.78,0.2507,120.09,120.09,0.19,43.384,3.984
3226,BTCW,WisdomTree Bitcoin Fund,WisdomTree,BTCW,WisdomTree Bitcoin Fund,BTC-USD,2026-03-18,75.2,400.0,0.25,127.228,2.108,-75.33,-1.8827,-51.89,51.89,0.1,41.082,4.025
3227,BTCW,WisdomTree Bitcoin Fund,WisdomTree,BTCW,WisdomTree Bitcoin Fund,BTC-USD,2026-03-19,74.35,400.0,0.25,120.369,2.0841,-23.2,-1.3838,97.17,97.17,0.19,32.529,4.016
3228,BTCW,WisdomTree Bitcoin Fund,WisdomTree,BTCW,WisdomTree Bitcoin Fund,BTC-USD,2026-03-20,74.28,400.0,0.25,108.658,2.04,-51.25,-1.7181,-57.41,57.41,0.17,36.137,4.009
3229,BTCW,WisdomTree Bitcoin Fund,WisdomTree,BTCW,WisdomTree Bitcoin Fund,BTC-USD,2026-03-23,74.71,400.0,0.25,120.97,2.0863,-112.15,-2.0536,8.82,8.82,0.17,36.137,3.888
3230,BTCW,WisdomTree Bitcoin Fund,WisdomTree,BTCW,WisdomTree Bitcoin Fund,BTC-USD,2026-03-24,73.29,400.0,0.25,126.23,2.1046,-10.45,-1.0588,-115.78,115.78,0.22,36.137,3.696
3231,BTCW,WisdomTree Bitcoin Fund,WisdomTree,BTCW,WisdomTree Bitcoin Fund,BTC-USD,2026-03-25,74.99,400.0,0.25,133.482,2.1287,-51.54,-1.7205,-81.94,81.94,0.26,36.137,3.612
3232,BTCW,WisdomTree Bitcoin Fund,WisdomTree,BTCW,WisdomTree Bitcoin Fund,BTC-USD,2026-03-26,72.51,400.0,0.25,133.482,2.1287,85.96,1.9393,-219.44,219.44,0.31,36.137,3.536
3233,BTCW,WisdomTree Bitcoin Fund,WisdomTree,BTCW,WisdomTree Bitcoin Fund,BTC-USD,2026-03-27,69.788,400.0,0.25,131.661,2.1227,-69.87,-1.8505,-61.79,61.79,0.34,30.408,3.031
3234,BTCW,WisdomTree Bitcoin Fund,WisdomTree,BTCW,WisdomTree Bitcoin Fund,BTC-USD,2026-03-30,70.34,400.0,0.25,136.648,2.1388,-131.47,-2.1221,5.17,5.17,0.35,30.408,2.98
3235,BTCW,WisdomTree Bitcoin Fund,WisdomTree,BTCW,WisdomTree Bitcoin Fund,BTC-USD,2026-03-31,71.71,400.0,0.25,135.867,2.1363,-4.76,-0.7601,-131.11,131.11,0.35,37.502,2.985
3236,BTCW,WisdomTree Bitcoin Fund,WisdomTree,BTCW,WisdomTree Bitcoin Fund,BTC-USD,2026-04-01,72.069,400.0,0.25,124.271,2.0979,-124.18,-2.0975,0.09,0.09,0.35,24.711,2.892
3237,BTCW,WisdomTree Bitcoin Fund,WisdomTree,BTCW,WisdomTree Bitcoin Fund,BTC-USD,2026-04-02,70.92,400.0,0.25,126.795,2.1065,-70.82,-1.8563,-55.97,55.97,0.39,24.711,2.303
3238,BTCW,WisdomTree Bitcoin Fund,WisdomTree,BTCW,WisdomTree Bitcoin Fund,BTC-USD,2026-04-06,73.82,400.0,0.25,122.033,2.09,-62.83,-1.805,59.2,59.2,0.38,24.711,2.361
3239,BTCW,WisdomTree Bitcoin Fund,WisdomTree,BTCW,WisdomTree Bitcoin Fund,BTC-USD,2026-04-07,73.013,400.0,0.25,125.141,2.1009,250.25,2.4001,-375.39,375.39,0.32,24.711,2.319
3240,BTCW,WisdomTree Bitcoin Fund,WisdomTree,BTCW,WisdomTree Bitcoin Fund,BTC-USD,2026-04-08,75.52,400.0,0.25,162.75,2.2142,-125.73,-2.1029,-37.02,37.02,0.31,24.711,2.197
3241,BTCW,WisdomTree Bitcoin Fund,WisdomTree,BTCW,WisdomTree Bitcoin Fund,BTC-USD,2026-04-09,76.38,400.0,0.25,184.524,2.2684,-124.98,-2.1003,59.54,59.54,0.31,33.755,2.17
3242,BTCW,WisdomTree Bitcoin Fund,WisdomTree,BTCW,WisdomTree Bitcoin Fund,BTC-USD,2026-04-10,77.466,400.0,0.25,176.976,2.2504,-173.26,-2.2412,-3.72,3.72,0.3,25.032,2.045
3243,BTCW,WisdomTree Bitcoin Fund,WisdomTree,BTCW,WisdomTree Bitcoin Fund,BTC-USD,2026-04-13,77.65,400.0,0.25,176.967,2.2503,-81.75,-1.9178,-95.22,95.22,0.31,25.589,1.947
3244,BTCW,WisdomTree Bitcoin Fund,WisdomTree,BTCW,WisdomTree Bitcoin Fund,BTC-USD,2026-04-14,78.63,400.0,0.25,176.967,2.2503,-150.84,-2.1814,26.13,26.13,0.29,25.589,1.592
3245,BTCW,WisdomTree Bitcoin Fund,WisdomTree,BTCW,WisdomTree Bitcoin Fund,BTC-USD,2026-04-15,79.4,400.0,0.25,181.191,2.2605,-13.62,-1.1648,167.57,167.57,0.3,28.531,1.532
3246,BTCW,WisdomTree Bitcoin Fund,WisdomTree,BTCW,WisdomTree Bitcoin Fund,BTC-USD,2026-04-16,79.79,400.0,0.25,188.596,2.2778,-165.25,-2.2208,-23.34,23.34,0.26,32.69,1.515
3247,BTCW,WisdomTree Bitcoin Fund,WisdomTree,BTCW,WisdomTree Bitcoin Fund,BTC-USD,2026-04-17,81.96,400.0,0.25,188.529,2.2777,-50.92,-1.7153,137.61,137.61,0.15,32.69,1.871
3248,BTCW,WisdomTree Bitcoin Fund,WisdomTree,BTCW,WisdomTree Bitcoin Fund,BTC-USD,2026-04-20,80.8,400.0,0.25,195.374,2.2931,-114.65,-2.0632,80.72,80.72,0.17,32.69,1.822
3249,BTCW,WisdomTree Bitcoin Fund,WisdomTree,BTCW,WisdomTree Bitcoin Fund,BTC-USD,2026-04-21,79.336,400.0,0.25,200.161,2.3035,-131.41,-2.1219,-68.75,68.75,0.14,38.673,1.817
3250,BTCW,WisdomTree Bitcoin Fund,WisdomTree,BTCW,WisdomTree Bitcoin Fund,BTC-USD,2026-04-22,83.5,400.0,0.25,207.515,2.3191,9.37,1.0156,216.88,216.88,,38.673,1.815
3251,BTCW,WisdomTree Bitcoin Fund,WisdomTree,BTCW,WisdomTree Bitcoin Fund,BTC-USD,2026-04-23,82.14,400.0,0.25,194.426,2.291,-11.57,-1.0994,182.85,182.85,0.25,38.673,1.842
3252,BTCW,WisdomTree Bitcoin Fund,WisdomTree,BTCW,WisdomTree Bitcoin Fund,BTC-USD,2026-04-24,82.106,400.0,0.25,194.719,2.2916,-42.74,-1.6408,151.98,151.98,0.3,41.496,1.837
3253,BTCW,WisdomTree Bitcoin Fund,WisdomTree,BTCW,WisdomTree Bitcoin Fund,BTC-USD,2026-04-27,81.29,400.0,0.25,191.905,2.2853,-135.52,-2.1352,56.39,56.39,0.31,43.721,1.888
3254,BTCW,WisdomTree Bitcoin Fund,WisdomTree,BTCW,WisdomTree Bitcoin Fund,BTC-USD,2026-04-28,80.75,400.0,0.25,191.905,2.2853,-42.65,-1.6399,149.26,149.26,0.33,43.721,1.857
3255,BTCW,WisdomTree Bitcoin Fund,WisdomTree,BTCW,WisdomTree Bitcoin Fund,BTC-USD,2026-04-29,79.89,400.0,0.25,187.376,2.275,-105.13,-2.0258,82.25,82.25,0.35,45.011,1.873
3256,BTCW,WisdomTree Bitcoin Fund,WisdomTree,BTCW,WisdomTree Bitcoin Fund,BTC-USD,2026-04-30,80.85,400.0,0.25,188.675,2.278,-25.23,-1.4188,163.45,163.45,0.38,38.095,1.726
3257,BTCW,WisdomTree Bitcoin Fund,WisdomTree,BTCW,WisdomTree Bitcoin Fund,BTC-USD,2026-05-01,82.96,400.0,0.25,192.806,2.2874,-67.05,-1.8328,125.76,125.76,0.41,38.095,1.752
3258,BTCW,WisdomTree Bitcoin Fund,WisdomTree,BTCW,WisdomTree Bitcoin Fund,BTC-USD,2026-05-04,84.72,400.0,0.25,188.675,2.278,-50.46,-1.7115,138.21,138.21,0.44,38.095,1.872
3259,BTCW,WisdomTree Bitcoin Fund,WisdomTree,BTCW,WisdomTree Bitcoin Fund,BTC-USD,2026-05-05,86.37,400.0,0.25,188.675,2.278,-112.77,-2.056,75.9,75.9,0.48,38.095,1.785
3260,BTCW,WisdomTree Bitcoin Fund,WisdomTree,BTCW,WisdomTree Bitcoin Fund,BTC-USD,2026-05-06,86.2,400.0,0.25,177.308,2.2512,348.03,2.5429,525.34,525.34,0.56,39.191,1.781
3261,BTCW,WisdomTree Bitcoin Fund,WisdomTree,BTCW,WisdomTree Bitcoin Fund,BTC-USD,2026-05-07,84.79,400.0,0.25,165.776,2.2221,-93.25,-1.9743,72.53,72.53,0.49,39.191,1.8
3262,BTCW,WisdomTree Bitcoin Fund,WisdomTree,BTCW,WisdomTree Bitcoin Fund,BTC-USD,2026-05-08,84.727,400.0,0.25,141.609,2.1541,-128.06,-2.1108,13.55,13.55,0.49,33.838,1.771
3263,BTCW,WisdomTree Bitcoin Fund,WisdomTree,BTCW,WisdomTree Bitcoin Fund,BTC-USD,2026-05-11,86.71,400.0,0.25,138.869,2.1457,-61.87,-1.7985,77.0,77.0,0.49,33.838,1.761
3264,BTCW,WisdomTree Bitcoin Fund,WisdomTree,BTCW,WisdomTree Bitcoin Fund,BTC-USD,2026-05-12,85.49,400.0,0.25,150.9,2.1816,95.99,1.9867,246.89,246.89,0.5,31.079,1.753
3265,BTCW,WisdomTree Bitcoin Fund,WisdomTree,BTCW,WisdomTree Bitcoin Fund,BTC-USD,2026-05-13,84.22,400.0,0.25,152.075,2.1849,-78.33,-1.8994,73.75,73.75,0.51,31.079,1.756
3266,BTCW,WisdomTree Bitcoin Fund,WisdomTree,BTCW,WisdomTree Bitcoin Fund,BTC-USD,2026-05-14,86.17,400.0,0.25,153.117,2.1878,-79.5,-1.9058,73.62,73.62,0.51,28.137,1.75
3267,BTCW,WisdomTree Bitcoin Fund,WisdomTree,BTCW,WisdomTree Bitcoin Fund,BTC-USD,2026-05-15,83.66,400.0,0.25,160.076,2.207,-154.11,-2.1906,5.97,5.97,0.49,21.466,1.735
3268,BTCW,WisdomTree Bitcoin Fund,WisdomTree,BTCW,WisdomTree Bitcoin Fund,BTC-USD,2026-05-18,81.22,400.0,0.25,246.837,2.3942,-186.06,-2.272,-60.78,60.78,0.46,21.466,1.225
3269,BTCW,WisdomTree Bitcoin Fund,WisdomTree,BTCW,WisdomTree Bitcoin Fund,BTC-USD,2026-05-19,81.13,400.0,0.25,163.641,2.2165,-107.74,-2.0364,-55.9,55.9,0.45,24.605,1.214
3270,BTCW,WisdomTree Bitcoin Fund,WisdomTree,BTCW,WisdomTree Bitcoin Fund,BTC-USD,2026-05-20,82.1,400.0,0.25,156.869,2.1983,61.93,1.7989,218.8,218.8,0.43,14.442,1.208
3271,BTCW,WisdomTree Bitcoin Fund,WisdomTree,BTCW,WisdomTree Bitcoin Fund,BTC-USD,2026-05-21,82.126,400.0,0.25,152.175,2.1852,-73.68,-1.8732,-78.49,78.49,0.4,18.13,1.174
3272,BTCW,WisdomTree Bitcoin Fund,WisdomTree,BTCW,WisdomTree Bitcoin Fund,BTC-USD,2026-05-22,80.161,400.0,0.25,150.05,2.1791,-53.08,-1.733,96.97,96.97,0.42,18.13,1.108
3273,BTCW,WisdomTree Bitcoin Fund,WisdomTree,BTCW,WisdomTree Bitcoin Fund,BTC-USD,2026-05-26,80.26,400.0,0.25,152.915,2.1873,-128.37,-2.1118,-24.54,24.54,0.4,17.745,1.067
3274,BTCW,WisdomTree Bitcoin Fund,WisdomTree,BTCW,WisdomTree Bitcoin Fund,BTC-USD,2026-05-27,79.28,400.0,0.25,245.648,2.3921,-128.34,-2.1117,117.31,117.31,0.4,15.52,0.972
3275,BTCW,WisdomTree Bitcoin Fund,WisdomTree,BTCW,WisdomTree Bitcoin Fund,BTC-USD,2026-05-28,77.52,400.0,0.25,245.648,2.3921,-180.05,-2.2578,-65.59,65.59,0.39,15.52,0.99
3276,BTCW,WisdomTree Bitcoin Fund,WisdomTree,BTCW,WisdomTree Bitcoin Fund,BTC-USD,2026-05-29,77.58,400.0,0.25,249.014,2.398,-248.2,-2.3965,-0.82,0.82,0.4,20.08,1.041
3277,BTCW,WisdomTree Bitcoin Fund,WisdomTree,BTCW,WisdomTree Bitcoin Fund,BTC-USD,2026-06-01,75.55,400.0,0.25,248.344,2.3968,-171.35,-2.2364,-76.99,76.99,0.41,19.902,1.056
3278,BTCW,WisdomTree Bitcoin Fund,WisdomTree,BTCW,WisdomTree Bitcoin Fund,BTC-USD,2026-06-02,71.01,400.0,0.25,349.351,2.5445,-190.88,-2.283,-158.48,158.48,0.43,19.902,1.027
3279,BTCW,WisdomTree Bitcoin Fund,WisdomTree,BTCW,WisdomTree Bitcoin Fund,BTC-USD,2026-06-03,69.15,400.0,0.25,349.351,2.5445,-251.33,-2.402,-98.03,98.03,0.45,19.902,0.975
3280,BTCW,WisdomTree Bitcoin Fund,WisdomTree,BTCW,WisdomTree Bitcoin Fund,BTC-USD,2026-06-04,67.21,400.0,0.25,349.585,2.5448,58.18,1.7722,-407.76,407.76,0.52,19.902,0.778
3281,BTCW,WisdomTree Bitcoin Fund,WisdomTree,BTCW,WisdomTree Bitcoin Fund,BTC-USD,2026-06-05,63.691,400.0,0.25,351.541,2.5472,112.47,2.0549,-464.01,464.01,0.76,18.806,0.865
3282,BTCW,WisdomTree Bitcoin Fund,WisdomTree,BTCW,WisdomTree Bitcoin Fund,BTC-USD,2026-06-08,67.01,400.0,0.25,358.449,2.5556,-79.68,-1.9068,-278.76,278.76,0.83,18.806,0.842
3283,BTCW,WisdomTree Bitcoin Fund,WisdomTree,BTCW,WisdomTree Bitcoin Fund,BTC-USD,2026-06-09,65.64,400.0,0.25,356.495,2.5533,-105.94,-2.0291,-250.55,250.55,0.89,15.115,0.891
3284,BTCW,WisdomTree Bitcoin Fund,WisdomTree,BTCW,WisdomTree Bitcoin Fund,BTC-USD,2026-06-10,65.46,400.0,0.25,356.044,2.5527,-58.91,-1.7775,-297.13,297.13,0.98,15.115,0.926
3285,BTCW,WisdomTree Bitcoin Fund,WisdomTree,BTCW,WisdomTree Bitcoin Fund,BTC-USD,2026-06-11,67.19,400.0,0.25,361.859,2.5597,-16.03,-1.2312,-345.83,345.83,1.07,15.115,0.926
3286,BTCW,WisdomTree Bitcoin Fund,WisdomTree,BTCW,WisdomTree Bitcoin Fund,BTC-USD,2026-06-12,67.24,400.0,0.25,360.683,2.5583,-31.86,-1.5167,-328.82,328.82,1.19,15.115,0.888
3287,BTCW,WisdomTree Bitcoin Fund,WisdomTree,BTCW,WisdomTree Bitcoin Fund,BTC-USD,2026-06-15,70.43,400.0,0.25,355.419,2.552,-83.21,-1.9254,-272.21,272.21,1.25,15.115,0.876
3288,BTCW,WisdomTree Bitcoin Fund,WisdomTree,BTCW,WisdomTree Bitcoin Fund,BTC-USD,2026-06-16,69.43,400.0,0.25,353.771,2.5499,-94.7,-1.9809,-259.07,259.07,1.33,15.115,0.867
3289,BTCW,WisdomTree Bitcoin Fund,WisdomTree,BTCW,WisdomTree Bitcoin Fund,BTC-USD,2026-06-17,67.93,400.0,0.25,347.491,2.5422,-75.38,-1.883,-272.11,272.11,1.39,15.686,0.898
3290,BTCW,WisdomTree Bitcoin Fund,WisdomTree,BTCW,WisdomTree Bitcoin Fund,BTC-USD,2026-06-18,66.55,400.0,0.25,342.807,2.5363,-69.8,-1.85,-273.01,273.01,1.45,12.547,1.321
3291,BTCW,WisdomTree Bitcoin Fund,WisdomTree,BTCW,WisdomTree Bitcoin Fund,BTC-USD,2026-06-22,68.06,400.0,0.25,349.191,2.5443,-116.23,-2.069,-232.97,232.97,1.49,12.547,1.316
3292,BTCW,WisdomTree Bitcoin Fund,WisdomTree,BTCW,WisdomTree Bitcoin Fund,BTC-USD,2026-06-23,65.82,400.0,0.25,370.219,2.5696,-0.15,-0.0615,-370.07,370.07,1.57,8.86,1.317
3293,BTCW,WisdomTree Bitcoin Fund,WisdomTree,BTCW,WisdomTree Bitcoin Fund,BTC-USD,2026-06-24,63.24,400.0,0.25,369.434,2.5687,145.8,2.1667,-515.24,515.24,1.88,8.86,1.346
3294,BTCW,WisdomTree Bitcoin Fund,WisdomTree,BTCW,WisdomTree Bitcoin Fund,BTC-USD,2026-06-25,62.58,400.0,0.25,370.453,2.5699,32.42,1.524,-402.87,402.87,1.93,12.741,1.395
3295,BTCW,WisdomTree Bitcoin Fund,WisdomTree,BTCW,WisdomTree Bitcoin Fund,BTC-USD,2026-06-26,63.03,400.0,0.25,355.0,2.5514,72.51,1.8663,-427.51,427.51,2.09,18.954,1.4
3296,BTCW,WisdomTree Bitcoin Fund,WisdomTree,BTCW,WisdomTree Bitcoin Fund,BTC-USD,2026-06-29,63.76,400.0,0.25,276.029,2.4425,-65.0,-1.8196,-211.02,211.02,1.98,28.901,1.409
3297,BTCW,WisdomTree Bitcoin Fund,WisdomTree,BTCW,WisdomTree Bitcoin Fund,BTC-USD,2026-06-30,62.0,400.0,0.25,359.478,2.5569,-90.02,-1.9592,-269.46,269.46,2.04,23.05,1.332
3298,BTCW,WisdomTree Bitcoin Fund,WisdomTree,BTCW,WisdomTree Bitcoin Fund,BTC-USD,2026-07-01,63.39,400.0,0.25,363.506,2.5617,-113.85,-2.0601,-249.66,249.66,2.06,23.05,1.334
3299,BTCW,WisdomTree Bitcoin Fund,WisdomTree,BTCW,WisdomTree Bitcoin Fund,BTC-USD,2026-07-02,64.9,400.0,0.25,363.506,2.5617,-152.05,-2.1848,-211.46,211.46,2.23,23.05,1.316
3300,BTCW,WisdomTree Bitcoin Fund,WisdomTree,BTCW,WisdomTree Bitcoin Fund,BTC-USD,2026-07-06,67.23,400.0,0.25,363.506,2.5617,-24.43,-1.4053,-339.08,339.08,2.68,23.05,1.71
3301,BTCW,WisdomTree Bitcoin Fund,WisdomTree,BTCW,WisdomTree Bitcoin Fund,BTC-USD,2026-07-07,67.43,400.0,0.25,277.914,2.4455,-226.58,-2.3571,51.34,51.34,2.28,24.135,1.848
3302,BTCW,WisdomTree Bitcoin Fund,WisdomTree,BTCW,WisdomTree Bitcoin Fund,BTC-USD,2026-07-08,65.69,400.0,0.25,275.41,2.4416,-179.81,-2.2572,95.6,95.6,2.33,24.135,1.819
3303,BTCW,WisdomTree Bitcoin Fund,WisdomTree,BTCW,WisdomTree Bitcoin Fund,BTC-USD,2026-07-09,66.77,400.0,0.25,280.818,2.45,-190.65,-2.2825,-90.16,90.16,2.26,24.135,1.764
3304,BTCW,WisdomTree Bitcoin Fund,WisdomTree,BTCW,WisdomTree Bitcoin Fund,BTC-USD,2026-07-10,67.485,400.0,0.25,280.818,2.45,-147.09,-2.1705,-133.73,133.73,2.28,24.135,1.737
3305,BTCW,WisdomTree Bitcoin Fund,WisdomTree,BTCW,WisdomTree Bitcoin Fund,BTC-USD,2026-07-13,65.68,400.0,0.25,276.715,2.4436,-175.22,-2.2461,-101.49,101.49,2.21,24.135,1.807
3306,BTCW,WisdomTree Bitcoin Fund,WisdomTree,BTCW,WisdomTree Bitcoin Fund,BTC-USD,2026-07-14,68.21,400.0,0.25,281.157,2.4505,-171.99,-2.238,-109.17,109.17,2.32,24.135,1.828
3307,BTCW,WisdomTree Bitcoin Fund,WisdomTree,BTCW,WisdomTree Bitcoin Fund,BTC-USD,2026-07-15,68.604,400.0,0.25,281.157,2.4505,-257.08,-2.4118,-24.07,24.07,2.28,24.135,1.835
3308,BTCW,WisdomTree Bitcoin Fund,WisdomTree,BTCW,WisdomTree Bitcoin Fund,BTC-USD,2026-07-16,67.86,400.0,0.25,229.773,2.3632,-163.09,-2.2151,-66.69,66.69,2.27,24.135,1.854
3309,BTCW,WisdomTree Bitcoin Fund,WisdomTree,BTCW,WisdomTree Bitcoin Fund,BTC-USD,2026-07-17,67.774,400.0,0.25,212.2,2.3288,-162.76,-2.2142,-49.43,49.43,2.34,24.135,1.876
3310,BTCW,WisdomTree Bitcoin Fund,WisdomTree,BTCW,WisdomTree Bitcoin Fund,BTC-USD,2026-07-20,68.81,400.0,0.25,211.914,2.3282,-162.13,-2.2125,-49.78,49.78,2.33,23.563,1.882
3311,BTCW,WisdomTree Bitcoin Fund,WisdomTree,BTCW,WisdomTree Bitcoin Fund,BTC-USD,2026-07-21,70.21,400.0,0.25,224.398,2.353,-170.88,-2.2352,-53.52,53.52,2.27,23.563,1.499
3312,BTCW,WisdomTree Bitcoin Fund,WisdomTree,BTCW,WisdomTree Bitcoin Fund,BTC-USD,2026-07-22,69.64,400.0,0.25,214.2,2.3328,-68.22,-1.8402,-145.98,145.98,2.21,23.563,1.52
3313,BTCW,WisdomTree Bitcoin Fund,WisdomTree,BTCW,WisdomTree Bitcoin Fund,BTC-USD,2026-07-23,68.45,400.0,0.25,202.927,2.3095,-191.8,-2.2851,-11.12,11.12,2.21,23.563,1.574
3314,BTCW,WisdomTree Bitcoin Fund,WisdomTree,BTCW,WisdomTree Bitcoin Fund,BTC-USD,2026-07-24,67.736,400.0,0.25,203.519,2.3107,-23.23,-1.3843,180.29,180.29,2.2,23.563,1.561
3315,BTCW,WisdomTree Bitcoin Fund,WisdomTree,BTCW,WisdomTree Bitcoin Fund,BTC-USD,2026-07-27,68.61,400.0,0.25,213.157,2.3307,66.19,1.8273,279.35,279.35,2.41,17.244,1.505
3316,BTCW,WisdomTree Bitcoin Fund,WisdomTree,BTCW,WisdomTree Bitcoin Fund,BTC-USD,2026-07-28,67.39,400.0,0.25,192.119,2.2858,-144.8,-2.1638,47.32,47.32,2.12,11.032,1.611
3317,BTCW,WisdomTree Bitcoin Fund,WisdomTree,BTCW,WisdomTree Bitcoin Fund,BTC-USD,2026-07-29,67.1,400.0,0.25,166.621,2.2243,-69.12,-1.8458,-97.5,97.5,2.03,1.084,1.603
3318,BTCW,WisdomTree Bitcoin Fund,WisdomTree,BTCW,WisdomTree Bitcoin Fund,BTC-USD,2026-07-30,68.44,400.0,0.25,166.977,2.2252,-160.11,-2.2071,6.87,6.87,1.97,1.084,1.585
3319,BTCW,WisdomTree Bitcoin Fund,WisdomTree,BTCW,WisdomTree Bitcoin Fund,BTC-USD,2026-07-31,66.42,400.0,0.25,161.107,2.2098,-157.15,-2.1991,3.96,3.96,1.98,1.084,1.71
3320,BTCW,WisdomTree Bitcoin Fund,WisdomTree,BTCW,WisdomTree Bitcoin Fund,BTC-USD,2026-08-03,67.43,400.0,0.25,166.537,2.2241,-104.14,-2.0218,62.39,62.39,1.73,6.011,1.736
3321,BTCW,WisdomTree Bitcoin Fund,WisdomTree,BTCW,WisdomTree Bitcoin Fund,BTC-USD,2026-08-04,67.82,400.0,0.25,166.537,2.2241,-87.79,-1.9484,78.74,78.74,2.44,6.011,1.283
3322,BTCW,WisdomTree Bitcoin Fund,WisdomTree,BTCW,WisdomTree Bitcoin Fund,BTC-USD,2026-08-05,68.43,400.0,0.25,162.576,2.2137,-107.45,-2.0352,-55.12,55.12,2.37,4.926,1.298
3323,BTCW,WisdomTree Bitcoin Fund,WisdomTree,BTCW,WisdomTree Bitcoin Fund,BTC-USD,2026-08-06,68.09,400.0,0.25,152.13,2.1851,-111.62,-2.0516,40.51,40.51,2.34,9.625,1.501
3324,BTCW,WisdomTree Bitcoin Fund,WisdomTree,BTCW,WisdomTree Bitcoin Fund,BTC-USD,2026-08-07,68.66,400.0,0.25,148.566,2.1748,-129.37,-2.1152,19.2,19.2,2.15,9.625,1.509
3325,BTCW,WisdomTree Bitcoin Fund,WisdomTree,BTCW,WisdomTree Bitcoin Fund,BTC-USD,2026-08-10,67.54,400.0,0.25,148.085,2.1734,-100.52,-2.0066,47.56,47.56,2.33,9.625,1.598
3326,BTCW,WisdomTree Bitcoin Fund,WisdomTree,BTCW,WisdomTree Bitcoin Fund,BTC-USD,2026-08-11,67.06,400.0,0.25,135.138,2.134,-132.98,-2.127,-2.16,2.16,2.27,9.625,1.519
3327,BTCW,WisdomTree Bitcoin Fund,WisdomTree,BTCW,WisdomTree Bitcoin Fund,BTC-USD,2026-08-12,66.93,400.0,0.25,129.621,2.116,-73.33,-1.8711,56.29,56.29,2.35,11.03,1.505
3328,BTCW,WisdomTree Bitcoin Fund,WisdomTree,BTCW,WisdomTree Bitcoin Fund,BTC-USD,2026-08-13,66.89,400.0,0.25,130.318,2.1183,-85.01,-1.9345,-45.31,45.31,2.31,12.169,1.474
3329,BTCW,WisdomTree Bitcoin Fund,WisdomTree,BTCW,WisdomTree Bitcoin Fund,BTC-USD,2026-08-14,66.47,400.0,0.25,131.331,2.1217,-53.34,-1.7351,-77.99,77.99,2.3,12.169,1.447
3330,BTCW,WisdomTree Bitcoin Fund,WisdomTree,BTCW,WisdomTree Bitcoin Fund,BTC-USD,2026-08-17,67.92,400.0,0.25,137.205,2.1405,-70.09,-1.8518,-67.11,67.11,2.21,12.169,1.425
3331,BTCW,WisdomTree Bitcoin Fund,WisdomTree,BTCW,WisdomTree Bitcoin Fund,BTC-USD,2026-08-18,68.265,400.0,0.25,152.237,2.1854,-143.19,-2.1589,9.05,9.05,2.7,12.169,1.364
3332,BTCW,WisdomTree Bitcoin Fund,WisdomTree,BTCW,WisdomTree Bitcoin Fund,BTC-USD,2026-08-19,72.35,400.0,0.25,152.237,2.1854,-74.3,-1.8768,-77.94,77.94,2.59,12.169,1.342
3333,BTCW,WisdomTree Bitcoin Fund,WisdomTree,BTCW,WisdomTree Bitcoin Fund,BTC-USD,2026-08-20,76.86,400.0,0.25,159.484,2.2054,-129.73,-2.1164,29.75,29.75,2.74,12.169,1.335
3334,BTCW,WisdomTree Bitcoin Fund,WisdomTree,BTCW,WisdomTree Bitcoin Fund,BTC-USD,2026-08-21,81.447,400.0,0.25,159.484,2.2054,-105.91,-2.029,-53.57,53.57,2.57,12.169,1.319
3335,BTCW,WisdomTree Bitcoin Fund,WisdomTree,BTCW,WisdomTree Bitcoin Fund,BTC-USD,2026-08-24,83.23,400.0,0.25,160.873,2.2092,-116.11,-2.0686,44.76,44.76,2.88,12.169,1.373
3336,BTCW,WisdomTree Bitcoin Fund,WisdomTree,BTCW,WisdomTree Bitcoin Fund,BTC-USD,2026-08-25,83.4,400.0,0.25,132.263,2.1247,-60.03,-1.7855,-72.24,72.24,2.73,16.753,1.502
3337,BTCW,WisdomTree Bitcoin Fund,WisdomTree,BTCW,WisdomTree Bitcoin Fund,BTC-USD,2026-08-26,82.97,400.0,0.25,158.585,2.203,-137.01,-2.1399,21.58,21.58,2.82,16.753,1.393
3338,BTCW,WisdomTree Bitcoin Fund,WisdomTree,BTCW,WisdomTree Bitcoin Fund,BTC-USD,2026-08-27,84.46,400.0,0.25,165.181,2.2206,-32.35,-1.5231,132.83,132.83,3.04,16.753,1.414
3339,EZBC,Franklin Bitcoin ETF,Franklin Templeton,EZBC,Franklin Bitcoin ETF,BTC-USD,2025-03-07,50.36,500.0,0.19,106.777,2.0325,-76.78,-1.8909,-29.99,29.99,0.17,82.54,22.691
3340,EZBC,Franklin Bitcoin ETF,Franklin Templeton,EZBC,Franklin Bitcoin ETF,BTC-USD,2025-03-10,45.76,500.0,0.19,96.623,1.9896,-59.67,-1.7829,36.96,36.96,0.21,74.075,23.516
3341,EZBC,Franklin Bitcoin ETF,Franklin Templeton,EZBC,Franklin Bitcoin ETF,BTC-USD,2025-03-11,48.16,500.0,0.19,105.208,2.0262,38.65,1.5982,143.86,143.86,0.23,74.517,25.705
3342,EZBC,Franklin Bitcoin ETF,Franklin Templeton,EZBC,Franklin Bitcoin ETF,BTC-USD,2025-03-12,48.03,500.0,0.19,107.263,2.0345,-45.56,-1.668,-61.7,61.7,0.14,83.593,24.239
3343,EZBC,Franklin Bitcoin ETF,Franklin Templeton,EZBC,Franklin Bitcoin ETF,BTC-USD,2025-03-13,46.41,500.0,0.19,113.517,2.0589,-78.49,-1.9003,-35.03,35.03,0.22,90.763,24.353
3344,EZBC,Franklin Bitcoin ETF,Franklin Templeton,EZBC,Franklin Bitcoin ETF,BTC-USD,2025-03-14,49.01,500.0,0.19,108.867,2.0409,85.7,1.938,194.56,194.56,0.24,80.202,23.398
3345,EZBC,Franklin Bitcoin ETF,Franklin Templeton,EZBC,Franklin Bitcoin ETF,BTC-USD,2025-03-17,48.99,500.0,0.19,110.084,2.0457,12.79,1.1394,122.87,122.87,0.25,86.049,23.46
3346,EZBC,Franklin Bitcoin ETF,Franklin Templeton,EZBC,Franklin Bitcoin ETF,BTC-USD,2025-03-18,47.66,500.0,0.19,109.55,2.0436,-102.71,-2.0158,-6.84,6.84,0.22,86.049,23.739
3347,EZBC,Franklin Bitcoin ETF,Franklin Templeton,EZBC,Franklin Bitcoin ETF,BTC-USD,2025-03-19,49.52,500.0,0.19,109.55,2.0436,-90.74,-1.9625,18.81,18.81,0.22,86.049,23.14
3348,EZBC,Franklin Bitcoin ETF,Franklin Templeton,EZBC,Franklin Bitcoin ETF,BTC-USD,2025-03-20,48.75,500.0,0.19,118.867,2.0787,-50.37,-1.7107,68.5,68.5,0.23,95.364,23.224
3349,EZBC,Franklin Bitcoin ETF,Franklin Templeton,EZBC,Franklin Bitcoin ETF,BTC-USD,2025-03-21,48.63,500.0,0.19,118.447,2.0772,-116.99,-2.0718,1.46,1.46,0.21,95.364,23.17
3350,EZBC,Franklin Bitcoin ETF,Franklin Templeton,EZBC,Franklin Bitcoin ETF,BTC-USD,2025-03-24,51.16,500.0,0.19,112.979,2.0568,149.81,2.1784,262.78,262.78,0.18,90.869,22.463
3351,EZBC,Franklin Bitcoin ETF,Franklin Templeton,EZBC,Franklin Bitcoin ETF,BTC-USD,2025-03-25,51.1,500.0,0.19,119.195,2.0799,51.09,1.7168,-170.29,170.29,,95.536,22.367
3352,EZBC,Franklin Bitcoin ETF,Franklin Templeton,EZBC,Franklin Bitcoin ETF,BTC-USD,2025-03-26,50.2,500.0,0.19,123.67,2.0958,-69.03,-1.8453,54.64,54.64,,95.536,16.984
3353,EZBC,Franklin Bitcoin ETF,Franklin Templeton,EZBC,Franklin Bitcoin ETF,BTC-USD,2025-03-27,50.48,500.0,0.19,131.391,2.1219,-129.26,-2.1148,2.13,2.13,,102.204,16.171
3354,EZBC,Franklin Bitcoin ETF,Franklin Templeton,EZBC,Franklin Bitcoin ETF,BTC-USD,2025-03-28,48.55,500.0,0.19,127.338,2.1084,-40.3,-1.616,87.04,87.04,,87.194,14.582
3355,EZBC,Franklin Bitcoin ETF,Franklin Templeton,EZBC,Franklin Bitcoin ETF,BTC-USD,2025-03-31,47.76,500.0,0.19,127.09,2.1075,-126.7,-2.1062,0.39,0.39,,82.609,14.379
3356,EZBC,Franklin Bitcoin ETF,Franklin Templeton,EZBC,Franklin Bitcoin ETF,BTC-USD,2025-04-01,49.25,500.0,0.19,127.09,2.1075,-107.43,-2.0352,-19.66,19.66,,82.609,14.528
3357,EZBC,Franklin Bitcoin ETF,Franklin Templeton,EZBC,Franklin Bitcoin ETF,BTC-USD,2025-04-02,50.4,500.0,0.19,132.102,2.1242,432.19,2.6367,564.29,564.29,,82.609,13.249
3358,EZBC,Franklin Bitcoin ETF,Franklin Templeton,EZBC,Franklin Bitcoin ETF,BTC-USD,2025-04-03,47.44,500.0,0.19,133.59,2.129,7.78,0.9435,-141.37,141.37,,82.609,11.978
3359,EZBC,Franklin Bitcoin ETF,Franklin Templeton,EZBC,Franklin Bitcoin ETF,BTC-USD,2025-04-04,48.65,500.0,0.19,129.258,2.1148,-14.36,-1.1864,114.9,114.9,,73.143,12.5
3360,EZBC,Franklin Bitcoin ETF,Franklin Templeton,EZBC,Franklin Bitcoin ETF,BTC-USD,2025-04-07,45.23,500.0,0.19,124.362,2.0982,87.27,1.9458,-211.63,211.63,,61.108,12.477
3361,EZBC,Franklin Bitcoin ETF,Franklin Templeton,EZBC,Franklin Bitcoin ETF,BTC-USD,2025-04-08,44.43,500.0,0.19,142.819,2.1578,-73.17,-1.8703,-69.65,69.65,,80.006,12.066
3362,EZBC,Franklin Bitcoin ETF,Franklin Templeton,EZBC,Franklin Bitcoin ETF,BTC-USD,2025-04-09,47.74,500.0,0.19,135.22,2.1342,-70.29,-1.853,-64.93,64.93,,76.778,10.121
3363,EZBC,Franklin Bitcoin ETF,Franklin Templeton,EZBC,Franklin Bitcoin ETF,BTC-USD,2025-04-10,46.05,500.0,0.19,142.391,2.1565,-103.31,-2.0183,39.08,39.08,,78.144,10.462
3364,EZBC,Franklin Bitcoin ETF,Franklin Templeton,EZBC,Franklin Bitcoin ETF,BTC-USD,2025-04-11,48.57,500.0,0.19,136.885,2.1395,27.2,1.4502,164.08,164.08,,70.974,10.567
3365,EZBC,Franklin Bitcoin ETF,Franklin Templeton,EZBC,Franklin Bitcoin ETF,BTC-USD,2025-04-14,49.2,500.0,0.19,129.713,2.1163,-101.13,-2.0092,-28.58,28.58,,70.974,10.455
3366,EZBC,Franklin Bitcoin ETF,Franklin Templeton,EZBC,Franklin Bitcoin ETF,BTC-USD,2025-04-15,48.7,500.0,0.19,131.22,2.1213,-114.58,-2.0629,-16.64,16.64,,70.819,10.187
3367,EZBC,Franklin Bitcoin ETF,Franklin Templeton,EZBC,Franklin Bitcoin ETF,BTC-USD,2025-04-16,48.88,500.0,0.19,134.305,2.1313,-43.06,-1.6441,91.24,91.24,,73.921,9.95
3368,EZBC,Franklin Bitcoin ETF,Franklin Templeton,EZBC,Franklin Bitcoin ETF,BTC-USD,2025-04-17,49.19,500.0,0.19,140.344,2.1503,22.95,1.3793,163.29,163.29,,81.537,9.835
3369,EZBC,Franklin Bitcoin ETF,Franklin Templeton,EZBC,Franklin Bitcoin ETF,BTC-USD,2025-04-21,50.67,500.0,0.19,127.643,2.1094,-106.44,-2.0311,21.21,21.21,,70.435,10.168
3370,EZBC,Franklin Bitcoin ETF,Franklin Templeton,EZBC,Franklin Bitcoin ETF,BTC-USD,2025-04-22,53.07,500.0,0.19,127.643,2.1094,-18.39,-1.2876,-109.25,109.25,,70.435,11.092
3371,EZBC,Franklin Bitcoin ETF,Franklin Templeton,EZBC,Franklin Bitcoin ETF,BTC-USD,2025-04-23,54.22,500.0,0.19,127.643,2.1094,-97.71,-1.9944,-29.93,29.93,,70.435,11.12
3372,EZBC,Franklin Bitcoin ETF,Franklin Templeton,EZBC,Franklin Bitcoin ETF,BTC-USD,2025-04-24,54.25,500.0,0.19,126.267,2.1047,-86.61,-1.9425,-39.66,39.66,,68.838,11.108
3373,EZBC,Franklin Bitcoin ETF,Franklin Templeton,EZBC,Franklin Bitcoin ETF,BTC-USD,2025-04-25,55.31,500.0,0.19,122.354,2.0912,71.86,1.8625,194.22,194.22,,68.838,11.276
3374,EZBC,Franklin Bitcoin ETF,Franklin Templeton,EZBC,Franklin Bitcoin ETF,BTC-USD,2025-04-28,54.91,500.0,0.19,121.661,2.0887,-51.47,-1.7199,70.19,70.19,,63.306,11.42
3375,EZBC,Franklin Bitcoin ETF,Franklin Templeton,EZBC,Franklin Bitcoin ETF,BTC-USD,2025-04-29,55.25,500.0,0.19,123.525,2.0953,145.8,2.1667,269.33,269.33,,63.306,11.24
3376,EZBC,Franklin Bitcoin ETF,Franklin Templeton,EZBC,Franklin Bitcoin ETF,BTC-USD,2025-04-30,54.53,500.0,0.19,125.22,2.1011,-30.82,-1.5027,94.4,94.4,,63.306,11.268
3377,EZBC,Franklin Bitcoin ETF,Franklin Templeton,EZBC,Franklin Bitcoin ETF,BTC-USD,2025-05-01,55.94,500.0,0.19,125.781,2.1031,1.98,0.4745,127.76,127.76,,63.306,10.551
3378,EZBC,Franklin Bitcoin ETF,Franklin Templeton,EZBC,Franklin Bitcoin ETF,BTC-USD,2025-05-02,56.17,500.0,0.19,120.769,2.0855,276.22,2.4428,-396.99,396.99,,63.306,10.383
3379,EZBC,Franklin Bitcoin ETF,Franklin Templeton,EZBC,Franklin Bitcoin ETF,BTC-USD,2025-05-05,54.65,500.0,0.19,120.769,2.0855,84.4,1.9315,205.17,205.17,,63.306,10.365
3380,EZBC,Franklin Bitcoin ETF,Franklin Templeton,EZBC,Franklin Bitcoin ETF,BTC-USD,2025-05-06,55.0,500.0,0.19,121.254,2.0873,-21.94,-1.3605,-99.32,99.32,,68.103,9.752
3381,EZBC,Franklin Bitcoin ETF,Franklin Templeton,EZBC,Franklin Bitcoin ETF,BTC-USD,2025-05-07,55.73,500.0,0.19,121.254,2.0873,87.31,1.946,208.56,208.56,,68.103,8.832
3382,EZBC,Franklin Bitcoin ETF,Franklin Templeton,EZBC,Franklin Bitcoin ETF,BTC-USD,2025-05-08,58.71,500.0,0.19,101.606,2.0112,-88.93,-1.9539,-12.68,12.68,,49.205,8.462
3383,EZBC,Franklin Bitcoin ETF,Franklin Templeton,EZBC,Franklin Bitcoin ETF,BTC-USD,2025-05-09,59.82,500.0,0.19,88.749,1.953,129.38,2.1152,218.13,218.13,,40.052,8.162
3384,EZBC,Franklin Bitcoin ETF,Franklin Templeton,EZBC,Franklin Bitcoin ETF,BTC-USD,2025-05-12,58.99,500.0,0.19,79.148,1.9039,36.2,1.5705,115.35,115.35,,30.689,7.827
3385,EZBC,Franklin Bitcoin ETF,Franklin Templeton,EZBC,Franklin Bitcoin ETF,BTC-USD,2025-05-13,60.75,500.0,0.19,78.091,1.8981,114.06,2.0609,192.15,192.15,,30.689,7.34
3386,EZBC,Franklin Bitcoin ETF,Franklin Templeton,EZBC,Franklin Bitcoin ETF,BTC-USD,2025-05-14,59.86,500.0,0.19,81.169,1.9147,15.36,1.2138,96.53,96.53,,32.56,7.23
3387,EZBC,Franklin Bitcoin ETF,Franklin Templeton,EZBC,Franklin Bitcoin ETF,BTC-USD,2025-05-15,59.79,500.0,0.19,75.367,1.8829,-3.84,-0.685,71.53,71.53,,27.81,7.214
3388,EZBC,Franklin Bitcoin ETF,Franklin Templeton,EZBC,Franklin Bitcoin ETF,BTC-USD,2025-05-16,60.32,500.0,0.19,71.523,1.8605,115.93,2.0679,187.45,187.45,,24.708,7.11
3389,EZBC,Franklin Bitcoin ETF,Franklin Templeton,EZBC,Franklin Bitcoin ETF,BTC-USD,2025-05-19,61.14,500.0,0.19,66.832,1.8314,106.71,2.0323,173.54,173.54,,19.286,7.208
3390,EZBC,Franklin Bitcoin ETF,Franklin Templeton,EZBC,Franklin Bitcoin ETF,BTC-USD,2025-05-20,62.1,500.0,0.19,72.677,1.8673,143.56,2.16,216.24,216.24,,19.286,6.782
3391,EZBC,Franklin Bitcoin ETF,Franklin Templeton,EZBC,Franklin Bitcoin ETF,BTC-USD,2025-05-21,62.98,500.0,0.19,72.677,1.8673,185.47,2.2706,258.14,258.14,,19.286,6.012
3392,EZBC,Franklin Bitcoin ETF,Franklin Templeton,EZBC,Franklin Bitcoin ETF,BTC-USD,2025-05-22,64.45,500.0,0.19,72.677,1.8673,61.34,1.7948,134.02,134.02,,19.286,5.927
3393,EZBC,Franklin Bitcoin ETF,Franklin Templeton,EZBC,Franklin Bitcoin ETF,BTC-USD,2025-05-23,62.98,500.0,0.19,70.531,1.8545,213.33,2.3311,283.86,283.86,,16.216,5.985
3394,EZBC,Franklin Bitcoin ETF,Franklin Templeton,EZBC,Franklin Bitcoin ETF,BTC-USD,2025-05-27,63.74,500.0,0.19,79.391,1.9052,61.99,1.7993,141.38,141.38,,16.216,5.742
3395,EZBC,Franklin Bitcoin ETF,Franklin Templeton,EZBC,Franklin Bitcoin ETF,BTC-USD,2025-05-28,61.96,500.0,0.19,74.414,1.8775,-20.38,-1.3301,54.03,54.03,,15.079,5.766
3396,EZBC,Franklin Bitcoin ETF,Franklin Templeton,EZBC,Franklin Bitcoin ETF,BTC-USD,2025-05-29,61.27,500.0,0.19,72.589,1.8668,-67.79,-1.8375,-4.8,4.8,,16.37,6.196
3397,EZBC,Franklin Bitcoin ETF,Franklin Templeton,EZBC,Franklin Bitcoin ETF,BTC-USD,2025-05-30,60.57,500.0,0.19,70.63,1.8551,74.61,1.8786,145.24,145.24,,16.37,6.055
3398,EZBC,Franklin Bitcoin ETF,Franklin Templeton,EZBC,Franklin Bitcoin ETF,BTC-USD,2025-06-02,60.54,500.0,0.19,72.227,1.8647,-17.45,-1.2659,-54.78,54.78,,18.709,5.85
3399,EZBC,Franklin Bitcoin ETF,Franklin Templeton,EZBC,Franklin Bitcoin ETF,BTC-USD,2025-06-03,61.59,500.0,0.19,77.982,1.8975,76.79,1.8909,154.78,154.78,,18.709,5.537
3400,EZBC,Franklin Bitcoin ETF,Franklin Templeton,EZBC,Franklin Bitcoin ETF,BTC-USD,2025-06-04,60.82,500.0,0.19,78.021,1.8977,75.54,1.8839,153.56,153.56,,18.709,5.24
3401,EZBC,Franklin Bitcoin ETF,Franklin Templeton,EZBC,Franklin Bitcoin ETF,BTC-USD,2025-06-05,59.02,500.0,0.19,79.855,1.9077,175.47,2.2467,255.32,255.32,,16.574,5.253
3402,EZBC,Franklin Bitcoin ETF,Franklin Templeton,EZBC,Franklin Bitcoin ETF,BTC-USD,2025-06-06,60.43,500.0,0.19,89.305,1.9557,50.6,1.7126,139.9,139.9,,19.367,5.207
3403,EZBC,Franklin Bitcoin ETF,Franklin Templeton,EZBC,Franklin Bitcoin ETF,BTC-USD,2025-06-09,62.99,500.0,0.19,89.305,1.9557,34.9,1.5551,124.2,124.2,,19.367,4.95
3404,EZBC,Franklin Bitcoin ETF,Franklin Templeton,EZBC,Franklin Bitcoin ETF,BTC-USD,2025-06-10,63.49,500.0,0.19,91.27,1.9651,-85.44,-1.9367,-5.83,5.83,,19.367,4.765
3405,EZBC,Franklin Bitcoin ETF,Franklin Templeton,EZBC,Franklin Bitcoin ETF,BTC-USD,2025-06-11,63.05,500.0,0.19,95.701,1.9854,76.84,1.8912,172.54,172.54,,24.431,4.527
3406,EZBC,Franklin Bitcoin ETF,Franklin Templeton,EZBC,Franklin Bitcoin ETF,BTC-USD,2025-06-12,61.83,500.0,0.19,89.547,1.9569,-73.91,-1.8745,15.64,15.64,,24.431,4.523
3407,EZBC,Franklin Bitcoin ETF,Franklin Templeton,EZBC,Franklin Bitcoin ETF,BTC-USD,2025-06-13,60.94,500.0,0.19,86.469,1.9419,-36.85,-1.5781,-49.62,49.62,,22.561,4.554
3408,EZBC,Franklin Bitcoin ETF,Franklin Templeton,EZBC,Franklin Bitcoin ETF,BTC-USD,2025-06-16,63.02,500.0,0.19,84.458,1.9318,178.22,2.2534,262.68,262.68,,19.005,4.493
3409,EZBC,Franklin Bitcoin ETF,Franklin Templeton,EZBC,Franklin Bitcoin ETF,BTC-USD,2025-06-17,60.68,500.0,0.19,90.486,1.9614,-39.77,-1.6104,-50.71,50.71,,19.005,4.468
3410,EZBC,Franklin Bitcoin ETF,Franklin Templeton,EZBC,Franklin Bitcoin ETF,BTC-USD,2025-06-18,60.18,500.0,0.19,93.748,1.9766,15.81,1.2256,-109.56,109.56,,22.925,4.393
3411,EZBC,Franklin Bitcoin ETF,Franklin Templeton,EZBC,Franklin Bitcoin ETF,BTC-USD,2025-06-20,59.77,500.0,0.19,94.818,1.9814,7.71,0.9399,-102.53,102.53,,27.193,4.483
3412,EZBC,Franklin Bitcoin ETF,Franklin Templeton,EZBC,Franklin Bitcoin ETF,BTC-USD,2025-06-23,59.78,500.0,0.19,99.247,2.0011,80.87,1.9131,-180.12,180.12,,27.193,4.383
3413,EZBC,Franklin Bitcoin ETF,Franklin Templeton,EZBC,Franklin Bitcoin ETF,BTC-USD,2025-06-24,61.26,500.0,0.19,99.247,2.0011,-57.97,-1.7707,-41.27,41.27,,27.193,4.29
3414,EZBC,Franklin Bitcoin ETF,Franklin Templeton,EZBC,Franklin Bitcoin ETF,BTC-USD,2025-06-25,62.47,500.0,0.19,100.536,2.0066,-25.28,-1.4195,-75.26,75.26,,27.193,4.133
3415,EZBC,Franklin Bitcoin ETF,Franklin Templeton,EZBC,Franklin Bitcoin ETF,BTC-USD,2025-06-26,62.35,500.0,0.19,99.023,2.0001,-56.85,-1.7623,-42.18,42.18,,29.58,4.081
3416,EZBC,Franklin Bitcoin ETF,Franklin Templeton,EZBC,Franklin Bitcoin ETF,BTC-USD,2025-06-27,61.91,500.0,0.19,92.957,1.9729,-31.61,-1.5133,61.35,61.35,,31.731,4.102
3417,EZBC,Franklin Bitcoin ETF,Franklin Templeton,EZBC,Franklin Bitcoin ETF,BTC-USD,2025-06-30,62.42,500.0,0.19,92.257,1.9697,-22.6,-1.373,69.65,69.65,0.17,33.664,3.79
3418,EZBC,Franklin Bitcoin ETF,Franklin Templeton,EZBC,Franklin Bitcoin ETF,BTC-USD,2025-07-01,60.98,500.0,0.19,101.249,2.0097,-31.09,-1.5064,-70.16,70.16,0.31,33.664,3.796
3419,EZBC,Franklin Bitcoin ETF,Franklin Templeton,EZBC,Franklin Bitcoin ETF,BTC-USD,2025-07-02,63.59,500.0,0.19,98.484,1.9978,155.79,2.1953,254.27,254.27,0.3,31.325,4.339
3420,EZBC,Franklin Bitcoin ETF,Franklin Templeton,EZBC,Franklin Bitcoin ETF,BTC-USD,2025-07-03,63.37,500.0,0.19,89.493,1.9566,-35.22,-1.559,-54.27,54.27,0.28,31.325,4.434
3421,EZBC,Franklin Bitcoin ETF,Franklin Templeton,EZBC,Franklin Bitcoin ETF,BTC-USD,2025-07-07,62.59,500.0,0.19,80.003,1.9085,-76.29,-1.8881,-3.71,3.71,0.25,31.325,4.565
3422,EZBC,Franklin Bitcoin ETF,Franklin Templeton,EZBC,Franklin Bitcoin ETF,BTC-USD,2025-07-08,63.03,500.0,0.19,79.539,1.906,-31.33,-1.5096,48.21,48.21,0.23,28.663,4.562
3423,EZBC,Franklin Bitcoin ETF,Franklin Templeton,EZBC,Franklin Bitcoin ETF,BTC-USD,2025-07-09,64.81,500.0,0.19,70.218,1.8526,76.07,1.8869,146.29,146.29,0.23,25.87,4.708
3424,EZBC,Franklin Bitcoin ETF,Franklin Templeton,EZBC,Franklin Bitcoin ETF,BTC-USD,2025-07-10,65.73,500.0,0.19,70.183,1.8524,-54.07,-1.7409,16.11,16.11,0.22,25.87,4.753
3425,EZBC,Franklin Bitcoin ETF,Franklin Templeton,EZBC,Franklin Bitcoin ETF,BTC-USD,2025-07-11,68.49,500.0,0.19,68.253,1.8404,173.94,2.2429,242.2,242.2,0.22,25.87,4.843
3426,EZBC,Franklin Bitcoin ETF,Franklin Templeton,EZBC,Franklin Bitcoin ETF,BTC-USD,2025-07-14,69.47,500.0,0.19,60.381,1.788,112.66,2.0556,173.04,173.04,0.24,18.143,5.073
3427,EZBC,Franklin Bitcoin ETF,Franklin Templeton,EZBC,Franklin Bitcoin ETF,BTC-USD,2025-07-15,67.47,500.0,0.19,60.381,1.788,-56.32,-1.7583,4.06,4.06,0.23,18.143,5.184
3428,EZBC,Franklin Bitcoin ETF,Franklin Templeton,EZBC,Franklin Bitcoin ETF,BTC-USD,2025-07-16,69.16,500.0,0.19,64.426,1.8158,283.72,2.4544,348.14,348.14,0.19,18.143,5.29
3429,EZBC,Franklin Bitcoin ETF,Franklin Templeton,EZBC,Franklin Bitcoin ETF,BTC-USD,2025-07-17,68.99,500.0,0.19,67.983,1.8387,-67.78,-1.8375,0.2,0.2,0.16,23.155,5.443
3430,EZBC,Franklin Bitcoin ETF,Franklin Templeton,EZBC,Franklin Bitcoin ETF,BTC-USD,2025-07-18,68.0,500.0,0.19,70.378,1.8536,78.18,1.8986,148.56,148.56,,25.879,5.717
3431,EZBC,Franklin Bitcoin ETF,Franklin Templeton,EZBC,Franklin Bitcoin ETF,BTC-USD,2025-07-21,67.63,500.0,0.19,69.959,1.851,172.16,2.2385,242.12,242.12,,26.578,6.064
3432,EZBC,Franklin Bitcoin ETF,Franklin Templeton,EZBC,Franklin Bitcoin ETF,BTC-USD,2025-07-22,69.15,500.0,0.19,76.04,1.8867,144.7,2.1635,220.74,220.74,,23.926,6.065
3433,EZBC,Franklin Bitcoin ETF,Franklin Templeton,EZBC,Franklin Bitcoin ETF,BTC-USD,2025-07-23,68.62,500.0,0.19,76.199,1.8876,341.2,2.5343,417.4,417.4,0.23,25.075,5.962
3434,EZBC,Franklin Bitcoin ETF,Franklin Templeton,EZBC,Franklin Bitcoin ETF,BTC-USD,2025-07-24,69.01,500.0,0.19,78.098,1.8982,211.57,2.3275,289.67,289.67,0.3,25.075,6.199
3435,EZBC,Franklin Bitcoin ETF,Franklin Templeton,EZBC,Franklin Bitcoin ETF,BTC-USD,2025-07-25,67.72,500.0,0.19,74.821,1.8798,-18.49,-1.2897,56.34,56.34,0.29,25.075,6.542
3436,EZBC,Franklin Bitcoin ETF,Franklin Templeton,EZBC,Franklin Bitcoin ETF,BTC-USD,2025-07-28,68.41,500.0,0.19,71.548,1.8606,54.16,1.7416,125.71,125.71,0.29,22.687,6.747
3437,EZBC,Franklin Bitcoin ETF,Franklin Templeton,EZBC,Franklin Bitcoin ETF,BTC-USD,2025-07-29,68.05,500.0,0.19,73.835,1.8741,80.34,1.9103,154.18,154.18,0.29,25.417,6.654
3438,EZBC,Franklin Bitcoin ETF,Franklin Templeton,EZBC,Franklin Bitcoin ETF,BTC-USD,2025-07-30,67.69,500.0,0.19,75.496,1.8836,-47.13,-1.6824,28.37,28.37,0.31,26.874,6.767
3439,EZBC,Franklin Bitcoin ETF,Franklin Templeton,EZBC,Franklin Bitcoin ETF,BTC-USD,2025-07-31,67.62,500.0,0.19,83.794,1.9284,200.19,2.3036,283.98,283.98,0.39,33.531,6.686
3440,EZBC,Franklin Bitcoin ETF,Franklin Templeton,EZBC,Franklin Bitcoin ETF,BTC-USD,2025-08-01,65.49,500.0,0.19,78.279,1.8992,-63.98,-1.8128,-14.3,14.3,0.38,33.531,6.85
3441,EZBC,Franklin Bitcoin ETF,Franklin Templeton,EZBC,Franklin Bitcoin ETF,BTC-USD,2025-08-04,66.46,500.0,0.19,84.488,1.9319,12.44,1.1284,96.93,96.93,0.42,37.115,6.864
3442,EZBC,Franklin Bitcoin ETF,Franklin Templeton,EZBC,Franklin Bitcoin ETF,BTC-USD,2025-08-05,65.8,500.0,0.19,81.881,1.9185,2.38,0.5289,84.26,84.26,0.44,37.115,6.931
3443,EZBC,Franklin Bitcoin ETF,Franklin Templeton,EZBC,Franklin Bitcoin ETF,BTC-USD,2025-08-06,66.77,500.0,0.19,80.834,1.9129,64.06,1.8133,144.89,144.89,0.46,37.115,7.136
3444,EZBC,Franklin Bitcoin ETF,Franklin Templeton,EZBC,Franklin Bitcoin ETF,BTC-USD,2025-08-07,68.105,500.0,0.19,80.66,1.912,-18.3,-1.2856,62.36,62.36,0.46,37.115,7.488
3445,EZBC,Franklin Bitcoin ETF,Franklin Templeton,EZBC,Franklin Bitcoin ETF,BTC-USD,2025-08-08,67.41,500.0,0.19,84.694,1.9329,124.7,2.0993,209.39,209.39,0.45,41.456,7.867
3446,EZBC,Franklin Bitcoin ETF,Franklin Templeton,EZBC,Franklin Bitcoin ETF,BTC-USD,2025-08-11,68.94,500.0,0.19,84.694,1.9329,-60.84,-1.7912,-23.86,23.86,0.43,41.456,7.828
3447,EZBC,Franklin Bitcoin ETF,Franklin Templeton,EZBC,Franklin Bitcoin ETF,BTC-USD,2025-08-12,69.31,500.0,0.19,87.828,1.9485,-29.97,-1.4909,-57.86,57.86,0.46,45.331,7.67
3448,EZBC,Franklin Bitcoin ETF,Franklin Templeton,EZBC,Franklin Bitcoin ETF,BTC-USD,2025-08-13,71.18,500.0,0.19,87.828,1.9485,42.9,1.6425,130.73,130.73,0.44,45.331,7.718
3449,EZBC,Franklin Bitcoin ETF,Franklin Templeton,EZBC,Franklin Bitcoin ETF,BTC-USD,2025-08-14,68.33,500.0,0.19,90.496,1.9614,2.6,0.5562,-93.1,93.1,0.43,45.331,7.868
3450,EZBC,Franklin Bitcoin ETF,Franklin Templeton,EZBC,Franklin Bitcoin ETF,BTC-USD,2025-08-15,67.716,500.0,0.19,87.049,1.9447,-38.15,-1.5928,-48.9,48.9,0.44,42.321,7.79
3451,EZBC,Franklin Bitcoin ETF,Franklin Templeton,EZBC,Franklin Bitcoin ETF,BTC-USD,2025-08-18,67.34,500.0,0.19,80.003,1.9085,-44.47,-1.6577,35.53,35.53,0.42,39.597,7.631
3452,EZBC,Franklin Bitcoin ETF,Franklin Templeton,EZBC,Franklin Bitcoin ETF,BTC-USD,2025-08-19,65.47,500.0,0.19,73.505,1.8722,-39.41,-1.6065,34.09,34.09,0.42,32.785,7.908
3453,EZBC,Franklin Bitcoin ETF,Franklin Templeton,EZBC,Franklin Bitcoin ETF,BTC-USD,2025-08-20,66.18,500.0,0.19,70.313,1.8532,-57.18,-1.7648,-13.13,13.13,0.41,34.297,7.939
3454,EZBC,Franklin Bitcoin ETF,Franklin Templeton,EZBC,Franklin Bitcoin ETF,BTC-USD,2025-08-21,64.95,500.0,0.19,72.229,1.8647,-11.31,-1.0902,-60.92,60.92,0.42,38.255,7.969
3455,EZBC,Franklin Bitcoin ETF,Franklin Templeton,EZBC,Franklin Bitcoin ETF,BTC-USD,2025-08-22,67.57,500.0,0.19,74.166,1.876,32.7,1.5277,-106.87,106.87,0.45,41.966,7.945
3456,EZBC,Franklin Bitcoin ETF,Franklin Templeton,EZBC,Franklin Bitcoin ETF,BTC-USD,2025-08-25,64.15,500.0,0.19,74.166,1.876,-18.58,-1.2919,55.58,55.58,0.45,41.966,7.874
3457,EZBC,Franklin Bitcoin ETF,Franklin Templeton,EZBC,Franklin Bitcoin ETF,BTC-USD,2025-08-26,64.34,500.0,0.19,78.145,1.8984,54.71,1.7459,-132.85,132.85,0.46,41.966,7.937
3458,EZBC,Franklin Bitcoin ETF,Franklin Templeton,EZBC,Franklin Bitcoin ETF,BTC-USD,2025-08-27,64.9,500.0,0.19,75.63,1.8844,-21.87,-1.3593,53.76,53.76,0.47,37.086,7.91
3459,EZBC,Franklin Bitcoin ETF,Franklin Templeton,EZBC,Franklin Bitcoin ETF,BTC-USD,2025-08-28,64.81,500.0,0.19,73.613,1.8728,-50.72,-1.7137,-22.89,22.89,0.49,32.405,7.741
3460,EZBC,Franklin Bitcoin ETF,Franklin Templeton,EZBC,Franklin Bitcoin ETF,BTC-USD,2025-08-29,62.65,500.0,0.19,64.984,1.8194,88.72,1.9529,-153.7,153.7,0.5,25.748,8.024
3461,EZBC,Franklin Bitcoin ETF,Franklin Templeton,EZBC,Franklin Bitcoin ETF,BTC-USD,2025-09-02,64.17,500.0,0.19,73.872,1.8743,-62.63,-1.8037,-11.24,11.24,0.49,25.748,7.587
3462,EZBC,Franklin Bitcoin ETF,Franklin Templeton,EZBC,Franklin Bitcoin ETF,BTC-USD,2025-09-03,65.0,500.0,0.19,70.271,1.8529,-11.1,-1.0827,59.17,59.17,0.48,22.164,7.527
3463,EZBC,Franklin Bitcoin ETF,Franklin Templeton,EZBC,Franklin Bitcoin ETF,BTC-USD,2025-09-04,63.58,500.0,0.19,72.623,1.867,-25.7,-1.4266,-46.92,46.92,0.47,22.164,7.484
3464,EZBC,Franklin Bitcoin ETF,Franklin Templeton,EZBC,Franklin Bitcoin ETF,BTC-USD,2025-09-05,64.61,500.0,0.19,74.454,1.8777,-33.06,-1.5323,41.39,41.39,0.47,22.164,7.38
3465,EZBC,Franklin Bitcoin ETF,Franklin Templeton,EZBC,Franklin Bitcoin ETF,BTC-USD,2025-09-08,64.91,500.0,0.19,78.944,1.9028,-32.98,-1.5312,-45.97,45.97,0.49,23.742,7.183
3466,EZBC,Franklin Bitcoin ETF,Franklin Templeton,EZBC,Franklin Bitcoin ETF,BTC-USD,2025-09-09,64.46,500.0,0.19,79.468,1.9056,-53.07,-1.7329,-26.4,26.4,0.51,21.479,6.797
3467,EZBC,Franklin Bitcoin ETF,Franklin Templeton,EZBC,Franklin Bitcoin ETF,BTC-USD,2025-09-10,65.81,500.0,0.19,80.363,1.9104,18.48,1.2896,-98.84,98.84,0.52,21.479,7.057
3468,EZBC,Franklin Bitcoin ETF,Franklin Templeton,EZBC,Franklin Bitcoin ETF,BTC-USD,2025-09-11,66.31,500.0,0.19,76.476,1.8892,24.23,1.402,-100.71,100.71,0.57,18.443,7.123
3469,EZBC,Franklin Bitcoin ETF,Franklin Templeton,EZBC,Franklin Bitcoin ETF,BTC-USD,2025-09-12,67.69,500.0,0.19,76.476,1.8892,-58.68,-1.7758,17.79,17.79,0.63,18.443,7.107
3470,EZBC,Franklin Bitcoin ETF,Franklin Templeton,EZBC,Franklin Bitcoin ETF,BTC-USD,2025-09-15,66.78,500.0,0.19,72.328,1.8653,-50.85,-1.7148,-21.48,21.48,0.61,18.443,6.981
3471,EZBC,Franklin Bitcoin ETF,Franklin Templeton,EZBC,Franklin Bitcoin ETF,BTC-USD,2025-09-16,67.68,500.0,0.19,74.184,1.8761,-57.08,-1.764,17.1,17.1,0.59,16.441,7.211
3472,EZBC,Franklin Bitcoin ETF,Franklin Templeton,EZBC,Franklin Bitcoin ETF,BTC-USD,2025-09-17,66.97,500.0,0.19,80.499,1.9112,8.64,0.984,-89.14,89.14,0.55,20.961,7.389
3473,EZBC,Franklin Bitcoin ETF,Franklin Templeton,EZBC,Franklin Bitcoin ETF,BTC-USD,2025-09-18,68.06,500.0,0.19,80.117,1.9091,-48.14,-1.6914,31.98,31.98,0.53,20.961,7.021
3474,EZBC,Franklin Bitcoin ETF,Franklin Templeton,EZBC,Franklin Bitcoin ETF,BTC-USD,2025-09-19,66.63,500.0,0.19,77.998,1.8976,-26.83,-1.4446,-51.17,51.17,0.52,17.832,7.352
3475,EZBC,Franklin Bitcoin ETF,Franklin Templeton,EZBC,Franklin Bitcoin ETF,BTC-USD,2025-09-22,64.92,500.0,0.19,71.494,1.8603,-45.83,-1.6705,-25.66,25.66,0.52,12.726,7.482
3476,EZBC,Franklin Bitcoin ETF,Franklin Templeton,EZBC,Franklin Bitcoin ETF,BTC-USD,2025-09-23,64.63,500.0,0.19,67.765,1.8374,-22.55,-1.372,-45.21,45.21,0.53,12.647,7.29
3477,EZBC,Franklin Bitcoin ETF,Franklin Templeton,EZBC,Franklin Bitcoin ETF,BTC-USD,2025-09-24,65.67,500.0,0.19,70.553,1.8546,-44.15,-1.6547,-26.4,26.4,0.54,12.647,7.19
3478,EZBC,Franklin Bitcoin ETF,Franklin Templeton,EZBC,Franklin Bitcoin ETF,BTC-USD,2025-09-25,63.31,500.0,0.19,68.339,1.841,18.78,1.2963,87.12,87.12,0.53,12.647,7.471
3479,EZBC,Franklin Bitcoin ETF,Franklin Templeton,EZBC,Franklin Bitcoin ETF,BTC-USD,2025-09-26,63.2,500.0,0.19,69.254,1.8467,52.52,1.7285,-121.77,121.77,0.57,16.399,7.683
3480,EZBC,Franklin Bitcoin ETF,Franklin Templeton,EZBC,Franklin Bitcoin ETF,BTC-USD,2025-09-29,66.23,500.0,0.19,67.557,1.8361,0.59,0.2024,68.15,68.15,0.61,16.399,8.928
3481,EZBC,Franklin Bitcoin ETF,Franklin Templeton,EZBC,Franklin Bitcoin ETF,BTC-USD,2025-09-30,66.21,500.0,0.19,68.967,1.8449,19.95,1.3212,88.92,88.92,0.61,21.666,9.398
3482,EZBC,Franklin Bitcoin ETF,Franklin Templeton,EZBC,Franklin Bitcoin ETF,BTC-USD,2025-10-01,68.05,500.0,0.19,63.863,1.812,-48.69,-1.6963,-15.17,15.17,0.6,21.666,9.518
3483,EZBC,Franklin Bitcoin ETF,Franklin Templeton,EZBC,Franklin Bitcoin ETF,BTC-USD,2025-10-02,70.07,500.0,0.19,63.863,1.812,-31.94,-1.5177,31.92,31.92,0.6,21.666,10.015
3484,EZBC,Franklin Bitcoin ETF,Franklin Templeton,EZBC,Franklin Bitcoin ETF,BTC-USD,2025-10-03,71.17,500.0,0.19,61.096,1.7931,134.84,2.133,195.93,195.93,0.61,21.666,10.819
3485,EZBC,Franklin Bitcoin ETF,Franklin Templeton,EZBC,Franklin Bitcoin ETF,BTC-USD,2025-10-06,72.69,500.0,0.19,59.159,1.7793,-16.74,-1.2491,42.41,42.41,0.61,21.666,11.546
3486,EZBC,Franklin Bitcoin ETF,Franklin Templeton,EZBC,Franklin Bitcoin ETF,BTC-USD,2025-10-07,70.39,500.0,0.19,54.669,1.7456,5.57,0.8174,60.24,60.24,0.58,20.088,13.106
3487,EZBC,Franklin Bitcoin ETF,Franklin Templeton,EZBC,Franklin Bitcoin ETF,BTC-USD,2025-10-08,71.45,500.0,0.19,57.328,1.7659,24.0,1.398,81.33,81.33,0.6,24.064,14.037
3488,EZBC,Franklin Bitcoin ETF,Franklin Templeton,EZBC,Franklin Bitcoin ETF,BTC-USD,2025-10-09,70.09,500.0,0.19,57.015,1.7635,-38.16,-1.5928,18.86,18.86,0.63,24.996,14.409
3489,EZBC,Franklin Bitcoin ETF,Franklin Templeton,EZBC,Franklin Bitcoin ETF,BTC-USD,2025-10-10,67.47,500.0,0.19,56.816,1.762,285.57,2.4572,342.39,342.39,0.72,24.597,15.777
3490,EZBC,Franklin Bitcoin ETF,Franklin Templeton,EZBC,Franklin Bitcoin ETF,BTC-USD,2025-10-13,67.1,500.0,0.19,56.494,1.7596,-22.05,-1.3627,-34.44,34.44,0.6,24.597,17.222
3491,EZBC,Franklin Bitcoin ETF,Franklin Templeton,EZBC,Franklin Bitcoin ETF,BTC-USD,2025-10-14,65.2,500.0,0.19,50.156,1.7089,22.2,1.3656,-72.36,72.36,0.58,24.597,18.796
3492,EZBC,Franklin Bitcoin ETF,Franklin Templeton,EZBC,Franklin Bitcoin ETF,BTC-USD,2025-10-15,64.42,500.0,0.19,54.694,1.7458,-24.49,-1.4063,-30.21,30.21,0.54,30.601,19.582
3493,EZBC,Franklin Bitcoin ETF,Franklin Templeton,EZBC,Franklin Bitcoin ETF,BTC-USD,2025-10-16,62.63,500.0,0.19,48.379,1.6935,-20.56,-1.3337,-27.82,27.82,0.42,26.08,20.693
3494,EZBC,Franklin Bitcoin ETF,Franklin Templeton,EZBC,Franklin Bitcoin ETF,BTC-USD,2025-10-17,61.63,500.0,0.19,47.289,1.6838,104.87,2.0248,-152.16,152.16,0.28,26.08,22.074
3495,EZBC,Franklin Bitcoin ETF,Franklin Templeton,EZBC,Franklin Bitcoin ETF,BTC-USD,2025-10-20,64.19,500.0,0.19,46.632,1.6779,-39.78,-1.6105,6.85,6.85,0.27,26.08,22.342
3496,EZBC,Franklin Bitcoin ETF,Franklin Templeton,EZBC,Franklin Bitcoin ETF,BTC-USD,2025-10-21,64.79,500.0,0.19,53.212,1.7341,230.41,2.3644,283.62,283.62,0.25,28.953,22.671
3497,EZBC,Franklin Bitcoin ETF,Franklin Templeton,EZBC,Franklin Bitcoin ETF,BTC-USD,2025-10-22,62.39,500.0,0.19,51.396,1.7193,0.31,0.1173,-51.71,51.71,0.13,25.321,23.202
3498,EZBC,Franklin Bitcoin ETF,Franklin Templeton,EZBC,Franklin Bitcoin ETF,BTC-USD,2025-10-23,63.82,500.0,0.19,48.609,1.6956,16.46,1.2421,-65.07,65.07,0.15,25.321,23.221
3499,EZBC,Franklin Bitcoin ETF,Franklin Templeton,EZBC,Franklin Bitcoin ETF,BTC-USD,2025-10-24,64.05,500.0,0.19,48.354,1.6933,62.46,1.8025,-110.81,110.81,0.18,29.444,22.823
3500,EZBC,Franklin Bitcoin ETF,Franklin Templeton,EZBC,Franklin Bitcoin ETF,BTC-USD,2025-10-27,66.57,500.0,0.19,45.928,1.6714,58.14,1.7719,104.06,104.06,0.16,25.692,22.881
3501,EZBC,Franklin Bitcoin ETF,Franklin Templeton,EZBC,Franklin Bitcoin ETF,BTC-USD,2025-10-28,65.82,500.0,0.19,49.903,1.7067,-35.36,-1.5606,14.54,14.54,0.17,28.702,21.838
3502,EZBC,Franklin Bitcoin ETF,Franklin Templeton,EZBC,Franklin Bitcoin ETF,BTC-USD,2025-10-29,64.03,500.0,0.19,46.92,1.6805,6.18,0.856,-53.1,53.1,0.12,23.436,21.64
3503,EZBC,Franklin Bitcoin ETF,Franklin Templeton,EZBC,Franklin Bitcoin ETF,BTC-USD,2025-10-30,61.61,500.0,0.19,46.92,1.6805,147.02,2.1703,-193.94,193.94,0.13,23.436,21.534
3504,EZBC,Franklin Bitcoin ETF,Franklin Templeton,EZBC,Franklin Bitcoin ETF,BTC-USD,2025-10-31,63.5,500.0,0.19,50.44,1.7113,79.83,1.9076,-130.27,130.27,0.2,23.436,21.17
3505,EZBC,Franklin Bitcoin ETF,Franklin Templeton,EZBC,Franklin Bitcoin ETF,BTC-USD,2025-11-03,61.71,500.0,0.19,53.53,1.7366,133.28,2.128,-186.81,186.81,0.22,23.436,20.547
3506,EZBC,Franklin Bitcoin ETF,Franklin Templeton,EZBC,Franklin Bitcoin ETF,BTC-USD,2025-11-04,58.27,500.0,0.19,53.875,1.7394,274.65,2.4404,-328.52,328.52,0.36,23.436,20.949
3507,EZBC,Franklin Bitcoin ETF,Franklin Templeton,EZBC,Franklin Bitcoin ETF,BTC-USD,2025-11-05,60.09,500.0,0.19,70.953,1.857,107.26,2.0345,-178.22,178.22,0.43,29.282,19.775
3508,EZBC,Franklin Bitcoin ETF,Franklin Templeton,EZBC,Franklin Bitcoin ETF,BTC-USD,2025-11-06,58.4,500.0,0.19,71.88,1.8626,150.76,2.1812,-222.64,222.64,0.5,23.228,19.053
3509,EZBC,Franklin Bitcoin ETF,Franklin Templeton,EZBC,Franklin Bitcoin ETF,BTC-USD,2025-11-07,60.02,500.0,0.19,79.431,1.9054,1.91,0.464,-81.34,81.34,0.54,30.254,19.141
3510,EZBC,Franklin Bitcoin ETF,Franklin Templeton,EZBC,Franklin Bitcoin ETF,BTC-USD,2025-11-10,61.37,500.0,0.19,80.166,1.9094,274.35,2.4399,-354.52,354.52,0.58,29.814,18.014
3511,EZBC,Franklin Bitcoin ETF,Franklin Templeton,EZBC,Franklin Bitcoin ETF,BTC-USD,2025-11-11,59.49,500.0,0.19,82.674,1.9226,102.8,2.0162,-185.47,185.47,0.62,29.814,16.483
3512,EZBC,Franklin Bitcoin ETF,Franklin Templeton,EZBC,Franklin Bitcoin ETF,BTC-USD,2025-11-12,58.74,500.0,0.19,85.509,1.9371,-15.66,-1.2217,-69.85,69.85,0.61,34.507,15.037
3513,EZBC,Franklin Bitcoin ETF,Franklin Templeton,EZBC,Franklin Bitcoin ETF,BTC-USD,2025-11-13,56.72,500.0,0.19,80.156,1.9093,211.66,2.3277,-291.82,291.82,0.62,28.503,14.632
3514,EZBC,Franklin Bitcoin ETF,Franklin Templeton,EZBC,Franklin Bitcoin ETF,BTC-USD,2025-11-14,54.54,500.0,0.19,80.156,1.9093,23.75,1.3935,-103.9,103.9,0.62,28.503,14.311
3515,EZBC,Franklin Bitcoin ETF,Franklin Templeton,EZBC,Franklin Bitcoin ETF,BTC-USD,2025-11-17,53.15,500.0,0.19,80.156,1.9093,31.83,1.5162,-111.98,111.98,0.62,28.503,14.348
3516,EZBC,Franklin Bitcoin ETF,Franklin Templeton,EZBC,Franklin Bitcoin ETF,BTC-USD,2025-11-18,53.71,500.0,0.19,82.47,1.9215,79.07,1.9035,-161.54,161.54,0.65,36.406,14.499
3517,EZBC,Franklin Bitcoin ETF,Franklin Templeton,EZBC,Franklin Bitcoin ETF,BTC-USD,2025-11-19,51.76,500.0,0.19,82.177,1.92,538.64,2.7321,-620.82,620.82,0.81,33.533,14.736
3518,EZBC,Franklin Bitcoin ETF,Franklin Templeton,EZBC,Franklin Bitcoin ETF,BTC-USD,2025-11-20,49.96,500.0,0.19,91.409,1.9657,82.54,1.9219,-173.95,173.95,0.71,37.793,15.325
3519,EZBC,Franklin Bitcoin ETF,Franklin Templeton,EZBC,Franklin Bitcoin ETF,BTC-USD,2025-11-21,48.94,500.0,0.19,90.792,1.9628,152.4,2.1858,-243.2,243.2,0.74,37.793,16.784
3520,EZBC,Franklin Bitcoin ETF,Franklin Templeton,EZBC,Franklin Bitcoin ETF,BTC-USD,2025-11-24,51.57,500.0,0.19,89.347,1.9559,-55.76,-1.7541,-33.58,33.58,0.72,33.67,16.957
3521,EZBC,Franklin Bitcoin ETF,Franklin Templeton,EZBC,Franklin Bitcoin ETF,BTC-USD,2025-11-25,50.55,500.0,0.19,95.93,1.9865,172.37,2.239,-268.3,268.3,0.72,39.695,17.142
3522,EZBC,Franklin Bitcoin ETF,Franklin Templeton,EZBC,Franklin Bitcoin ETF,BTC-USD,2025-11-26,52.02,500.0,0.19,94.668,1.9808,205.85,2.3157,-300.52,300.52,0.77,36.685,17.622
3523,EZBC,Franklin Bitcoin ETF,Franklin Templeton,EZBC,Franklin Bitcoin ETF,BTC-USD,2025-11-28,52.47,500.0,0.19,93.713,1.9764,123.14,2.0939,-216.85,216.85,0.79,36.685,17.205
3524,EZBC,Franklin Bitcoin ETF,Franklin Templeton,EZBC,Franklin Bitcoin ETF,BTC-USD,2025-12-01,49.5,500.0,0.19,93.713,1.9764,-31.87,-1.5168,-61.85,61.85,0.77,36.685,17.355
3525,EZBC,Franklin Bitcoin ETF,Franklin Templeton,EZBC,Franklin Bitcoin ETF,BTC-USD,2025-12-02,52.72,500.0,0.19,93.4,1.975,88.28,1.9508,-181.68,181.68,0.77,36.685,17.871
3526,EZBC,Franklin Bitcoin ETF,Franklin Templeton,EZBC,Franklin Bitcoin ETF,BTC-USD,2025-12-03,53.82,500.0,0.19,91.401,1.9657,83.57,1.9272,-174.97,174.97,0.78,36.685,17.854
3527,EZBC,Franklin Bitcoin ETF,Franklin Templeton,EZBC,Franklin Bitcoin ETF,BTC-USD,2025-12-04,53.55,500.0,0.19,99.416,2.0018,-50.26,-1.7098,49.16,49.16,0.76,39.449,16.744
3528,EZBC,Franklin Bitcoin ETF,Franklin Templeton,EZBC,Franklin Bitcoin ETF,BTC-USD,2025-12-05,51.7,500.0,0.19,86.893,1.944,14.45,1.189,-101.34,101.34,0.74,33.602,16.502
3529,EZBC,Franklin Bitcoin ETF,Franklin Templeton,EZBC,Franklin Bitcoin ETF,BTC-USD,2025-12-08,52.56,500.0,0.19,86.449,1.9418,-61.01,-1.7925,-25.44,25.44,0.75,37.144,16.257
3530,EZBC,Franklin Bitcoin ETF,Franklin Templeton,EZBC,Franklin Bitcoin ETF,BTC-USD,2025-12-09,53.91,500.0,0.19,79.769,1.9072,-6.31,-0.864,-73.46,73.46,0.74,29.391,16.338
3531,EZBC,Franklin Bitcoin ETF,Franklin Templeton,EZBC,Franklin Bitcoin ETF,BTC-USD,2025-12-10,53.55,500.0,0.19,87.273,1.9458,-31.95,-1.5179,-55.32,55.32,0.74,38.873,16.147
3532,EZBC,Franklin Bitcoin ETF,Franklin Templeton,EZBC,Franklin Bitcoin ETF,BTC-USD,2025-12-11,53.14,500.0,0.19,84.495,1.9319,59.52,1.7819,-144.01,144.01,0.74,38.873,16.42
3533,EZBC,Franklin Bitcoin ETF,Franklin Templeton,EZBC,Franklin Bitcoin ETF,BTC-USD,2025-12-12,52.19,500.0,0.19,93.129,1.9737,-9.72,-1.0302,-83.41,83.41,0.74,42.943,16.284
3534,EZBC,Franklin Bitcoin ETF,Franklin Templeton,EZBC,Franklin Bitcoin ETF,BTC-USD,2025-12-15,49.62,500.0,0.19,92.141,1.9691,-91.55,-1.9664,0.59,0.59,0.74,42.943,16.219
3535,EZBC,Franklin Bitcoin ETF,Franklin Templeton,EZBC,Franklin Bitcoin ETF,BTC-USD,2025-12-16,50.69,500.0,0.19,100.113,2.0048,-34.51,-1.5503,-65.6,65.6,0.74,45.012,15.334
3536,EZBC,Franklin Bitcoin ETF,Franklin Templeton,EZBC,Franklin Bitcoin ETF,BTC-USD,2025-12-17,49.68,500.0,0.19,105.98,2.0293,-57.93,-1.7704,-48.05,48.05,0.74,46.958,14.222
3537,EZBC,Franklin Bitcoin ETF,Franklin Templeton,EZBC,Franklin Bitcoin ETF,BTC-USD,2025-12-18,48.96,500.0,0.19,116.897,2.0715,16.44,1.2417,-133.34,133.34,0.73,53.143,13.901
3538,EZBC,Franklin Bitcoin ETF,Franklin Templeton,EZBC,Franklin Bitcoin ETF,BTC-USD,2025-12-19,50.93,500.0,0.19,123.923,2.0966,53.44,1.7359,177.36,177.36,0.7,59.984,13.58
3539,EZBC,Franklin Bitcoin ETF,Franklin Templeton,EZBC,Franklin Bitcoin ETF,BTC-USD,2025-12-22,51.08,500.0,0.19,113.86,2.0602,-104.28,-2.0223,9.58,9.58,0.72,55.9,12.781
3540,EZBC,Franklin Bitcoin ETF,Franklin Templeton,EZBC,Franklin Bitcoin ETF,BTC-USD,2025-12-23,50.69,500.0,0.19,113.86,2.0602,-22.7,-1.3748,91.16,91.16,0.75,55.9,11.681
3541,EZBC,Franklin Bitcoin ETF,Franklin Templeton,EZBC,Franklin Bitcoin ETF,BTC-USD,2025-12-24,50.47,500.0,0.19,115.106,2.0649,29.54,1.4849,-144.65,144.65,0.7,58.789,11.505
3542,EZBC,Franklin Bitcoin ETF,Franklin Templeton,EZBC,Franklin Bitcoin ETF,BTC-USD,2025-12-26,50.6,500.0,0.19,108.462,2.0393,-95.3,-1.9836,13.16,13.16,0.69,53.004,11.205
3543,EZBC,Franklin Bitcoin ETF,Franklin Templeton,EZBC,Franklin Bitcoin ETF,BTC-USD,2025-12-29,50.35,500.0,0.19,112.173,2.0537,-75.33,-1.8827,36.84,36.84,0.69,55.936,10.674
3544,EZBC,Franklin Bitcoin ETF,Franklin Templeton,EZBC,Franklin Bitcoin ETF,BTC-USD,2025-12-30,50.8,500.0,0.19,116.558,2.0703,-53.99,-1.7403,-62.57,62.57,0.65,55.936,11.456
3545,EZBC,Franklin Bitcoin ETF,Franklin Templeton,EZBC,Franklin Bitcoin ETF,BTC-USD,2025-12-31,50.6,500.0,0.19,120.309,2.0839,-36.9,-1.5786,83.41,83.41,0.64,57.883,12.361
3546,EZBC,Franklin Bitcoin ETF,Franklin Templeton,EZBC,Franklin Bitcoin ETF,BTC-USD,2026-01-02,51.91,500.0,0.19,115.884,2.0678,-110.66,-2.0479,-5.22,5.22,0.63,57.883,14.509
3547,EZBC,Franklin Bitcoin ETF,Franklin Templeton,EZBC,Franklin Bitcoin ETF,BTC-USD,2026-01-05,54.49,500.0,0.19,115.884,2.0678,-33.59,-1.5389,82.3,82.3,0.62,57.883,15.877
3548,EZBC,Franklin Bitcoin ETF,Franklin Templeton,EZBC,Franklin Bitcoin ETF,BTC-USD,2026-01-06,53.5,500.0,0.19,117.322,2.0731,61.7,1.7973,-179.02,179.02,0.58,60.115,16.406
3549,EZBC,Franklin Bitcoin ETF,Franklin Templeton,EZBC,Franklin Bitcoin ETF,BTC-USD,2026-01-07,52.57,500.0,0.19,121.191,2.087,-90.34,-1.9606,-30.85,30.85,0.52,60.115,16.283
3550,EZBC,Franklin Bitcoin ETF,Franklin Templeton,EZBC,Franklin Bitcoin ETF,BTC-USD,2026-01-08,52.56,500.0,0.19,113.973,2.0606,-84.78,-1.9334,-29.2,29.2,0.56,56.574,16.373
3551,EZBC,Franklin Bitcoin ETF,Franklin Templeton,EZBC,Franklin Bitcoin ETF,BTC-USD,2026-01-09,52.18,500.0,0.19,115.112,2.0649,-38.72,-1.5991,-76.39,76.39,0.56,60.333,15.725
3552,EZBC,Franklin Bitcoin ETF,Franklin Templeton,EZBC,Franklin Bitcoin ETF,BTC-USD,2026-01-12,52.9,500.0,0.19,111.421,2.0508,-88.86,-1.9536,-22.56,22.56,0.56,57.927,16.26
3553,EZBC,Franklin Bitcoin ETF,Franklin Templeton,EZBC,Franklin Bitcoin ETF,BTC-USD,2026-01-13,54.67,500.0,0.19,112.504,2.055,-89.81,-1.9581,-22.69,22.69,0.56,57.927,16.825
3554,EZBC,Franklin Bitcoin ETF,Franklin Templeton,EZBC,Franklin Bitcoin ETF,BTC-USD,2026-01-14,56.535,500.0,0.19,101.258,2.0097,-20.49,-1.3322,80.77,80.77,0.58,49.165,17.035
3555,EZBC,Franklin Bitcoin ETF,Franklin Templeton,EZBC,Franklin Bitcoin ETF,BTC-USD,2026-01-15,55.09,500.0,0.19,106.021,2.0295,-55.87,-1.7549,50.15,50.15,0.61,51.67,17.151
3556,EZBC,Franklin Bitcoin ETF,Franklin Templeton,EZBC,Franklin Bitcoin ETF,BTC-USD,2026-01-16,55.26,500.0,0.19,98.775,1.999,-68.23,-1.8403,30.54,30.54,0.58,49.6,18.498
3557,EZBC,Franklin Bitcoin ETF,Franklin Templeton,EZBC,Franklin Bitcoin ETF,BTC-USD,2026-01-20,51.81,500.0,0.19,92.907,1.9727,107.62,2.0359,200.53,200.53,0.68,47.654,19.169
3558,EZBC,Franklin Bitcoin ETF,Franklin Templeton,EZBC,Franklin Bitcoin ETF,BTC-USD,2026-01-21,52.15,500.0,0.19,80.348,1.9103,131.66,2.1227,212.0,212.0,0.78,33.567,20.128
3559,EZBC,Franklin Bitcoin ETF,Franklin Templeton,EZBC,Franklin Bitcoin ETF,BTC-USD,2026-01-22,51.69,500.0,0.19,71.388,1.8597,-53.95,-1.74,17.44,17.44,0.77,30.577,20.408
3560,EZBC,Franklin Bitcoin ETF,Franklin Templeton,EZBC,Franklin Bitcoin ETF,BTC-USD,2026-01-23,51.74,500.0,0.19,76.859,1.8913,-40.51,-1.6181,36.35,36.35,0.79,34.758,20.291
3561,EZBC,Franklin Bitcoin ETF,Franklin Templeton,EZBC,Franklin Bitcoin ETF,BTC-USD,2026-01-26,50.62,500.0,0.19,77.181,1.8931,7.33,0.9206,-84.51,84.51,0.77,34.758,20.165
3562,EZBC,Franklin Bitcoin ETF,Franklin Templeton,EZBC,Franklin Bitcoin ETF,BTC-USD,2026-01-27,51.67,500.0,0.19,78.215,1.8988,12.44,1.1285,90.66,90.66,0.77,37.964,20.386
3563,EZBC,Franklin Bitcoin ETF,Franklin Templeton,EZBC,Franklin Bitcoin ETF,BTC-USD,2026-01-28,51.46,500.0,0.19,78.262,1.8991,-57.52,-1.7673,-20.74,20.74,0.78,37.724,20.193
3564,EZBC,Franklin Bitcoin ETF,Franklin Templeton,EZBC,Franklin Bitcoin ETF,BTC-USD,2026-01-29,48.58,500.0,0.19,71.725,1.8617,-42.84,-1.6419,-28.89,28.89,0.78,34.792,20.558
3565,EZBC,Franklin Bitcoin ETF,Franklin Templeton,EZBC,Franklin Bitcoin ETF,BTC-USD,2026-01-30,48.47,500.0,0.19,66.331,1.8282,-10.45,-1.0587,55.88,55.88,0.78,34.792,20.16
3566,EZBC,Franklin Bitcoin ETF,Franklin Templeton,EZBC,Franklin Bitcoin ETF,BTC-USD,2026-02-02,45.1,500.0,0.19,62.887,1.8054,-7.05,-0.9056,-55.84,55.84,0.73,32.845,20.934
3567,EZBC,Franklin Bitcoin ETF,Franklin Templeton,EZBC,Franklin Bitcoin ETF,BTC-USD,2026-02-03,44.19,500.0,0.19,73.572,1.8726,70.54,1.8546,144.12,144.12,0.73,32.845,19.043
3568,EZBC,Franklin Bitcoin ETF,Franklin Templeton,EZBC,Franklin Bitcoin ETF,BTC-USD,2026-02-04,42.415,500.0,0.19,80.903,1.9133,-63.49,-1.8095,17.42,17.42,0.71,36.716,18.436
3569,EZBC,Franklin Bitcoin ETF,Franklin Templeton,EZBC,Franklin Bitcoin ETF,BTC-USD,2026-02-05,36.8,500.0,0.19,73.995,1.875,166.43,2.2238,240.43,240.43,0.76,31.719,19.222
3570,EZBC,Franklin Bitcoin ETF,Franklin Templeton,EZBC,Franklin Bitcoin ETF,BTC-USD,2026-02-06,40.49,500.0,0.19,95.942,1.9865,-84.85,-1.9337,-11.09,11.09,0.71,36.086,19.989
3571,EZBC,Franklin Bitcoin ETF,Franklin Templeton,EZBC,Franklin Bitcoin ETF,BTC-USD,2026-02-09,40.93,500.0,0.19,104.827,2.0246,20.46,1.3317,125.29,125.29,0.71,47.626,20.254
3572,EZBC,Franklin Bitcoin ETF,Franklin Templeton,EZBC,Franklin Bitcoin ETF,BTC-USD,2026-02-10,39.77,500.0,0.19,105.104,2.0257,-75.18,-1.8818,29.93,29.93,0.72,45.187,20.189
3573,EZBC,Franklin Bitcoin ETF,Franklin Templeton,EZBC,Franklin Bitcoin ETF,BTC-USD,2026-02-11,39.06,500.0,0.19,98.478,1.9977,-58.57,-1.7751,39.91,39.91,0.71,38.111,19.905
3574,EZBC,Franklin Bitcoin ETF,Franklin Templeton,EZBC,Franklin Bitcoin ETF,BTC-USD,2026-02-12,37.77,500.0,0.19,111.648,2.0517,-53.97,-1.7401,-57.68,57.68,0.72,52.855,19.322
3575,EZBC,Franklin Bitcoin ETF,Franklin Templeton,EZBC,Franklin Bitcoin ETF,BTC-USD,2026-02-13,39.78,500.0,0.19,116.1,2.0686,-44.0,-1.6532,-72.1,72.1,0.72,52.855,19.565
3576,EZBC,Franklin Bitcoin ETF,Franklin Templeton,EZBC,Franklin Bitcoin ETF,BTC-USD,2026-02-17,39.18,500.0,0.19,120.008,2.0828,-44.42,-1.6572,75.59,75.59,0.69,53.474,19.353
3577,EZBC,Franklin Bitcoin ETF,Franklin Templeton,EZBC,Franklin Bitcoin ETF,BTC-USD,2026-02-18,38.28,500.0,0.19,127.982,2.1105,-88.89,-1.9537,-39.09,39.09,0.58,61.585,17.877
3578,EZBC,Franklin Bitcoin ETF,Franklin Templeton,EZBC,Franklin Bitcoin ETF,BTC-USD,2026-02-19,38.81,500.0,0.19,132.182,2.1244,3.57,0.6602,-135.76,135.76,0.61,65.33,16.581
3579,EZBC,Franklin Bitcoin ETF,Franklin Templeton,EZBC,Franklin Bitcoin ETF,BTC-USD,2026-02-20,39.16,500.0,0.19,129.857,2.1168,7.98,0.9532,-137.83,137.83,0.58,65.33,15.14
3580,EZBC,Franklin Bitcoin ETF,Franklin Templeton,EZBC,Franklin Bitcoin ETF,BTC-USD,2026-02-23,37.26,500.0,0.19,127.693,2.1096,-75.69,-1.8847,-52.01,52.01,0.6,61.48,14.5
3581,EZBC,Franklin Bitcoin ETF,Franklin Templeton,EZBC,Franklin Bitcoin ETF,BTC-USD,2026-02-24,37.29,500.0,0.19,122.134,2.0904,-92.0,-1.9685,30.13,30.13,0.59,57.122,14.279
3582,EZBC,Franklin Bitcoin ETF,Franklin Templeton,EZBC,Franklin Bitcoin ETF,BTC-USD,2026-02-25,40.02,500.0,0.19,123.082,2.0937,127.94,2.1104,251.02,251.02,0.5,57.122,14.039
3583,EZBC,Franklin Bitcoin ETF,Franklin Templeton,EZBC,Franklin Bitcoin ETF,BTC-USD,2026-02-26,38.98,500.0,0.19,122.052,2.0901,-69.43,-1.8477,-52.63,52.63,0.35,57.914,14.607
3584,EZBC,Franklin Bitcoin ETF,Franklin Templeton,EZBC,Franklin Bitcoin ETF,BTC-USD,2026-02-27,37.94,500.0,0.19,138.762,2.1454,-91.99,-1.9684,-46.77,46.77,0.34,57.914,14.809
3585,EZBC,Franklin Bitcoin ETF,Franklin Templeton,EZBC,Franklin Bitcoin ETF,BTC-USD,2026-03-02,39.99,500.0,0.19,132.978,2.127,-26.43,-1.4383,106.54,106.54,0.31,57.914,15.352
3586,EZBC,Franklin Bitcoin ETF,Franklin Templeton,EZBC,Franklin Bitcoin ETF,BTC-USD,2026-03-03,39.45,500.0,0.19,146.423,2.1686,-137.87,-2.1426,8.55,8.55,0.24,70.103,15.127
3587,EZBC,Franklin Bitcoin ETF,Franklin Templeton,EZBC,Franklin Bitcoin ETF,BTC-USD,2026-03-04,42.29,500.0,0.19,157.986,2.2014,-12.41,-1.1274,145.58,145.58,0.26,70.103,13.661
3588,EZBC,Franklin Bitcoin ETF,Franklin Templeton,EZBC,Franklin Bitcoin ETF,BTC-USD,2026-03-05,41.21,500.0,0.19,152.465,2.186,-103.95,-2.021,-48.51,48.51,0.25,70.908,13.231
3589,EZBC,Franklin Bitcoin ETF,Franklin Templeton,EZBC,Franklin Bitcoin ETF,BTC-USD,2026-03-06,39.36,500.0,0.19,146.077,2.1675,-78.55,-1.9006,-67.53,67.53,0.26,67.037,12.313
3590,EZBC,Franklin Bitcoin ETF,Franklin Templeton,EZBC,Franklin Bitcoin ETF,BTC-USD,2026-03-09,39.93,500.0,0.19,145.217,2.165,-130.55,-2.1191,-14.67,14.67,0.25,67.203,10.988
3591,EZBC,Franklin Bitcoin ETF,Franklin Templeton,EZBC,Franklin Bitcoin ETF,BTC-USD,2026-03-10,40.53,500.0,0.19,108.711,2.0402,-34.58,-1.5513,74.13,74.13,0.24,62.836,10.199
3592,EZBC,Franklin Bitcoin ETF,Franklin Templeton,EZBC,Franklin Bitcoin ETF,BTC-USD,2026-03-11,40.87,500.0,0.19,110.102,2.0457,-63.04,-1.8064,-47.06,47.06,0.2,59.864,9.961
3593,EZBC,Franklin Bitcoin ETF,Franklin Templeton,EZBC,Franklin Bitcoin ETF,BTC-USD,2026-03-12,40.74,500.0,0.19,108.366,2.0389,-97.43,-1.9931,-10.94,10.94,0.13,59.501,9.806
3594,EZBC,Franklin Bitcoin ETF,Franklin Templeton,EZBC,Franklin Bitcoin ETF,BTC-USD,2026-03-13,41.19,500.0,0.19,108.366,2.0389,-74.15,-1.8759,-34.21,34.21,0.13,59.501,9.86
3595,EZBC,Franklin Bitcoin ETF,Franklin Templeton,EZBC,Franklin Bitcoin ETF,BTC-USD,2026-03-16,42.79,500.0,0.19,95.728,1.9856,-33.32,-1.5355,62.41,62.41,,44.757,9.64
3596,EZBC,Franklin Bitcoin ETF,Franklin Templeton,EZBC,Franklin Bitcoin ETF,BTC-USD,2026-03-17,43.13,500.0,0.19,90.108,1.9596,25.72,1.4269,115.83,115.83,,47.177,9.15
3597,EZBC,Franklin Bitcoin ETF,Franklin Templeton,EZBC,Franklin Bitcoin ETF,BTC-USD,2026-03-18,41.09,500.0,0.19,83.815,1.9285,-30.16,-1.4936,-53.66,53.66,,44.053,8.701
3598,EZBC,Franklin Bitcoin ETF,Franklin Templeton,EZBC,Franklin Bitcoin ETF,BTC-USD,2026-03-19,40.63,500.0,0.19,77.177,1.8931,17.84,1.2751,95.02,95.02,0.12,35.943,8.661
3599,EZBC,Franklin Bitcoin ETF,Franklin Templeton,EZBC,Franklin Bitcoin ETF,BTC-USD,2026-03-20,40.59,500.0,0.19,77.89,1.897,-19.22,-1.3058,-58.67,58.67,,36.796,8.658
3600,EZBC,Franklin Bitcoin ETF,Franklin Templeton,EZBC,Franklin Bitcoin ETF,BTC-USD,2026-03-23,40.84,500.0,0.19,83.652,1.9276,-74.83,-1.8799,8.82,8.82,,36.796,8.522
3601,EZBC,Franklin Bitcoin ETF,Franklin Templeton,EZBC,Franklin Bitcoin ETF,BTC-USD,2026-03-24,40.07,500.0,0.19,88.912,1.9538,26.66,1.4419,-115.58,115.58,0.18,36.796,8.632
3602,EZBC,Franklin Bitcoin ETF,Franklin Templeton,EZBC,Franklin Bitcoin ETF,BTC-USD,2026-03-25,40.98,500.0,0.19,88.968,1.9541,-3.63,-0.6656,-85.34,85.34,0.23,36.796,8.569
3603,EZBC,Franklin Bitcoin ETF,Franklin Templeton,EZBC,Franklin Bitcoin ETF,BTC-USD,2026-03-26,39.61,500.0,0.19,88.968,1.9541,130.74,2.1197,-219.71,219.71,0.29,36.796,8.467
3604,EZBC,Franklin Bitcoin ETF,Franklin Templeton,EZBC,Franklin Bitcoin ETF,BTC-USD,2026-03-27,38.15,500.0,0.19,82.711,1.9228,-24.37,-1.4043,-58.34,58.34,0.32,29.909,7.677
3605,EZBC,Franklin Bitcoin ETF,Franklin Templeton,EZBC,Franklin Bitcoin ETF,BTC-USD,2026-03-30,38.46,500.0,0.19,86.881,1.9439,-71.22,-1.8587,15.66,15.66,0.33,29.909,7.759
3606,EZBC,Franklin Bitcoin ETF,Franklin Templeton,EZBC,Franklin Bitcoin ETF,BTC-USD,2026-03-31,39.19,500.0,0.19,90.449,1.9612,37.7,1.5877,-128.15,128.15,0.34,36.352,7.329
3607,EZBC,Franklin Bitcoin ETF,Franklin Templeton,EZBC,Franklin Bitcoin ETF,BTC-USD,2026-04-01,39.42,500.0,0.19,77.004,1.8921,-57.42,-1.7665,19.59,19.59,0.33,24.163,7.073
3608,EZBC,Franklin Bitcoin ETF,Franklin Templeton,EZBC,Franklin Bitcoin ETF,BTC-USD,2026-04-02,38.75,500.0,0.19,77.004,1.8921,-6.3,-0.8632,-70.71,70.71,0.36,24.163,6.519
3609,EZBC,Franklin Bitcoin ETF,Franklin Templeton,EZBC,Franklin Bitcoin ETF,BTC-USD,2026-04-06,40.32,500.0,0.19,72.656,1.8672,-19.04,-1.3019,53.62,53.62,0.34,23.358,6.474
3610,EZBC,Franklin Bitcoin ETF,Franklin Templeton,EZBC,Franklin Bitcoin ETF,BTC-USD,2026-04-07,39.89,500.0,0.19,75.764,1.8852,297.41,2.4748,-373.17,373.17,0.3,23.358,6.365
3611,EZBC,Franklin Bitcoin ETF,Franklin Templeton,EZBC,Franklin Bitcoin ETF,BTC-USD,2026-04-08,41.26,500.0,0.19,82.063,1.9194,-39.61,-1.6086,-42.45,42.45,0.3,23.193,6.222
3612,EZBC,Franklin Bitcoin ETF,Franklin Templeton,EZBC,Franklin Bitcoin ETF,BTC-USD,2026-04-09,41.71,500.0,0.19,95.512,1.9846,-48.81,-1.6973,46.7,46.7,0.29,33.361,5.908
3613,EZBC,Franklin Bitcoin ETF,Franklin Templeton,EZBC,Franklin Bitcoin ETF,BTC-USD,2026-04-10,42.41,500.0,0.19,87.975,1.9493,-76.07,-1.8869,11.9,11.9,0.29,24.793,5.909
3614,EZBC,Franklin Bitcoin ETF,Franklin Templeton,EZBC,Franklin Bitcoin ETF,BTC-USD,2026-04-13,42.43,500.0,0.19,90.005,1.9591,9.61,1.0257,-99.61,99.61,0.29,29.428,5.938
3615,EZBC,Franklin Bitcoin ETF,Franklin Templeton,EZBC,Franklin Bitcoin ETF,BTC-USD,2026-04-14,42.96,500.0,0.19,90.005,1.9591,-73.29,-1.871,16.71,16.71,0.28,29.428,5.594
3616,EZBC,Franklin Bitcoin ETF,Franklin Templeton,EZBC,Franklin Bitcoin ETF,BTC-USD,2026-04-15,43.4,500.0,0.19,94.393,1.9795,78.68,1.9014,173.07,173.07,0.28,32.699,5.446
3617,EZBC,Franklin Bitcoin ETF,Franklin Templeton,EZBC,Franklin Bitcoin ETF,BTC-USD,2026-04-16,43.59,500.0,0.19,102.828,2.0163,-75.53,-1.8838,-27.3,27.3,0.26,38.918,5.441
3618,EZBC,Franklin Bitcoin ETF,Franklin Templeton,EZBC,Franklin Bitcoin ETF,BTC-USD,2026-04-17,44.823,500.0,0.19,100.461,2.0063,41.08,1.6241,141.54,141.54,0.11,38.918,5.943
3619,EZBC,Franklin Bitcoin ETF,Franklin Templeton,EZBC,Franklin Bitcoin ETF,BTC-USD,2026-04-20,44.14,500.0,0.19,103.947,2.021,-31.43,-1.511,72.52,72.52,0.16,38.918,5.856
3620,EZBC,Franklin Bitcoin ETF,Franklin Templeton,EZBC,Franklin Bitcoin ETF,BTC-USD,2026-04-21,43.38,500.0,0.19,104.893,2.0249,-37.64,-1.5871,-67.25,67.25,0.12,43.232,5.83
3621,EZBC,Franklin Bitcoin ETF,Franklin Templeton,EZBC,Franklin Bitcoin ETF,BTC-USD,2026-04-22,45.6,500.0,0.19,102.984,2.017,97.65,1.9941,200.63,200.63,,43.232,5.928
3622,EZBC,Franklin Bitcoin ETF,Franklin Templeton,EZBC,Franklin Bitcoin ETF,BTC-USD,2026-04-23,44.94,500.0,0.19,105.87,2.0289,77.54,1.8951,183.41,183.41,0.24,43.232,5.772
3623,EZBC,Franklin Bitcoin ETF,Franklin Templeton,EZBC,Franklin Bitcoin ETF,BTC-USD,2026-04-24,44.88,500.0,0.19,105.18,2.026,44.21,1.6552,149.39,149.39,0.29,46.299,5.907
3624,EZBC,Franklin Bitcoin ETF,Franklin Templeton,EZBC,Franklin Bitcoin ETF,BTC-USD,2026-04-27,44.44,500.0,0.19,105.102,2.0257,-48.26,-1.6925,56.84,56.84,0.3,47.743,6.07
3625,EZBC,Franklin Bitcoin ETF,Franklin Templeton,EZBC,Franklin Bitcoin ETF,BTC-USD,2026-04-28,44.12,500.0,0.19,100.234,2.0053,35.43,1.5615,135.67,135.67,0.31,47.743,6.126
3626,EZBC,Franklin Bitcoin ETF,Franklin Templeton,EZBC,Franklin Bitcoin ETF,BTC-USD,2026-04-29,43.62,500.0,0.19,99.19,2.0008,-38.76,-1.5995,60.43,60.43,0.33,49.842,6.062
3627,EZBC,Franklin Bitcoin ETF,Franklin Templeton,EZBC,Franklin Bitcoin ETF,BTC-USD,2026-04-30,44.15,500.0,0.19,97.415,1.9931,51.14,1.7171,148.55,148.55,0.35,44.657,5.419
3628,EZBC,Franklin Bitcoin ETF,Franklin Templeton,EZBC,Franklin Bitcoin ETF,BTC-USD,2026-05-01,45.31,500.0,0.19,100.016,2.0044,2.29,0.5176,102.31,102.31,0.37,44.657,5.426
3629,EZBC,Franklin Bitcoin ETF,Franklin Templeton,EZBC,Franklin Bitcoin ETF,BTC-USD,2026-05-04,46.3,500.0,0.19,100.016,2.0044,28.91,1.4758,128.93,128.93,0.39,44.657,5.748
3630,EZBC,Franklin Bitcoin ETF,Franklin Templeton,EZBC,Franklin Bitcoin ETF,BTC-USD,2026-05-05,47.2,500.0,0.19,92.547,1.971,-22.49,-1.3709,70.05,70.05,0.42,44.657,5.539
3631,EZBC,Franklin Bitcoin ETF,Franklin Templeton,EZBC,Franklin Bitcoin ETF,BTC-USD,2026-05-06,47.09,500.0,0.19,89.55,1.9569,424.82,2.6292,514.36,514.36,0.48,46.281,5.829
3632,EZBC,Franklin Bitcoin ETF,Franklin Templeton,EZBC,Franklin Bitcoin ETF,BTC-USD,2026-05-07,46.34,500.0,0.19,86.571,1.9424,-18.99,-1.3008,67.58,67.58,0.44,46.281,6.262
3633,EZBC,Franklin Bitcoin ETF,Franklin Templeton,EZBC,Franklin Bitcoin ETF,BTC-USD,2026-05-08,46.32,500.0,0.19,74.367,1.8772,-57.63,-1.7681,16.74,16.74,0.43,39.483,6.365
3634,EZBC,Franklin Bitcoin ETF,Franklin Templeton,EZBC,Franklin Bitcoin ETF,BTC-USD,2026-05-11,47.38,500.0,0.19,71.626,1.8611,-23.01,-1.3804,48.61,48.61,0.44,39.483,6.436
3635,EZBC,Franklin Bitcoin ETF,Franklin Templeton,EZBC,Franklin Bitcoin ETF,BTC-USD,2026-05-12,46.69,500.0,0.19,69.453,1.8479,165.54,2.2215,235.0,235.0,0.44,33.685,6.557
3636,EZBC,Franklin Bitcoin ETF,Franklin Templeton,EZBC,Franklin Bitcoin ETF,BTC-USD,2026-05-13,45.98,500.0,0.19,67.713,1.837,-6.67,-0.8848,61.04,61.04,0.44,33.685,6.871
3637,EZBC,Franklin Bitcoin ETF,Franklin Templeton,EZBC,Franklin Bitcoin ETF,BTC-USD,2026-05-14,47.05,500.0,0.19,66.274,1.8278,-10.49,-1.0604,55.78,55.78,0.45,30.414,7.457
3638,EZBC,Franklin Bitcoin ETF,Franklin Templeton,EZBC,Franklin Bitcoin ETF,BTC-USD,2026-05-15,45.7,500.0,0.19,65.681,1.824,-64.96,-1.8193,0.72,0.72,0.43,21.775,7.667
3639,EZBC,Franklin Bitcoin ETF,Franklin Templeton,EZBC,Franklin Bitcoin ETF,BTC-USD,2026-05-18,44.39,500.0,0.19,67.445,1.8353,-0.23,-0.0893,-67.22,67.22,0.41,21.775,7.635
3640,EZBC,Franklin Bitcoin ETF,Franklin Templeton,EZBC,Franklin Bitcoin ETF,BTC-USD,2026-05-19,44.34,500.0,0.19,67.4,1.8351,-14.89,-1.2011,-52.51,52.51,0.4,25.856,7.754
3641,EZBC,Franklin Bitcoin ETF,Franklin Templeton,EZBC,Franklin Bitcoin ETF,BTC-USD,2026-05-20,44.85,500.0,0.19,60.239,1.787,147.7,2.1723,207.93,207.93,0.38,16.942,8.073
3642,EZBC,Franklin Bitcoin ETF,Franklin Templeton,EZBC,Franklin Bitcoin ETF,BTC-USD,2026-05-21,44.88,500.0,0.19,63.538,1.8098,8.16,0.9618,-71.7,71.7,0.35,21.778,8.236
3643,EZBC,Franklin Bitcoin ETF,Franklin Templeton,EZBC,Franklin Bitcoin ETF,BTC-USD,2026-05-22,43.8,500.0,0.19,61.414,1.7953,25.41,1.4217,86.82,86.82,0.38,21.778,8.308
3644,EZBC,Franklin Bitcoin ETF,Franklin Templeton,EZBC,Franklin Bitcoin ETF,BTC-USD,2026-05-26,43.86,500.0,0.19,66.461,1.8291,-41.26,-1.6259,-25.2,25.2,0.36,25.758,8.754
3645,EZBC,Franklin Bitcoin ETF,Franklin Templeton,EZBC,Franklin Bitcoin ETF,BTC-USD,2026-05-27,43.32,500.0,0.19,65.403,1.8222,50.84,1.7146,116.24,116.24,0.37,24.314,8.523
3646,EZBC,Franklin Bitcoin ETF,Franklin Templeton,EZBC,Franklin Bitcoin ETF,BTC-USD,2026-05-28,42.39,500.0,0.19,66.418,1.8288,-12.97,-1.1451,-53.45,53.45,0.36,24.314,8.567
3647,EZBC,Franklin Bitcoin ETF,Franklin Templeton,EZBC,Franklin Bitcoin ETF,BTC-USD,2026-05-29,42.42,500.0,0.19,69.117,1.8458,-51.86,-1.7231,17.25,17.25,0.36,27.54,8.604
3648,EZBC,Franklin Bitcoin ETF,Franklin Templeton,EZBC,Franklin Bitcoin ETF,BTC-USD,2026-06-01,41.29,500.0,0.19,67.907,1.8383,-3.84,-0.6847,-64.07,64.07,0.38,26.282,9.193
3649,EZBC,Franklin Bitcoin ETF,Franklin Templeton,EZBC,Franklin Bitcoin ETF,BTC-USD,2026-06-02,38.83,500.0,0.19,67.907,1.8383,73.15,1.8701,-141.06,141.06,0.39,26.282,9.598
3650,EZBC,Franklin Bitcoin ETF,Franklin Templeton,EZBC,Franklin Bitcoin ETF,BTC-USD,2026-06-03,37.77,500.0,0.19,69.14,1.846,26.63,1.4414,-95.77,95.77,0.41,26.282,9.37
3651,EZBC,Franklin Bitcoin ETF,Franklin Templeton,EZBC,Franklin Bitcoin ETF,BTC-USD,2026-06-04,36.71,500.0,0.19,69.14,1.846,334.79,2.5261,-403.93,403.93,0.48,26.282,9.578
3652,EZBC,Franklin Bitcoin ETF,Franklin Templeton,EZBC,Franklin Bitcoin ETF,BTC-USD,2026-06-05,34.84,500.0,0.19,73.679,1.8732,368.98,2.5682,-442.65,442.65,0.71,24.658,9.84
3653,EZBC,Franklin Bitcoin ETF,Franklin Templeton,EZBC,Franklin Bitcoin ETF,BTC-USD,2026-06-08,36.63,500.0,0.19,75.125,1.8815,193.79,2.2896,-268.92,268.92,0.78,24.658,9.638
3654,EZBC,Franklin Bitcoin ETF,Franklin Templeton,EZBC,Franklin Bitcoin ETF,BTC-USD,2026-06-09,35.88,500.0,0.19,75.117,1.8815,169.29,2.2312,-244.41,244.41,0.84,21.288,9.709
3655,EZBC,Franklin Bitcoin ETF,Franklin Templeton,EZBC,Franklin Bitcoin ETF,BTC-USD,2026-06-10,35.77,500.0,0.19,80.691,1.9122,206.66,2.3174,-287.36,287.36,0.92,23.777,9.647
3656,EZBC,Franklin Bitcoin ETF,Franklin Templeton,EZBC,Franklin Bitcoin ETF,BTC-USD,2026-06-11,36.74,500.0,0.19,79.94,1.9082,246.1,2.3929,-326.04,326.04,1.01,23.777,9.694
3657,EZBC,Franklin Bitcoin ETF,Franklin Templeton,EZBC,Franklin Bitcoin ETF,BTC-USD,2026-06-12,36.75,500.0,0.19,78.765,1.9018,232.8,2.3688,-311.57,311.57,1.12,23.777,9.328
3658,EZBC,Franklin Bitcoin ETF,Franklin Templeton,EZBC,Franklin Bitcoin ETF,BTC-USD,2026-06-15,38.49,500.0,0.19,80.694,1.9122,173.58,2.242,-254.28,254.28,1.17,23.777,8.875
3659,EZBC,Franklin Bitcoin ETF,Franklin Templeton,EZBC,Franklin Bitcoin ETF,BTC-USD,2026-06-16,37.93,500.0,0.19,79.047,1.9033,172.31,2.2388,-251.36,251.36,1.25,23.777,8.519
3660,EZBC,Franklin Bitcoin ETF,Franklin Templeton,EZBC,Franklin Bitcoin ETF,BTC-USD,2026-06-17,37.11,500.0,0.19,82.453,1.9214,189.59,2.2801,-272.04,272.04,1.31,26.264,8.142
3661,EZBC,Franklin Bitcoin ETF,Franklin Templeton,EZBC,Franklin Bitcoin ETF,BTC-USD,2026-06-18,36.38,500.0,0.19,77.299,1.8938,189.63,2.2802,-266.92,266.92,1.37,22.183,9.023
3662,EZBC,Franklin Bitcoin ETF,Franklin Templeton,EZBC,Franklin Bitcoin ETF,BTC-USD,2026-06-22,37.21,500.0,0.19,79.853,1.9077,140.41,2.1505,-220.27,220.27,1.4,22.183,8.812
3663,EZBC,Franklin Bitcoin ETF,Franklin Templeton,EZBC,Franklin Bitcoin ETF,BTC-USD,2026-06-23,36.01,500.0,0.19,76.84,1.8912,277.78,2.4453,-354.62,354.62,1.47,17.347,8.597
3664,EZBC,Franklin Bitcoin ETF,Franklin Templeton,EZBC,Franklin Bitcoin ETF,BTC-USD,2026-06-24,34.57,500.0,0.19,75.954,1.8862,433.38,2.6379,-509.34,509.34,1.77,17.347,8.913
3665,EZBC,Franklin Bitcoin ETF,Franklin Templeton,EZBC,Franklin Bitcoin ETF,BTC-USD,2026-06-25,34.21,500.0,0.19,73.912,1.8745,323.72,2.5115,-397.63,397.63,1.83,15.107,8.637
3666,EZBC,Franklin Bitcoin ETF,Franklin Templeton,EZBC,Franklin Bitcoin ETF,BTC-USD,2026-06-26,34.46,500.0,0.19,82.864,1.9236,339.3,2.5319,-422.16,422.16,2.0,22.993,8.791
3667,EZBC,Franklin Bitcoin ETF,Franklin Templeton,EZBC,Franklin Bitcoin ETF,BTC-USD,2026-06-29,34.88,500.0,0.19,93.436,1.9751,114.64,2.0631,-208.07,208.07,1.9,32.922,8.706
3668,EZBC,Franklin Bitcoin ETF,Franklin Templeton,EZBC,Franklin Bitcoin ETF,BTC-USD,2026-06-30,33.91,500.0,0.19,89.246,1.9554,178.86,2.2549,-268.11,268.11,1.96,27.597,8.49
3669,EZBC,Franklin Bitcoin ETF,Franklin Templeton,EZBC,Franklin Bitcoin ETF,BTC-USD,2026-07-01,34.65,500.0,0.19,93.375,1.9749,156.43,2.1971,-249.81,249.81,1.99,27.597,8.052
3670,EZBC,Franklin Bitcoin ETF,Franklin Templeton,EZBC,Franklin Bitcoin ETF,BTC-USD,2026-07-02,35.52,500.0,0.19,93.375,1.9749,110.75,2.0483,-204.13,204.13,2.15,27.597,7.574
3671,EZBC,Franklin Bitcoin ETF,Franklin Templeton,EZBC,Franklin Bitcoin ETF,BTC-USD,2026-07-06,36.82,500.0,0.19,94.463,1.9798,220.62,2.3456,-315.09,315.09,2.57,29.197,7.424
3672,EZBC,Franklin Bitcoin ETF,Franklin Templeton,EZBC,Franklin Bitcoin ETF,BTC-USD,2026-07-07,36.88,500.0,0.19,99.311,2.0013,-36.23,-1.5709,63.08,63.08,2.21,32.058,7.191
3673,EZBC,Franklin Bitcoin ETF,Franklin Templeton,EZBC,Franklin Bitcoin ETF,BTC-USD,2026-07-08,35.94,500.0,0.19,97.695,1.9943,-1.25,-0.3524,96.44,96.44,2.25,32.058,6.791
3674,EZBC,Franklin Bitcoin ETF,Franklin Templeton,EZBC,Franklin Bitcoin ETF,BTC-USD,2026-07-09,36.51,500.0,0.19,103.102,2.0175,-13.9,-1.1731,-89.21,89.21,2.19,32.058,6.539
3675,EZBC,Franklin Bitcoin ETF,Franklin Templeton,EZBC,Franklin Bitcoin ETF,BTC-USD,2026-07-10,36.93,500.0,0.19,103.404,2.0187,20.91,1.3406,-124.31,124.31,2.2,32.058,6.349
3676,EZBC,Franklin Bitcoin ETF,Franklin Templeton,EZBC,Franklin Bitcoin ETF,BTC-USD,2026-07-13,35.94,500.0,0.19,102.253,2.0139,-13.31,-1.1557,-88.94,88.94,2.14,29.569,6.173
3677,EZBC,Franklin Bitcoin ETF,Franklin Templeton,EZBC,Franklin Bitcoin ETF,BTC-USD,2026-07-14,37.29,500.0,0.19,108.889,2.041,3.8,0.6813,-112.69,112.69,2.27,29.569,6.074
3678,EZBC,Franklin Bitcoin ETF,Franklin Templeton,EZBC,Franklin Bitcoin ETF,BTC-USD,2026-07-15,37.51,500.0,0.19,108.889,2.041,-87.17,-1.9453,-21.72,21.72,2.22,29.569,5.97
3679,EZBC,Franklin Bitcoin ETF,Franklin Templeton,EZBC,Franklin Bitcoin ETF,BTC-USD,2026-07-16,37.13,500.0,0.19,106.695,2.0322,-49.8,-1.7058,-56.9,56.9,2.22,29.569,5.858
3680,EZBC,Franklin Bitcoin ETF,Franklin Templeton,EZBC,Franklin Bitcoin ETF,BTC-USD,2026-07-17,37.07,500.0,0.19,97.107,1.9917,-57.66,-1.7684,-39.44,39.44,2.29,29.569,5.888
3681,EZBC,Franklin Bitcoin ETF,Franklin Templeton,EZBC,Franklin Bitcoin ETF,BTC-USD,2026-07-20,37.63,500.0,0.19,95.864,1.9862,-54.81,-1.7467,-41.05,41.05,2.27,27.082,5.866
3682,EZBC,Franklin Bitcoin ETF,Franklin Templeton,EZBC,Franklin Bitcoin ETF,BTC-USD,2026-07-21,38.39,500.0,0.19,100.362,2.0059,-48.15,-1.6915,-52.22,52.22,2.2,27.082,4.855
3683,EZBC,Franklin Bitcoin ETF,Franklin Templeton,EZBC,Franklin Bitcoin ETF,BTC-USD,2026-07-22,38.08,500.0,0.19,102.648,2.0156,43.08,1.6442,-145.72,145.72,2.15,27.082,4.748
3684,EZBC,Franklin Bitcoin ETF,Franklin Templeton,EZBC,Franklin Bitcoin ETF,BTC-USD,2026-07-23,37.43,500.0,0.19,99.391,2.0017,-82.03,-1.9193,-17.36,17.36,2.14,27.082,4.776
3685,EZBC,Franklin Bitcoin ETF,Franklin Templeton,EZBC,Franklin Bitcoin ETF,BTC-USD,2026-07-24,37.09,500.0,0.19,99.982,2.0042,95.99,1.9867,195.97,195.97,2.14,27.082,4.367
3686,EZBC,Franklin Bitcoin ETF,Franklin Templeton,EZBC,Franklin Bitcoin ETF,BTC-USD,2026-07-27,37.49,500.0,0.19,99.104,2.0005,174.28,2.2437,273.39,273.39,2.35,22.275,4.18
3687,EZBC,Franklin Bitcoin ETF,Franklin Templeton,EZBC,Franklin Bitcoin ETF,BTC-USD,2026-07-28,36.89,500.0,0.19,91.76,1.9674,-33.23,-1.5343,58.53,58.53,2.09,14.389,3.95
3688,EZBC,Franklin Bitcoin ETF,Franklin Templeton,EZBC,Franklin Bitcoin ETF,BTC-USD,2026-07-29,36.69,500.0,0.19,81.358,1.9157,22.14,1.3644,-103.5,103.5,2.01,4.461,3.755
3689,EZBC,Franklin Bitcoin ETF,Franklin Templeton,EZBC,Franklin Bitcoin ETF,BTC-USD,2026-07-30,37.4,500.0,0.19,81.714,1.9176,-79.05,-1.9034,-2.66,2.66,1.94,4.461,3.662
3690,EZBC,Franklin Bitcoin ETF,Franklin Templeton,EZBC,Franklin Bitcoin ETF,BTC-USD,2026-07-31,36.33,500.0,0.19,81.766,1.9179,-73.43,-1.8718,8.33,8.33,1.95,4.461,3.628
3691,EZBC,Franklin Bitcoin ETF,Franklin Templeton,EZBC,Franklin Bitcoin ETF,BTC-USD,2026-08-03,36.89,500.0,0.19,85.301,1.936,-28.65,-1.472,56.65,56.65,1.71,9.986,4.123
3692,EZBC,Franklin Bitcoin ETF,Franklin Templeton,EZBC,Franklin Bitcoin ETF,BTC-USD,2026-08-04,37.11,500.0,0.19,81.243,1.9151,-12.43,-1.1281,68.81,68.81,2.42,8.386,4.052
3693,EZBC,Franklin Bitcoin ETF,Franklin Templeton,EZBC,Franklin Bitcoin ETF,BTC-USD,2026-08-05,37.46,500.0,0.19,79.652,1.9066,-32.45,-1.5244,-47.21,47.21,2.36,5.525,3.771
3694,EZBC,Franklin Bitcoin ETF,Franklin Templeton,EZBC,Franklin Bitcoin ETF,BTC-USD,2026-08-06,37.23,500.0,0.19,86.23,1.9407,-52.95,-1.732,33.28,33.28,2.34,10.205,3.534
3695,EZBC,Franklin Bitcoin ETF,Franklin Templeton,EZBC,Franklin Bitcoin ETF,BTC-USD,2026-08-07,37.53,500.0,0.19,82.665,1.9225,-67.59,-1.8363,15.07,15.07,2.17,10.205,3.456
3696,EZBC,Franklin Bitcoin ETF,Franklin Templeton,EZBC,Franklin Bitcoin ETF,BTC-USD,2026-08-10,36.94,500.0,0.19,81.248,1.9151,-39.97,-1.6125,41.27,41.27,2.37,10.205,4.352
3697,EZBC,Franklin Bitcoin ETF,Franklin Templeton,EZBC,Franklin Bitcoin ETF,BTC-USD,2026-08-11,36.68,500.0,0.19,77.483,1.8948,-69.72,-1.8495,-7.76,7.76,2.32,10.205,4.418
3698,EZBC,Franklin Bitcoin ETF,Franklin Templeton,EZBC,Franklin Bitcoin ETF,BTC-USD,2026-08-12,36.61,500.0,0.19,76.923,1.8917,-16.69,-1.2477,60.23,60.23,2.39,14.913,4.22
3699,EZBC,Franklin Bitcoin ETF,Franklin Templeton,EZBC,Franklin Bitcoin ETF,BTC-USD,2026-08-13,36.58,500.0,0.19,78.575,1.9008,-33.76,-1.5411,-44.81,44.81,2.35,17.96,4.199
3700,EZBC,Franklin Bitcoin ETF,Franklin Templeton,EZBC,Franklin Bitcoin ETF,BTC-USD,2026-08-14,36.325,500.0,0.19,79.587,1.9063,11.95,1.1122,-91.54,91.54,2.33,17.96,4.149
3701,EZBC,Franklin Bitcoin ETF,Franklin Templeton,EZBC,Franklin Bitcoin ETF,BTC-USD,2026-08-17,37.14,500.0,0.19,83.908,1.929,-13.22,-1.153,-70.68,70.68,2.24,17.96,4.248
3702,EZBC,Franklin Bitcoin ETF,Franklin Templeton,EZBC,Franklin Bitcoin ETF,BTC-USD,2026-08-18,37.32,500.0,0.19,83.908,1.929,-79.14,-1.9039,4.77,4.77,2.7,17.96,4.269
3703,EZBC,Franklin Bitcoin ETF,Franklin Templeton,EZBC,Franklin Bitcoin ETF,BTC-USD,2026-08-19,39.52,500.0,0.19,83.908,1.929,2.78,0.577,-86.68,86.68,2.58,17.96,4.624
3704,EZBC,Franklin Bitcoin ETF,Franklin Templeton,EZBC,Franklin Bitcoin ETF,BTC-USD,2026-08-20,42.0,500.0,0.19,80.841,1.913,-54.76,-1.7463,26.08,26.08,2.72,17.96,5.069
3705,EZBC,Franklin Bitcoin ETF,Franklin Templeton,EZBC,Franklin Bitcoin ETF,BTC-USD,2026-08-21,44.53,500.0,0.19,82.958,1.9241,-32.29,-1.5223,-50.67,50.67,2.55,17.96,5.397
3706,EZBC,Franklin Bitcoin ETF,Franklin Templeton,EZBC,Franklin Bitcoin ETF,BTC-USD,2026-08-24,45.51,500.0,0.19,84.347,1.9312,-48.72,-1.6965,35.63,35.63,2.83,17.96,5.699
3707,EZBC,Franklin Bitcoin ETF,Franklin Templeton,EZBC,Franklin Bitcoin ETF,BTC-USD,2026-08-25,45.62,500.0,0.19,82.285,1.9206,-25.56,-1.4243,-56.72,56.72,2.7,24.948,5.83
3708,EZBC,Franklin Bitcoin ETF,Franklin Templeton,EZBC,Franklin Bitcoin ETF,BTC-USD,2026-08-26,45.36,500.0,0.19,77.591,1.8954,-63.87,-1.8121,13.72,13.72,2.81,24.948,5.98
3709,EZBC,Franklin Bitcoin ETF,Franklin Templeton,EZBC,Franklin Bitcoin ETF,BTC-USD,2026-08-27,46.17,500.0,0.19,83.09,1.9247,52.31,1.7268,135.41,135.41,3.03,24.948,6.022
