,Ticker,Fund,Issuer,Family,FamilyLabel,Benchmark,Date,Price,AUM,ExpenseRatio,RoundTripBps,HoldingDragBpsYr,DragLM,SpreadBps,ADVmm
0,IBIT,iShares Bitcoin Trust,BlackRock,IBIT,iShares Bitcoin Trust,BTC-USD,2025-03-07,49.43,80000.0,0.25,91.115,-376.0,-2.5764,91.033,2441.868
1,IBIT,iShares Bitcoin Trust,BlackRock,IBIT,iShares Bitcoin Trust,BTC-USD,2025-03-10,44.91,80000.0,0.25,82.31,-457.3,-2.6612,82.208,2549.898
2,IBIT,iShares Bitcoin Trust,BlackRock,IBIT,iShares Bitcoin Trust,BTC-USD,2025-03-11,47.24,80000.0,0.25,83.108,-393.0,-2.5955,83.005,2551.557
3,IBIT,iShares Bitcoin Trust,BlackRock,IBIT,iShares Bitcoin Trust,BTC-USD,2025-03-12,47.15,80000.0,0.25,93.122,-149.4,-2.1773,93.021,2567.59
4,IBIT,iShares Bitcoin Trust,BlackRock,IBIT,iShares Bitcoin Trust,BTC-USD,2025-03-13,45.52,80000.0,0.25,102.673,-87.8,-1.9483,102.572,2589.548
5,IBIT,iShares Bitcoin Trust,BlackRock,IBIT,iShares Bitcoin Trust,BTC-USD,2025-03-14,48.14,80000.0,0.25,91.659,-502.8,-2.7022,91.556,2599.41
6,IBIT,iShares Bitcoin Trust,BlackRock,IBIT,iShares Bitcoin Trust,BTC-USD,2025-03-17,48.06,80000.0,0.25,97.977,-463.7,-2.6672,97.874,2602.664
7,IBIT,iShares Bitcoin Trust,BlackRock,IBIT,iShares Bitcoin Trust,BTC-USD,2025-03-18,46.81,80000.0,0.25,98.0,-604.9,-2.7824,97.874,2605.191
8,IBIT,iShares Bitcoin Trust,BlackRock,IBIT,iShares Bitcoin Trust,BTC-USD,2025-03-19,48.61,80000.0,0.25,98.0,-252.5,-2.4039,97.874,2602.35
9,IBIT,iShares Bitcoin Trust,BlackRock,IBIT,iShares Bitcoin Trust,BTC-USD,2025-03-20,47.85,80000.0,0.25,106.88,-566.1,-2.7536,106.773,2596.237
10,IBIT,iShares Bitcoin Trust,BlackRock,IBIT,iShares Bitcoin Trust,BTC-USD,2025-03-21,47.7,80000.0,0.25,106.875,-906.1,-2.9577,106.773,2568.555
11,IBIT,iShares Bitcoin Trust,BlackRock,IBIT,iShares Bitcoin Trust,BTC-USD,2025-03-24,50.18,80000.0,0.25,101.834,-458.4,-2.6622,101.732,2515.085
12,IBIT,iShares Bitcoin Trust,BlackRock,IBIT,iShares Bitcoin Trust,BTC-USD,2025-03-25,50.14,80000.0,0.25,105.968,-642.8,-2.8087,105.866,2470.315
13,IBIT,iShares Bitcoin Trust,BlackRock,IBIT,iShares Bitcoin Trust,BTC-USD,2025-03-26,49.18,80000.0,0.25,105.968,-291.6,-2.4663,105.866,2290.251
14,IBIT,iShares Bitcoin Trust,BlackRock,IBIT,iShares Bitcoin Trust,BTC-USD,2025-03-27,49.44,80000.0,0.25,112.342,-299.1,-2.4772,112.26,2172.117
15,IBIT,iShares Bitcoin Trust,BlackRock,IBIT,iShares Bitcoin Trust,BTC-USD,2025-03-28,47.56,80000.0,0.25,97.333,-188.5,-2.2777,97.225,2159.874
16,IBIT,iShares Bitcoin Trust,BlackRock,IBIT,iShares Bitcoin Trust,BTC-USD,2025-03-31,46.81,80000.0,0.25,92.423,-424.1,-2.6284,92.286,2077.34
17,IBIT,iShares Bitcoin Trust,BlackRock,IBIT,iShares Bitcoin Trust,BTC-USD,2025-04-01,48.3,80000.0,0.25,92.428,-320.1,-2.5066,92.286,1931.795
18,IBIT,iShares Bitcoin Trust,BlackRock,IBIT,iShares Bitcoin Trust,BTC-USD,2025-04-02,49.41,80000.0,0.25,92.428,-1342.2,-3.1281,92.286,1852.56
19,IBIT,iShares Bitcoin Trust,BlackRock,IBIT,iShares Bitcoin Trust,BTC-USD,2025-04-03,46.57,80000.0,0.25,92.428,163.4,2.216,92.286,1822.613
20,IBIT,iShares Bitcoin Trust,BlackRock,IBIT,iShares Bitcoin Trust,BTC-USD,2025-04-04,47.71,80000.0,0.25,81.093,-606.8,-2.7838,80.951,1857.387
21,IBIT,iShares Bitcoin Trust,BlackRock,IBIT,iShares Bitcoin Trust,BTC-USD,2025-04-07,44.27,80000.0,0.25,68.795,59.9,1.7845,68.638,1944.479
22,IBIT,iShares Bitcoin Trust,BlackRock,IBIT,iShares Bitcoin Trust,BTC-USD,2025-04-08,43.59,80000.0,0.25,89.538,-283.6,-2.4542,89.396,1866.001
23,IBIT,iShares Bitcoin Trust,BlackRock,IBIT,iShares Bitcoin Trust,BTC-USD,2025-04-09,46.83,80000.0,0.25,87.582,6.8,0.8944,87.44,1947.441
24,IBIT,iShares Bitcoin Trust,BlackRock,IBIT,iShares Bitcoin Trust,BTC-USD,2025-04-10,45.17,80000.0,0.25,88.456,-281.6,-2.4512,88.299,1973.549
25,IBIT,iShares Bitcoin Trust,BlackRock,IBIT,iShares Bitcoin Trust,BTC-USD,2025-04-11,47.67,80000.0,0.25,78.904,-426.9,-2.6314,78.747,2003.71
26,IBIT,iShares Bitcoin Trust,BlackRock,IBIT,iShares Bitcoin Trust,BTC-USD,2025-04-14,48.28,80000.0,0.25,78.889,-756.3,-2.8793,78.747,1978.124
27,IBIT,iShares Bitcoin Trust,BlackRock,IBIT,iShares Bitcoin Trust,BTC-USD,2025-04-15,47.74,80000.0,0.25,77.217,-282.4,-2.4524,77.076,1966.323
28,IBIT,iShares Bitcoin Trust,BlackRock,IBIT,iShares Bitcoin Trust,BTC-USD,2025-04-16,47.96,80000.0,0.25,80.752,-477.6,-2.68,80.615,1954.046
29,IBIT,iShares Bitcoin Trust,BlackRock,IBIT,iShares Bitcoin Trust,BTC-USD,2025-04-17,48.26,80000.0,0.25,89.196,-379.5,-2.5804,89.077,1914.645
30,IBIT,iShares Bitcoin Trust,BlackRock,IBIT,iShares Bitcoin Trust,BTC-USD,2025-04-21,49.72,80000.0,0.25,77.392,-350.2,-2.5456,77.273,1980.382
31,IBIT,iShares Bitcoin Trust,BlackRock,IBIT,iShares Bitcoin Trust,BTC-USD,2025-04-22,52.08,80000.0,0.25,77.392,-282.5,-2.4526,77.273,2146.846
32,IBIT,iShares Bitcoin Trust,BlackRock,IBIT,iShares Bitcoin Trust,BTC-USD,2025-04-23,53.2,80000.0,0.25,77.379,-418.4,-2.6226,77.273,2229.992
33,IBIT,iShares Bitcoin Trust,BlackRock,IBIT,iShares Bitcoin Trust,BTC-USD,2025-04-24,53.26,80000.0,0.25,76.136,-351.6,-2.5473,76.03,2250.053
34,IBIT,iShares Bitcoin Trust,BlackRock,IBIT,iShares Bitcoin Trust,BTC-USD,2025-04-25,54.27,80000.0,0.25,76.135,-657.0,-2.8182,76.03,2307.385
35,IBIT,iShares Bitcoin Trust,BlackRock,IBIT,iShares Bitcoin Trust,BTC-USD,2025-04-28,53.88,80000.0,0.25,69.036,-508.7,-2.7073,68.931,2317.322
36,IBIT,iShares Bitcoin Trust,BlackRock,IBIT,iShares Bitcoin Trust,BTC-USD,2025-04-29,54.22,80000.0,0.25,69.029,-714.1,-2.8543,68.931,2312.42
37,IBIT,iShares Bitcoin Trust,BlackRock,IBIT,iShares Bitcoin Trust,BTC-USD,2025-04-30,53.51,80000.0,0.25,69.012,-475.5,-2.678,68.931,2346.017
38,IBIT,iShares Bitcoin Trust,BlackRock,IBIT,iShares Bitcoin Trust,BTC-USD,2025-05-01,54.95,80000.0,0.25,69.012,-632.6,-2.8018,68.931,2414.863
39,IBIT,iShares Bitcoin Trust,BlackRock,IBIT,iShares Bitcoin Trust,BTC-USD,2025-05-02,55.19,80000.0,0.25,69.604,-583.9,-2.7671,69.53,2438.102
40,IBIT,iShares Bitcoin Trust,BlackRock,IBIT,iShares Bitcoin Trust,BTC-USD,2025-05-05,53.63,80000.0,0.25,69.604,-544.4,-2.7367,69.53,2411.635
41,IBIT,iShares Bitcoin Trust,BlackRock,IBIT,iShares Bitcoin Trust,BTC-USD,2025-05-06,53.97,80000.0,0.25,75.099,-245.0,-2.3909,75.027,2308.514
42,IBIT,iShares Bitcoin Trust,BlackRock,IBIT,iShares Bitcoin Trust,BTC-USD,2025-05-07,54.68,80000.0,0.25,75.099,-466.9,-2.6702,75.027,2158.864
43,IBIT,iShares Bitcoin Trust,BlackRock,IBIT,iShares Bitcoin Trust,BTC-USD,2025-05-08,57.62,80000.0,0.25,54.349,-487.0,-2.6884,54.269,2207.109
44,IBIT,iShares Bitcoin Trust,BlackRock,IBIT,iShares Bitcoin Trust,BTC-USD,2025-05-09,58.66,80000.0,0.25,42.857,-686.7,-2.8374,42.776,2118.394
45,IBIT,iShares Bitcoin Trust,BlackRock,IBIT,iShares Bitcoin Trust,BTC-USD,2025-05-12,57.88,80000.0,0.25,33.208,-301.0,-2.4799,33.136,2142.236
46,IBIT,iShares Bitcoin Trust,BlackRock,IBIT,iShares Bitcoin Trust,BTC-USD,2025-05-13,59.62,80000.0,0.25,34.639,-631.5,-2.801,34.567,2127.918
47,IBIT,iShares Bitcoin Trust,BlackRock,IBIT,iShares Bitcoin Trust,BTC-USD,2025-05-14,58.74,80000.0,0.25,39.003,-571.3,-2.7576,38.931,2160.854
48,IBIT,iShares Bitcoin Trust,BlackRock,IBIT,iShares Bitcoin Trust,BTC-USD,2025-05-15,58.67,80000.0,0.25,35.131,-778.2,-2.8916,35.065,2200.061
49,IBIT,iShares Bitcoin Trust,BlackRock,IBIT,iShares Bitcoin Trust,BTC-USD,2025-05-16,59.2,80000.0,0.25,31.592,-256.1,-2.4101,31.526,2242.642
50,IBIT,iShares Bitcoin Trust,BlackRock,IBIT,iShares Bitcoin Trust,BTC-USD,2025-05-19,59.99,80000.0,0.25,25.828,-707.3,-2.8502,25.763,2332.191
51,IBIT,iShares Bitcoin Trust,BlackRock,IBIT,iShares Bitcoin Trust,BTC-USD,2025-05-20,60.91,80000.0,0.25,25.828,-634.2,-2.8029,25.763,2341.296
52,IBIT,iShares Bitcoin Trust,BlackRock,IBIT,iShares Bitcoin Trust,BTC-USD,2025-05-21,61.79,80000.0,0.25,25.819,-287.1,-2.4596,25.763,2424.338
53,IBIT,iShares Bitcoin Trust,BlackRock,IBIT,iShares Bitcoin Trust,BTC-USD,2025-05-22,63.23,80000.0,0.25,25.817,-313.7,-2.4979,25.763,2470.282
54,IBIT,iShares Bitcoin Trust,BlackRock,IBIT,iShares Bitcoin Trust,BTC-USD,2025-05-23,61.83,80000.0,0.25,22.928,-731.2,-2.8646,22.871,2580.522
55,IBIT,iShares Bitcoin Trust,BlackRock,IBIT,iShares Bitcoin Trust,BTC-USD,2025-05-27,62.5,80000.0,0.25,24.409,-673.3,-2.8289,24.354,2603.316
56,IBIT,iShares Bitcoin Trust,BlackRock,IBIT,iShares Bitcoin Trust,BTC-USD,2025-05-28,60.79,80000.0,0.25,23.114,-317.4,-2.5029,23.057,2643.748
57,IBIT,iShares Bitcoin Trust,BlackRock,IBIT,iShares Bitcoin Trust,BTC-USD,2025-05-29,59.99,80000.0,0.25,23.14,-299.6,-2.478,23.083,2763.579
58,IBIT,iShares Bitcoin Trust,BlackRock,IBIT,iShares Bitcoin Trust,BTC-USD,2025-05-30,59.46,80000.0,0.25,23.138,-182.5,-2.2636,23.083,2805.801
59,IBIT,iShares Bitcoin Trust,BlackRock,IBIT,iShares Bitcoin Trust,BTC-USD,2025-06-02,59.36,80000.0,0.25,26.135,-483.9,-2.6856,26.083,2754.507
60,IBIT,iShares Bitcoin Trust,BlackRock,IBIT,iShares Bitcoin Trust,BTC-USD,2025-06-03,60.4,80000.0,0.25,25.539,-452.3,-2.6563,25.484,2747.836
61,IBIT,iShares Bitcoin Trust,BlackRock,IBIT,iShares Bitcoin Trust,BTC-USD,2025-06-04,59.64,80000.0,0.25,25.539,-539.4,-2.7327,25.484,2776.016
62,IBIT,iShares Bitcoin Trust,BlackRock,IBIT,iShares Bitcoin Trust,BTC-USD,2025-06-05,57.87,80000.0,0.25,22.73,-434.3,-2.6388,22.675,2882.946
63,IBIT,iShares Bitcoin Trust,BlackRock,IBIT,iShares Bitcoin Trust,BTC-USD,2025-06-06,59.26,80000.0,0.25,25.915,-462.6,-2.6661,25.86,2903.095
64,IBIT,iShares Bitcoin Trust,BlackRock,IBIT,iShares Bitcoin Trust,BTC-USD,2025-06-09,61.77,80000.0,0.25,25.915,-155.6,-2.1948,25.86,2880.23
65,IBIT,iShares Bitcoin Trust,BlackRock,IBIT,iShares Bitcoin Trust,BTC-USD,2025-06-10,62.29,80000.0,0.25,25.912,67.2,1.8341,25.86,2875.834
66,IBIT,iShares Bitcoin Trust,BlackRock,IBIT,iShares Bitcoin Trust,BTC-USD,2025-06-11,61.84,80000.0,0.25,31.299,-150.4,-2.18,31.249,2842.93
67,IBIT,iShares Bitcoin Trust,BlackRock,IBIT,iShares Bitcoin Trust,BTC-USD,2025-06-12,60.7,80000.0,0.25,29.868,-831.0,-2.9201,29.818,2840.28
68,IBIT,iShares Bitcoin Trust,BlackRock,IBIT,iShares Bitcoin Trust,BTC-USD,2025-06-13,59.74,80000.0,0.25,25.504,-279.5,-2.448,25.454,2852.435
69,IBIT,iShares Bitcoin Trust,BlackRock,IBIT,iShares Bitcoin Trust,BTC-USD,2025-06-16,61.8,80000.0,0.25,21.573,-691.7,-2.8405,21.518,2883.486
70,IBIT,iShares Bitcoin Trust,BlackRock,IBIT,iShares Bitcoin Trust,BTC-USD,2025-06-17,59.5,80000.0,0.25,21.576,-359.6,-2.557,21.518,2930.903
71,IBIT,iShares Bitcoin Trust,BlackRock,IBIT,iShares Bitcoin Trust,BTC-USD,2025-06-18,58.97,80000.0,0.25,25.854,-52.2,-1.7259,25.796,2899.075
72,IBIT,iShares Bitcoin Trust,BlackRock,IBIT,iShares Bitcoin Trust,BTC-USD,2025-06-20,58.67,80000.0,0.25,30.732,-243.0,-2.3875,30.674,2853.23
73,IBIT,iShares Bitcoin Trust,BlackRock,IBIT,iShares Bitcoin Trust,BTC-USD,2025-06-23,58.67,80000.0,0.25,30.737,267.7,2.4293,30.674,2740.615
74,IBIT,iShares Bitcoin Trust,BlackRock,IBIT,iShares Bitcoin Trust,BTC-USD,2025-06-24,60.06,80000.0,0.25,30.739,-224.4,-2.3529,30.674,2655.745
75,IBIT,iShares Bitcoin Trust,BlackRock,IBIT,iShares Bitcoin Trust,BTC-USD,2025-06-25,61.275,80000.0,0.25,30.751,-813.5,-2.9109,30.674,2592.369
76,IBIT,iShares Bitcoin Trust,BlackRock,IBIT,iShares Bitcoin Trust,BTC-USD,2025-06-26,61.14,80000.0,0.25,31.61,-849.6,-2.9297,31.533,2530.629
77,IBIT,iShares Bitcoin Trust,BlackRock,IBIT,iShares Bitcoin Trust,BTC-USD,2025-06-27,60.72,80000.0,0.25,36.28,-806.6,-2.9072,36.215,2505.604
78,IBIT,iShares Bitcoin Trust,BlackRock,IBIT,iShares Bitcoin Trust,BTC-USD,2025-06-30,61.21,80000.0,0.25,40.051,-521.8,-2.7183,39.985,2404.79
79,IBIT,iShares Bitcoin Trust,BlackRock,IBIT,iShares Bitcoin Trust,BTC-USD,2025-07-01,59.84,80000.0,0.25,40.062,-428.7,-2.6332,39.985,2376.823
80,IBIT,iShares Bitcoin Trust,BlackRock,IBIT,iShares Bitcoin Trust,BTC-USD,2025-07-02,62.42,80000.0,0.25,37.066,-646.4,-2.8112,36.986,2485.83
81,IBIT,iShares Bitcoin Trust,BlackRock,IBIT,iShares Bitcoin Trust,BTC-USD,2025-07-03,62.19,80000.0,0.25,37.066,-185.4,-2.2705,36.986,2475.041
82,IBIT,iShares Bitcoin Trust,BlackRock,IBIT,iShares Bitcoin Trust,BTC-USD,2025-07-07,61.4,80000.0,0.25,37.066,-494.2,-2.6948,36.986,2493.624
83,IBIT,iShares Bitcoin Trust,BlackRock,IBIT,iShares Bitcoin Trust,BTC-USD,2025-07-08,61.82,80000.0,0.25,34.361,-374.7,-2.5749,34.298,2420.565
84,IBIT,iShares Bitcoin Trust,BlackRock,IBIT,iShares Bitcoin Trust,BTC-USD,2025-07-09,63.58,80000.0,0.25,31.176,-596.9,-2.7766,31.113,2495.769
85,IBIT,iShares Bitcoin Trust,BlackRock,IBIT,iShares Bitcoin Trust,BTC-USD,2025-07-10,64.5,80000.0,0.25,31.168,-219.2,-2.3429,31.113,2624.938
86,IBIT,iShares Bitcoin Trust,BlackRock,IBIT,iShares Bitcoin Trust,BTC-USD,2025-07-11,67.21,80000.0,0.25,31.176,-1019.7,-3.0089,31.113,2777.106
87,IBIT,iShares Bitcoin Trust,BlackRock,IBIT,iShares Bitcoin Trust,BTC-USD,2025-07-14,68.18,80000.0,0.25,22.739,-1147.3,-3.0601,22.676,2909.816
88,IBIT,iShares Bitcoin Trust,BlackRock,IBIT,iShares Bitcoin Trust,BTC-USD,2025-07-15,66.16,80000.0,0.25,22.731,-576.0,-2.7612,22.676,3062.285
89,IBIT,iShares Bitcoin Trust,BlackRock,IBIT,iShares Bitcoin Trust,BTC-USD,2025-07-16,67.83,80000.0,0.25,22.731,-1134.2,-3.0551,22.676,3131.55
90,IBIT,iShares Bitcoin Trust,BlackRock,IBIT,iShares Bitcoin Trust,BTC-USD,2025-07-17,67.65,80000.0,0.25,28.755,-820.4,-2.9146,28.7,3152.692
91,IBIT,iShares Bitcoin Trust,BlackRock,IBIT,iShares Bitcoin Trust,BTC-USD,2025-07-18,66.68,80000.0,0.25,32.708,-847.9,-2.9288,32.666,3161.944
92,IBIT,iShares Bitcoin Trust,BlackRock,IBIT,iShares Bitcoin Trust,BTC-USD,2025-07-21,66.33,80000.0,0.25,33.074,-521.8,-2.7183,33.032,3197.861
93,IBIT,iShares Bitcoin Trust,BlackRock,IBIT,iShares Bitcoin Trust,BTC-USD,2025-07-22,67.82,80000.0,0.25,29.664,-620.6,-2.7935,29.609,3245.914
94,IBIT,iShares Bitcoin Trust,BlackRock,IBIT,iShares Bitcoin Trust,BTC-USD,2025-07-23,67.29,80000.0,0.25,31.064,-682.5,-2.8347,31.022,3179.578
95,IBIT,iShares Bitcoin Trust,BlackRock,IBIT,iShares Bitcoin Trust,BTC-USD,2025-07-24,67.66,80000.0,0.25,31.129,-737.8,-2.8685,31.091,3171.199
96,IBIT,iShares Bitcoin Trust,BlackRock,IBIT,iShares Bitcoin Trust,BTC-USD,2025-07-25,66.36,80000.0,0.25,31.129,-713.3,-2.8539,31.091,3222.74
97,IBIT,iShares Bitcoin Trust,BlackRock,IBIT,iShares Bitcoin Trust,BTC-USD,2025-07-28,67.1,80000.0,0.25,28.791,-744.1,-2.8722,28.748,3260.853
98,IBIT,iShares Bitcoin Trust,BlackRock,IBIT,iShares Bitcoin Trust,BTC-USD,2025-07-29,66.71,80000.0,0.25,29.079,-808.7,-2.9083,29.037,3279.815
99,IBIT,iShares Bitcoin Trust,BlackRock,IBIT,iShares Bitcoin Trust,BTC-USD,2025-07-30,66.37,80000.0,0.25,30.08,-607.6,-2.7844,30.038,3309.48
100,IBIT,iShares Bitcoin Trust,BlackRock,IBIT,iShares Bitcoin Trust,BTC-USD,2025-07-31,66.32,80000.0,0.25,36.285,-731.3,-2.8647,36.248,3339.051
101,IBIT,iShares Bitcoin Trust,BlackRock,IBIT,iShares Bitcoin Trust,BTC-USD,2025-08-01,64.22,80000.0,0.25,36.285,-516.3,-2.7137,36.248,3356.716
102,IBIT,iShares Bitcoin Trust,BlackRock,IBIT,iShares Bitcoin Trust,BTC-USD,2025-08-04,65.2,80000.0,0.25,41.381,-803.5,-2.9055,41.338,3353.086
103,IBIT,iShares Bitcoin Trust,BlackRock,IBIT,iShares Bitcoin Trust,BTC-USD,2025-08-05,64.55,80000.0,0.25,41.381,-598.7,-2.778,41.338,3338.88
104,IBIT,iShares Bitcoin Trust,BlackRock,IBIT,iShares Bitcoin Trust,BTC-USD,2025-08-06,65.51,80000.0,0.25,41.381,-588.1,-2.7702,41.338,3335.933
105,IBIT,iShares Bitcoin Trust,BlackRock,IBIT,iShares Bitcoin Trust,BTC-USD,2025-08-07,66.83,80000.0,0.25,41.381,-659.7,-2.82,41.338,3295.072
106,IBIT,iShares Bitcoin Trust,BlackRock,IBIT,iShares Bitcoin Trust,BTC-USD,2025-08-08,66.13,80000.0,0.25,46.731,-639.7,-2.8067,46.682,3128.332
107,IBIT,iShares Bitcoin Trust,BlackRock,IBIT,iShares Bitcoin Trust,BTC-USD,2025-08-11,67.64,80000.0,0.25,46.731,-1016.2,-3.0074,46.682,3017.604
108,IBIT,iShares Bitcoin Trust,BlackRock,IBIT,iShares Bitcoin Trust,BTC-USD,2025-08-12,67.95,80000.0,0.25,51.793,-755.2,-2.8786,51.744,2903.824
109,IBIT,iShares Bitcoin Trust,BlackRock,IBIT,iShares Bitcoin Trust,BTC-USD,2025-08-13,69.84,80000.0,0.25,51.793,-962.8,-2.984,51.744,2827.566
110,IBIT,iShares Bitcoin Trust,BlackRock,IBIT,iShares Bitcoin Trust,BTC-USD,2025-08-14,67.03,80000.0,0.25,51.793,-939.5,-2.9734,51.744,2865.72
111,IBIT,iShares Bitcoin Trust,BlackRock,IBIT,iShares Bitcoin Trust,BTC-USD,2025-08-15,66.44,80000.0,0.25,48.113,-791.2,-2.8988,48.064,2844.995
112,IBIT,iShares Bitcoin Trust,BlackRock,IBIT,iShares Bitcoin Trust,BTC-USD,2025-08-18,66.05,80000.0,0.25,44.147,-822.4,-2.9156,44.098,2789.707
113,IBIT,iShares Bitcoin Trust,BlackRock,IBIT,iShares Bitcoin Trust,BTC-USD,2025-08-19,64.19,80000.0,0.25,36.81,-1028.2,-3.0125,36.755,2813.872
114,IBIT,iShares Bitcoin Trust,BlackRock,IBIT,iShares Bitcoin Trust,BTC-USD,2025-08-20,64.9,80000.0,0.25,39.178,-831.5,-2.9204,39.129,2793.392
115,IBIT,iShares Bitcoin Trust,BlackRock,IBIT,iShares Bitcoin Trust,BTC-USD,2025-08-21,63.69,80000.0,0.25,43.154,-621.5,-2.7941,43.1,2785.315
116,IBIT,iShares Bitcoin Trust,BlackRock,IBIT,iShares Bitcoin Trust,BTC-USD,2025-08-22,66.25,80000.0,0.25,46.853,-981.5,-2.9923,46.798,2888.733
117,IBIT,iShares Bitcoin Trust,BlackRock,IBIT,iShares Bitcoin Trust,BTC-USD,2025-08-25,62.88,80000.0,0.25,46.87,-205.2,-2.3144,46.798,2885.378
118,IBIT,iShares Bitcoin Trust,BlackRock,IBIT,iShares Bitcoin Trust,BTC-USD,2025-08-26,63.1,80000.0,0.25,46.87,-670.9,-2.8273,46.798,2886.174
119,IBIT,iShares Bitcoin Trust,BlackRock,IBIT,iShares Bitcoin Trust,BTC-USD,2025-08-27,63.65,80000.0,0.25,41.9,-728.4,-2.863,41.828,2866.616
120,IBIT,iShares Bitcoin Trust,BlackRock,IBIT,iShares Bitcoin Trust,BTC-USD,2025-08-28,63.58,80000.0,0.25,37.101,-829.7,-2.9194,37.03,2830.883
121,IBIT,iShares Bitcoin Trust,BlackRock,IBIT,iShares Bitcoin Trust,BTC-USD,2025-08-29,61.44,80000.0,0.25,30.892,-524.6,-2.7207,30.82,2853.969
122,IBIT,iShares Bitcoin Trust,BlackRock,IBIT,iShares Bitcoin Trust,BTC-USD,2025-09-02,62.97,80000.0,0.25,30.892,-542.4,-2.7351,30.82,2779.729
123,IBIT,iShares Bitcoin Trust,BlackRock,IBIT,iShares Bitcoin Trust,BTC-USD,2025-09-03,63.77,80000.0,0.25,25.801,-782.2,-2.8939,25.73,2790.541
124,IBIT,iShares Bitcoin Trust,BlackRock,IBIT,iShares Bitcoin Trust,BTC-USD,2025-09-04,62.35,80000.0,0.25,25.802,-471.7,-2.6746,25.73,2791.572
125,IBIT,iShares Bitcoin Trust,BlackRock,IBIT,iShares Bitcoin Trust,BTC-USD,2025-09-05,63.42,80000.0,0.25,25.801,-986.4,-2.9945,25.73,2852.484
126,IBIT,iShares Bitcoin Trust,BlackRock,IBIT,iShares Bitcoin Trust,BTC-USD,2025-09-08,63.7,80000.0,0.25,27.884,-562.8,-2.7511,27.826,2833.476
127,IBIT,iShares Bitcoin Trust,BlackRock,IBIT,iShares Bitcoin Trust,BTC-USD,2025-09-09,63.22,80000.0,0.25,25.332,-423.5,-2.6279,25.274,2850.586
128,IBIT,iShares Bitcoin Trust,BlackRock,IBIT,iShares Bitcoin Trust,BTC-USD,2025-09-10,64.53,80000.0,0.25,25.332,-483.2,-2.685,25.274,2850.415
129,IBIT,iShares Bitcoin Trust,BlackRock,IBIT,iShares Bitcoin Trust,BTC-USD,2025-09-11,65.03,80000.0,0.25,21.162,-623.0,-2.7952,21.104,2849.476
130,IBIT,iShares Bitcoin Trust,BlackRock,IBIT,iShares Bitcoin Trust,BTC-USD,2025-09-12,66.38,80000.0,0.25,21.162,-999.4,-3.0002,21.104,2820.612
131,IBIT,iShares Bitcoin Trust,BlackRock,IBIT,iShares Bitcoin Trust,BTC-USD,2025-09-15,65.5,80000.0,0.25,21.162,-430.9,-2.6354,21.104,2699.455
132,IBIT,iShares Bitcoin Trust,BlackRock,IBIT,iShares Bitcoin Trust,BTC-USD,2025-09-16,66.37,80000.0,0.25,18.819,-525.3,-2.7212,18.76,2681.42
133,IBIT,iShares Bitcoin Trust,BlackRock,IBIT,iShares Bitcoin Trust,BTC-USD,2025-09-17,65.67,80000.0,0.25,24.948,-571.7,-2.7579,24.89,2719.506
134,IBIT,iShares Bitcoin Trust,BlackRock,IBIT,iShares Bitcoin Trust,BTC-USD,2025-09-18,66.75,80000.0,0.25,24.948,-1012.7,-3.0059,24.89,2668.948
135,IBIT,iShares Bitcoin Trust,BlackRock,IBIT,iShares Bitcoin Trust,BTC-USD,2025-09-19,65.37,80000.0,0.25,21.121,-531.8,-2.7265,21.062,2645.551
136,IBIT,iShares Bitcoin Trust,BlackRock,IBIT,iShares Bitcoin Trust,BTC-USD,2025-09-22,63.65,80000.0,0.25,15.737,-534.4,-2.7287,15.677,2670.694
137,IBIT,iShares Bitcoin Trust,BlackRock,IBIT,iShares Bitcoin Trust,BTC-USD,2025-09-23,63.41,80000.0,0.25,16.413,-372.9,-2.5728,16.354,2581.367
138,IBIT,iShares Bitcoin Trust,BlackRock,IBIT,iShares Bitcoin Trust,BTC-USD,2025-09-24,64.42,80000.0,0.25,16.413,-470.9,-2.6739,16.354,2509.123
139,IBIT,iShares Bitcoin Trust,BlackRock,IBIT,iShares Bitcoin Trust,BTC-USD,2025-09-25,62.1,80000.0,0.25,16.414,-742.9,-2.8715,16.354,2573.235
140,IBIT,iShares Bitcoin Trust,BlackRock,IBIT,iShares Bitcoin Trust,BTC-USD,2025-09-26,61.94,80000.0,0.25,20.94,-532.7,-2.7273,20.88,2614.8
141,IBIT,iShares Bitcoin Trust,BlackRock,IBIT,iShares Bitcoin Trust,BTC-USD,2025-09-29,64.97,80000.0,0.25,20.944,-807.1,-2.9075,20.88,2679.36
142,IBIT,iShares Bitcoin Trust,BlackRock,IBIT,iShares Bitcoin Trust,BTC-USD,2025-09-30,65.0,80000.0,0.25,25.525,-766.7,-2.8852,25.465,2643.258
143,IBIT,iShares Bitcoin Trust,BlackRock,IBIT,iShares Bitcoin Trust,BTC-USD,2025-10-01,66.74,80000.0,0.25,25.525,-533.2,-2.7277,25.465,2687.593
144,IBIT,iShares Bitcoin Trust,BlackRock,IBIT,iShares Bitcoin Trust,BTC-USD,2025-10-02,68.77,80000.0,0.25,25.528,251.0,2.4013,25.465,2787.545
145,IBIT,iShares Bitcoin Trust,BlackRock,IBIT,iShares Bitcoin Trust,BTC-USD,2025-10-03,69.81,80000.0,0.25,25.525,-1112.5,-3.0467,25.465,2966.946
146,IBIT,iShares Bitcoin Trust,BlackRock,IBIT,iShares Bitcoin Trust,BTC-USD,2025-10-06,71.29,80000.0,0.25,25.525,-817.9,-2.9132,25.465,3055.705
147,IBIT,iShares Bitcoin Trust,BlackRock,IBIT,iShares Bitcoin Trust,BTC-USD,2025-10-07,69.13,80000.0,0.25,23.428,-1160.3,-3.065,23.368,3211.961
148,IBIT,iShares Bitcoin Trust,BlackRock,IBIT,iShares Bitcoin Trust,BTC-USD,2025-10-08,70.06,80000.0,0.25,27.283,-723.3,-2.8599,27.223,3284.12
149,IBIT,iShares Bitcoin Trust,BlackRock,IBIT,iShares Bitcoin Trust,BTC-USD,2025-10-09,68.74,80000.0,0.25,27.498,-645.2,-2.8104,27.44,3327.793
150,IBIT,iShares Bitcoin Trust,BlackRock,IBIT,iShares Bitcoin Trust,BTC-USD,2025-10-10,66.2,80000.0,0.25,28.007,-1234.5,-3.0919,27.949,3551.307
151,IBIT,iShares Bitcoin Trust,BlackRock,IBIT,iShares Bitcoin Trust,BTC-USD,2025-10-13,65.81,80000.0,0.25,28.003,-593.1,-2.7738,27.949,3623.09
152,IBIT,iShares Bitcoin Trust,BlackRock,IBIT,iShares Bitcoin Trust,BTC-USD,2025-10-14,63.91,80000.0,0.25,28.003,-341.3,-2.5344,27.949,3747.397
153,IBIT,iShares Bitcoin Trust,BlackRock,IBIT,iShares Bitcoin Trust,BTC-USD,2025-10-15,63.17,80000.0,0.25,34.405,-504.7,-2.7039,34.351,3789.3
154,IBIT,iShares Bitcoin Trust,BlackRock,IBIT,iShares Bitcoin Trust,BTC-USD,2025-10-16,61.43,80000.0,0.25,28.276,-355.4,-2.5519,28.222,3905.115
155,IBIT,iShares Bitcoin Trust,BlackRock,IBIT,iShares Bitcoin Trust,BTC-USD,2025-10-17,60.47,80000.0,0.25,28.273,-391.2,-2.5935,28.222,4053.634
156,IBIT,iShares Bitcoin Trust,BlackRock,IBIT,iShares Bitcoin Trust,BTC-USD,2025-10-20,62.93,80000.0,0.25,28.273,-489.9,-2.691,28.222,4106.081
157,IBIT,iShares Bitcoin Trust,BlackRock,IBIT,iShares Bitcoin Trust,BTC-USD,2025-10-21,63.49,80000.0,0.25,31.357,-1288.4,-3.1104,31.308,4225.2
158,IBIT,iShares Bitcoin Trust,BlackRock,IBIT,iShares Bitcoin Trust,BTC-USD,2025-10-22,61.21,80000.0,0.25,26.914,-310.7,-2.4937,26.863,4315.159
159,IBIT,iShares Bitcoin Trust,BlackRock,IBIT,iShares Bitcoin Trust,BTC-USD,2025-10-23,62.56,80000.0,0.25,26.914,-386.3,-2.588,26.863,4344.034
160,IBIT,iShares Bitcoin Trust,BlackRock,IBIT,iShares Bitcoin Trust,BTC-USD,2025-10-24,62.83,80000.0,0.25,31.574,-93.0,-1.9733,31.525,4274.936
161,IBIT,iShares Bitcoin Trust,BlackRock,IBIT,iShares Bitcoin Trust,BTC-USD,2025-10-27,65.28,80000.0,0.25,27.05,-562.6,-2.751,26.999,4284.169
162,IBIT,iShares Bitcoin Trust,BlackRock,IBIT,iShares Bitcoin Trust,BTC-USD,2025-10-28,64.49,80000.0,0.25,30.122,-242.4,-2.3863,30.073,4272.275
163,IBIT,iShares Bitcoin Trust,BlackRock,IBIT,iShares Bitcoin Trust,BTC-USD,2025-10-29,62.75,80000.0,0.25,25.539,-410.4,-2.6143,25.488,4384.264
164,IBIT,iShares Bitcoin Trust,BlackRock,IBIT,iShares Bitcoin Trust,BTC-USD,2025-10-30,60.4,80000.0,0.25,25.539,152.2,2.1851,25.488,4365.589
165,IBIT,iShares Bitcoin Trust,BlackRock,IBIT,iShares Bitcoin Trust,BTC-USD,2025-10-31,62.3,80000.0,0.25,25.539,-250.1,-2.3998,25.488,4302.053
166,IBIT,iShares Bitcoin Trust,BlackRock,IBIT,iShares Bitcoin Trust,BTC-USD,2025-11-03,60.53,80000.0,0.25,25.542,-339.6,-2.5323,25.488,4174.692
167,IBIT,iShares Bitcoin Trust,BlackRock,IBIT,iShares Bitcoin Trust,BTC-USD,2025-11-04,57.18,80000.0,0.25,25.543,-353.2,-2.5492,25.488,4227.975
168,IBIT,iShares Bitcoin Trust,BlackRock,IBIT,iShares Bitcoin Trust,BTC-USD,2025-11-05,58.92,80000.0,0.25,31.804,-314.8,-2.4995,31.747,4103.55
169,IBIT,iShares Bitcoin Trust,BlackRock,IBIT,iShares Bitcoin Trust,BTC-USD,2025-11-06,57.26,80000.0,0.25,25.161,-300.3,-2.479,25.1,4072.206
170,IBIT,iShares Bitcoin Trust,BlackRock,IBIT,iShares Bitcoin Trust,BTC-USD,2025-11-07,58.88,80000.0,0.25,33.109,-71.6,-1.861,33.035,4069.199
171,IBIT,iShares Bitcoin Trust,BlackRock,IBIT,iShares Bitcoin Trust,BTC-USD,2025-11-10,60.19,80000.0,0.25,31.709,-280.1,-2.4488,31.635,3884.64
172,IBIT,iShares Bitcoin Trust,BlackRock,IBIT,iShares Bitcoin Trust,BTC-USD,2025-11-11,58.35,80000.0,0.25,31.717,151.4,2.1829,31.635,3753.844
173,IBIT,iShares Bitcoin Trust,BlackRock,IBIT,iShares Bitcoin Trust,BTC-USD,2025-11-12,57.59,80000.0,0.25,36.89,-19.4,-1.3091,36.808,3637.67
174,IBIT,iShares Bitcoin Trust,BlackRock,IBIT,iShares Bitcoin Trust,BTC-USD,2025-11-13,55.59,80000.0,0.25,30.488,255.7,2.4094,30.405,3695.774
175,IBIT,iShares Bitcoin Trust,BlackRock,IBIT,iShares Bitcoin Trust,BTC-USD,2025-11-14,53.475,80000.0,0.25,30.488,237.1,2.3768,30.405,3675.109
176,IBIT,iShares Bitcoin Trust,BlackRock,IBIT,iShares Bitcoin Trust,BTC-USD,2025-11-17,52.1,80000.0,0.25,30.488,200.3,2.3038,30.405,3632.636
177,IBIT,iShares Bitcoin Trust,BlackRock,IBIT,iShares Bitcoin Trust,BTC-USD,2025-11-18,52.66,80000.0,0.25,38.348,256.4,2.4106,38.266,3667.147
178,IBIT,iShares Bitcoin Trust,BlackRock,IBIT,iShares Bitcoin Trust,BTC-USD,2025-11-19,50.73,80000.0,0.25,35.261,501.7,2.7013,35.18,3648.076
179,IBIT,iShares Bitcoin Trust,BlackRock,IBIT,iShares Bitcoin Trust,BTC-USD,2025-11-20,48.96,80000.0,0.25,40.409,336.9,2.5288,40.331,3722.41
180,IBIT,iShares Bitcoin Trust,BlackRock,IBIT,iShares Bitcoin Trust,BTC-USD,2025-11-21,47.97,80000.0,0.25,40.408,681.8,2.8343,40.331,3982.756
181,IBIT,iShares Bitcoin Trust,BlackRock,IBIT,iShares Bitcoin Trust,BTC-USD,2025-11-24,50.57,80000.0,0.25,35.747,260.1,2.4168,35.67,4062.428
182,IBIT,iShares Bitcoin Trust,BlackRock,IBIT,iShares Bitcoin Trust,BTC-USD,2025-11-25,49.56,80000.0,0.25,42.1,104.8,2.0243,42.023,4062.707
183,IBIT,iShares Bitcoin Trust,BlackRock,IBIT,iShares Bitcoin Trust,BTC-USD,2025-11-26,51.03,80000.0,0.25,39.027,300.4,2.4792,38.949,4078.112
184,IBIT,iShares Bitcoin Trust,BlackRock,IBIT,iShares Bitcoin Trust,BTC-USD,2025-11-28,51.55,80000.0,0.25,39.027,285.4,2.457,38.949,3964.39
185,IBIT,iShares Bitcoin Trust,BlackRock,IBIT,iShares Bitcoin Trust,BTC-USD,2025-12-01,48.5,80000.0,0.25,39.027,152.0,2.1847,38.949,4005.508
186,IBIT,iShares Bitcoin Trust,BlackRock,IBIT,iShares Bitcoin Trust,BTC-USD,2025-12-02,51.67,80000.0,0.25,39.027,418.4,2.6226,38.949,4044.201
187,IBIT,iShares Bitcoin Trust,BlackRock,IBIT,iShares Bitcoin Trust,BTC-USD,2025-12-03,52.74,80000.0,0.25,39.026,332.9,2.5236,38.949,4038.367
188,IBIT,iShares Bitcoin Trust,BlackRock,IBIT,iShares Bitcoin Trust,BTC-USD,2025-12-04,52.51,80000.0,0.25,42.109,62.8,1.8047,42.035,3853.05
189,IBIT,iShares Bitcoin Trust,BlackRock,IBIT,iShares Bitcoin Trust,BTC-USD,2025-12-05,50.69,80000.0,0.25,35.85,167.7,2.2271,35.776,3842.747
190,IBIT,iShares Bitcoin Trust,BlackRock,IBIT,iShares Bitcoin Trust,BTC-USD,2025-12-08,51.52,80000.0,0.25,41.094,-4.6,-0.7472,41.021,3798.91
191,IBIT,iShares Bitcoin Trust,BlackRock,IBIT,iShares Bitcoin Trust,BTC-USD,2025-12-09,52.85,80000.0,0.25,33.946,98.0,1.9957,33.873,3760.1
192,IBIT,iShares Bitcoin Trust,BlackRock,IBIT,iShares Bitcoin Trust,BTC-USD,2025-12-10,52.49,80000.0,0.25,44.691,189.0,2.2787,44.617,3754.335
193,IBIT,iShares Bitcoin Trust,BlackRock,IBIT,iShares Bitcoin Trust,BTC-USD,2025-12-11,52.1,80000.0,0.25,44.685,498.8,2.6988,44.617,3784.853
194,IBIT,iShares Bitcoin Trust,BlackRock,IBIT,iShares Bitcoin Trust,BTC-USD,2025-12-12,51.2,80000.0,0.25,48.503,26.0,1.4314,48.431,3786.074
195,IBIT,iShares Bitcoin Trust,BlackRock,IBIT,iShares Bitcoin Trust,BTC-USD,2025-12-15,48.66,80000.0,0.25,48.503,756.4,2.8793,48.431,3748.316
196,IBIT,iShares Bitcoin Trust,BlackRock,IBIT,iShares Bitcoin Trust,BTC-USD,2025-12-16,49.71,80000.0,0.25,51.107,249.4,2.3986,51.035,3641.135
197,IBIT,iShares Bitcoin Trust,BlackRock,IBIT,iShares Bitcoin Trust,BTC-USD,2025-12-17,48.71,80000.0,0.25,53.559,48.0,1.6901,53.488,3596.046
198,IBIT,iShares Bitcoin Trust,BlackRock,IBIT,iShares Bitcoin Trust,BTC-USD,2025-12-18,47.96,80000.0,0.25,60.818,356.1,2.5528,60.746,3569.769
199,IBIT,iShares Bitcoin Trust,BlackRock,IBIT,iShares Bitcoin Trust,BTC-USD,2025-12-19,49.91,80000.0,0.25,68.68,-201.1,-2.3056,68.608,3490.003
200,IBIT,iShares Bitcoin Trust,BlackRock,IBIT,iShares Bitcoin Trust,BTC-USD,2025-12-22,50.09,80000.0,0.25,64.055,208.2,2.3206,63.983,3323.798
201,IBIT,iShares Bitcoin Trust,BlackRock,IBIT,iShares Bitcoin Trust,BTC-USD,2025-12-23,49.65,80000.0,0.25,64.055,341.8,2.535,63.983,3043.006
202,IBIT,iShares Bitcoin Trust,BlackRock,IBIT,iShares Bitcoin Trust,BTC-USD,2025-12-24,49.46,80000.0,0.25,67.091,480.5,2.6826,67.023,2897.317
203,IBIT,iShares Bitcoin Trust,BlackRock,IBIT,iShares Bitcoin Trust,BTC-USD,2025-12-26,49.61,80000.0,0.25,62.389,191.7,2.2848,62.321,2834.35
204,IBIT,iShares Bitcoin Trust,BlackRock,IBIT,iShares Bitcoin Trust,BTC-USD,2025-12-29,49.38,80000.0,0.25,65.986,400.8,2.604,65.933,2748.617
205,IBIT,iShares Bitcoin Trust,BlackRock,IBIT,iShares Bitcoin Trust,BTC-USD,2025-12-30,49.83,80000.0,0.25,65.986,293.9,2.4697,65.933,2736.997
206,IBIT,iShares Bitcoin Trust,BlackRock,IBIT,iShares Bitcoin Trust,BTC-USD,2025-12-31,49.65,80000.0,0.25,67.579,481.0,2.683,67.534,2610.908
207,IBIT,iShares Bitcoin Trust,BlackRock,IBIT,iShares Bitcoin Trust,BTC-USD,2026-01-02,50.94,80000.0,0.25,67.579,310.0,2.4928,67.534,2591.911
208,IBIT,iShares Bitcoin Trust,BlackRock,IBIT,iShares Bitcoin Trust,BTC-USD,2026-01-05,53.46,80000.0,0.25,67.579,148.3,2.1741,67.534,2643.246
209,IBIT,iShares Bitcoin Trust,BlackRock,IBIT,iShares Bitcoin Trust,BTC-USD,2026-01-06,52.45,80000.0,0.25,69.441,531.1,2.726,69.388,2678.935
210,IBIT,iShares Bitcoin Trust,BlackRock,IBIT,iShares Bitcoin Trust,BTC-USD,2026-01-07,51.54,80000.0,0.25,69.441,529.4,2.7246,69.388,2653.669
211,IBIT,iShares Bitcoin Trust,BlackRock,IBIT,iShares Bitcoin Trust,BTC-USD,2026-01-08,51.52,80000.0,0.25,64.188,102.0,2.0129,64.143,2652.848
212,IBIT,iShares Bitcoin Trust,BlackRock,IBIT,iShares Bitcoin Trust,BTC-USD,2026-01-09,51.16,80000.0,0.25,67.596,734.0,2.8663,67.554,2608.84
213,IBIT,iShares Bitcoin Trust,BlackRock,IBIT,iShares Bitcoin Trust,BTC-USD,2026-01-12,51.87,80000.0,0.25,64.618,586.1,2.7687,64.573,2568.925
214,IBIT,iShares Bitcoin Trust,BlackRock,IBIT,iShares Bitcoin Trust,BTC-USD,2026-01-13,53.57,80000.0,0.25,64.626,545.4,2.7375,64.573,2611.542
215,IBIT,iShares Bitcoin Trust,BlackRock,IBIT,iShares Bitcoin Trust,BTC-USD,2026-01-14,55.44,80000.0,0.25,55.639,573.5,2.7593,55.586,2722.836
216,IBIT,iShares Bitcoin Trust,BlackRock,IBIT,iShares Bitcoin Trust,BTC-USD,2026-01-15,54.0,80000.0,0.25,60.252,670.0,2.8268,60.199,2683.294
217,IBIT,iShares Bitcoin Trust,BlackRock,IBIT,iShares Bitcoin Trust,BTC-USD,2026-01-16,54.24,80000.0,0.25,57.64,471.0,2.6739,57.595,2662.375
218,IBIT,iShares Bitcoin Trust,BlackRock,IBIT,iShares Bitcoin Trust,BTC-USD,2026-01-20,50.76,80000.0,0.25,55.187,155.9,2.1956,55.142,2663.968
219,IBIT,iShares Bitcoin Trust,BlackRock,IBIT,iShares Bitcoin Trust,BTC-USD,2026-01-21,51.11,80000.0,0.25,40.064,341.8,2.535,40.023,2671.275
220,IBIT,iShares Bitcoin Trust,BlackRock,IBIT,iShares Bitcoin Trust,BTC-USD,2026-01-22,50.67,80000.0,0.25,36.328,554.4,2.7446,36.288,2640.638
221,IBIT,iShares Bitcoin Trust,BlackRock,IBIT,iShares Bitcoin Trust,BTC-USD,2026-01-23,50.7,80000.0,0.25,40.381,717.1,2.8562,40.341,2637.28
222,IBIT,iShares Bitcoin Trust,BlackRock,IBIT,iShares Bitcoin Trust,BTC-USD,2026-01-26,49.65,80000.0,0.25,40.382,569.9,2.7566,40.341,2637.79
223,IBIT,iShares Bitcoin Trust,BlackRock,IBIT,iShares Bitcoin Trust,BTC-USD,2026-01-27,50.63,80000.0,0.25,43.639,552.0,2.7427,43.573,2709.172
224,IBIT,iShares Bitcoin Trust,BlackRock,IBIT,iShares Bitcoin Trust,BTC-USD,2026-01-28,50.51,80000.0,0.25,41.987,501.9,2.7015,41.921,2721.875
225,IBIT,iShares Bitcoin Trust,BlackRock,IBIT,iShares Bitcoin Trust,BTC-USD,2026-01-29,47.6,80000.0,0.25,38.376,516.3,2.7137,38.31,2904.269
226,IBIT,iShares Bitcoin Trust,BlackRock,IBIT,iShares Bitcoin Trust,BTC-USD,2026-01-30,47.49,80000.0,0.25,38.376,737.1,2.8681,38.31,2963.299
227,IBIT,iShares Bitcoin Trust,BlackRock,IBIT,iShares Bitcoin Trust,BTC-USD,2026-02-02,44.22,80000.0,0.25,36.781,529.7,2.7248,36.709,3107.622
228,IBIT,iShares Bitcoin Trust,BlackRock,IBIT,iShares Bitcoin Trust,BTC-USD,2026-02-03,43.3,80000.0,0.25,36.775,201.7,2.3069,36.709,3207.034
229,IBIT,iShares Bitcoin Trust,BlackRock,IBIT,iShares Bitcoin Trust,BTC-USD,2026-02-04,41.57,80000.0,0.25,40.512,255.5,2.4091,40.446,3231.76
230,IBIT,iShares Bitcoin Trust,BlackRock,IBIT,iShares Bitcoin Trust,BTC-USD,2026-02-05,36.1,80000.0,0.25,35.579,279.6,2.448,35.507,3583.47
231,IBIT,iShares Bitcoin Trust,BlackRock,IBIT,iShares Bitcoin Trust,BTC-USD,2026-02-06,39.68,80000.0,0.25,41.375,639.0,2.8062,41.303,3783.299
232,IBIT,iShares Bitcoin Trust,BlackRock,IBIT,iShares Bitcoin Trust,BTC-USD,2026-02-09,40.11,80000.0,0.25,53.713,215.6,2.3357,53.641,3826.402
233,IBIT,iShares Bitcoin Trust,BlackRock,IBIT,iShares Bitcoin Trust,BTC-USD,2026-02-10,38.97,80000.0,0.25,52.208,584.2,2.7673,52.133,3843.85
234,IBIT,iShares Bitcoin Trust,BlackRock,IBIT,iShares Bitcoin Trust,BTC-USD,2026-02-11,38.29,80000.0,0.25,44.445,322.5,2.5099,44.371,3872.895
235,IBIT,iShares Bitcoin Trust,BlackRock,IBIT,iShares Bitcoin Trust,BTC-USD,2026-02-12,37.05,80000.0,0.25,59.523,858.1,2.934,59.448,3815.595
236,IBIT,iShares Bitcoin Trust,BlackRock,IBIT,iShares Bitcoin Trust,BTC-USD,2026-02-13,38.97,80000.0,0.25,59.537,500.6,2.7003,59.448,3710.49
237,IBIT,iShares Bitcoin Trust,BlackRock,IBIT,iShares Bitcoin Trust,BTC-USD,2026-02-17,38.39,80000.0,0.25,58.693,386.6,2.5883,58.619,3680.91
238,IBIT,iShares Bitcoin Trust,BlackRock,IBIT,iShares Bitcoin Trust,BTC-USD,2026-02-18,37.54,80000.0,0.25,67.283,588.4,2.7704,67.194,3658.636
239,IBIT,iShares Bitcoin Trust,BlackRock,IBIT,iShares Bitcoin Trust,BTC-USD,2026-02-19,38.07,80000.0,0.25,72.092,422.4,2.6267,72.01,3554.602
240,IBIT,iShares Bitcoin Trust,BlackRock,IBIT,iShares Bitcoin Trust,BTC-USD,2026-02-20,38.42,80000.0,0.25,72.092,523.8,2.72,72.01,3497.724
241,IBIT,iShares Bitcoin Trust,BlackRock,IBIT,iShares Bitcoin Trust,BTC-USD,2026-02-23,36.55,80000.0,0.25,67.971,476.1,2.6786,67.883,3487.048
242,IBIT,iShares Bitcoin Trust,BlackRock,IBIT,iShares Bitcoin Trust,BTC-USD,2026-02-24,36.53,80000.0,0.25,63.391,400.9,2.6041,63.303,3452.968
243,IBIT,iShares Bitcoin Trust,BlackRock,IBIT,iShares Bitcoin Trust,BTC-USD,2026-02-25,39.23,80000.0,0.25,63.391,158.5,2.2028,63.303,3498.303
244,IBIT,iShares Bitcoin Trust,BlackRock,IBIT,iShares Bitcoin Trust,BTC-USD,2026-02-26,38.26,80000.0,0.25,64.657,307.4,2.4892,64.548,3467.95
245,IBIT,iShares Bitcoin Trust,BlackRock,IBIT,iShares Bitcoin Trust,BTC-USD,2026-02-27,37.19,80000.0,0.25,64.667,692.5,2.841,64.548,3450.754
246,IBIT,iShares Bitcoin Trust,BlackRock,IBIT,iShares Bitcoin Trust,BTC-USD,2026-03-02,39.195,80000.0,0.25,64.668,225.9,2.3558,64.548,3381.518
247,IBIT,iShares Bitcoin Trust,BlackRock,IBIT,iShares Bitcoin Trust,BTC-USD,2026-03-03,38.7,80000.0,0.25,78.89,351.2,2.5468,78.77,3348.143
248,IBIT,iShares Bitcoin Trust,BlackRock,IBIT,iShares Bitcoin Trust,BTC-USD,2026-03-04,41.44,80000.0,0.25,78.89,220.0,2.3444,78.77,3351.712
249,IBIT,iShares Bitcoin Trust,BlackRock,IBIT,iShares Bitcoin Trust,BTC-USD,2026-03-05,40.39,80000.0,0.25,80.182,395.6,2.5984,80.061,3210.377
250,IBIT,iShares Bitcoin Trust,BlackRock,IBIT,iShares Bitcoin Trust,BTC-USD,2026-03-06,38.6,80000.0,0.25,76.45,269.4,2.4321,76.324,3095.959
251,IBIT,iShares Bitcoin Trust,BlackRock,IBIT,iShares Bitcoin Trust,BTC-USD,2026-03-09,39.13,80000.0,0.25,77.651,425.0,2.6294,77.531,2744.277
252,IBIT,iShares Bitcoin Trust,BlackRock,IBIT,iShares Bitcoin Trust,BTC-USD,2026-03-10,39.71,80000.0,0.25,71.854,401.2,2.6044,71.734,2554.624
253,IBIT,iShares Bitcoin Trust,BlackRock,IBIT,iShares Bitcoin Trust,BTC-USD,2026-03-11,40.07,80000.0,0.25,67.738,239.5,2.3812,67.619,2495.275
254,IBIT,iShares Bitcoin Trust,BlackRock,IBIT,iShares Bitcoin Trust,BTC-USD,2026-03-12,39.95,80000.0,0.25,66.638,374.4,2.5745,66.535,2461.904
255,IBIT,iShares Bitcoin Trust,BlackRock,IBIT,iShares Bitcoin Trust,BTC-USD,2026-03-13,40.37,80000.0,0.25,66.638,191.2,2.2837,66.535,2492.007
256,IBIT,iShares Bitcoin Trust,BlackRock,IBIT,iShares Bitcoin Trust,BTC-USD,2026-03-16,41.94,80000.0,0.25,51.561,763.2,2.8832,51.457,2503.656
257,IBIT,iShares Bitcoin Trust,BlackRock,IBIT,iShares Bitcoin Trust,BTC-USD,2026-03-17,42.27,80000.0,0.25,55.573,205.9,2.3157,55.491,2465.058
258,IBIT,iShares Bitcoin Trust,BlackRock,IBIT,iShares Bitcoin Trust,BTC-USD,2026-03-18,40.26,80000.0,0.25,51.811,509.2,2.7078,51.708,2487.482
259,IBIT,iShares Bitcoin Trust,BlackRock,IBIT,iShares Bitcoin Trust,BTC-USD,2026-03-19,39.82,80000.0,0.25,43.215,219.9,2.3441,43.132,2509.393
260,IBIT,iShares Bitcoin Trust,BlackRock,IBIT,iShares Bitcoin Trust,BTC-USD,2026-03-20,39.77,80000.0,0.25,44.221,625.1,2.7966,44.162,2523.876
261,IBIT,iShares Bitcoin Trust,BlackRock,IBIT,iShares Bitcoin Trust,BTC-USD,2026-03-23,40.05,80000.0,0.25,44.221,414.6,2.6187,44.162,2503.541
262,IBIT,iShares Bitcoin Trust,BlackRock,IBIT,iShares Bitcoin Trust,BTC-USD,2026-03-24,39.28,80000.0,0.25,44.221,665.0,2.8235,44.162,2497.709
263,IBIT,iShares Bitcoin Trust,BlackRock,IBIT,iShares Bitcoin Trust,BTC-USD,2026-03-25,40.17,80000.0,0.25,44.253,481.8,2.6837,44.162,2495.773
264,IBIT,iShares Bitcoin Trust,BlackRock,IBIT,iShares Bitcoin Trust,BTC-USD,2026-03-26,38.82,80000.0,0.25,44.253,567.7,2.7549,44.162,2427.161
265,IBIT,iShares Bitcoin Trust,BlackRock,IBIT,iShares Bitcoin Trust,BTC-USD,2026-03-27,37.4,80000.0,0.25,36.735,631.5,2.8011,36.645,2451.719
266,IBIT,iShares Bitcoin Trust,BlackRock,IBIT,iShares Bitcoin Trust,BTC-USD,2026-03-30,37.68,80000.0,0.25,36.703,417.3,2.6215,36.645,2439.854
267,IBIT,iShares Bitcoin Trust,BlackRock,IBIT,iShares Bitcoin Trust,BTC-USD,2026-03-31,38.42,80000.0,0.25,44.787,612.0,2.7875,44.728,2345.184
268,IBIT,iShares Bitcoin Trust,BlackRock,IBIT,iShares Bitcoin Trust,BTC-USD,2026-04-01,38.64,80000.0,0.25,30.565,522.0,2.7185,30.506,2278.059
269,IBIT,iShares Bitcoin Trust,BlackRock,IBIT,iShares Bitcoin Trust,BTC-USD,2026-04-02,37.97,80000.0,0.25,30.565,316.9,2.5023,30.506,2112.125
270,IBIT,iShares Bitcoin Trust,BlackRock,IBIT,iShares Bitcoin Trust,BTC-USD,2026-04-06,39.52,80000.0,0.25,29.273,351.1,2.5466,29.215,2070.111
271,IBIT,iShares Bitcoin Trust,BlackRock,IBIT,iShares Bitcoin Trust,BTC-USD,2026-04-07,39.1,80000.0,0.25,29.273,1419.9,3.1526,29.215,2021.726
272,IBIT,iShares Bitcoin Trust,BlackRock,IBIT,iShares Bitcoin Trust,BTC-USD,2026-04-08,40.42,80000.0,0.25,28.097,569.2,2.7561,28.008,2001.167
273,IBIT,iShares Bitcoin Trust,BlackRock,IBIT,iShares Bitcoin Trust,BTC-USD,2026-04-09,40.91,80000.0,0.25,40.473,410.5,2.6144,40.384,1946.449
274,IBIT,iShares Bitcoin Trust,BlackRock,IBIT,iShares Bitcoin Trust,BTC-USD,2026-04-10,41.56,80000.0,0.25,32.253,370.1,2.5695,32.162,1926.591
275,IBIT,iShares Bitcoin Trust,BlackRock,IBIT,iShares Bitcoin Trust,BTC-USD,2026-04-13,41.59,80000.0,0.25,36.189,614.1,2.789,36.098,1930.963
276,IBIT,iShares Bitcoin Trust,BlackRock,IBIT,iShares Bitcoin Trust,BTC-USD,2026-04-14,42.13,80000.0,0.25,36.189,821.1,2.9149,36.098,1908.618
277,IBIT,iShares Bitcoin Trust,BlackRock,IBIT,iShares Bitcoin Trust,BTC-USD,2026-04-15,42.56,80000.0,0.25,40.887,337.8,2.5299,40.797,1858.751
278,IBIT,iShares Bitcoin Trust,BlackRock,IBIT,iShares Bitcoin Trust,BTC-USD,2026-04-16,42.73,80000.0,0.25,45.945,91.7,1.967,45.856,1851.373
279,IBIT,iShares Bitcoin Trust,BlackRock,IBIT,iShares Bitcoin Trust,BTC-USD,2026-04-17,43.94,80000.0,0.25,45.945,148.2,2.1737,45.856,1896.757
280,IBIT,iShares Bitcoin Trust,BlackRock,IBIT,iShares Bitcoin Trust,BTC-USD,2026-04-20,43.25,80000.0,0.25,45.945,21.1,1.3439,45.856,1863.194
281,IBIT,iShares Bitcoin Trust,BlackRock,IBIT,iShares Bitcoin Trust,BTC-USD,2026-04-21,42.51,80000.0,0.25,50.179,451.5,2.6556,50.089,1830.427
282,IBIT,iShares Bitcoin Trust,BlackRock,IBIT,iShares Bitcoin Trust,BTC-USD,2026-04-22,44.75,80000.0,0.25,50.185,-7.5,-0.9279,50.089,1846.525
283,IBIT,iShares Bitcoin Trust,BlackRock,IBIT,iShares Bitcoin Trust,BTC-USD,2026-04-23,44.05,80000.0,0.25,50.185,838.3,2.9239,50.089,1828.82
284,IBIT,iShares Bitcoin Trust,BlackRock,IBIT,iShares Bitcoin Trust,BTC-USD,2026-04-24,44.02,80000.0,0.25,54.017,54.4,1.7432,53.928,1808.914
285,IBIT,iShares Bitcoin Trust,BlackRock,IBIT,iShares Bitcoin Trust,BTC-USD,2026-04-27,43.56,80000.0,0.25,56.623,293.3,2.4687,56.533,1794.602
286,IBIT,iShares Bitcoin Trust,BlackRock,IBIT,iShares Bitcoin Trust,BTC-USD,2026-04-28,43.27,80000.0,0.25,56.622,113.4,2.0584,56.533,1724.4
287,IBIT,iShares Bitcoin Trust,BlackRock,IBIT,iShares Bitcoin Trust,BTC-USD,2026-04-29,42.75,80000.0,0.25,59.082,492.1,2.6929,58.993,1719.397
288,IBIT,iShares Bitcoin Trust,BlackRock,IBIT,iShares Bitcoin Trust,BTC-USD,2026-04-30,43.32,80000.0,0.25,52.492,295.3,2.4718,52.403,1672.403
289,IBIT,iShares Bitcoin Trust,BlackRock,IBIT,iShares Bitcoin Trust,BTC-USD,2026-05-01,44.47,80000.0,0.25,52.492,138.5,2.1445,52.403,1707.028
290,IBIT,iShares Bitcoin Trust,BlackRock,IBIT,iShares Bitcoin Trust,BTC-USD,2026-05-04,45.4,80000.0,0.25,52.492,-364.4,-2.5627,52.403,1781.079
291,IBIT,iShares Bitcoin Trust,BlackRock,IBIT,iShares Bitcoin Trust,BTC-USD,2026-05-05,46.28,80000.0,0.25,52.492,-73.0,-1.8691,52.403,1801.956
292,IBIT,iShares Bitcoin Trust,BlackRock,IBIT,iShares Bitcoin Trust,BTC-USD,2026-05-06,46.19,80000.0,0.25,54.478,19.1,1.3034,54.395,1824.46
293,IBIT,iShares Bitcoin Trust,BlackRock,IBIT,iShares Bitcoin Trust,BTC-USD,2026-05-07,45.4,80000.0,0.25,54.478,-230.1,-2.3637,54.395,1776.749
294,IBIT,iShares Bitcoin Trust,BlackRock,IBIT,iShares Bitcoin Trust,BTC-USD,2026-05-08,45.45,80000.0,0.25,46.19,-29.5,-1.4848,46.111,1765.623
295,IBIT,iShares Bitcoin Trust,BlackRock,IBIT,iShares Bitcoin Trust,BTC-USD,2026-05-11,46.47,80000.0,0.25,46.19,-203.2,-2.31,46.111,1765.569
296,IBIT,iShares Bitcoin Trust,BlackRock,IBIT,iShares Bitcoin Trust,BTC-USD,2026-05-12,45.8,80000.0,0.25,40.434,-29.7,-1.487,40.35,1740.206
297,IBIT,iShares Bitcoin Trust,BlackRock,IBIT,iShares Bitcoin Trust,BTC-USD,2026-05-13,45.12,80000.0,0.25,40.44,-49.1,-1.6997,40.35,1672.459
298,IBIT,iShares Bitcoin Trust,BlackRock,IBIT,iShares Bitcoin Trust,BTC-USD,2026-05-14,46.17,80000.0,0.25,35.746,-166.6,-2.2243,35.652,1698.599
299,IBIT,iShares Bitcoin Trust,BlackRock,IBIT,iShares Bitcoin Trust,BTC-USD,2026-05-15,44.82,80000.0,0.25,26.656,-63.8,-1.8117,26.56,1707.91
300,IBIT,iShares Bitcoin Trust,BlackRock,IBIT,iShares Bitcoin Trust,BTC-USD,2026-05-18,43.53,80000.0,0.25,26.662,-335.5,-2.527,26.56,1655.632
301,IBIT,iShares Bitcoin Trust,BlackRock,IBIT,iShares Bitcoin Trust,BTC-USD,2026-05-19,43.5,80000.0,0.25,31.598,-129.5,-2.1156,31.496,1630.353
302,IBIT,iShares Bitcoin Trust,BlackRock,IBIT,iShares Bitcoin Trust,BTC-USD,2026-05-20,43.99,80000.0,0.25,21.52,-238.1,-2.3786,21.418,1613.552
303,IBIT,iShares Bitcoin Trust,BlackRock,IBIT,iShares Bitcoin Trust,BTC-USD,2026-05-21,44.0,80000.0,0.25,26.226,-182.4,-2.2635,26.132,1558.006
304,IBIT,iShares Bitcoin Trust,BlackRock,IBIT,iShares Bitcoin Trust,BTC-USD,2026-05-22,42.96,80000.0,0.25,26.234,-641.3,-2.8078,26.132,1535.253
305,IBIT,iShares Bitcoin Trust,BlackRock,IBIT,iShares Bitcoin Trust,BTC-USD,2026-05-26,42.99,80000.0,0.25,29.939,-275.5,-2.4417,29.837,1647.358
306,IBIT,iShares Bitcoin Trust,BlackRock,IBIT,iShares Bitcoin Trust,BTC-USD,2026-05-27,42.45,80000.0,0.25,27.333,-448.8,-2.653,27.231,1652.053
307,IBIT,iShares Bitcoin Trust,BlackRock,IBIT,iShares Bitcoin Trust,BTC-USD,2026-05-28,41.56,80000.0,0.25,27.342,131.9,2.1235,27.231,1687.389
308,IBIT,iShares Bitcoin Trust,BlackRock,IBIT,iShares Bitcoin Trust,BTC-USD,2026-05-29,41.63,80000.0,0.25,30.489,-141.1,-2.1525,30.378,1697.642
309,IBIT,iShares Bitcoin Trust,BlackRock,IBIT,iShares Bitcoin Trust,BTC-USD,2026-06-01,40.49,80000.0,0.25,28.997,-172.1,-2.2384,28.885,1755.425
310,IBIT,iShares Bitcoin Trust,BlackRock,IBIT,iShares Bitcoin Trust,BTC-USD,2026-06-02,38.05,80000.0,0.25,28.997,40.4,1.6173,28.885,1796.875
311,IBIT,iShares Bitcoin Trust,BlackRock,IBIT,iShares Bitcoin Trust,BTC-USD,2026-06-03,37.0,80000.0,0.25,29.001,-316.0,-2.5011,28.885,1754.471
312,IBIT,iShares Bitcoin Trust,BlackRock,IBIT,iShares Bitcoin Trust,BTC-USD,2026-06-04,36.02,80000.0,0.25,29.001,321.1,2.508,28.885,1783.503
313,IBIT,iShares Bitcoin Trust,BlackRock,IBIT,iShares Bitcoin Trust,BTC-USD,2026-06-05,34.14,80000.0,0.25,27.01,537.7,2.7313,26.893,1885.833
314,IBIT,iShares Bitcoin Trust,BlackRock,IBIT,iShares Bitcoin Trust,BTC-USD,2026-06-08,35.89,80000.0,0.25,27.01,369.3,2.5685,26.893,1915.024
315,IBIT,iShares Bitcoin Trust,BlackRock,IBIT,iShares Bitcoin Trust,BTC-USD,2026-06-09,35.14,80000.0,0.25,22.917,265.9,2.4263,22.801,1949.641
316,IBIT,iShares Bitcoin Trust,BlackRock,IBIT,iShares Bitcoin Trust,BTC-USD,2026-06-10,35.08,80000.0,0.25,25.717,294.6,2.4707,25.601,1943.181
317,IBIT,iShares Bitcoin Trust,BlackRock,IBIT,iShares Bitcoin Trust,BTC-USD,2026-06-11,36.05,80000.0,0.25,25.718,440.1,2.6445,25.601,1957.404
318,IBIT,iShares Bitcoin Trust,BlackRock,IBIT,iShares Bitcoin Trust,BTC-USD,2026-06-12,36.04,80000.0,0.25,26.257,446.3,2.6506,26.141,1950.269
319,IBIT,iShares Bitcoin Trust,BlackRock,IBIT,iShares Bitcoin Trust,BTC-USD,2026-06-15,37.74,80000.0,0.25,26.26,46.0,1.6723,26.141,1947.219
320,IBIT,iShares Bitcoin Trust,BlackRock,IBIT,iShares Bitcoin Trust,BTC-USD,2026-06-16,37.17,80000.0,0.25,26.26,286.4,2.4585,26.141,1909.514
321,IBIT,iShares Bitcoin Trust,BlackRock,IBIT,iShares Bitcoin Trust,BTC-USD,2026-06-17,36.36,80000.0,0.25,29.288,226.3,2.3567,29.169,1867.447
322,IBIT,iShares Bitcoin Trust,BlackRock,IBIT,iShares Bitcoin Trust,BTC-USD,2026-06-18,35.62,80000.0,0.25,24.353,304.4,2.4848,24.232,1896.135
323,IBIT,iShares Bitcoin Trust,BlackRock,IBIT,iShares Bitcoin Trust,BTC-USD,2026-06-22,36.5,80000.0,0.25,24.358,99.3,2.0015,24.232,1915.423
324,IBIT,iShares Bitcoin Trust,BlackRock,IBIT,iShares Bitcoin Trust,BTC-USD,2026-06-23,35.31,80000.0,0.25,19.659,230.8,2.3652,19.518,1918.555
325,IBIT,iShares Bitcoin Trust,BlackRock,IBIT,iShares Bitcoin Trust,BTC-USD,2026-06-24,33.87,80000.0,0.25,19.659,751.2,2.8763,19.518,1993.023
326,IBIT,iShares Bitcoin Trust,BlackRock,IBIT,iShares Bitcoin Trust,BTC-USD,2026-06-25,33.52,80000.0,0.25,19.227,551.2,2.7421,19.087,1939.609
327,IBIT,iShares Bitcoin Trust,BlackRock,IBIT,iShares Bitcoin Trust,BTC-USD,2026-06-26,33.85,80000.0,0.25,28.13,511.1,2.7094,27.989,1964.245
328,IBIT,iShares Bitcoin Trust,BlackRock,IBIT,iShares Bitcoin Trust,BTC-USD,2026-06-29,34.18,80000.0,0.25,39.789,234.0,2.3711,39.648,1958.387
329,IBIT,iShares Bitcoin Trust,BlackRock,IBIT,iShares Bitcoin Trust,BTC-USD,2026-06-30,33.29,80000.0,0.25,34.182,394.5,2.5971,34.041,1972.491
330,IBIT,iShares Bitcoin Trust,BlackRock,IBIT,iShares Bitcoin Trust,BTC-USD,2026-07-01,34.0,80000.0,0.25,34.182,365.1,2.5636,34.041,1955.499
331,IBIT,iShares Bitcoin Trust,BlackRock,IBIT,iShares Bitcoin Trust,BTC-USD,2026-07-02,34.87,80000.0,0.25,34.182,245.1,2.3911,34.041,1893.658
332,IBIT,iShares Bitcoin Trust,BlackRock,IBIT,iShares Bitcoin Trust,BTC-USD,2026-07-06,36.12,80000.0,0.25,36.199,488.1,2.6894,36.058,1889.455
333,IBIT,iShares Bitcoin Trust,BlackRock,IBIT,iShares Bitcoin Trust,BTC-USD,2026-07-07,36.15,80000.0,0.25,39.485,225.1,2.3544,39.345,1819.239
334,IBIT,iShares Bitcoin Trust,BlackRock,IBIT,iShares Bitcoin Trust,BTC-USD,2026-07-08,35.23,80000.0,0.25,39.487,523.5,2.7198,39.345,1694.163
335,IBIT,iShares Bitcoin Trust,BlackRock,IBIT,iShares Bitcoin Trust,BTC-USD,2026-07-09,35.81,80000.0,0.25,39.487,156.5,2.1974,39.345,1643.99
336,IBIT,iShares Bitcoin Trust,BlackRock,IBIT,iShares Bitcoin Trust,BTC-USD,2026-07-10,36.23,80000.0,0.25,39.487,420.9,2.6253,39.345,1609.152
337,IBIT,iShares Bitcoin Trust,BlackRock,IBIT,iShares Bitcoin Trust,BTC-USD,2026-07-13,35.22,80000.0,0.25,36.69,427.5,2.6319,36.544,1610.612
338,IBIT,iShares Bitcoin Trust,BlackRock,IBIT,iShares Bitcoin Trust,BTC-USD,2026-07-14,36.58,80000.0,0.25,36.69,521.8,2.7184,36.544,1618.403
339,IBIT,iShares Bitcoin Trust,BlackRock,IBIT,iShares Bitcoin Trust,BTC-USD,2026-07-15,36.81,80000.0,0.25,36.151,437.3,2.6417,36.005,1615.676
340,IBIT,iShares Bitcoin Trust,BlackRock,IBIT,iShares Bitcoin Trust,BTC-USD,2026-07-16,36.39,80000.0,0.25,36.149,99.9,2.0039,36.005,1558.474
341,IBIT,iShares Bitcoin Trust,BlackRock,IBIT,iShares Bitcoin Trust,BTC-USD,2026-07-17,36.35,80000.0,0.25,36.147,493.8,2.6944,36.005,1608.425
342,IBIT,iShares Bitcoin Trust,BlackRock,IBIT,iShares Bitcoin Trust,BTC-USD,2026-07-20,36.89,80000.0,0.25,33.111,384.1,2.5855,32.977,1593.005
343,IBIT,iShares Bitcoin Trust,BlackRock,IBIT,iShares Bitcoin Trust,BTC-USD,2026-07-21,37.67,80000.0,0.25,33.111,447.4,2.6517,32.977,1590.848
344,IBIT,iShares Bitcoin Trust,BlackRock,IBIT,iShares Bitcoin Trust,BTC-USD,2026-07-22,37.34,80000.0,0.25,33.103,792.5,2.8995,32.977,1567.317
345,IBIT,iShares Bitcoin Trust,BlackRock,IBIT,iShares Bitcoin Trust,BTC-USD,2026-07-23,36.65,80000.0,0.25,33.103,732.5,2.8654,32.977,1573.375
346,IBIT,iShares Bitcoin Trust,BlackRock,IBIT,iShares Bitcoin Trust,BTC-USD,2026-07-24,36.35,80000.0,0.25,33.097,409.8,2.6137,32.977,1494.562
347,IBIT,iShares Bitcoin Trust,BlackRock,IBIT,iShares Bitcoin Trust,BTC-USD,2026-07-27,36.77,80000.0,0.25,25.985,65.3,1.8214,25.865,1425.499
348,IBIT,iShares Bitcoin Trust,BlackRock,IBIT,iShares Bitcoin Trust,BTC-USD,2026-07-28,36.14,80000.0,0.25,17.088,322.7,2.5102,16.962,1379.951
349,IBIT,iShares Bitcoin Trust,BlackRock,IBIT,iShares Bitcoin Trust,BTC-USD,2026-07-29,36.0,80000.0,0.25,5.429,609.5,2.7857,5.304,1364.817
350,IBIT,iShares Bitcoin Trust,BlackRock,IBIT,iShares Bitcoin Trust,BTC-USD,2026-07-30,36.7,80000.0,0.25,5.429,411.7,2.6157,5.304,1334.928
351,IBIT,iShares Bitcoin Trust,BlackRock,IBIT,iShares Bitcoin Trust,BTC-USD,2026-07-31,35.64,80000.0,0.25,5.444,298.6,2.4766,5.304,1341.325
352,IBIT,iShares Bitcoin Trust,BlackRock,IBIT,iShares Bitcoin Trust,BTC-USD,2026-08-03,36.16,80000.0,0.25,13.102,271.8,2.4359,12.976,1336.022
353,IBIT,iShares Bitcoin Trust,BlackRock,IBIT,iShares Bitcoin Trust,BTC-USD,2026-08-04,36.39,80000.0,0.25,11.079,259.9,2.4165,10.959,1305.341
354,IBIT,iShares Bitcoin Trust,BlackRock,IBIT,iShares Bitcoin Trust,BTC-USD,2026-08-05,36.74,80000.0,0.25,7.987,604.2,2.7819,7.867,1307.183
355,IBIT,iShares Bitcoin Trust,BlackRock,IBIT,iShares Bitcoin Trust,BTC-USD,2026-08-06,36.49,80000.0,0.25,13.106,523.2,2.7195,12.995,1301.147
356,IBIT,iShares Bitcoin Trust,BlackRock,IBIT,iShares Bitcoin Trust,BTC-USD,2026-08-07,36.8,80000.0,0.25,13.1,681.0,2.8338,12.995,1314.72
357,IBIT,iShares Bitcoin Trust,BlackRock,IBIT,iShares Bitcoin Trust,BTC-USD,2026-08-10,36.23,80000.0,0.25,13.103,363.1,2.5613,12.995,1330.805
358,IBIT,iShares Bitcoin Trust,BlackRock,IBIT,iShares Bitcoin Trust,BTC-USD,2026-08-11,35.94,80000.0,0.25,13.096,743.6,2.8719,12.995,1320.345
359,IBIT,iShares Bitcoin Trust,BlackRock,IBIT,iShares Bitcoin Trust,BTC-USD,2026-08-12,35.89,80000.0,0.25,18.073,507.9,2.7067,17.978,1281.802
360,IBIT,iShares Bitcoin Trust,BlackRock,IBIT,iShares Bitcoin Trust,BTC-USD,2026-08-13,35.88,80000.0,0.25,21.156,659.0,2.8195,21.06,1265.191
361,IBIT,iShares Bitcoin Trust,BlackRock,IBIT,iShares Bitcoin Trust,BTC-USD,2026-08-14,35.63,80000.0,0.25,21.143,225.7,2.3554,21.06,1267.131
362,IBIT,iShares Bitcoin Trust,BlackRock,IBIT,iShares Bitcoin Trust,BTC-USD,2026-08-17,36.42,80000.0,0.25,21.156,527.0,2.7227,21.06,1244.224
363,IBIT,iShares Bitcoin Trust,BlackRock,IBIT,iShares Bitcoin Trust,BTC-USD,2026-08-18,36.6,80000.0,0.25,21.143,562.9,2.7512,21.06,1235.816
364,IBIT,iShares Bitcoin Trust,BlackRock,IBIT,iShares Bitcoin Trust,BTC-USD,2026-08-19,38.78,80000.0,0.25,21.143,588.8,2.7707,21.06,1416.709
365,IBIT,iShares Bitcoin Trust,BlackRock,IBIT,iShares Bitcoin Trust,BTC-USD,2026-08-20,41.2,80000.0,0.25,21.143,546.8,2.7386,21.06,1587.39
366,IBIT,iShares Bitcoin Trust,BlackRock,IBIT,iShares Bitcoin Trust,BTC-USD,2026-08-21,43.68,80000.0,0.25,21.143,621.4,2.7941,21.06,1771.715
367,IBIT,iShares Bitcoin Trust,BlackRock,IBIT,iShares Bitcoin Trust,BTC-USD,2026-08-24,44.64,80000.0,0.25,21.143,315.8,2.5008,21.06,1919.2
368,IBIT,iShares Bitcoin Trust,BlackRock,IBIT,iShares Bitcoin Trust,BTC-USD,2026-08-25,44.72,80000.0,0.25,28.241,329.3,2.5189,28.162,2005.54
369,IBIT,iShares Bitcoin Trust,BlackRock,IBIT,iShares Bitcoin Trust,BTC-USD,2026-08-26,44.46,80000.0,0.25,28.234,851.6,2.9307,28.162,2046.096
370,IBIT,iShares Bitcoin Trust,BlackRock,IBIT,iShares Bitcoin Trust,BTC-USD,2026-08-27,45.29,80000.0,0.25,28.234,359.5,2.5569,28.162,2112.786
371,FBTC,Fidelity Wise Origin Bitcoin,Fidelity,FBTC,Fidelity Wise Origin Bitcoin,BTC-USD,2025-03-07,75.95,20000.0,0.25,90.79,-396.5,-2.5993,90.243,374.369
372,FBTC,Fidelity Wise Origin Bitcoin,Fidelity,FBTC,Fidelity Wise Origin Bitcoin,BTC-USD,2025-03-10,68.98,20000.0,0.25,82.191,-471.9,-2.6747,81.602,379.007
373,FBTC,Fidelity Wise Origin Bitcoin,Fidelity,FBTC,Fidelity Wise Origin Bitcoin,BTC-USD,2025-03-11,72.52,20000.0,0.25,82.996,-396.8,-2.5997,82.31,373.167
374,FBTC,Fidelity Wise Origin Bitcoin,Fidelity,FBTC,Fidelity Wise Origin Bitcoin,BTC-USD,2025-03-12,72.41,20000.0,0.25,92.441,-161.0,-2.2096,91.851,373.686
375,FBTC,Fidelity Wise Origin Bitcoin,Fidelity,FBTC,Fidelity Wise Origin Bitcoin,BTC-USD,2025-03-13,69.98,20000.0,0.25,101.734,-120.0,-2.0828,101.144,370.779
376,FBTC,Fidelity Wise Origin Bitcoin,Fidelity,FBTC,Fidelity Wise Origin Bitcoin,BTC-USD,2025-03-14,73.93,20000.0,0.25,90.716,-524.4,-2.7205,90.126,375.593
377,FBTC,Fidelity Wise Origin Bitcoin,Fidelity,FBTC,Fidelity Wise Origin Bitcoin,BTC-USD,2025-03-17,73.83,20000.0,0.25,96.741,-475.2,-2.6778,96.151,376.483
378,FBTC,Fidelity Wise Origin Bitcoin,Fidelity,FBTC,Fidelity Wise Origin Bitcoin,BTC-USD,2025-03-18,71.89,20000.0,0.25,96.838,-608.9,-2.7853,96.151,373.289
379,FBTC,Fidelity Wise Origin Bitcoin,Fidelity,FBTC,Fidelity Wise Origin Bitcoin,BTC-USD,2025-03-19,74.66,20000.0,0.25,96.838,-265.2,-2.4252,96.151,369.732
380,FBTC,Fidelity Wise Origin Bitcoin,Fidelity,FBTC,Fidelity Wise Origin Bitcoin,BTC-USD,2025-03-20,73.49,20000.0,0.25,106.487,-566.1,-2.7536,105.8,368.346
381,FBTC,Fidelity Wise Origin Bitcoin,Fidelity,FBTC,Fidelity Wise Origin Bitcoin,BTC-USD,2025-03-21,73.28,20000.0,0.25,106.39,-917.6,-2.9631,105.8,366.333
382,FBTC,Fidelity Wise Origin Bitcoin,Fidelity,FBTC,Fidelity Wise Origin Bitcoin,BTC-USD,2025-03-24,77.09,20000.0,0.25,101.421,-473.2,-2.676,100.832,350.33
383,FBTC,Fidelity Wise Origin Bitcoin,Fidelity,FBTC,Fidelity Wise Origin Bitcoin,BTC-USD,2025-03-25,77.0,20000.0,0.25,105.398,-672.7,-2.8285,104.809,336.829
384,FBTC,Fidelity Wise Origin Bitcoin,Fidelity,FBTC,Fidelity Wise Origin Bitcoin,BTC-USD,2025-03-26,75.56,20000.0,0.25,105.495,-306.2,-2.4874,104.809,292.758
385,FBTC,Fidelity Wise Origin Bitcoin,Fidelity,FBTC,Fidelity Wise Origin Bitcoin,BTC-USD,2025-03-27,75.96,20000.0,0.25,111.896,-328.1,-2.5174,111.349,272.203
386,FBTC,Fidelity Wise Origin Bitcoin,Fidelity,FBTC,Fidelity Wise Origin Bitcoin,BTC-USD,2025-03-28,73.12,20000.0,0.25,97.36,-223.3,-2.3509,96.329,266.628
387,FBTC,Fidelity Wise Origin Bitcoin,Fidelity,FBTC,Fidelity Wise Origin Bitcoin,BTC-USD,2025-03-31,71.97,20000.0,0.25,92.639,-449.1,-2.6533,91.608,255.89
388,FBTC,Fidelity Wise Origin Bitcoin,Fidelity,FBTC,Fidelity Wise Origin Bitcoin,BTC-USD,2025-04-01,74.2,20000.0,0.25,92.682,-338.8,-2.5312,91.608,245.243
389,FBTC,Fidelity Wise Origin Bitcoin,Fidelity,FBTC,Fidelity Wise Origin Bitcoin,BTC-USD,2025-04-02,75.88,20000.0,0.25,92.682,-1342.5,-3.1282,91.608,238.094
390,FBTC,Fidelity Wise Origin Bitcoin,Fidelity,FBTC,Fidelity Wise Origin Bitcoin,BTC-USD,2025-04-03,71.55,20000.0,0.25,92.682,147.4,2.1715,91.608,236.485
391,FBTC,Fidelity Wise Origin Bitcoin,Fidelity,FBTC,Fidelity Wise Origin Bitcoin,BTC-USD,2025-04-04,73.39,20000.0,0.25,80.94,-644.4,-2.8098,79.866,247.089
392,FBTC,Fidelity Wise Origin Bitcoin,Fidelity,FBTC,Fidelity Wise Origin Bitcoin,BTC-USD,2025-04-07,68.14,20000.0,0.25,68.374,8.7,0.9869,67.3,260.239
393,FBTC,Fidelity Wise Origin Bitcoin,Fidelity,FBTC,Fidelity Wise Origin Bitcoin,BTC-USD,2025-04-08,67.0,20000.0,0.25,88.518,-312.7,-2.4965,87.471,251.711
394,FBTC,Fidelity Wise Origin Bitcoin,Fidelity,FBTC,Fidelity Wise Origin Bitcoin,BTC-USD,2025-04-09,71.89,20000.0,0.25,86.58,10.7,1.0693,85.533,269.873
395,FBTC,Fidelity Wise Origin Bitcoin,Fidelity,FBTC,Fidelity Wise Origin Bitcoin,BTC-USD,2025-04-10,69.36,20000.0,0.25,87.766,-283.8,-2.4545,86.72,281.61
396,FBTC,Fidelity Wise Origin Bitcoin,Fidelity,FBTC,Fidelity Wise Origin Bitcoin,BTC-USD,2025-04-11,73.24,20000.0,0.25,78.464,-448.0,-2.6523,77.427,294.606
397,FBTC,Fidelity Wise Origin Bitcoin,Fidelity,FBTC,Fidelity Wise Origin Bitcoin,BTC-USD,2025-04-14,74.21,20000.0,0.25,78.458,-790.1,-2.8982,77.427,293.584
398,FBTC,Fidelity Wise Origin Bitcoin,Fidelity,FBTC,Fidelity Wise Origin Bitcoin,BTC-USD,2025-04-15,73.38,20000.0,0.25,77.161,-306.4,-2.4878,76.13,294.925
399,FBTC,Fidelity Wise Origin Bitcoin,Fidelity,FBTC,Fidelity Wise Origin Bitcoin,BTC-USD,2025-04-16,73.66,20000.0,0.25,80.251,-501.2,-2.7009,79.343,295.26
400,FBTC,Fidelity Wise Origin Bitcoin,Fidelity,FBTC,Fidelity Wise Origin Bitcoin,BTC-USD,2025-04-17,74.16,20000.0,0.25,88.339,-406.7,-2.6103,87.458,291.731
401,FBTC,Fidelity Wise Origin Bitcoin,Fidelity,FBTC,Fidelity Wise Origin Bitcoin,BTC-USD,2025-04-21,76.38,20000.0,0.25,76.398,-375.2,-2.5754,75.516,300.364
402,FBTC,Fidelity Wise Origin Bitcoin,Fidelity,FBTC,Fidelity Wise Origin Bitcoin,BTC-USD,2025-04-22,79.89,20000.0,0.25,76.425,-289.0,-2.4624,75.516,316.036
403,FBTC,Fidelity Wise Origin Bitcoin,Fidelity,FBTC,Fidelity Wise Origin Bitcoin,BTC-USD,2025-04-23,81.66,20000.0,0.25,76.398,-418.9,-2.6232,75.516,322.468
404,FBTC,Fidelity Wise Origin Bitcoin,Fidelity,FBTC,Fidelity Wise Origin Bitcoin,BTC-USD,2025-04-24,81.76,20000.0,0.25,75.092,-364.0,-2.5623,74.211,325.381
405,FBTC,Fidelity Wise Origin Bitcoin,Fidelity,FBTC,Fidelity Wise Origin Bitcoin,BTC-USD,2025-04-25,83.3,20000.0,0.25,75.031,-670.7,-2.8272,74.211,327.497
406,FBTC,Fidelity Wise Origin Bitcoin,Fidelity,FBTC,Fidelity Wise Origin Bitcoin,BTC-USD,2025-04-28,82.77,20000.0,0.25,68.326,-536.0,-2.73,67.506,329.272
407,FBTC,Fidelity Wise Origin Bitcoin,Fidelity,FBTC,Fidelity Wise Origin Bitcoin,BTC-USD,2025-04-29,83.24,20000.0,0.25,68.299,-719.8,-2.8578,67.506,328.142
408,FBTC,Fidelity Wise Origin Bitcoin,Fidelity,FBTC,Fidelity Wise Origin Bitcoin,BTC-USD,2025-04-30,82.18,20000.0,0.25,68.179,-492.2,-2.6931,67.506,329.928
409,FBTC,Fidelity Wise Origin Bitcoin,Fidelity,FBTC,Fidelity Wise Origin Bitcoin,BTC-USD,2025-05-01,84.34,20000.0,0.25,68.179,-640.5,-2.8072,67.506,329.177
410,FBTC,Fidelity Wise Origin Bitcoin,Fidelity,FBTC,Fidelity Wise Origin Bitcoin,BTC-USD,2025-05-02,84.7,20000.0,0.25,68.622,-597.6,-2.7771,68.017,326.918
411,FBTC,Fidelity Wise Origin Bitcoin,Fidelity,FBTC,Fidelity Wise Origin Bitcoin,BTC-USD,2025-05-05,82.37,20000.0,0.25,68.622,-562.2,-2.7507,68.017,323.226
412,FBTC,Fidelity Wise Origin Bitcoin,Fidelity,FBTC,Fidelity Wise Origin Bitcoin,BTC-USD,2025-05-06,82.92,20000.0,0.25,73.856,-282.3,-2.4523,73.252,302.674
413,FBTC,Fidelity Wise Origin Bitcoin,Fidelity,FBTC,Fidelity Wise Origin Bitcoin,BTC-USD,2025-05-07,83.96,20000.0,0.25,73.856,-483.0,-2.6849,73.252,277.176
414,FBTC,Fidelity Wise Origin Bitcoin,Fidelity,FBTC,Fidelity Wise Origin Bitcoin,BTC-USD,2025-05-08,88.48,20000.0,0.25,53.754,-503.3,-2.7027,53.08,275.525
415,FBTC,Fidelity Wise Origin Bitcoin,Fidelity,FBTC,Fidelity Wise Origin Bitcoin,BTC-USD,2025-05-09,90.12,20000.0,0.25,42.208,-726.2,-2.8617,41.535,254.748
416,FBTC,Fidelity Wise Origin Bitcoin,Fidelity,FBTC,Fidelity Wise Origin Bitcoin,BTC-USD,2025-05-12,88.91,20000.0,0.25,32.74,-317.3,-2.5029,32.135,248.383
417,FBTC,Fidelity Wise Origin Bitcoin,Fidelity,FBTC,Fidelity Wise Origin Bitcoin,BTC-USD,2025-05-13,91.57,20000.0,0.25,34.07,-654.2,-2.8164,33.465,236.355
418,FBTC,Fidelity Wise Origin Bitcoin,Fidelity,FBTC,Fidelity Wise Origin Bitcoin,BTC-USD,2025-05-14,90.22,20000.0,0.25,38.607,-575.5,-2.7608,37.934,229.757
419,FBTC,Fidelity Wise Origin Bitcoin,Fidelity,FBTC,Fidelity Wise Origin Bitcoin,BTC-USD,2025-05-15,90.11,20000.0,0.25,34.272,-794.6,-2.9007,33.598,231.679
420,FBTC,Fidelity Wise Origin Bitcoin,Fidelity,FBTC,Fidelity Wise Origin Bitcoin,BTC-USD,2025-05-16,90.88,20000.0,0.25,31.058,-272.9,-2.4376,30.385,230.864
421,FBTC,Fidelity Wise Origin Bitcoin,Fidelity,FBTC,Fidelity Wise Origin Bitcoin,BTC-USD,2025-05-19,92.16,20000.0,0.25,25.656,-709.6,-2.8516,24.982,235.375
422,FBTC,Fidelity Wise Origin Bitcoin,Fidelity,FBTC,Fidelity Wise Origin Bitcoin,BTC-USD,2025-05-20,93.51,20000.0,0.25,25.649,-641.7,-2.808,24.982,230.615
423,FBTC,Fidelity Wise Origin Bitcoin,Fidelity,FBTC,Fidelity Wise Origin Bitcoin,BTC-USD,2025-05-21,94.91,20000.0,0.25,25.587,-312.3,-2.496,24.982,240.2
424,FBTC,Fidelity Wise Origin Bitcoin,Fidelity,FBTC,Fidelity Wise Origin Bitcoin,BTC-USD,2025-05-22,97.06,20000.0,0.25,25.542,-312.9,-2.4968,24.982,248.38
425,FBTC,Fidelity Wise Origin Bitcoin,Fidelity,FBTC,Fidelity Wise Origin Bitcoin,BTC-USD,2025-05-23,94.98,20000.0,0.25,22.898,-751.9,-2.8767,22.311,257.954
426,FBTC,Fidelity Wise Origin Bitcoin,Fidelity,FBTC,Fidelity Wise Origin Bitcoin,BTC-USD,2025-05-27,95.98,20000.0,0.25,24.46,-683.3,-2.8352,23.9,263.453
427,FBTC,Fidelity Wise Origin Bitcoin,Fidelity,FBTC,Fidelity Wise Origin Bitcoin,BTC-USD,2025-05-28,93.39,20000.0,0.25,23.053,-334.7,-2.526,22.467,269.481
428,FBTC,Fidelity Wise Origin Bitcoin,Fidelity,FBTC,Fidelity Wise Origin Bitcoin,BTC-USD,2025-05-29,92.21,20000.0,0.25,23.321,-338.2,-2.5304,22.735,278.534
429,FBTC,Fidelity Wise Origin Bitcoin,Fidelity,FBTC,Fidelity Wise Origin Bitcoin,BTC-USD,2025-05-30,91.38,20000.0,0.25,23.294,-210.6,-2.3255,22.735,281.411
430,FBTC,Fidelity Wise Origin Bitcoin,Fidelity,FBTC,Fidelity Wise Origin Bitcoin,BTC-USD,2025-06-02,91.2,20000.0,0.25,26.034,-497.7,-2.6978,25.485,279.51
431,FBTC,Fidelity Wise Origin Bitcoin,Fidelity,FBTC,Fidelity Wise Origin Bitcoin,BTC-USD,2025-06-03,92.76,20000.0,0.25,25.533,-469.5,-2.6726,24.973,281.611
432,FBTC,Fidelity Wise Origin Bitcoin,Fidelity,FBTC,Fidelity Wise Origin Bitcoin,BTC-USD,2025-06-04,91.65,20000.0,0.25,25.533,-538.7,-2.7321,24.973,282.258
433,FBTC,Fidelity Wise Origin Bitcoin,Fidelity,FBTC,Fidelity Wise Origin Bitcoin,BTC-USD,2025-06-05,88.96,20000.0,0.25,22.971,-456.9,-2.6608,22.384,291.608
434,FBTC,Fidelity Wise Origin Bitcoin,Fidelity,FBTC,Fidelity Wise Origin Bitcoin,BTC-USD,2025-06-06,91.05,20000.0,0.25,26.175,-486.2,-2.6877,25.588,296.898
435,FBTC,Fidelity Wise Origin Bitcoin,Fidelity,FBTC,Fidelity Wise Origin Bitcoin,BTC-USD,2025-06-09,94.86,20000.0,0.25,26.175,-179.2,-2.2559,25.588,296.388
436,FBTC,Fidelity Wise Origin Bitcoin,Fidelity,FBTC,Fidelity Wise Origin Bitcoin,BTC-USD,2025-06-10,95.67,20000.0,0.25,26.148,40.9,1.6221,25.588,295.957
437,FBTC,Fidelity Wise Origin Bitcoin,Fidelity,FBTC,Fidelity Wise Origin Bitcoin,BTC-USD,2025-06-11,94.99,20000.0,0.25,31.303,-140.7,-2.1514,30.744,288.501
438,FBTC,Fidelity Wise Origin Bitcoin,Fidelity,FBTC,Fidelity Wise Origin Bitcoin,BTC-USD,2025-06-12,93.23,20000.0,0.25,29.973,-857.7,-2.9339,29.414,284.889
439,FBTC,Fidelity Wise Origin Bitcoin,Fidelity,FBTC,Fidelity Wise Origin Bitcoin,BTC-USD,2025-06-13,91.79,20000.0,0.25,25.505,-314.2,-2.4986,24.945,288.092
440,FBTC,Fidelity Wise Origin Bitcoin,Fidelity,FBTC,Fidelity Wise Origin Bitcoin,BTC-USD,2025-06-16,94.93,20000.0,0.25,22.074,-719.8,-2.8578,21.488,284.87
441,FBTC,Fidelity Wise Origin Bitcoin,Fidelity,FBTC,Fidelity Wise Origin Bitcoin,BTC-USD,2025-06-17,91.42,20000.0,0.25,22.11,-378.6,-2.5793,21.488,289.24
442,FBTC,Fidelity Wise Origin Bitcoin,Fidelity,FBTC,Fidelity Wise Origin Bitcoin,BTC-USD,2025-06-18,90.63,20000.0,0.25,26.263,-81.7,-1.9177,25.64,286.537
443,FBTC,Fidelity Wise Origin Bitcoin,Fidelity,FBTC,Fidelity Wise Origin Bitcoin,BTC-USD,2025-06-20,90.08,20000.0,0.25,31.023,-256.6,-2.411,30.437,287.142
444,FBTC,Fidelity Wise Origin Bitcoin,Fidelity,FBTC,Fidelity Wise Origin Bitcoin,BTC-USD,2025-06-23,90.11,20000.0,0.25,31.023,263.1,2.4218,30.437,271.806
445,FBTC,Fidelity Wise Origin Bitcoin,Fidelity,FBTC,Fidelity Wise Origin Bitcoin,BTC-USD,2025-06-24,92.23,20000.0,0.25,31.059,-229.4,-2.3625,30.437,261.339
446,FBTC,Fidelity Wise Origin Bitcoin,Fidelity,FBTC,Fidelity Wise Origin Bitcoin,BTC-USD,2025-06-25,94.13,20000.0,0.25,31.076,-815.5,-2.9119,30.437,258.941
447,FBTC,Fidelity Wise Origin Bitcoin,Fidelity,FBTC,Fidelity Wise Origin Bitcoin,BTC-USD,2025-06-26,93.95,20000.0,0.25,31.745,-873.2,-2.9416,31.106,249.448
448,FBTC,Fidelity Wise Origin Bitcoin,Fidelity,FBTC,Fidelity Wise Origin Bitcoin,BTC-USD,2025-06-27,93.28,20000.0,0.25,35.971,-839.5,-2.9246,35.349,242.006
449,FBTC,Fidelity Wise Origin Bitcoin,Fidelity,FBTC,Fidelity Wise Origin Bitcoin,BTC-USD,2025-06-30,93.99,20000.0,0.25,39.412,-523.1,-2.7194,38.789,237.018
450,FBTC,Fidelity Wise Origin Bitcoin,Fidelity,FBTC,Fidelity Wise Origin Bitcoin,BTC-USD,2025-07-01,91.95,20000.0,0.25,39.428,-442.3,-2.6467,38.789,233.566
451,FBTC,Fidelity Wise Origin Bitcoin,Fidelity,FBTC,Fidelity Wise Origin Bitcoin,BTC-USD,2025-07-02,95.82,20000.0,0.25,36.699,-638.8,-2.806,36.039,243.113
452,FBTC,Fidelity Wise Origin Bitcoin,Fidelity,FBTC,Fidelity Wise Origin Bitcoin,BTC-USD,2025-07-03,95.45,20000.0,0.25,36.678,-174.9,-2.2453,36.039,238.329
453,FBTC,Fidelity Wise Origin Bitcoin,Fidelity,FBTC,Fidelity Wise Origin Bitcoin,BTC-USD,2025-07-07,94.33,20000.0,0.25,36.678,-494.0,-2.6946,36.039,238.333
454,FBTC,Fidelity Wise Origin Bitcoin,Fidelity,FBTC,Fidelity Wise Origin Bitcoin,BTC-USD,2025-07-08,94.98,20000.0,0.25,34.003,-393.2,-2.5957,33.393,231.398
455,FBTC,Fidelity Wise Origin Bitcoin,Fidelity,FBTC,Fidelity Wise Origin Bitcoin,BTC-USD,2025-07-09,97.65,20000.0,0.25,30.799,-607.0,-2.7839,30.189,232.52
456,FBTC,Fidelity Wise Origin Bitcoin,Fidelity,FBTC,Fidelity Wise Origin Bitcoin,BTC-USD,2025-07-10,99.04,20000.0,0.25,30.653,-250.7,-2.4009,30.189,234.903
457,FBTC,Fidelity Wise Origin Bitcoin,Fidelity,FBTC,Fidelity Wise Origin Bitcoin,BTC-USD,2025-07-11,103.16,20000.0,0.25,30.799,-1034.1,-3.015,30.189,250.69
458,FBTC,Fidelity Wise Origin Bitcoin,Fidelity,FBTC,Fidelity Wise Origin Bitcoin,BTC-USD,2025-07-14,104.72,20000.0,0.25,22.48,-1165.4,-3.0669,21.87,268.364
459,FBTC,Fidelity Wise Origin Bitcoin,Fidelity,FBTC,Fidelity Wise Origin Bitcoin,BTC-USD,2025-07-15,101.64,20000.0,0.25,22.48,-618.8,-2.7923,21.87,281.867
460,FBTC,Fidelity Wise Origin Bitcoin,Fidelity,FBTC,Fidelity Wise Origin Bitcoin,BTC-USD,2025-07-16,104.14,20000.0,0.25,22.385,-1153.3,-3.0623,21.87,293.106
461,FBTC,Fidelity Wise Origin Bitcoin,Fidelity,FBTC,Fidelity Wise Origin Bitcoin,BTC-USD,2025-07-17,103.88,20000.0,0.25,27.842,-856.6,-2.9333,27.393,300.304
462,FBTC,Fidelity Wise Origin Bitcoin,Fidelity,FBTC,Fidelity Wise Origin Bitcoin,BTC-USD,2025-07-18,102.47,20000.0,0.25,31.806,-893.2,-2.9514,31.371,311.203
463,FBTC,Fidelity Wise Origin Bitcoin,Fidelity,FBTC,Fidelity Wise Origin Bitcoin,BTC-USD,2025-07-21,101.88,20000.0,0.25,32.349,-554.1,-2.7443,31.95,319.508
464,FBTC,Fidelity Wise Origin Bitcoin,Fidelity,FBTC,Fidelity Wise Origin Bitcoin,BTC-USD,2025-07-22,104.16,20000.0,0.25,28.745,-641.2,-2.8076,28.311,327.272
465,FBTC,Fidelity Wise Origin Bitcoin,Fidelity,FBTC,Fidelity Wise Origin Bitcoin,BTC-USD,2025-07-23,103.38,20000.0,0.25,29.656,-727.4,-2.8623,29.222,328.056
466,FBTC,Fidelity Wise Origin Bitcoin,Fidelity,FBTC,Fidelity Wise Origin Bitcoin,BTC-USD,2025-07-24,103.9,20000.0,0.25,29.621,-779.9,-2.8926,29.222,330.929
467,FBTC,Fidelity Wise Origin Bitcoin,Fidelity,FBTC,Fidelity Wise Origin Bitcoin,BTC-USD,2025-07-25,101.97,20000.0,0.25,29.621,-763.8,-2.8835,29.222,335.144
468,FBTC,Fidelity Wise Origin Bitcoin,Fidelity,FBTC,Fidelity Wise Origin Bitcoin,BTC-USD,2025-07-28,103.06,20000.0,0.25,27.363,-787.5,-2.8968,26.964,345.264
469,FBTC,Fidelity Wise Origin Bitcoin,Fidelity,FBTC,Fidelity Wise Origin Bitcoin,BTC-USD,2025-07-29,102.5,20000.0,0.25,27.997,-875.9,-2.9429,27.597,351.097
470,FBTC,Fidelity Wise Origin Bitcoin,Fidelity,FBTC,Fidelity Wise Origin Bitcoin,BTC-USD,2025-07-30,101.97,20000.0,0.25,28.984,-662.2,-2.8216,28.585,354.285
471,FBTC,Fidelity Wise Origin Bitcoin,Fidelity,FBTC,Fidelity Wise Origin Bitcoin,BTC-USD,2025-07-31,101.84,20000.0,0.25,35.34,-773.8,-2.8892,35.042,360.535
472,FBTC,Fidelity Wise Origin Bitcoin,Fidelity,FBTC,Fidelity Wise Origin Bitcoin,BTC-USD,2025-08-01,98.66,20000.0,0.25,35.34,-556.7,-2.7464,35.042,369.618
473,FBTC,Fidelity Wise Origin Bitcoin,Fidelity,FBTC,Fidelity Wise Origin Bitcoin,BTC-USD,2025-08-04,100.12,20000.0,0.25,40.1,-833.2,-2.9213,39.701,374.256
474,FBTC,Fidelity Wise Origin Bitcoin,Fidelity,FBTC,Fidelity Wise Origin Bitcoin,BTC-USD,2025-08-05,99.15,20000.0,0.25,40.06,-625.7,-2.797,39.701,377.962
475,FBTC,Fidelity Wise Origin Bitcoin,Fidelity,FBTC,Fidelity Wise Origin Bitcoin,BTC-USD,2025-08-06,100.62,20000.0,0.25,40.06,-610.9,-2.7867,39.701,383.411
476,FBTC,Fidelity Wise Origin Bitcoin,Fidelity,FBTC,Fidelity Wise Origin Bitcoin,BTC-USD,2025-08-07,102.65,20000.0,0.25,40.06,-689.6,-2.8392,39.701,382.504
477,FBTC,Fidelity Wise Origin Bitcoin,Fidelity,FBTC,Fidelity Wise Origin Bitcoin,BTC-USD,2025-08-08,101.6,20000.0,0.25,45.318,-675.0,-2.83,44.959,378.811
478,FBTC,Fidelity Wise Origin Bitcoin,Fidelity,FBTC,Fidelity Wise Origin Bitcoin,BTC-USD,2025-08-11,103.88,20000.0,0.25,45.318,-1059.4,-3.0255,44.959,369.422
479,FBTC,Fidelity Wise Origin Bitcoin,Fidelity,FBTC,Fidelity Wise Origin Bitcoin,BTC-USD,2025-08-12,104.42,20000.0,0.25,50.197,-805.7,-2.9067,49.839,358.547
480,FBTC,Fidelity Wise Origin Bitcoin,Fidelity,FBTC,Fidelity Wise Origin Bitcoin,BTC-USD,2025-08-13,107.27,20000.0,0.25,50.197,-1000.0,-3.0004,49.839,361.464
481,FBTC,Fidelity Wise Origin Bitcoin,Fidelity,FBTC,Fidelity Wise Origin Bitcoin,BTC-USD,2025-08-14,102.97,20000.0,0.25,50.197,-982.4,-2.9927,49.839,367.448
482,FBTC,Fidelity Wise Origin Bitcoin,Fidelity,FBTC,Fidelity Wise Origin Bitcoin,BTC-USD,2025-08-15,102.03,20000.0,0.25,47.067,-824.6,-2.9168,46.708,364.959
483,FBTC,Fidelity Wise Origin Bitcoin,Fidelity,FBTC,Fidelity Wise Origin Bitcoin,BTC-USD,2025-08-18,101.47,20000.0,0.25,43.089,-853.6,-2.9318,42.73,352.733
484,FBTC,Fidelity Wise Origin Bitcoin,Fidelity,FBTC,Fidelity Wise Origin Bitcoin,BTC-USD,2025-08-19,98.62,20000.0,0.25,35.701,-1062.7,-3.0268,35.286,356.956
485,FBTC,Fidelity Wise Origin Bitcoin,Fidelity,FBTC,Fidelity Wise Origin Bitcoin,BTC-USD,2025-08-20,99.68,20000.0,0.25,37.761,-853.3,-2.9316,37.402,355.835
486,FBTC,Fidelity Wise Origin Bitcoin,Fidelity,FBTC,Fidelity Wise Origin Bitcoin,BTC-USD,2025-08-21,97.79,20000.0,0.25,41.978,-649.6,-2.8133,41.563,355.317
487,FBTC,Fidelity Wise Origin Bitcoin,Fidelity,FBTC,Fidelity Wise Origin Bitcoin,BTC-USD,2025-08-22,101.79,20000.0,0.25,46.005,-1024.3,-3.0108,45.545,371.286
488,FBTC,Fidelity Wise Origin Bitcoin,Fidelity,FBTC,Fidelity Wise Origin Bitcoin,BTC-USD,2025-08-25,96.63,20000.0,0.25,46.042,-236.0,-2.3747,45.545,373.91
489,FBTC,Fidelity Wise Origin Bitcoin,Fidelity,FBTC,Fidelity Wise Origin Bitcoin,BTC-USD,2025-08-26,96.94,20000.0,0.25,46.042,-696.1,-2.8433,45.545,375.031
490,FBTC,Fidelity Wise Origin Bitcoin,Fidelity,FBTC,Fidelity Wise Origin Bitcoin,BTC-USD,2025-08-27,97.8,20000.0,0.25,41.166,-772.4,-2.8884,40.668,373.221
491,FBTC,Fidelity Wise Origin Bitcoin,Fidelity,FBTC,Fidelity Wise Origin Bitcoin,BTC-USD,2025-08-28,97.67,20000.0,0.25,36.47,-852.5,-2.9312,35.973,370.48
492,FBTC,Fidelity Wise Origin Bitcoin,Fidelity,FBTC,Fidelity Wise Origin Bitcoin,BTC-USD,2025-08-29,94.39,20000.0,0.25,30.028,-570.4,-2.7569,29.516,375.79
493,FBTC,Fidelity Wise Origin Bitcoin,Fidelity,FBTC,Fidelity Wise Origin Bitcoin,BTC-USD,2025-09-02,96.67,20000.0,0.25,30.03,-552.5,-2.7431,29.516,367.292
494,FBTC,Fidelity Wise Origin Bitcoin,Fidelity,FBTC,Fidelity Wise Origin Bitcoin,BTC-USD,2025-09-03,97.93,20000.0,0.25,25.358,-793.1,-2.8999,24.857,367.812
495,FBTC,Fidelity Wise Origin Bitcoin,Fidelity,FBTC,Fidelity Wise Origin Bitcoin,BTC-USD,2025-09-04,95.79,20000.0,0.25,25.37,-500.3,-2.7001,24.857,367.586
496,FBTC,Fidelity Wise Origin Bitcoin,Fidelity,FBTC,Fidelity Wise Origin Bitcoin,BTC-USD,2025-09-05,97.36,20000.0,0.25,25.358,-1007.2,-3.0036,24.857,369.599
497,FBTC,Fidelity Wise Origin Bitcoin,Fidelity,FBTC,Fidelity Wise Origin Bitcoin,BTC-USD,2025-09-08,97.81,20000.0,0.25,27.36,-578.2,-2.7628,26.862,368.94
498,FBTC,Fidelity Wise Origin Bitcoin,Fidelity,FBTC,Fidelity Wise Origin Bitcoin,BTC-USD,2025-09-09,97.14,20000.0,0.25,24.768,-458.0,-2.6619,24.27,372.116
499,FBTC,Fidelity Wise Origin Bitcoin,Fidelity,FBTC,Fidelity Wise Origin Bitcoin,BTC-USD,2025-09-10,99.11,20000.0,0.25,24.765,-522.4,-2.7188,24.27,378.421
500,FBTC,Fidelity Wise Origin Bitcoin,Fidelity,FBTC,Fidelity Wise Origin Bitcoin,BTC-USD,2025-09-11,99.91,20000.0,0.25,20.901,-662.4,-2.8217,20.406,374.674
501,FBTC,Fidelity Wise Origin Bitcoin,Fidelity,FBTC,Fidelity Wise Origin Bitcoin,BTC-USD,2025-09-12,101.99,20000.0,0.25,20.901,-1019.9,-3.009,20.406,362.055
502,FBTC,Fidelity Wise Origin Bitcoin,Fidelity,FBTC,Fidelity Wise Origin Bitcoin,BTC-USD,2025-09-15,100.6,20000.0,0.25,20.852,-463.4,-2.6669,20.406,348.846
503,FBTC,Fidelity Wise Origin Bitcoin,Fidelity,FBTC,Fidelity Wise Origin Bitcoin,BTC-USD,2025-09-16,101.93,20000.0,0.25,18.46,-551.9,-2.7426,18.014,349.836
504,FBTC,Fidelity Wise Origin Bitcoin,Fidelity,FBTC,Fidelity Wise Origin Bitcoin,BTC-USD,2025-09-17,100.89,20000.0,0.25,23.559,-610.6,-2.7864,23.113,357.526
505,FBTC,Fidelity Wise Origin Bitcoin,Fidelity,FBTC,Fidelity Wise Origin Bitcoin,BTC-USD,2025-09-18,102.47,20000.0,0.25,23.559,-1034.4,-3.0151,23.113,352.008
506,FBTC,Fidelity Wise Origin Bitcoin,Fidelity,FBTC,Fidelity Wise Origin Bitcoin,BTC-USD,2025-09-19,100.43,20000.0,0.25,20.296,-568.4,-2.7554,19.84,348.606
507,FBTC,Fidelity Wise Origin Bitcoin,Fidelity,FBTC,Fidelity Wise Origin Bitcoin,BTC-USD,2025-09-22,97.81,20000.0,0.25,15.225,-566.2,-2.7537,14.768,348.065
508,FBTC,Fidelity Wise Origin Bitcoin,Fidelity,FBTC,Fidelity Wise Origin Bitcoin,BTC-USD,2025-09-23,97.37,20000.0,0.25,15.5,-388.2,-2.5902,15.054,329.657
509,FBTC,Fidelity Wise Origin Bitcoin,Fidelity,FBTC,Fidelity Wise Origin Bitcoin,BTC-USD,2025-09-24,98.95,20000.0,0.25,15.5,-501.2,-2.7009,15.054,321.683
510,FBTC,Fidelity Wise Origin Bitcoin,Fidelity,FBTC,Fidelity Wise Origin Bitcoin,BTC-USD,2025-09-25,95.38,20000.0,0.25,15.511,-758.3,-2.8804,15.054,330.739
511,FBTC,Fidelity Wise Origin Bitcoin,Fidelity,FBTC,Fidelity Wise Origin Bitcoin,BTC-USD,2025-09-26,95.21,20000.0,0.25,19.786,-564.3,-2.7523,19.329,336.421
512,FBTC,Fidelity Wise Origin Bitcoin,Fidelity,FBTC,Fidelity Wise Origin Bitcoin,BTC-USD,2025-09-29,99.81,20000.0,0.25,19.824,-820.3,-2.9145,19.329,347.216
513,FBTC,Fidelity Wise Origin Bitcoin,Fidelity,FBTC,Fidelity Wise Origin Bitcoin,BTC-USD,2025-09-30,99.81,20000.0,0.25,24.497,-770.6,-2.8874,24.002,340.131
514,FBTC,Fidelity Wise Origin Bitcoin,Fidelity,FBTC,Fidelity Wise Origin Bitcoin,BTC-USD,2025-10-01,102.51,20000.0,0.25,24.497,-560.7,-2.7495,24.002,343.361
515,FBTC,Fidelity Wise Origin Bitcoin,Fidelity,FBTC,Fidelity Wise Origin Bitcoin,BTC-USD,2025-10-02,105.54,20000.0,0.25,24.497,230.4,2.3644,24.002,357.524
516,FBTC,Fidelity Wise Origin Bitcoin,Fidelity,FBTC,Fidelity Wise Origin Bitcoin,BTC-USD,2025-10-03,107.17,20000.0,0.25,24.459,-1131.5,-3.054,24.002,378.964
517,FBTC,Fidelity Wise Origin Bitcoin,Fidelity,FBTC,Fidelity Wise Origin Bitcoin,BTC-USD,2025-10-06,109.44,20000.0,0.25,24.448,-813.8,-2.911,24.002,396.641
518,FBTC,Fidelity Wise Origin Bitcoin,Fidelity,FBTC,Fidelity Wise Origin Bitcoin,BTC-USD,2025-10-07,106.12,20000.0,0.25,22.442,-1142.3,-3.0581,21.996,423.142
519,FBTC,Fidelity Wise Origin Bitcoin,Fidelity,FBTC,Fidelity Wise Origin Bitcoin,BTC-USD,2025-10-08,107.65,20000.0,0.25,26.239,-753.3,-2.8776,25.793,433.491
520,FBTC,Fidelity Wise Origin Bitcoin,Fidelity,FBTC,Fidelity Wise Origin Bitcoin,BTC-USD,2025-10-09,105.56,20000.0,0.25,26.585,-684.6,-2.8361,26.156,435.999
521,FBTC,Fidelity Wise Origin Bitcoin,Fidelity,FBTC,Fidelity Wise Origin Bitcoin,BTC-USD,2025-10-10,101.73,20000.0,0.25,26.764,-1277.7,-3.1068,26.335,471.978
522,FBTC,Fidelity Wise Origin Bitcoin,Fidelity,FBTC,Fidelity Wise Origin Bitcoin,BTC-USD,2025-10-13,101.05,20000.0,0.25,26.758,-609.2,-2.7855,26.335,492.322
523,FBTC,Fidelity Wise Origin Bitcoin,Fidelity,FBTC,Fidelity Wise Origin Bitcoin,BTC-USD,2025-10-14,98.21,20000.0,0.25,26.725,-362.1,-2.56,26.335,514.538
524,FBTC,Fidelity Wise Origin Bitcoin,Fidelity,FBTC,Fidelity Wise Origin Bitcoin,BTC-USD,2025-10-15,97.03,20000.0,0.25,32.997,-515.1,-2.7128,32.62,525.339
525,FBTC,Fidelity Wise Origin Bitcoin,Fidelity,FBTC,Fidelity Wise Origin Bitcoin,BTC-USD,2025-10-16,94.37,20000.0,0.25,27.898,-382.0,-2.5832,27.521,551.395
526,FBTC,Fidelity Wise Origin Bitcoin,Fidelity,FBTC,Fidelity Wise Origin Bitcoin,BTC-USD,2025-10-17,92.86,20000.0,0.25,27.892,-397.9,-2.6008,27.521,584.618
527,FBTC,Fidelity Wise Origin Bitcoin,Fidelity,FBTC,Fidelity Wise Origin Bitcoin,BTC-USD,2025-10-20,96.69,20000.0,0.25,27.892,-514.9,-2.7125,27.521,600.793
528,FBTC,Fidelity Wise Origin Bitcoin,Fidelity,FBTC,Fidelity Wise Origin Bitcoin,BTC-USD,2025-10-21,97.55,20000.0,0.25,30.988,-1336.3,-3.1262,30.625,623.43
529,FBTC,Fidelity Wise Origin Bitcoin,Fidelity,FBTC,Fidelity Wise Origin Bitcoin,BTC-USD,2025-10-22,93.96,20000.0,0.25,26.727,-326.6,-2.5154,26.357,648.666
530,FBTC,Fidelity Wise Origin Bitcoin,Fidelity,FBTC,Fidelity Wise Origin Bitcoin,BTC-USD,2025-10-23,96.14,20000.0,0.25,26.727,-423.5,-2.6279,26.357,652.612
531,FBTC,Fidelity Wise Origin Bitcoin,Fidelity,FBTC,Fidelity Wise Origin Bitcoin,BTC-USD,2025-10-24,96.48,20000.0,0.25,31.348,-117.1,-2.0721,30.986,637.42
532,FBTC,Fidelity Wise Origin Bitcoin,Fidelity,FBTC,Fidelity Wise Origin Bitcoin,BTC-USD,2025-10-27,100.27,20000.0,0.25,27.082,-576.6,-2.7616,26.711,633.715
533,FBTC,Fidelity Wise Origin Bitcoin,Fidelity,FBTC,Fidelity Wise Origin Bitcoin,BTC-USD,2025-10-28,99.09,20000.0,0.25,30.267,-275.8,-2.4422,29.904,631.602
534,FBTC,Fidelity Wise Origin Bitcoin,Fidelity,FBTC,Fidelity Wise Origin Bitcoin,BTC-USD,2025-10-29,96.41,20000.0,0.25,25.594,-434.3,-2.6388,25.231,649.179
535,FBTC,Fidelity Wise Origin Bitcoin,Fidelity,FBTC,Fidelity Wise Origin Bitcoin,BTC-USD,2025-10-30,92.74,20000.0,0.25,25.594,131.3,2.1215,25.231,651.038
536,FBTC,Fidelity Wise Origin Bitcoin,Fidelity,FBTC,Fidelity Wise Origin Bitcoin,BTC-USD,2025-10-31,95.69,20000.0,0.25,25.594,-279.8,-2.4483,25.231,645.749
537,FBTC,Fidelity Wise Origin Bitcoin,Fidelity,FBTC,Fidelity Wise Origin Bitcoin,BTC-USD,2025-11-03,92.89,20000.0,0.25,25.601,-337.7,-2.5299,25.231,642.598
538,FBTC,Fidelity Wise Origin Bitcoin,Fidelity,FBTC,Fidelity Wise Origin Bitcoin,BTC-USD,2025-11-04,87.81,20000.0,0.25,25.608,-355.3,-2.5519,25.231,665.479
539,FBTC,Fidelity Wise Origin Bitcoin,Fidelity,FBTC,Fidelity Wise Origin Bitcoin,BTC-USD,2025-11-05,90.52,20000.0,0.25,31.646,-337.9,-2.5301,31.256,643.338
540,FBTC,Fidelity Wise Origin Bitcoin,Fidelity,FBTC,Fidelity Wise Origin Bitcoin,BTC-USD,2025-11-06,87.95,20000.0,0.25,25.207,-312.6,-2.4963,24.794,648.527
541,FBTC,Fidelity Wise Origin Bitcoin,Fidelity,FBTC,Fidelity Wise Origin Bitcoin,BTC-USD,2025-11-07,90.44,20000.0,0.25,33.04,-75.1,-1.8816,32.591,651.108
542,FBTC,Fidelity Wise Origin Bitcoin,Fidelity,FBTC,Fidelity Wise Origin Bitcoin,BTC-USD,2025-11-10,92.43,20000.0,0.25,31.852,-282.0,-2.4518,31.396,623.373
543,FBTC,Fidelity Wise Origin Bitcoin,Fidelity,FBTC,Fidelity Wise Origin Bitcoin,BTC-USD,2025-11-11,89.59,20000.0,0.25,31.855,151.2,2.1825,31.396,601.729
544,FBTC,Fidelity Wise Origin Bitcoin,Fidelity,FBTC,Fidelity Wise Origin Bitcoin,BTC-USD,2025-11-12,88.5,20000.0,0.25,37.02,-36.8,-1.5776,36.56,585.55
545,FBTC,Fidelity Wise Origin Bitcoin,Fidelity,FBTC,Fidelity Wise Origin Bitcoin,BTC-USD,2025-11-13,85.43,20000.0,0.25,30.752,237.3,2.3772,30.275,593.517
546,FBTC,Fidelity Wise Origin Bitcoin,Fidelity,FBTC,Fidelity Wise Origin Bitcoin,BTC-USD,2025-11-14,82.15,20000.0,0.25,30.776,216.5,2.3374,30.275,582.428
547,FBTC,Fidelity Wise Origin Bitcoin,Fidelity,FBTC,Fidelity Wise Origin Bitcoin,BTC-USD,2025-11-17,80.02,20000.0,0.25,30.776,200.5,2.3043,30.275,571.288
548,FBTC,Fidelity Wise Origin Bitcoin,Fidelity,FBTC,Fidelity Wise Origin Bitcoin,BTC-USD,2025-11-18,80.9,20000.0,0.25,38.946,238.8,2.3799,38.469,572.572
549,FBTC,Fidelity Wise Origin Bitcoin,Fidelity,FBTC,Fidelity Wise Origin Bitcoin,BTC-USD,2025-11-19,77.93,20000.0,0.25,35.866,497.5,2.6977,35.365,570.531
550,FBTC,Fidelity Wise Origin Bitcoin,Fidelity,FBTC,Fidelity Wise Origin Bitcoin,BTC-USD,2025-11-20,75.22,20000.0,0.25,40.947,319.9,2.5063,40.447,590.355
551,FBTC,Fidelity Wise Origin Bitcoin,Fidelity,FBTC,Fidelity Wise Origin Bitcoin,BTC-USD,2025-11-21,73.72,20000.0,0.25,40.923,670.0,2.8267,40.447,624.707
552,FBTC,Fidelity Wise Origin Bitcoin,Fidelity,FBTC,Fidelity Wise Origin Bitcoin,BTC-USD,2025-11-24,77.69,20000.0,0.25,36.319,249.7,2.3991,35.818,636.149
553,FBTC,Fidelity Wise Origin Bitcoin,Fidelity,FBTC,Fidelity Wise Origin Bitcoin,BTC-USD,2025-11-25,76.08,20000.0,0.25,42.494,116.2,2.069,42.001,640.582
554,FBTC,Fidelity Wise Origin Bitcoin,Fidelity,FBTC,Fidelity Wise Origin Bitcoin,BTC-USD,2025-11-26,78.39,20000.0,0.25,39.308,306.9,2.4884,38.808,646.387
555,FBTC,Fidelity Wise Origin Bitcoin,Fidelity,FBTC,Fidelity Wise Origin Bitcoin,BTC-USD,2025-11-28,79.08,20000.0,0.25,39.308,314.3,2.4987,38.808,630.788
556,FBTC,Fidelity Wise Origin Bitcoin,Fidelity,FBTC,Fidelity Wise Origin Bitcoin,BTC-USD,2025-12-01,74.52,20000.0,0.25,39.308,147.0,2.1702,38.808,632.285
557,FBTC,Fidelity Wise Origin Bitcoin,Fidelity,FBTC,Fidelity Wise Origin Bitcoin,BTC-USD,2025-12-02,79.35,20000.0,0.25,39.308,412.3,2.6163,38.808,640.602
558,FBTC,Fidelity Wise Origin Bitcoin,Fidelity,FBTC,Fidelity Wise Origin Bitcoin,BTC-USD,2025-12-03,81.05,20000.0,0.25,39.309,323.4,2.5111,38.808,629.475
559,FBTC,Fidelity Wise Origin Bitcoin,Fidelity,FBTC,Fidelity Wise Origin Bitcoin,BTC-USD,2025-12-04,80.66,20000.0,0.25,42.16,64.9,1.8186,41.659,588.612
560,FBTC,Fidelity Wise Origin Bitcoin,Fidelity,FBTC,Fidelity Wise Origin Bitcoin,BTC-USD,2025-12-05,77.87,20000.0,0.25,36.135,163.4,2.2158,35.634,591.743
561,FBTC,Fidelity Wise Origin Bitcoin,Fidelity,FBTC,Fidelity Wise Origin Bitcoin,BTC-USD,2025-12-08,79.14,20000.0,0.25,40.996,-9.8,-1.0344,40.492,575.927
562,FBTC,Fidelity Wise Origin Bitcoin,Fidelity,FBTC,Fidelity Wise Origin Bitcoin,BTC-USD,2025-12-09,81.18,20000.0,0.25,33.738,95.1,1.9827,33.234,574.128
563,FBTC,Fidelity Wise Origin Bitcoin,Fidelity,FBTC,Fidelity Wise Origin Bitcoin,BTC-USD,2025-12-10,80.66,20000.0,0.25,44.184,178.5,2.2542,43.683,572.005
564,FBTC,Fidelity Wise Origin Bitcoin,Fidelity,FBTC,Fidelity Wise Origin Bitcoin,BTC-USD,2025-12-11,79.98,20000.0,0.25,44.177,502.9,2.7024,43.683,578.823
565,FBTC,Fidelity Wise Origin Bitcoin,Fidelity,FBTC,Fidelity Wise Origin Bitcoin,BTC-USD,2025-12-12,78.67,20000.0,0.25,47.93,20.7,1.3374,47.437,578.373
566,FBTC,Fidelity Wise Origin Bitcoin,Fidelity,FBTC,Fidelity Wise Origin Bitcoin,BTC-USD,2025-12-15,74.74,20000.0,0.25,47.93,755.6,2.8788,47.437,569.676
567,FBTC,Fidelity Wise Origin Bitcoin,Fidelity,FBTC,Fidelity Wise Origin Bitcoin,BTC-USD,2025-12-16,76.35,20000.0,0.25,50.512,250.7,2.4008,50.022,556.843
568,FBTC,Fidelity Wise Origin Bitcoin,Fidelity,FBTC,Fidelity Wise Origin Bitcoin,BTC-USD,2025-12-17,74.85,20000.0,0.25,52.937,46.2,1.6737,52.447,557.543
569,FBTC,Fidelity Wise Origin Bitcoin,Fidelity,FBTC,Fidelity Wise Origin Bitcoin,BTC-USD,2025-12-18,73.75,20000.0,0.25,59.535,318.4,2.5044,59.045,546.108
570,FBTC,Fidelity Wise Origin Bitcoin,Fidelity,FBTC,Fidelity Wise Origin Bitcoin,BTC-USD,2025-12-19,76.69,20000.0,0.25,66.975,-215.4,-2.3353,66.485,529.227
571,FBTC,Fidelity Wise Origin Bitcoin,Fidelity,FBTC,Fidelity Wise Origin Bitcoin,BTC-USD,2025-12-22,76.96,20000.0,0.25,62.474,192.8,2.2873,61.984,494.947
572,FBTC,Fidelity Wise Origin Bitcoin,Fidelity,FBTC,Fidelity Wise Origin Bitcoin,BTC-USD,2025-12-23,76.34,20000.0,0.25,62.474,321.1,2.508,61.984,456.187
573,FBTC,Fidelity Wise Origin Bitcoin,Fidelity,FBTC,Fidelity Wise Origin Bitcoin,BTC-USD,2025-12-24,76.02,20000.0,0.25,65.238,472.3,2.6752,64.771,440.518
574,FBTC,Fidelity Wise Origin Bitcoin,Fidelity,FBTC,Fidelity Wise Origin Bitcoin,BTC-USD,2025-12-26,76.28,20000.0,0.25,60.563,170.9,2.2353,60.186,441.483
575,FBTC,Fidelity Wise Origin Bitcoin,Fidelity,FBTC,Fidelity Wise Origin Bitcoin,BTC-USD,2025-12-29,75.88,20000.0,0.25,63.987,383.3,2.5847,63.639,429.125
576,FBTC,Fidelity Wise Origin Bitcoin,Fidelity,FBTC,Fidelity Wise Origin Bitcoin,BTC-USD,2025-12-30,76.55,20000.0,0.25,63.987,293.2,2.4687,63.639,434.96
577,FBTC,Fidelity Wise Origin Bitcoin,Fidelity,FBTC,Fidelity Wise Origin Bitcoin,BTC-USD,2025-12-31,76.23,20000.0,0.25,65.586,477.0,2.6794,65.303,423.916
578,FBTC,Fidelity Wise Origin Bitcoin,Fidelity,FBTC,Fidelity Wise Origin Bitcoin,BTC-USD,2026-01-02,78.19,20000.0,0.25,65.586,307.2,2.4889,65.303,422.921
579,FBTC,Fidelity Wise Origin Bitcoin,Fidelity,FBTC,Fidelity Wise Origin Bitcoin,BTC-USD,2026-01-05,82.1,20000.0,0.25,65.586,150.2,2.1796,65.303,430.232
580,FBTC,Fidelity Wise Origin Bitcoin,Fidelity,FBTC,Fidelity Wise Origin Bitcoin,BTC-USD,2026-01-06,80.55,20000.0,0.25,67.503,534.8,2.729,67.155,436.386
581,FBTC,Fidelity Wise Origin Bitcoin,Fidelity,FBTC,Fidelity Wise Origin Bitcoin,BTC-USD,2026-01-07,79.23,20000.0,0.25,67.503,511.7,2.7098,67.155,431.875
582,FBTC,Fidelity Wise Origin Bitcoin,Fidelity,FBTC,Fidelity Wise Origin Bitcoin,BTC-USD,2026-01-08,79.12,20000.0,0.25,62.58,108.3,2.0387,62.297,435.65
583,FBTC,Fidelity Wise Origin Bitcoin,Fidelity,FBTC,Fidelity Wise Origin Bitcoin,BTC-USD,2026-01-09,78.59,20000.0,0.25,66.443,729.5,2.8636,66.184,425.919
584,FBTC,Fidelity Wise Origin Bitcoin,Fidelity,FBTC,Fidelity Wise Origin Bitcoin,BTC-USD,2026-01-12,79.69,20000.0,0.25,63.444,596.6,2.7764,63.16,424.126
585,FBTC,Fidelity Wise Origin Bitcoin,Fidelity,FBTC,Fidelity Wise Origin Bitcoin,BTC-USD,2026-01-13,82.33,20000.0,0.25,63.508,548.7,2.7401,63.16,427.418
586,FBTC,Fidelity Wise Origin Bitcoin,Fidelity,FBTC,Fidelity Wise Origin Bitcoin,BTC-USD,2026-01-14,85.12,20000.0,0.25,54.59,585.0,2.7679,54.242,432.062
587,FBTC,Fidelity Wise Origin Bitcoin,Fidelity,FBTC,Fidelity Wise Origin Bitcoin,BTC-USD,2026-01-15,82.99,20000.0,0.25,59.303,667.0,2.8248,58.955,427.599
588,FBTC,Fidelity Wise Origin Bitcoin,Fidelity,FBTC,Fidelity Wise Origin Bitcoin,BTC-USD,2026-01-16,83.23,20000.0,0.25,56.654,512.6,2.7106,56.37,424.253
589,FBTC,Fidelity Wise Origin Bitcoin,Fidelity,FBTC,Fidelity Wise Origin Bitcoin,BTC-USD,2026-01-20,77.98,20000.0,0.25,54.293,170.7,2.2348,53.945,409.589
590,FBTC,Fidelity Wise Origin Bitcoin,Fidelity,FBTC,Fidelity Wise Origin Bitcoin,BTC-USD,2026-01-21,78.49,20000.0,0.25,39.437,364.2,2.5626,39.153,425.956
591,FBTC,Fidelity Wise Origin Bitcoin,Fidelity,FBTC,Fidelity Wise Origin Bitcoin,BTC-USD,2026-01-22,77.83,20000.0,0.25,36.121,577.6,2.7624,35.837,421.394
592,FBTC,Fidelity Wise Origin Bitcoin,Fidelity,FBTC,Fidelity Wise Origin Bitcoin,BTC-USD,2026-01-23,77.92,20000.0,0.25,39.773,719.1,2.8574,39.489,411.155
593,FBTC,Fidelity Wise Origin Bitcoin,Fidelity,FBTC,Fidelity Wise Origin Bitcoin,BTC-USD,2026-01-26,76.26,20000.0,0.25,39.779,597.5,2.777,39.489,417.31
594,FBTC,Fidelity Wise Origin Bitcoin,Fidelity,FBTC,Fidelity Wise Origin Bitcoin,BTC-USD,2026-01-27,77.83,20000.0,0.25,42.875,553.2,2.7436,42.453,424.551
595,FBTC,Fidelity Wise Origin Bitcoin,Fidelity,FBTC,Fidelity Wise Origin Bitcoin,BTC-USD,2026-01-28,77.55,20000.0,0.25,41.278,535.2,2.7294,40.856,418.568
596,FBTC,Fidelity Wise Origin Bitcoin,Fidelity,FBTC,Fidelity Wise Origin Bitcoin,BTC-USD,2026-01-29,73.15,20000.0,0.25,37.827,536.2,2.7302,37.403,436.985
597,FBTC,Fidelity Wise Origin Bitcoin,Fidelity,FBTC,Fidelity Wise Origin Bitcoin,BTC-USD,2026-01-30,73.02,20000.0,0.25,37.827,734.3,2.8664,37.403,443.814
598,FBTC,Fidelity Wise Origin Bitcoin,Fidelity,FBTC,Fidelity Wise Origin Bitcoin,BTC-USD,2026-02-02,67.89,20000.0,0.25,36.178,568.0,2.7551,35.739,469.106
599,FBTC,Fidelity Wise Origin Bitcoin,Fidelity,FBTC,Fidelity Wise Origin Bitcoin,BTC-USD,2026-02-03,66.58,20000.0,0.25,36.178,206.7,2.3174,35.739,482.837
600,FBTC,Fidelity Wise Origin Bitcoin,Fidelity,FBTC,Fidelity Wise Origin Bitcoin,BTC-USD,2026-02-04,63.9,20000.0,0.25,39.674,274.5,2.44,39.235,499.726
601,FBTC,Fidelity Wise Origin Bitcoin,Fidelity,FBTC,Fidelity Wise Origin Bitcoin,BTC-USD,2026-02-05,55.45,20000.0,0.25,34.975,319.9,2.5064,34.531,548.361
602,FBTC,Fidelity Wise Origin Bitcoin,Fidelity,FBTC,Fidelity Wise Origin Bitcoin,BTC-USD,2026-02-06,60.96,20000.0,0.25,40.331,677.4,2.8315,39.887,562.739
603,FBTC,Fidelity Wise Origin Bitcoin,Fidelity,FBTC,Fidelity Wise Origin Bitcoin,BTC-USD,2026-02-09,61.605,20000.0,0.25,52.698,262.8,2.4214,52.254,569.372
604,FBTC,Fidelity Wise Origin Bitcoin,Fidelity,FBTC,Fidelity Wise Origin Bitcoin,BTC-USD,2026-02-10,59.9,20000.0,0.25,50.684,612.3,2.7877,50.165,567.55
605,FBTC,Fidelity Wise Origin Bitcoin,Fidelity,FBTC,Fidelity Wise Origin Bitcoin,BTC-USD,2026-02-11,58.82,20000.0,0.25,43.259,377.5,2.5781,42.739,573.259
606,FBTC,Fidelity Wise Origin Bitcoin,Fidelity,FBTC,Fidelity Wise Origin Bitcoin,BTC-USD,2026-02-12,56.91,20000.0,0.25,58.102,910.1,2.9596,57.582,577.646
607,FBTC,Fidelity Wise Origin Bitcoin,Fidelity,FBTC,Fidelity Wise Origin Bitcoin,BTC-USD,2026-02-13,59.89,20000.0,0.25,58.102,536.3,2.7302,57.582,569.367
608,FBTC,Fidelity Wise Origin Bitcoin,Fidelity,FBTC,Fidelity Wise Origin Bitcoin,BTC-USD,2026-02-17,59.02,20000.0,0.25,57.355,407.4,2.6111,56.869,563.289
609,FBTC,Fidelity Wise Origin Bitcoin,Fidelity,FBTC,Fidelity Wise Origin Bitcoin,BTC-USD,2026-02-18,57.69,20000.0,0.25,66.009,623.3,2.7954,65.49,562.066
610,FBTC,Fidelity Wise Origin Bitcoin,Fidelity,FBTC,Fidelity Wise Origin Bitcoin,BTC-USD,2026-02-19,58.46,20000.0,0.25,70.436,467.9,2.671,69.916,548.572
611,FBTC,Fidelity Wise Origin Bitcoin,Fidelity,FBTC,Fidelity Wise Origin Bitcoin,BTC-USD,2026-02-20,59.01,20000.0,0.25,70.436,560.9,2.7497,69.916,533.386
612,FBTC,Fidelity Wise Origin Bitcoin,Fidelity,FBTC,Fidelity Wise Origin Bitcoin,BTC-USD,2026-02-23,56.13,20000.0,0.25,66.376,507.6,2.7064,65.793,537.313
613,FBTC,Fidelity Wise Origin Bitcoin,Fidelity,FBTC,Fidelity Wise Origin Bitcoin,BTC-USD,2026-02-24,56.13,20000.0,0.25,62.156,440.4,2.6448,61.56,536.974
614,FBTC,Fidelity Wise Origin Bitcoin,Fidelity,FBTC,Fidelity Wise Origin Bitcoin,BTC-USD,2026-02-25,60.3,20000.0,0.25,62.192,186.6,2.2732,61.56,535.229
615,FBTC,Fidelity Wise Origin Bitcoin,Fidelity,FBTC,Fidelity Wise Origin Bitcoin,BTC-USD,2026-02-26,58.74,20000.0,0.25,63.999,355.2,2.5517,63.366,537.045
616,FBTC,Fidelity Wise Origin Bitcoin,Fidelity,FBTC,Fidelity Wise Origin Bitcoin,BTC-USD,2026-02-27,57.15,20000.0,0.25,64.11,724.2,2.8605,63.366,530.443
617,FBTC,Fidelity Wise Origin Bitcoin,Fidelity,FBTC,Fidelity Wise Origin Bitcoin,BTC-USD,2026-03-02,60.26,20000.0,0.25,64.11,245.4,2.3917,63.366,527.669
618,FBTC,Fidelity Wise Origin Bitcoin,Fidelity,FBTC,Fidelity Wise Origin Bitcoin,BTC-USD,2026-03-03,59.45,20000.0,0.25,77.895,384.5,2.586,77.151,513.523
619,FBTC,Fidelity Wise Origin Bitcoin,Fidelity,FBTC,Fidelity Wise Origin Bitcoin,BTC-USD,2026-03-04,63.68,20000.0,0.25,77.895,235.9,2.3745,77.151,492.904
620,FBTC,Fidelity Wise Origin Bitcoin,Fidelity,FBTC,Fidelity Wise Origin Bitcoin,BTC-USD,2026-03-05,62.05,20000.0,0.25,79.0,423.5,2.6279,78.144,465.094
621,FBTC,Fidelity Wise Origin Bitcoin,Fidelity,FBTC,Fidelity Wise Origin Bitcoin,BTC-USD,2026-03-06,59.31,20000.0,0.25,75.521,301.0,2.4801,74.648,437.305
622,FBTC,Fidelity Wise Origin Bitcoin,Fidelity,FBTC,Fidelity Wise Origin Bitcoin,BTC-USD,2026-03-09,60.13,20000.0,0.25,76.57,439.5,2.644,75.714,382.026
623,FBTC,Fidelity Wise Origin Bitcoin,Fidelity,FBTC,Fidelity Wise Origin Bitcoin,BTC-USD,2026-03-10,61.03,20000.0,0.25,71.103,418.6,2.6228,70.359,366.492
624,FBTC,Fidelity Wise Origin Bitcoin,Fidelity,FBTC,Fidelity Wise Origin Bitcoin,BTC-USD,2026-03-11,61.57,20000.0,0.25,66.691,274.6,2.4402,65.948,355.254
625,FBTC,Fidelity Wise Origin Bitcoin,Fidelity,FBTC,Fidelity Wise Origin Bitcoin,BTC-USD,2026-03-12,61.37,20000.0,0.25,65.702,408.6,2.6123,65.069,357.05
626,FBTC,Fidelity Wise Origin Bitcoin,Fidelity,FBTC,Fidelity Wise Origin Bitcoin,BTC-USD,2026-03-13,61.98,20000.0,0.25,65.702,244.7,2.3903,65.069,357.114
627,FBTC,Fidelity Wise Origin Bitcoin,Fidelity,FBTC,Fidelity Wise Origin Bitcoin,BTC-USD,2026-03-16,64.44,20000.0,0.25,50.97,804.4,2.906,50.227,350.797
628,FBTC,Fidelity Wise Origin Bitcoin,Fidelity,FBTC,Fidelity Wise Origin Bitcoin,BTC-USD,2026-03-17,64.94,20000.0,0.25,54.718,240.7,2.3833,54.085,350.215
629,FBTC,Fidelity Wise Origin Bitcoin,Fidelity,FBTC,Fidelity Wise Origin Bitcoin,BTC-USD,2026-03-18,61.89,20000.0,0.25,50.829,531.2,2.7261,50.085,350.742
630,FBTC,Fidelity Wise Origin Bitcoin,Fidelity,FBTC,Fidelity Wise Origin Bitcoin,BTC-USD,2026-03-19,61.19,20000.0,0.25,42.209,255.5,2.4091,41.465,347.67
631,FBTC,Fidelity Wise Origin Bitcoin,Fidelity,FBTC,Fidelity Wise Origin Bitcoin,BTC-USD,2026-03-20,61.12,20000.0,0.25,43.335,644.1,2.8097,42.591,346.93
632,FBTC,Fidelity Wise Origin Bitcoin,Fidelity,FBTC,Fidelity Wise Origin Bitcoin,BTC-USD,2026-03-23,61.55,20000.0,0.25,43.335,447.7,2.652,42.591,341.46
633,FBTC,Fidelity Wise Origin Bitcoin,Fidelity,FBTC,Fidelity Wise Origin Bitcoin,BTC-USD,2026-03-24,60.4,20000.0,0.25,43.197,687.5,2.8379,42.591,338.448
634,FBTC,Fidelity Wise Origin Bitcoin,Fidelity,FBTC,Fidelity Wise Origin Bitcoin,BTC-USD,2026-03-25,61.69,20000.0,0.25,43.197,514.4,2.7122,42.591,337.152
635,FBTC,Fidelity Wise Origin Bitcoin,Fidelity,FBTC,Fidelity Wise Origin Bitcoin,BTC-USD,2026-03-26,59.66,20000.0,0.25,43.197,592.6,2.7735,42.591,332.057
636,FBTC,Fidelity Wise Origin Bitcoin,Fidelity,FBTC,Fidelity Wise Origin Bitcoin,BTC-USD,2026-03-27,57.47,20000.0,0.25,35.64,652.2,2.815,35.034,332.745
637,FBTC,Fidelity Wise Origin Bitcoin,Fidelity,FBTC,Fidelity Wise Origin Bitcoin,BTC-USD,2026-03-30,57.89,20000.0,0.25,35.507,458.1,2.6619,35.034,339.498
638,FBTC,Fidelity Wise Origin Bitcoin,Fidelity,FBTC,Fidelity Wise Origin Bitcoin,BTC-USD,2026-03-31,59.03,20000.0,0.25,43.455,645.4,2.8105,42.981,329.742
639,FBTC,Fidelity Wise Origin Bitcoin,Fidelity,FBTC,Fidelity Wise Origin Bitcoin,BTC-USD,2026-04-01,59.36,20000.0,0.25,29.67,548.5,2.74,29.196,330.521
640,FBTC,Fidelity Wise Origin Bitcoin,Fidelity,FBTC,Fidelity Wise Origin Bitcoin,BTC-USD,2026-04-02,58.36,20000.0,0.25,29.67,341.8,2.5351,29.196,322.429
641,FBTC,Fidelity Wise Origin Bitcoin,Fidelity,FBTC,Fidelity Wise Origin Bitcoin,BTC-USD,2026-04-06,60.72,20000.0,0.25,28.677,368.8,2.568,28.204,321.666
642,FBTC,Fidelity Wise Origin Bitcoin,Fidelity,FBTC,Fidelity Wise Origin Bitcoin,BTC-USD,2026-04-07,60.09,20000.0,0.25,28.677,1440.9,3.1589,28.204,315.818
643,FBTC,Fidelity Wise Origin Bitcoin,Fidelity,FBTC,Fidelity Wise Origin Bitcoin,BTC-USD,2026-04-08,62.14,20000.0,0.25,27.614,584.4,2.7674,27.138,311.202
644,FBTC,Fidelity Wise Origin Bitcoin,Fidelity,FBTC,Fidelity Wise Origin Bitcoin,BTC-USD,2026-04-09,62.83,20000.0,0.25,39.462,442.9,2.6473,38.986,307.567
645,FBTC,Fidelity Wise Origin Bitcoin,Fidelity,FBTC,Fidelity Wise Origin Bitcoin,BTC-USD,2026-04-10,63.85,20000.0,0.25,31.515,416.1,2.6202,31.03,303.061
646,FBTC,Fidelity Wise Origin Bitcoin,Fidelity,FBTC,Fidelity Wise Origin Bitcoin,BTC-USD,2026-04-13,63.9,20000.0,0.25,35.529,646.8,2.8114,35.044,302.671
647,FBTC,Fidelity Wise Origin Bitcoin,Fidelity,FBTC,Fidelity Wise Origin Bitcoin,BTC-USD,2026-04-14,64.71,20000.0,0.25,35.529,867.5,2.9388,35.044,298.26
648,FBTC,Fidelity Wise Origin Bitcoin,Fidelity,FBTC,Fidelity Wise Origin Bitcoin,BTC-USD,2026-04-15,65.36,20000.0,0.25,40.073,373.3,2.5732,39.596,288.216
649,FBTC,Fidelity Wise Origin Bitcoin,Fidelity,FBTC,Fidelity Wise Origin Bitcoin,BTC-USD,2026-04-16,65.63,20000.0,0.25,44.922,138.6,2.1448,44.446,284.288
650,FBTC,Fidelity Wise Origin Bitcoin,Fidelity,FBTC,Fidelity Wise Origin Bitcoin,BTC-USD,2026-04-17,67.48,20000.0,0.25,44.922,188.1,2.2768,44.446,291.618
651,FBTC,Fidelity Wise Origin Bitcoin,Fidelity,FBTC,Fidelity Wise Origin Bitcoin,BTC-USD,2026-04-20,66.44,20000.0,0.25,44.931,54.8,1.7469,44.446,288.691
652,FBTC,Fidelity Wise Origin Bitcoin,Fidelity,FBTC,Fidelity Wise Origin Bitcoin,BTC-USD,2026-04-21,65.32,20000.0,0.25,49.444,471.5,2.6744,48.848,288.772
653,FBTC,Fidelity Wise Origin Bitcoin,Fidelity,FBTC,Fidelity Wise Origin Bitcoin,BTC-USD,2026-04-22,68.69,20000.0,0.25,49.454,47.7,1.688,48.848,286.688
654,FBTC,Fidelity Wise Origin Bitcoin,Fidelity,FBTC,Fidelity Wise Origin Bitcoin,BTC-USD,2026-04-23,67.67,20000.0,0.25,49.456,876.1,2.943,48.848,283.593
655,FBTC,Fidelity Wise Origin Bitcoin,Fidelity,FBTC,Fidelity Wise Origin Bitcoin,BTC-USD,2026-04-24,67.61,20000.0,0.25,53.305,76.9,1.8917,52.708,284.029
656,FBTC,Fidelity Wise Origin Bitcoin,Fidelity,FBTC,Fidelity Wise Origin Bitcoin,BTC-USD,2026-04-27,66.95,20000.0,0.25,55.952,325.3,2.5136,55.467,282.648
657,FBTC,Fidelity Wise Origin Bitcoin,Fidelity,FBTC,Fidelity Wise Origin Bitcoin,BTC-USD,2026-04-28,66.48,20000.0,0.25,55.952,136.9,2.1397,55.467,272.101
658,FBTC,Fidelity Wise Origin Bitcoin,Fidelity,FBTC,Fidelity Wise Origin Bitcoin,BTC-USD,2026-04-29,65.71,20000.0,0.25,58.237,513.3,2.7112,57.752,267.439
659,FBTC,Fidelity Wise Origin Bitcoin,Fidelity,FBTC,Fidelity Wise Origin Bitcoin,BTC-USD,2026-04-30,66.53,20000.0,0.25,51.808,340.1,2.5329,51.288,256.069
660,FBTC,Fidelity Wise Origin Bitcoin,Fidelity,FBTC,Fidelity Wise Origin Bitcoin,BTC-USD,2026-05-01,68.3,20000.0,0.25,51.885,180.8,2.2597,51.288,257.319
661,FBTC,Fidelity Wise Origin Bitcoin,Fidelity,FBTC,Fidelity Wise Origin Bitcoin,BTC-USD,2026-05-04,69.72,20000.0,0.25,51.885,-332.6,-2.5232,51.288,259.594
662,FBTC,Fidelity Wise Origin Bitcoin,Fidelity,FBTC,Fidelity Wise Origin Bitcoin,BTC-USD,2026-05-05,71.08,20000.0,0.25,51.885,-36.3,-1.5715,51.288,258.617
663,FBTC,Fidelity Wise Origin Bitcoin,Fidelity,FBTC,Fidelity Wise Origin Bitcoin,BTC-USD,2026-05-06,70.92,20000.0,0.25,53.307,44.1,1.6541,52.711,257.15
664,FBTC,Fidelity Wise Origin Bitcoin,Fidelity,FBTC,Fidelity Wise Origin Bitcoin,BTC-USD,2026-05-07,69.8,20000.0,0.25,53.307,-219.3,-2.3429,52.711,257.19
665,FBTC,Fidelity Wise Origin Bitcoin,Fidelity,FBTC,Fidelity Wise Origin Bitcoin,BTC-USD,2026-05-08,69.81,20000.0,0.25,45.353,9.4,1.0165,44.757,252.538
666,FBTC,Fidelity Wise Origin Bitcoin,Fidelity,FBTC,Fidelity Wise Origin Bitcoin,BTC-USD,2026-05-11,71.35,20000.0,0.25,45.353,-161.8,-2.2118,44.757,253.917
667,FBTC,Fidelity Wise Origin Bitcoin,Fidelity,FBTC,Fidelity Wise Origin Bitcoin,BTC-USD,2026-05-12,70.36,20000.0,0.25,39.528,1.7,0.4308,38.92,248.159
668,FBTC,Fidelity Wise Origin Bitcoin,Fidelity,FBTC,Fidelity Wise Origin Bitcoin,BTC-USD,2026-05-13,69.3,20000.0,0.25,39.556,-17.3,-1.2623,38.92,242.125
669,FBTC,Fidelity Wise Origin Bitcoin,Fidelity,FBTC,Fidelity Wise Origin Bitcoin,BTC-USD,2026-05-14,70.89,20000.0,0.25,35.031,-132.7,-2.1261,34.369,245.887
670,FBTC,Fidelity Wise Origin Bitcoin,Fidelity,FBTC,Fidelity Wise Origin Bitcoin,BTC-USD,2026-05-15,68.84,20000.0,0.25,26.356,-18.5,-1.2909,25.66,245.009
671,FBTC,Fidelity Wise Origin Bitcoin,Fidelity,FBTC,Fidelity Wise Origin Bitcoin,BTC-USD,2026-05-18,66.87,20000.0,0.25,26.385,-292.1,-2.467,25.66,236.59
672,FBTC,Fidelity Wise Origin Bitcoin,Fidelity,FBTC,Fidelity Wise Origin Bitcoin,BTC-USD,2026-05-19,66.82,20000.0,0.25,31.221,-92.4,-1.9701,30.496,232.049
673,FBTC,Fidelity Wise Origin Bitcoin,Fidelity,FBTC,Fidelity Wise Origin Bitcoin,BTC-USD,2026-05-20,67.57,20000.0,0.25,21.237,-205.5,-2.3149,20.541,230.106
674,FBTC,Fidelity Wise Origin Bitcoin,Fidelity,FBTC,Fidelity Wise Origin Bitcoin,BTC-USD,2026-05-21,67.56,20000.0,0.25,25.931,-137.3,-2.1408,25.285,224.399
675,FBTC,Fidelity Wise Origin Bitcoin,Fidelity,FBTC,Fidelity Wise Origin Bitcoin,BTC-USD,2026-05-22,65.98,20000.0,0.25,25.981,-600.8,-2.7795,25.285,221.514
676,FBTC,Fidelity Wise Origin Bitcoin,Fidelity,FBTC,Fidelity Wise Origin Bitcoin,BTC-USD,2026-05-26,66.06,20000.0,0.25,29.334,-243.8,-2.3888,28.638,222.276
677,FBTC,Fidelity Wise Origin Bitcoin,Fidelity,FBTC,Fidelity Wise Origin Bitcoin,BTC-USD,2026-05-27,65.22,20000.0,0.25,26.576,-407.1,-2.6107,25.88,222.346
678,FBTC,Fidelity Wise Origin Bitcoin,Fidelity,FBTC,Fidelity Wise Origin Bitcoin,BTC-USD,2026-05-28,63.84,20000.0,0.25,26.605,172.4,2.2391,25.88,225.799
679,FBTC,Fidelity Wise Origin Bitcoin,Fidelity,FBTC,Fidelity Wise Origin Bitcoin,BTC-USD,2026-05-29,63.9,20000.0,0.25,29.743,-100.8,-2.0077,29.018,224.112
680,FBTC,Fidelity Wise Origin Bitcoin,Fidelity,FBTC,Fidelity Wise Origin Bitcoin,BTC-USD,2026-06-01,62.2,20000.0,0.25,28.259,-131.0,-2.1204,27.534,231.64
681,FBTC,Fidelity Wise Origin Bitcoin,Fidelity,FBTC,Fidelity Wise Origin Bitcoin,BTC-USD,2026-06-02,58.46,20000.0,0.25,28.259,59.1,1.7787,27.534,236.78
682,FBTC,Fidelity Wise Origin Bitcoin,Fidelity,FBTC,Fidelity Wise Origin Bitcoin,BTC-USD,2026-06-03,56.91,20000.0,0.25,28.271,-283.5,-2.4541,27.534,233.075
683,FBTC,Fidelity Wise Origin Bitcoin,Fidelity,FBTC,Fidelity Wise Origin Bitcoin,BTC-USD,2026-06-04,55.27,20000.0,0.25,28.271,394.4,2.597,27.534,239.707
684,FBTC,Fidelity Wise Origin Bitcoin,Fidelity,FBTC,Fidelity Wise Origin Bitcoin,BTC-USD,2026-06-05,52.46,20000.0,0.25,26.866,605.7,2.7829,26.112,262.165
685,FBTC,Fidelity Wise Origin Bitcoin,Fidelity,FBTC,Fidelity Wise Origin Bitcoin,BTC-USD,2026-06-08,55.17,20000.0,0.25,26.897,414.5,2.6186,26.112,267.896
686,FBTC,Fidelity Wise Origin Bitcoin,Fidelity,FBTC,Fidelity Wise Origin Bitcoin,BTC-USD,2026-06-09,54.01,20000.0,0.25,23.003,317.8,2.5035,22.217,276.301
687,FBTC,Fidelity Wise Origin Bitcoin,Fidelity,FBTC,Fidelity Wise Origin Bitcoin,BTC-USD,2026-06-10,53.88,20000.0,0.25,25.47,360.3,2.5579,24.716,276.098
688,FBTC,Fidelity Wise Origin Bitcoin,Fidelity,FBTC,Fidelity Wise Origin Bitcoin,BTC-USD,2026-06-11,55.29,20000.0,0.25,25.501,526.9,2.7226,24.716,276.829
689,FBTC,Fidelity Wise Origin Bitcoin,Fidelity,FBTC,Fidelity Wise Origin Bitcoin,BTC-USD,2026-06-12,55.35,20000.0,0.25,25.978,513.9,2.7117,25.192,275.02
690,FBTC,Fidelity Wise Origin Bitcoin,Fidelity,FBTC,Fidelity Wise Origin Bitcoin,BTC-USD,2026-06-15,57.96,20000.0,0.25,25.983,84.8,1.9337,25.192,273.852
691,FBTC,Fidelity Wise Origin Bitcoin,Fidelity,FBTC,Fidelity Wise Origin Bitcoin,BTC-USD,2026-06-16,57.13,20000.0,0.25,25.983,328.8,2.5182,25.192,267.085
692,FBTC,Fidelity Wise Origin Bitcoin,Fidelity,FBTC,Fidelity Wise Origin Bitcoin,BTC-USD,2026-06-17,55.89,20000.0,0.25,28.942,262.2,2.4203,28.151,262.483
693,FBTC,Fidelity Wise Origin Bitcoin,Fidelity,FBTC,Fidelity Wise Origin Bitcoin,BTC-USD,2026-06-18,54.77,20000.0,0.25,24.118,338.9,2.5314,23.315,267.863
694,FBTC,Fidelity Wise Origin Bitcoin,Fidelity,FBTC,Fidelity Wise Origin Bitcoin,BTC-USD,2026-06-22,56.02,20000.0,0.25,24.154,175.7,2.2473,23.315,272.131
695,FBTC,Fidelity Wise Origin Bitcoin,Fidelity,FBTC,Fidelity Wise Origin Bitcoin,BTC-USD,2026-06-23,54.25,20000.0,0.25,19.431,305.1,2.4859,18.571,271.55
696,FBTC,Fidelity Wise Origin Bitcoin,Fidelity,FBTC,Fidelity Wise Origin Bitcoin,BTC-USD,2026-06-24,52.05,20000.0,0.25,19.431,813.6,2.911,18.571,281.755
697,FBTC,Fidelity Wise Origin Bitcoin,Fidelity,FBTC,Fidelity Wise Origin Bitcoin,BTC-USD,2026-06-25,51.47,20000.0,0.25,19.318,633.3,2.8023,18.458,289.534
698,FBTC,Fidelity Wise Origin Bitcoin,Fidelity,FBTC,Fidelity Wise Origin Bitcoin,BTC-USD,2026-06-26,51.98,20000.0,0.25,27.761,605.0,2.7825,26.901,288.399
699,FBTC,Fidelity Wise Origin Bitcoin,Fidelity,FBTC,Fidelity Wise Origin Bitcoin,BTC-USD,2026-06-29,52.52,20000.0,0.25,39.311,307.5,2.4893,38.472,287.761
700,FBTC,Fidelity Wise Origin Bitcoin,Fidelity,FBTC,Fidelity Wise Origin Bitcoin,BTC-USD,2026-06-30,51.05,20000.0,0.25,33.908,520.7,2.7174,33.048,292.984
701,FBTC,Fidelity Wise Origin Bitcoin,Fidelity,FBTC,Fidelity Wise Origin Bitcoin,BTC-USD,2026-07-01,52.23,20000.0,0.25,33.914,440.3,2.6448,33.048,290.248
702,FBTC,Fidelity Wise Origin Bitcoin,Fidelity,FBTC,Fidelity Wise Origin Bitcoin,BTC-USD,2026-07-02,53.52,20000.0,0.25,33.914,328.3,2.5176,33.048,279.419
703,FBTC,Fidelity Wise Origin Bitcoin,Fidelity,FBTC,Fidelity Wise Origin Bitcoin,BTC-USD,2026-07-06,55.43,20000.0,0.25,35.751,555.4,2.7454,34.884,284.345
704,FBTC,Fidelity Wise Origin Bitcoin,Fidelity,FBTC,Fidelity Wise Origin Bitcoin,BTC-USD,2026-07-07,55.53,20000.0,0.25,38.862,271.2,2.4349,37.995,271.081
705,FBTC,Fidelity Wise Origin Bitcoin,Fidelity,FBTC,Fidelity Wise Origin Bitcoin,BTC-USD,2026-07-08,54.17,20000.0,0.25,38.947,565.6,2.7533,37.995,245.966
706,FBTC,Fidelity Wise Origin Bitcoin,Fidelity,FBTC,Fidelity Wise Origin Bitcoin,BTC-USD,2026-07-09,54.96,20000.0,0.25,38.862,232.6,2.3684,37.995,240.625
707,FBTC,Fidelity Wise Origin Bitcoin,Fidelity,FBTC,Fidelity Wise Origin Bitcoin,BTC-USD,2026-07-10,55.615,20000.0,0.25,38.862,508.4,2.7071,37.995,232.401
708,FBTC,Fidelity Wise Origin Bitcoin,Fidelity,FBTC,Fidelity Wise Origin Bitcoin,BTC-USD,2026-07-13,54.13,20000.0,0.25,36.363,477.5,2.6799,35.497,243.406
709,FBTC,Fidelity Wise Origin Bitcoin,Fidelity,FBTC,Fidelity Wise Origin Bitcoin,BTC-USD,2026-07-14,56.22,20000.0,0.25,36.363,568.3,2.7554,35.497,247.665
710,FBTC,Fidelity Wise Origin Bitcoin,Fidelity,FBTC,Fidelity Wise Origin Bitcoin,BTC-USD,2026-07-15,56.54,20000.0,0.25,35.887,499.1,2.699,35.02,245.883
711,FBTC,Fidelity Wise Origin Bitcoin,Fidelity,FBTC,Fidelity Wise Origin Bitcoin,BTC-USD,2026-07-16,55.93,20000.0,0.25,35.887,160.3,2.2077,35.02,237.013
712,FBTC,Fidelity Wise Origin Bitcoin,Fidelity,FBTC,Fidelity Wise Origin Bitcoin,BTC-USD,2026-07-17,55.82,20000.0,0.25,35.88,552.1,2.7428,35.02,241.641
713,FBTC,Fidelity Wise Origin Bitcoin,Fidelity,FBTC,Fidelity Wise Origin Bitcoin,BTC-USD,2026-07-20,56.69,20000.0,0.25,32.887,442.7,2.647,32.062,245.06
714,FBTC,Fidelity Wise Origin Bitcoin,Fidelity,FBTC,Fidelity Wise Origin Bitcoin,BTC-USD,2026-07-21,57.83,20000.0,0.25,32.921,491.3,2.6922,32.062,240.287
715,FBTC,Fidelity Wise Origin Bitcoin,Fidelity,FBTC,Fidelity Wise Origin Bitcoin,BTC-USD,2026-07-22,57.38,20000.0,0.25,32.887,833.6,2.9215,32.062,232.47
716,FBTC,Fidelity Wise Origin Bitcoin,Fidelity,FBTC,Fidelity Wise Origin Bitcoin,BTC-USD,2026-07-23,56.39,20000.0,0.25,32.887,746.5,2.8736,32.062,230.604
717,FBTC,Fidelity Wise Origin Bitcoin,Fidelity,FBTC,Fidelity Wise Origin Bitcoin,BTC-USD,2026-07-24,55.83,20000.0,0.25,32.856,466.3,2.6696,32.062,219.044
718,FBTC,Fidelity Wise Origin Bitcoin,Fidelity,FBTC,Fidelity Wise Origin Bitcoin,BTC-USD,2026-07-27,56.51,20000.0,0.25,25.787,122.0,2.0899,24.961,203.666
719,FBTC,Fidelity Wise Origin Bitcoin,Fidelity,FBTC,Fidelity Wise Origin Bitcoin,BTC-USD,2026-07-28,55.54,20000.0,0.25,17.384,366.0,2.5647,16.518,200.835
720,FBTC,Fidelity Wise Origin Bitcoin,Fidelity,FBTC,Fidelity Wise Origin Bitcoin,BTC-USD,2026-07-29,55.29,20000.0,0.25,5.814,682.9,2.835,4.947,204.274
721,FBTC,Fidelity Wise Origin Bitcoin,Fidelity,FBTC,Fidelity Wise Origin Bitcoin,BTC-USD,2026-07-30,56.36,20000.0,0.25,5.814,459.6,2.6634,4.947,197.814
722,FBTC,Fidelity Wise Origin Bitcoin,Fidelity,FBTC,Fidelity Wise Origin Bitcoin,BTC-USD,2026-07-31,54.71,20000.0,0.25,5.88,372.6,2.5724,4.947,200.426
723,FBTC,Fidelity Wise Origin Bitcoin,Fidelity,FBTC,Fidelity Wise Origin Bitcoin,BTC-USD,2026-08-03,55.59,20000.0,0.25,13.826,324.4,2.5124,13.001,202.744
724,FBTC,Fidelity Wise Origin Bitcoin,Fidelity,FBTC,Fidelity Wise Origin Bitcoin,BTC-USD,2026-08-04,55.89,20000.0,0.25,11.96,294.6,2.4707,11.165,192.513
725,FBTC,Fidelity Wise Origin Bitcoin,Fidelity,FBTC,Fidelity Wise Origin Bitcoin,BTC-USD,2026-08-05,56.42,20000.0,0.25,8.848,666.6,2.8245,8.054,193.664
726,FBTC,Fidelity Wise Origin Bitcoin,Fidelity,FBTC,Fidelity Wise Origin Bitcoin,BTC-USD,2026-08-06,56.06,20000.0,0.25,13.331,568.2,2.7553,12.685,193.851
727,FBTC,Fidelity Wise Origin Bitcoin,Fidelity,FBTC,Fidelity Wise Origin Bitcoin,BTC-USD,2026-08-07,56.53,20000.0,0.25,13.365,705.7,2.8492,12.685,189.026
728,FBTC,Fidelity Wise Origin Bitcoin,Fidelity,FBTC,Fidelity Wise Origin Bitcoin,BTC-USD,2026-08-10,55.65,20000.0,0.25,13.361,398.5,2.6015,12.685,193.247
729,FBTC,Fidelity Wise Origin Bitcoin,Fidelity,FBTC,Fidelity Wise Origin Bitcoin,BTC-USD,2026-08-11,55.23,20000.0,0.25,13.361,765.6,2.8845,12.685,177.388
730,FBTC,Fidelity Wise Origin Bitcoin,Fidelity,FBTC,Fidelity Wise Origin Bitcoin,BTC-USD,2026-08-12,55.11,20000.0,0.25,18.183,560.8,2.7496,17.548,168.131
731,FBTC,Fidelity Wise Origin Bitcoin,Fidelity,FBTC,Fidelity Wise Origin Bitcoin,BTC-USD,2026-08-13,55.09,20000.0,0.25,21.25,701.1,2.8464,20.615,166.914
732,FBTC,Fidelity Wise Origin Bitcoin,Fidelity,FBTC,Fidelity Wise Origin Bitcoin,BTC-USD,2026-08-14,54.74,20000.0,0.25,21.25,254.5,2.4074,20.615,167.931
733,FBTC,Fidelity Wise Origin Bitcoin,Fidelity,FBTC,Fidelity Wise Origin Bitcoin,BTC-USD,2026-08-17,55.94,20000.0,0.25,21.256,567.6,2.7548,20.615,170.628
734,FBTC,Fidelity Wise Origin Bitcoin,Fidelity,FBTC,Fidelity Wise Origin Bitcoin,BTC-USD,2026-08-18,56.23,20000.0,0.25,21.256,605.0,2.7825,20.615,163.982
735,FBTC,Fidelity Wise Origin Bitcoin,Fidelity,FBTC,Fidelity Wise Origin Bitcoin,BTC-USD,2026-08-19,59.6,20000.0,0.25,21.256,606.1,2.7833,20.615,187.814
736,FBTC,Fidelity Wise Origin Bitcoin,Fidelity,FBTC,Fidelity Wise Origin Bitcoin,BTC-USD,2026-08-20,63.27,20000.0,0.25,21.256,556.7,2.7464,20.615,204.073
737,FBTC,Fidelity Wise Origin Bitcoin,Fidelity,FBTC,Fidelity Wise Origin Bitcoin,BTC-USD,2026-08-21,67.02,20000.0,0.25,21.256,641.9,2.8081,20.615,222.876
738,FBTC,Fidelity Wise Origin Bitcoin,Fidelity,FBTC,Fidelity Wise Origin Bitcoin,BTC-USD,2026-08-24,68.56,20000.0,0.25,21.256,311.7,2.4951,20.615,237.487
739,FBTC,Fidelity Wise Origin Bitcoin,Fidelity,FBTC,Fidelity Wise Origin Bitcoin,BTC-USD,2026-08-25,68.72,20000.0,0.25,28.279,326.0,2.5145,27.644,246.256
740,FBTC,Fidelity Wise Origin Bitcoin,Fidelity,FBTC,Fidelity Wise Origin Bitcoin,BTC-USD,2026-08-26,68.31,20000.0,0.25,28.268,858.7,2.9343,27.644,246.254
741,FBTC,Fidelity Wise Origin Bitcoin,Fidelity,FBTC,Fidelity Wise Origin Bitcoin,BTC-USD,2026-08-27,69.56,20000.0,0.25,28.268,348.1,2.543,27.644,248.668
742,GBTC,Grayscale Bitcoin Trust,Grayscale,GBTC,Grayscale Bitcoin Trust,BTC-USD,2025-03-07,68.79,18000.0,1.5,87.95,-299.9,-2.4785,86.816,195.251
743,GBTC,Grayscale Bitcoin Trust,Grayscale,GBTC,Grayscale Bitcoin Trust,BTC-USD,2025-03-10,62.43,18000.0,1.5,79.314,-358.6,-2.5558,78.133,197.13
744,GBTC,Grayscale Bitcoin Trust,Grayscale,GBTC,Grayscale Bitcoin Trust,BTC-USD,2025-03-11,65.7,18000.0,1.5,79.909,-303.3,-2.4832,78.704,195.591
745,GBTC,Grayscale Bitcoin Trust,Grayscale,GBTC,Grayscale Bitcoin Trust,BTC-USD,2025-03-12,65.57,18000.0,1.5,89.882,-58.2,-1.7722,88.701,197.174
746,GBTC,Grayscale Bitcoin Trust,Grayscale,GBTC,Grayscale Bitcoin Trust,BTC-USD,2025-03-13,63.38,18000.0,1.5,99.193,-20.5,-1.3315,98.012,197.051
747,GBTC,Grayscale Bitcoin Trust,Grayscale,GBTC,Grayscale Bitcoin Trust,BTC-USD,2025-03-14,66.95,18000.0,1.5,88.376,-418.3,-2.6225,87.194,196.096
748,GBTC,Grayscale Bitcoin Trust,Grayscale,GBTC,Grayscale Bitcoin Trust,BTC-USD,2025-03-17,66.81,18000.0,1.5,94.17,-368.5,-2.5676,92.988,195.265
749,GBTC,Grayscale Bitcoin Trust,Grayscale,GBTC,Grayscale Bitcoin Trust,BTC-USD,2025-03-18,65.08,18000.0,1.5,94.523,-504.9,-2.7041,92.988,190.895
750,GBTC,Grayscale Bitcoin Trust,Grayscale,GBTC,Grayscale Bitcoin Trust,BTC-USD,2025-03-19,67.59,18000.0,1.5,94.523,-165.5,-2.2213,92.988,189.333
751,GBTC,Grayscale Bitcoin Trust,Grayscale,GBTC,Grayscale Bitcoin Trust,BTC-USD,2025-03-20,66.5,18000.0,1.5,104.525,-442.8,-2.6472,102.99,186.977
752,GBTC,Grayscale Bitcoin Trust,Grayscale,GBTC,Grayscale Bitcoin Trust,BTC-USD,2025-03-21,66.32,18000.0,1.5,104.171,-812.0,-2.9101,102.99,183.222
753,GBTC,Grayscale Bitcoin Trust,Grayscale,GBTC,Grayscale Bitcoin Trust,BTC-USD,2025-03-24,69.77,18000.0,1.5,99.275,-370.5,-2.57,98.094,176.557
754,GBTC,Grayscale Bitcoin Trust,Grayscale,GBTC,Grayscale Bitcoin Trust,BTC-USD,2025-03-25,69.72,18000.0,1.5,103.374,-578.9,-2.7633,102.193,171.979
755,GBTC,Grayscale Bitcoin Trust,Grayscale,GBTC,Grayscale Bitcoin Trust,BTC-USD,2025-03-26,68.41,18000.0,1.5,103.374,-216.9,-2.3383,102.193,155.431
756,GBTC,Grayscale Bitcoin Trust,Grayscale,GBTC,Grayscale Bitcoin Trust,BTC-USD,2025-03-27,68.8,18000.0,1.5,110.622,-239.8,-2.3817,109.488,141.88
757,GBTC,Grayscale Bitcoin Trust,Grayscale,GBTC,Grayscale Bitcoin Trust,BTC-USD,2025-03-28,66.18,18000.0,1.5,96.739,-124.7,-2.0993,94.786,138.111
758,GBTC,Grayscale Bitcoin Trust,Grayscale,GBTC,Grayscale Bitcoin Trust,BTC-USD,2025-03-31,65.17,18000.0,1.5,92.488,-360.0,-2.5575,90.535,130.157
759,GBTC,Grayscale Bitcoin Trust,Grayscale,GBTC,Grayscale Bitcoin Trust,BTC-USD,2025-04-01,67.16,18000.0,1.5,92.99,-232.4,-2.3681,90.535,120.525
760,GBTC,Grayscale Bitcoin Trust,Grayscale,GBTC,Grayscale Bitcoin Trust,BTC-USD,2025-04-02,68.7,18000.0,1.5,92.99,-1269.0,-3.1038,90.535,117.1
761,GBTC,Grayscale Bitcoin Trust,Grayscale,GBTC,Grayscale Bitcoin Trust,BTC-USD,2025-04-03,64.76,18000.0,1.5,92.99,241.3,2.3844,90.535,118.401
762,GBTC,Grayscale Bitcoin Trust,Grayscale,GBTC,Grayscale Bitcoin Trust,BTC-USD,2025-04-04,66.32,18000.0,1.5,81.897,-502.8,-2.7023,79.442,124.091
763,GBTC,Grayscale Bitcoin Trust,Grayscale,GBTC,Grayscale Bitcoin Trust,BTC-USD,2025-04-07,61.59,18000.0,1.5,69.7,143.8,2.1606,67.246,136.267
764,GBTC,Grayscale Bitcoin Trust,Grayscale,GBTC,Grayscale Bitcoin Trust,BTC-USD,2025-04-08,60.61,18000.0,1.5,89.474,-195.5,-2.2933,87.521,132.162
765,GBTC,Grayscale Bitcoin Trust,Grayscale,GBTC,Grayscale Bitcoin Trust,BTC-USD,2025-04-09,65.04,18000.0,1.5,88.065,115.9,2.0677,86.145,140.992
766,GBTC,Grayscale Bitcoin Trust,Grayscale,GBTC,Grayscale Bitcoin Trust,BTC-USD,2025-04-10,62.82,18000.0,1.5,88.897,-195.8,-2.2941,86.978,144.035
767,GBTC,Grayscale Bitcoin Trust,Grayscale,GBTC,Grayscale Bitcoin Trust,BTC-USD,2025-04-11,66.27,18000.0,1.5,79.586,-333.8,-2.5248,77.667,146.297
768,GBTC,Grayscale Bitcoin Trust,Grayscale,GBTC,Grayscale Bitcoin Trust,BTC-USD,2025-04-14,67.12,18000.0,1.5,79.585,-668.5,-2.8257,77.667,144.578
769,GBTC,Grayscale Bitcoin Trust,Grayscale,GBTC,Grayscale Bitcoin Trust,BTC-USD,2025-04-15,66.38,18000.0,1.5,78.715,-198.3,-2.2994,76.797,143.811
770,GBTC,Grayscale Bitcoin Trust,Grayscale,GBTC,Grayscale Bitcoin Trust,BTC-USD,2025-04-16,66.62,18000.0,1.5,81.699,-396.9,-2.5998,79.881,144.073
771,GBTC,Grayscale Bitcoin Trust,Grayscale,GBTC,Grayscale Bitcoin Trust,BTC-USD,2025-04-17,67.09,18000.0,1.5,89.996,-321.1,-2.508,88.34,142.596
772,GBTC,Grayscale Bitcoin Trust,Grayscale,GBTC,Grayscale Bitcoin Trust,BTC-USD,2025-04-21,69.06,18000.0,1.5,78.211,-273.5,-2.4385,76.568,147.018
773,GBTC,Grayscale Bitcoin Trust,Grayscale,GBTC,Grayscale Bitcoin Trust,BTC-USD,2025-04-22,72.29,18000.0,1.5,78.224,-190.6,-2.2825,76.568,156.222
774,GBTC,Grayscale Bitcoin Trust,Grayscale,GBTC,Grayscale Bitcoin Trust,BTC-USD,2025-04-23,73.84,18000.0,1.5,78.211,-319.0,-2.5051,76.568,159.322
775,GBTC,Grayscale Bitcoin Trust,Grayscale,GBTC,Grayscale Bitcoin Trust,BTC-USD,2025-04-24,73.92,18000.0,1.5,76.737,-256.8,-2.4112,75.094,161.426
776,GBTC,Grayscale Bitcoin Trust,Grayscale,GBTC,Grayscale Bitcoin Trust,BTC-USD,2025-04-25,75.34,18000.0,1.5,76.686,-577.6,-2.7624,75.094,164.674
777,GBTC,Grayscale Bitcoin Trust,Grayscale,GBTC,Grayscale Bitcoin Trust,BTC-USD,2025-04-28,74.81,18000.0,1.5,69.764,-423.0,-2.6274,68.172,168.786
778,GBTC,Grayscale Bitcoin Trust,Grayscale,GBTC,Grayscale Bitcoin Trust,BTC-USD,2025-04-29,75.25,18000.0,1.5,69.636,-614.2,-2.789,68.172,166.893
779,GBTC,Grayscale Bitcoin Trust,Grayscale,GBTC,Grayscale Bitcoin Trust,BTC-USD,2025-04-30,74.27,18000.0,1.5,69.493,-388.8,-2.5909,68.172,168.732
780,GBTC,Grayscale Bitcoin Trust,Grayscale,GBTC,Grayscale Bitcoin Trust,BTC-USD,2025-05-01,76.22,18000.0,1.5,69.493,-542.6,-2.7353,68.172,170.325
781,GBTC,Grayscale Bitcoin Trust,Grayscale,GBTC,Grayscale Bitcoin Trust,BTC-USD,2025-05-02,76.55,18000.0,1.5,69.716,-500.2,-2.7,68.408,169.089
782,GBTC,Grayscale Bitcoin Trust,Grayscale,GBTC,Grayscale Bitcoin Trust,BTC-USD,2025-05-05,74.42,18000.0,1.5,69.716,-454.9,-2.6588,68.408,164.353
783,GBTC,Grayscale Bitcoin Trust,Grayscale,GBTC,Grayscale Bitcoin Trust,BTC-USD,2025-05-06,74.93,18000.0,1.5,74.87,-146.8,-2.1698,73.563,155.359
784,GBTC,Grayscale Bitcoin Trust,Grayscale,GBTC,Grayscale Bitcoin Trust,BTC-USD,2025-05-07,75.9,18000.0,1.5,74.87,-375.6,-2.5759,73.563,137.036
785,GBTC,Grayscale Bitcoin Trust,Grayscale,GBTC,Grayscale Bitcoin Trust,BTC-USD,2025-05-08,79.98,18000.0,1.5,54.608,-386.0,-2.5877,53.287,136.556
786,GBTC,Grayscale Bitcoin Trust,Grayscale,GBTC,Grayscale Bitcoin Trust,BTC-USD,2025-05-09,81.47,18000.0,1.5,42.775,-623.7,-2.7957,41.467,125.777
787,GBTC,Grayscale Bitcoin Trust,Grayscale,GBTC,Grayscale Bitcoin Trust,BTC-USD,2025-05-12,80.33,18000.0,1.5,33.18,-215.4,-2.3353,31.875,127.417
788,GBTC,Grayscale Bitcoin Trust,Grayscale,GBTC,Grayscale Bitcoin Trust,BTC-USD,2025-05-13,82.73,18000.0,1.5,34.328,-542.7,-2.7353,33.023,129.89
789,GBTC,Grayscale Bitcoin Trust,Grayscale,GBTC,Grayscale Bitcoin Trust,BTC-USD,2025-05-14,81.52,18000.0,1.5,38.299,-469.4,-2.6725,36.994,130.485
790,GBTC,Grayscale Bitcoin Trust,Grayscale,GBTC,Grayscale Bitcoin Trust,BTC-USD,2025-05-15,81.38,18000.0,1.5,33.957,-665.0,-2.8235,32.754,134.415
791,GBTC,Grayscale Bitcoin Trust,Grayscale,GBTC,Grayscale Bitcoin Trust,BTC-USD,2025-05-16,82.13,18000.0,1.5,30.873,-163.1,-2.215,29.67,136.115
792,GBTC,Grayscale Bitcoin Trust,Grayscale,GBTC,Grayscale Bitcoin Trust,BTC-USD,2025-05-19,83.24,18000.0,1.5,25.034,-590.2,-2.7718,23.83,139.677
793,GBTC,Grayscale Bitcoin Trust,Grayscale,GBTC,Grayscale Bitcoin Trust,BTC-USD,2025-05-20,84.49,18000.0,1.5,24.827,-509.0,-2.7076,23.83,138.571
794,GBTC,Grayscale Bitcoin Trust,Grayscale,GBTC,Grayscale Bitcoin Trust,BTC-USD,2025-05-21,85.73,18000.0,1.5,24.805,-176.8,-2.25,23.83,145.723
795,GBTC,Grayscale Bitcoin Trust,Grayscale,GBTC,Grayscale Bitcoin Trust,BTC-USD,2025-05-22,87.72,18000.0,1.5,24.769,-214.7,-2.3338,23.83,149.426
796,GBTC,Grayscale Bitcoin Trust,Grayscale,GBTC,Grayscale Bitcoin Trust,BTC-USD,2025-05-23,85.76,18000.0,1.5,22.156,-619.2,-2.7925,21.206,155.87
797,GBTC,Grayscale Bitcoin Trust,Grayscale,GBTC,Grayscale Bitcoin Trust,BTC-USD,2025-05-27,86.67,18000.0,1.5,24.05,-560.2,-2.7491,23.111,156.886
798,GBTC,Grayscale Bitcoin Trust,Grayscale,GBTC,Grayscale Bitcoin Trust,BTC-USD,2025-05-28,84.31,18000.0,1.5,22.713,-198.1,-2.299,21.763,157.537
799,GBTC,Grayscale Bitcoin Trust,Grayscale,GBTC,Grayscale Bitcoin Trust,BTC-USD,2025-05-29,83.26,18000.0,1.5,22.713,-193.2,-2.2882,21.763,167.443
800,GBTC,Grayscale Bitcoin Trust,Grayscale,GBTC,Grayscale Bitcoin Trust,BTC-USD,2025-05-30,82.47,18000.0,1.5,22.68,-66.5,-1.8293,21.763,168.141
801,GBTC,Grayscale Bitcoin Trust,Grayscale,GBTC,Grayscale Bitcoin Trust,BTC-USD,2025-06-02,82.35,18000.0,1.5,25.455,-378.0,-2.5786,24.552,167.6
802,GBTC,Grayscale Bitcoin Trust,Grayscale,GBTC,Grayscale Bitcoin Trust,BTC-USD,2025-06-03,83.8,18000.0,1.5,25.233,-344.2,-2.538,24.316,168.925
803,GBTC,Grayscale Bitcoin Trust,Grayscale,GBTC,Grayscale Bitcoin Trust,BTC-USD,2025-06-04,82.72,18000.0,1.5,25.233,-418.4,-2.6226,24.316,169.857
804,GBTC,Grayscale Bitcoin Trust,Grayscale,GBTC,Grayscale Bitcoin Trust,BTC-USD,2025-06-05,80.25,18000.0,1.5,22.744,-316.2,-2.5013,21.794,176.618
805,GBTC,Grayscale Bitcoin Trust,Grayscale,GBTC,Grayscale Bitcoin Trust,BTC-USD,2025-06-06,82.23,18000.0,1.5,25.612,-375.2,-2.5754,24.662,178.216
806,GBTC,Grayscale Bitcoin Trust,Grayscale,GBTC,Grayscale Bitcoin Trust,BTC-USD,2025-06-09,85.67,18000.0,1.5,25.612,-62.9,-1.8056,24.662,177.912
807,GBTC,Grayscale Bitcoin Trust,Grayscale,GBTC,Grayscale Bitcoin Trust,BTC-USD,2025-06-10,86.35,18000.0,1.5,25.579,175.3,2.2462,24.662,180.469
808,GBTC,Grayscale Bitcoin Trust,Grayscale,GBTC,Grayscale Bitcoin Trust,BTC-USD,2025-06-11,85.77,18000.0,1.5,30.851,-34.7,-1.5532,29.934,177.326
809,GBTC,Grayscale Bitcoin Trust,Grayscale,GBTC,Grayscale Bitcoin Trust,BTC-USD,2025-06-12,84.19,18000.0,1.5,29.703,-735.2,-2.867,28.787,175.687
810,GBTC,Grayscale Bitcoin Trust,Grayscale,GBTC,Grayscale Bitcoin Trust,BTC-USD,2025-06-13,82.83,18000.0,1.5,25.732,-179.3,-2.2561,24.816,177.991
811,GBTC,Grayscale Bitcoin Trust,Grayscale,GBTC,Grayscale Bitcoin Trust,BTC-USD,2025-06-16,85.65,18000.0,1.5,22.07,-577.1,-2.762,21.12,177.218
812,GBTC,Grayscale Bitcoin Trust,Grayscale,GBTC,Grayscale Bitcoin Trust,BTC-USD,2025-06-17,82.5,18000.0,1.5,22.095,-247.5,-2.3952,21.12,179.851
813,GBTC,Grayscale Bitcoin Trust,Grayscale,GBTC,Grayscale Bitcoin Trust,BTC-USD,2025-06-18,81.76,18000.0,1.5,26.298,56.2,1.7576,25.323,179.583
814,GBTC,Grayscale Bitcoin Trust,Grayscale,GBTC,Grayscale Bitcoin Trust,BTC-USD,2025-06-20,81.33,18000.0,1.5,30.889,-119.8,-2.082,29.94,179.231
815,GBTC,Grayscale Bitcoin Trust,Grayscale,GBTC,Grayscale Bitcoin Trust,BTC-USD,2025-06-23,81.3,18000.0,1.5,30.889,389.8,2.592,29.94,168.178
816,GBTC,Grayscale Bitcoin Trust,Grayscale,GBTC,Grayscale Bitcoin Trust,BTC-USD,2025-06-24,83.24,18000.0,1.5,30.974,-96.8,-1.9903,29.94,162.307
817,GBTC,Grayscale Bitcoin Trust,Grayscale,GBTC,Grayscale Bitcoin Trust,BTC-USD,2025-06-25,84.89,18000.0,1.5,31.14,-696.0,-2.8432,29.94,158.312
818,GBTC,Grayscale Bitcoin Trust,Grayscale,GBTC,Grayscale Bitcoin Trust,BTC-USD,2025-06-26,84.75,18000.0,1.5,31.023,-736.1,-2.8675,29.823,154.532
819,GBTC,Grayscale Bitcoin Trust,Grayscale,GBTC,Grayscale Bitcoin Trust,BTC-USD,2025-06-27,84.16,18000.0,1.5,35.356,-707.4,-2.8503,34.321,152.2
820,GBTC,Grayscale Bitcoin Trust,Grayscale,GBTC,Grayscale Bitcoin Trust,BTC-USD,2025-06-30,84.83,18000.0,1.5,39.211,-404.2,-2.6076,38.177,145.451
821,GBTC,Grayscale Bitcoin Trust,Grayscale,GBTC,Grayscale Bitcoin Trust,BTC-USD,2025-07-01,82.96,18000.0,1.5,39.377,-316.6,-2.5018,38.177,147.246
822,GBTC,Grayscale Bitcoin Trust,Grayscale,GBTC,Grayscale Bitcoin Trust,BTC-USD,2025-07-02,86.43,18000.0,1.5,36.601,-519.3,-2.7163,35.388,155.099
823,GBTC,Grayscale Bitcoin Trust,Grayscale,GBTC,Grayscale Bitcoin Trust,BTC-USD,2025-07-03,86.07,18000.0,1.5,36.589,-63.4,-1.8091,35.388,155.281
824,GBTC,Grayscale Bitcoin Trust,Grayscale,GBTC,Grayscale Bitcoin Trust,BTC-USD,2025-07-07,85.04,18000.0,1.5,36.423,-366.4,-2.5651,35.388,157.636
825,GBTC,Grayscale Bitcoin Trust,Grayscale,GBTC,Grayscale Bitcoin Trust,BTC-USD,2025-07-08,85.64,18000.0,1.5,33.56,-262.9,-2.4215,32.755,152.303
826,GBTC,Grayscale Bitcoin Trust,Grayscale,GBTC,Grayscale Bitcoin Trust,BTC-USD,2025-07-09,88.08,18000.0,1.5,30.692,-491.0,-2.692,29.887,156.649
827,GBTC,Grayscale Bitcoin Trust,Grayscale,GBTC,Grayscale Bitcoin Trust,BTC-USD,2025-07-10,89.3,18000.0,1.5,30.527,-120.0,-2.0828,29.887,159.716
828,GBTC,Grayscale Bitcoin Trust,Grayscale,GBTC,Grayscale Bitcoin Trust,BTC-USD,2025-07-11,93.04,18000.0,1.5,30.692,-892.1,-2.9509,29.887,173.312
829,GBTC,Grayscale Bitcoin Trust,Grayscale,GBTC,Grayscale Bitcoin Trust,BTC-USD,2025-07-14,94.38,18000.0,1.5,22.386,-1008.9,-3.0043,21.581,183.274
830,GBTC,Grayscale Bitcoin Trust,Grayscale,GBTC,Grayscale Bitcoin Trust,BTC-USD,2025-07-15,91.63,18000.0,1.5,22.386,-471.6,-2.6745,21.581,187.421
831,GBTC,Grayscale Bitcoin Trust,Grayscale,GBTC,Grayscale Bitcoin Trust,BTC-USD,2025-07-16,93.9,18000.0,1.5,22.386,-1036.8,-3.0161,21.581,191.717
832,GBTC,Grayscale Bitcoin Trust,Grayscale,GBTC,Grayscale Bitcoin Trust,BTC-USD,2025-07-17,93.66,18000.0,1.5,28.027,-707.2,-2.8502,27.387,191.208
833,GBTC,Grayscale Bitcoin Trust,Grayscale,GBTC,Grayscale Bitcoin Trust,BTC-USD,2025-07-18,92.36,18000.0,1.5,32.212,-746.8,-2.8738,31.574,195.408
834,GBTC,Grayscale Bitcoin Trust,Grayscale,GBTC,Grayscale Bitcoin Trust,BTC-USD,2025-07-21,91.84,18000.0,1.5,32.49,-422.2,-2.6265,31.866,198.059
835,GBTC,Grayscale Bitcoin Trust,Grayscale,GBTC,Grayscale Bitcoin Trust,BTC-USD,2025-07-22,93.9,18000.0,1.5,28.955,-529.1,-2.7244,28.317,200.718
836,GBTC,Grayscale Bitcoin Trust,Grayscale,GBTC,Grayscale Bitcoin Trust,BTC-USD,2025-07-23,93.16,18000.0,1.5,29.752,-598.1,-2.7775,29.114,202.087
837,GBTC,Grayscale Bitcoin Trust,Grayscale,GBTC,Grayscale Bitcoin Trust,BTC-USD,2025-07-24,93.68,18000.0,1.5,29.892,-649.3,-2.8131,29.268,204.628
838,GBTC,Grayscale Bitcoin Trust,Grayscale,GBTC,Grayscale Bitcoin Trust,BTC-USD,2025-07-25,91.87,18000.0,1.5,29.892,-616.3,-2.7905,29.268,205.751
839,GBTC,Grayscale Bitcoin Trust,Grayscale,GBTC,Grayscale Bitcoin Trust,BTC-USD,2025-07-28,92.88,18000.0,1.5,28.118,-643.2,-2.809,27.479,207.222
840,GBTC,Grayscale Bitcoin Trust,Grayscale,GBTC,Grayscale Bitcoin Trust,BTC-USD,2025-07-29,92.38,18000.0,1.5,28.411,-740.6,-2.8702,27.773,210.217
841,GBTC,Grayscale Bitcoin Trust,Grayscale,GBTC,Grayscale Bitcoin Trust,BTC-USD,2025-07-30,91.88,18000.0,1.5,28.947,-522.1,-2.7186,28.309,212.864
842,GBTC,Grayscale Bitcoin Trust,Grayscale,GBTC,Grayscale Bitcoin Trust,BTC-USD,2025-07-31,91.78,18000.0,1.5,35.227,-646.1,-2.811,34.603,212.269
843,GBTC,Grayscale Bitcoin Trust,Grayscale,GBTC,Grayscale Bitcoin Trust,BTC-USD,2025-08-01,88.89,18000.0,1.5,35.227,-414.9,-2.619,34.603,215.84
844,GBTC,Grayscale Bitcoin Trust,Grayscale,GBTC,Grayscale Bitcoin Trust,BTC-USD,2025-08-04,90.23,18000.0,1.5,40.111,-693.7,-2.8418,39.473,214.798
845,GBTC,Grayscale Bitcoin Trust,Grayscale,GBTC,Grayscale Bitcoin Trust,BTC-USD,2025-08-05,89.38,18000.0,1.5,40.097,-513.8,-2.7116,39.473,215.336
846,GBTC,Grayscale Bitcoin Trust,Grayscale,GBTC,Grayscale Bitcoin Trust,BTC-USD,2025-08-06,90.68,18000.0,1.5,40.111,-488.7,-2.69,39.473,216.197
847,GBTC,Grayscale Bitcoin Trust,Grayscale,GBTC,Grayscale Bitcoin Trust,BTC-USD,2025-08-07,92.44,18000.0,1.5,40.111,-548.3,-2.7398,39.473,216.013
848,GBTC,Grayscale Bitcoin Trust,Grayscale,GBTC,Grayscale Bitcoin Trust,BTC-USD,2025-08-08,91.58,18000.0,1.5,45.383,-552.8,-2.7434,44.759,212.876
849,GBTC,Grayscale Bitcoin Trust,Grayscale,GBTC,Grayscale Bitcoin Trust,BTC-USD,2025-08-11,93.59,18000.0,1.5,45.383,-921.5,-2.965,44.759,196.739
850,GBTC,Grayscale Bitcoin Trust,Grayscale,GBTC,Grayscale Bitcoin Trust,BTC-USD,2025-08-12,94.06,18000.0,1.5,50.417,-678.4,-2.8321,49.793,187.306
851,GBTC,Grayscale Bitcoin Trust,Grayscale,GBTC,Grayscale Bitcoin Trust,BTC-USD,2025-08-13,96.6,18000.0,1.5,50.417,-854.7,-2.9323,49.793,188.073
852,GBTC,Grayscale Bitcoin Trust,Grayscale,GBTC,Grayscale Bitcoin Trust,BTC-USD,2025-08-14,92.75,18000.0,1.5,50.417,-846.8,-2.9283,49.793,191.334
853,GBTC,Grayscale Bitcoin Trust,Grayscale,GBTC,Grayscale Bitcoin Trust,BTC-USD,2025-08-15,91.9,18000.0,1.5,47.067,-688.8,-2.8388,46.255,190.477
854,GBTC,Grayscale Bitcoin Trust,Grayscale,GBTC,Grayscale Bitcoin Trust,BTC-USD,2025-08-18,91.39,18000.0,1.5,42.88,-732.4,-2.8654,42.068,182.037
855,GBTC,Grayscale Bitcoin Trust,Grayscale,GBTC,Grayscale Bitcoin Trust,BTC-USD,2025-08-19,88.83,18000.0,1.5,35.869,-935.1,-2.9713,34.952,186.504
856,GBTC,Grayscale Bitcoin Trust,Grayscale,GBTC,Grayscale Bitcoin Trust,BTC-USD,2025-08-20,89.79,18000.0,1.5,38.259,-732.4,-2.8654,37.447,184.851
857,GBTC,Grayscale Bitcoin Trust,Grayscale,GBTC,Grayscale Bitcoin Trust,BTC-USD,2025-08-21,88.1,18000.0,1.5,42.29,-515.9,-2.7134,41.374,180.904
858,GBTC,Grayscale Bitcoin Trust,Grayscale,GBTC,Grayscale Bitcoin Trust,BTC-USD,2025-08-22,91.73,18000.0,1.5,46.004,-902.4,-2.9559,45.08,183.637
859,GBTC,Grayscale Bitcoin Trust,Grayscale,GBTC,Grayscale Bitcoin Trust,BTC-USD,2025-08-25,87.02,18000.0,1.5,46.004,-114.0,-2.0609,45.08,184.669
860,GBTC,Grayscale Bitcoin Trust,Grayscale,GBTC,Grayscale Bitcoin Trust,BTC-USD,2025-08-26,87.31,18000.0,1.5,45.996,-583.6,-2.7669,45.08,186.524
861,GBTC,Grayscale Bitcoin Trust,Grayscale,GBTC,Grayscale Bitcoin Trust,BTC-USD,2025-08-27,88.07,18000.0,1.5,41.205,-650.2,-2.8137,40.289,184.231
862,GBTC,Grayscale Bitcoin Trust,Grayscale,GBTC,Grayscale Bitcoin Trust,BTC-USD,2025-08-28,87.95,18000.0,1.5,36.814,-720.7,-2.8584,35.897,180.944
863,GBTC,Grayscale Bitcoin Trust,Grayscale,GBTC,Grayscale Bitcoin Trust,BTC-USD,2025-08-29,84.99,18000.0,1.5,30.56,-443.2,-2.6476,29.603,183.02
864,GBTC,Grayscale Bitcoin Trust,Grayscale,GBTC,Grayscale Bitcoin Trust,BTC-USD,2025-09-02,87.02,18000.0,1.5,30.581,-435.7,-2.6402,29.603,177.143
865,GBTC,Grayscale Bitcoin Trust,Grayscale,GBTC,Grayscale Bitcoin Trust,BTC-USD,2025-09-03,88.16,18000.0,1.5,25.712,-675.7,-2.8304,24.733,177.849
866,GBTC,Grayscale Bitcoin Trust,Grayscale,GBTC,Grayscale Bitcoin Trust,BTC-USD,2025-09-04,86.23,18000.0,1.5,25.765,-379.6,-2.5805,24.733,176.801
867,GBTC,Grayscale Bitcoin Trust,Grayscale,GBTC,Grayscale Bitcoin Trust,BTC-USD,2025-09-05,87.66,18000.0,1.5,25.712,-885.0,-2.9474,24.733,179.878
868,GBTC,Grayscale Bitcoin Trust,Grayscale,GBTC,Grayscale Bitcoin Trust,BTC-USD,2025-09-08,88.04,18000.0,1.5,27.63,-453.8,-2.6579,26.652,175.507
869,GBTC,Grayscale Bitcoin Trust,Grayscale,GBTC,Grayscale Bitcoin Trust,BTC-USD,2025-09-09,87.42,18000.0,1.5,24.939,-346.3,-2.5407,23.961,176.681
870,GBTC,Grayscale Bitcoin Trust,Grayscale,GBTC,Grayscale Bitcoin Trust,BTC-USD,2025-09-10,89.22,18000.0,1.5,24.939,-398.0,-2.601,23.961,177.437
871,GBTC,Grayscale Bitcoin Trust,Grayscale,GBTC,Grayscale Bitcoin Trust,BTC-USD,2025-09-11,89.92,18000.0,1.5,21.0,-543.4,-2.7359,20.022,176.009
872,GBTC,Grayscale Bitcoin Trust,Grayscale,GBTC,Grayscale Bitcoin Trust,BTC-USD,2025-09-12,91.75,18000.0,1.5,21.0,-888.7,-2.9492,20.022,172.831
873,GBTC,Grayscale Bitcoin Trust,Grayscale,GBTC,Grayscale Bitcoin Trust,BTC-USD,2025-09-15,90.49,18000.0,1.5,20.864,-332.0,-2.5225,20.022,167.806
874,GBTC,Grayscale Bitcoin Trust,Grayscale,GBTC,Grayscale Bitcoin Trust,BTC-USD,2025-09-16,91.73,18000.0,1.5,18.595,-445.1,-2.6494,17.754,171.099
875,GBTC,Grayscale Bitcoin Trust,Grayscale,GBTC,Grayscale Bitcoin Trust,BTC-USD,2025-09-17,90.79,18000.0,1.5,23.829,-495.3,-2.6957,22.987,184.393
876,GBTC,Grayscale Bitcoin Trust,Grayscale,GBTC,Grayscale Bitcoin Trust,BTC-USD,2025-09-18,92.24,18000.0,1.5,23.733,-924.7,-2.9665,22.987,180.992
877,GBTC,Grayscale Bitcoin Trust,Grayscale,GBTC,Grayscale Bitcoin Trust,BTC-USD,2025-09-19,90.34,18000.0,1.5,20.268,-454.1,-2.6581,19.426,180.339
878,GBTC,Grayscale Bitcoin Trust,Grayscale,GBTC,Grayscale Bitcoin Trust,BTC-USD,2025-09-22,87.98,18000.0,1.5,15.544,-448.4,-2.6526,14.702,182.186
879,GBTC,Grayscale Bitcoin Trust,Grayscale,GBTC,Grayscale Bitcoin Trust,BTC-USD,2025-09-23,87.58,18000.0,1.5,15.737,-268.9,-2.4312,14.991,177.934
880,GBTC,Grayscale Bitcoin Trust,Grayscale,GBTC,Grayscale Bitcoin Trust,BTC-USD,2025-09-24,89.01,18000.0,1.5,15.737,-374.7,-2.5748,14.991,174.596
881,GBTC,Grayscale Bitcoin Trust,Grayscale,GBTC,Grayscale Bitcoin Trust,BTC-USD,2025-09-25,85.76,18000.0,1.5,15.833,-625.3,-2.7968,14.991,181.387
882,GBTC,Grayscale Bitcoin Trust,Grayscale,GBTC,Grayscale Bitcoin Trust,BTC-USD,2025-09-26,85.65,18000.0,1.5,20.059,-433.0,-2.6375,19.218,184.279
883,GBTC,Grayscale Bitcoin Trust,Grayscale,GBTC,Grayscale Bitcoin Trust,BTC-USD,2025-09-29,89.73,18000.0,1.5,20.263,-689.9,-2.8394,19.218,192.674
884,GBTC,Grayscale Bitcoin Trust,Grayscale,GBTC,Grayscale Bitcoin Trust,BTC-USD,2025-09-30,89.77,18000.0,1.5,24.728,-639.6,-2.8066,23.886,191.064
885,GBTC,Grayscale Bitcoin Trust,Grayscale,GBTC,Grayscale Bitcoin Trust,BTC-USD,2025-10-01,92.2,18000.0,1.5,24.728,-438.4,-2.6428,23.886,193.721
886,GBTC,Grayscale Bitcoin Trust,Grayscale,GBTC,Grayscale Bitcoin Trust,BTC-USD,2025-10-02,94.93,18000.0,1.5,24.696,357.1,2.554,23.886,205.306
887,GBTC,Grayscale Bitcoin Trust,Grayscale,GBTC,Grayscale Bitcoin Trust,BTC-USD,2025-10-03,96.36,18000.0,1.5,24.632,-1003.2,-3.0018,23.886,221.278
888,GBTC,Grayscale Bitcoin Trust,Grayscale,GBTC,Grayscale Bitcoin Trust,BTC-USD,2025-10-06,98.43,18000.0,1.5,24.61,-723.0,-2.8598,23.886,232.606
889,GBTC,Grayscale Bitcoin Trust,Grayscale,GBTC,Grayscale Bitcoin Trust,BTC-USD,2025-10-07,95.37,18000.0,1.5,22.691,-1032.6,-3.0143,21.967,254.554
890,GBTC,Grayscale Bitcoin Trust,Grayscale,GBTC,Grayscale Bitcoin Trust,BTC-USD,2025-10-08,96.78,18000.0,1.5,26.648,-634.2,-2.8029,25.925,268.157
891,GBTC,Grayscale Bitcoin Trust,Grayscale,GBTC,Grayscale Bitcoin Trust,BTC-USD,2025-10-09,94.9,18000.0,1.5,26.704,-563.0,-2.7513,26.048,284.043
892,GBTC,Grayscale Bitcoin Trust,Grayscale,GBTC,Grayscale Bitcoin Trust,BTC-USD,2025-10-10,91.42,18000.0,1.5,26.946,-1131.5,-3.054,26.289,315.887
893,GBTC,Grayscale Bitcoin Trust,Grayscale,GBTC,Grayscale Bitcoin Trust,BTC-USD,2025-10-13,90.86,18000.0,1.5,26.843,-490.4,-2.6914,26.289,331.182
894,GBTC,Grayscale Bitcoin Trust,Grayscale,GBTC,Grayscale Bitcoin Trust,BTC-USD,2025-10-14,88.29,18000.0,1.5,26.78,-248.3,-2.3967,26.289,355.596
895,GBTC,Grayscale Bitcoin Trust,Grayscale,GBTC,Grayscale Bitcoin Trust,BTC-USD,2025-10-15,87.23,18000.0,1.5,32.985,-399.9,-2.603,32.524,367.45
896,GBTC,Grayscale Bitcoin Trust,Grayscale,GBTC,Grayscale Bitcoin Trust,BTC-USD,2025-10-16,84.8,18000.0,1.5,27.752,-262.9,-2.4215,27.29,383.994
897,GBTC,Grayscale Bitcoin Trust,Grayscale,GBTC,Grayscale Bitcoin Trust,BTC-USD,2025-10-17,83.46,18000.0,1.5,27.689,-278.2,-2.446,27.29,400.211
898,GBTC,Grayscale Bitcoin Trust,Grayscale,GBTC,Grayscale Bitcoin Trust,BTC-USD,2025-10-20,86.89,18000.0,1.5,27.689,-400.5,-2.6037,27.29,414.886
899,GBTC,Grayscale Bitcoin Trust,Grayscale,GBTC,Grayscale Bitcoin Trust,BTC-USD,2025-10-21,87.64,18000.0,1.5,30.71,-1201.2,-3.08,30.314,438.813
900,GBTC,Grayscale Bitcoin Trust,Grayscale,GBTC,Grayscale Bitcoin Trust,BTC-USD,2025-10-22,84.5,18000.0,1.5,26.564,-226.1,-2.3563,26.165,466.192
901,GBTC,Grayscale Bitcoin Trust,Grayscale,GBTC,Grayscale Bitcoin Trust,BTC-USD,2025-10-23,86.42,18000.0,1.5,26.564,-315.4,-2.5003,26.165,476.072
902,GBTC,Grayscale Bitcoin Trust,Grayscale,GBTC,Grayscale Bitcoin Trust,BTC-USD,2025-10-24,86.69,18000.0,1.5,31.295,7.0,0.9048,30.898,473.731
903,GBTC,Grayscale Bitcoin Trust,Grayscale,GBTC,Grayscale Bitcoin Trust,BTC-USD,2025-10-27,90.09,18000.0,1.5,27.071,-463.7,-2.6672,26.672,475.358
904,GBTC,Grayscale Bitcoin Trust,Grayscale,GBTC,Grayscale Bitcoin Trust,BTC-USD,2025-10-28,89.02,18000.0,1.5,30.162,-157.2,-2.1991,29.765,475.948
905,GBTC,Grayscale Bitcoin Trust,Grayscale,GBTC,Grayscale Bitcoin Trust,BTC-USD,2025-10-29,86.66,18000.0,1.5,25.493,-333.2,-2.5241,25.097,502.639
906,GBTC,Grayscale Bitcoin Trust,Grayscale,GBTC,Grayscale Bitcoin Trust,BTC-USD,2025-10-30,83.34,18000.0,1.5,25.493,236.6,2.3759,25.097,508.843
907,GBTC,Grayscale Bitcoin Trust,Grayscale,GBTC,Grayscale Bitcoin Trust,BTC-USD,2025-10-31,86.02,18000.0,1.5,25.493,-179.4,-2.2562,25.097,509.22
908,GBTC,Grayscale Bitcoin Trust,Grayscale,GBTC,Grayscale Bitcoin Trust,BTC-USD,2025-11-03,83.5,18000.0,1.5,25.496,-244.7,-2.3903,25.097,506.745
909,GBTC,Grayscale Bitcoin Trust,Grayscale,GBTC,Grayscale Bitcoin Trust,BTC-USD,2025-11-04,78.87,18000.0,1.5,25.496,-245.8,-2.3924,25.097,521.822
910,GBTC,Grayscale Bitcoin Trust,Grayscale,GBTC,Grayscale Bitcoin Trust,BTC-USD,2025-11-05,81.35,18000.0,1.5,31.551,-230.0,-2.3636,31.152,506.612
911,GBTC,Grayscale Bitcoin Trust,Grayscale,GBTC,Grayscale Bitcoin Trust,BTC-USD,2025-11-06,78.98,18000.0,1.5,25.061,-193.2,-2.2882,24.599,506.014
912,GBTC,Grayscale Bitcoin Trust,Grayscale,GBTC,Grayscale Bitcoin Trust,BTC-USD,2025-11-07,81.3,18000.0,1.5,33.007,27.8,1.4592,32.505,497.086
913,GBTC,Grayscale Bitcoin Trust,Grayscale,GBTC,Grayscale Bitcoin Trust,BTC-USD,2025-11-10,83.05,18000.0,1.5,31.83,-178.5,-2.254,31.169,470.837
914,GBTC,Grayscale Bitcoin Trust,Grayscale,GBTC,Grayscale Bitcoin Trust,BTC-USD,2025-11-11,80.47,18000.0,1.5,31.836,257.7,2.4129,31.169,458.249
915,GBTC,Grayscale Bitcoin Trust,Grayscale,GBTC,Grayscale Bitcoin Trust,BTC-USD,2025-11-12,79.49,18000.0,1.5,37.15,70.9,1.8566,36.483,438.293
916,GBTC,Grayscale Bitcoin Trust,Grayscale,GBTC,Grayscale Bitcoin Trust,BTC-USD,2025-11-13,76.68,18000.0,1.5,30.916,346.4,2.5408,30.249,447.897
917,GBTC,Grayscale Bitcoin Trust,Grayscale,GBTC,Grayscale Bitcoin Trust,BTC-USD,2025-11-14,73.78,18000.0,1.5,30.953,321.8,2.5089,30.249,432.559
918,GBTC,Grayscale Bitcoin Trust,Grayscale,GBTC,Grayscale Bitcoin Trust,BTC-USD,2025-11-17,71.84,18000.0,1.5,30.953,299.9,2.4784,30.249,442.668
919,GBTC,Grayscale Bitcoin Trust,Grayscale,GBTC,Grayscale Bitcoin Trust,BTC-USD,2025-11-18,72.64,18000.0,1.5,38.309,343.5,2.5372,37.642,446.135
920,GBTC,Grayscale Bitcoin Trust,Grayscale,GBTC,Grayscale Bitcoin Trust,BTC-USD,2025-11-19,69.99,18000.0,1.5,35.285,590.8,2.7721,34.618,444.039
921,GBTC,Grayscale Bitcoin Trust,Grayscale,GBTC,Grayscale Bitcoin Trust,BTC-USD,2025-11-20,67.56,18000.0,1.5,40.499,419.1,2.6234,39.832,448.015
922,GBTC,Grayscale Bitcoin Trust,Grayscale,GBTC,Grayscale Bitcoin Trust,BTC-USD,2025-11-21,66.16,18000.0,1.5,40.493,765.7,2.8846,39.832,469.526
923,GBTC,Grayscale Bitcoin Trust,Grayscale,GBTC,Grayscale Bitcoin Trust,BTC-USD,2025-11-24,69.73,18000.0,1.5,35.803,347.6,2.5423,35.099,477.067
924,GBTC,Grayscale Bitcoin Trust,Grayscale,GBTC,Grayscale Bitcoin Trust,BTC-USD,2025-11-25,68.36,18000.0,1.5,42.123,186.5,2.273,41.462,482.061
925,GBTC,Grayscale Bitcoin Trust,Grayscale,GBTC,Grayscale Bitcoin Trust,BTC-USD,2025-11-26,70.38,18000.0,1.5,39.073,399.1,2.6022,38.369,482.21
926,GBTC,Grayscale Bitcoin Trust,Grayscale,GBTC,Grayscale Bitcoin Trust,BTC-USD,2025-11-28,71.01,18000.0,1.5,39.073,394.3,2.5969,38.369,459.133
927,GBTC,Grayscale Bitcoin Trust,Grayscale,GBTC,Grayscale Bitcoin Trust,BTC-USD,2025-12-01,66.92,18000.0,1.5,39.073,232.7,2.3687,38.369,460.887
928,GBTC,Grayscale Bitcoin Trust,Grayscale,GBTC,Grayscale Bitcoin Trust,BTC-USD,2025-12-02,71.25,18000.0,1.5,39.073,512.8,2.7108,38.369,462.638
929,GBTC,Grayscale Bitcoin Trust,Grayscale,GBTC,Grayscale Bitcoin Trust,BTC-USD,2025-12-03,72.73,18000.0,1.5,39.03,419.0,2.6232,38.369,461.769
930,GBTC,Grayscale Bitcoin Trust,Grayscale,GBTC,Grayscale Bitcoin Trust,BTC-USD,2025-12-04,72.38,18000.0,1.5,41.848,148.9,2.1757,41.244,440.931
931,GBTC,Grayscale Bitcoin Trust,Grayscale,GBTC,Grayscale Bitcoin Trust,BTC-USD,2025-12-05,69.9,18000.0,1.5,35.793,262.8,2.4212,35.189,445.078
932,GBTC,Grayscale Bitcoin Trust,Grayscale,GBTC,Grayscale Bitcoin Trust,BTC-USD,2025-12-08,70.99,18000.0,1.5,40.441,103.7,2.0199,39.861,437.284
933,GBTC,Grayscale Bitcoin Trust,Grayscale,GBTC,Grayscale Bitcoin Trust,BTC-USD,2025-12-09,72.82,18000.0,1.5,33.808,197.3,2.2973,33.228,440.046
934,GBTC,Grayscale Bitcoin Trust,Grayscale,GBTC,Grayscale Bitcoin Trust,BTC-USD,2025-12-10,72.35,18000.0,1.5,44.152,289.4,2.463,43.583,444.79
935,GBTC,Grayscale Bitcoin Trust,Grayscale,GBTC,Grayscale Bitcoin Trust,BTC-USD,2025-12-11,71.79,18000.0,1.5,44.128,602.2,2.7805,43.583,447.055
936,GBTC,Grayscale Bitcoin Trust,Grayscale,GBTC,Grayscale Bitcoin Trust,BTC-USD,2025-12-12,70.58,18000.0,1.5,47.685,114.6,2.063,47.14,448.492
937,GBTC,Grayscale Bitcoin Trust,Grayscale,GBTC,Grayscale Bitcoin Trust,BTC-USD,2025-12-15,67.05,18000.0,1.5,47.685,846.4,2.9281,47.14,440.982
938,GBTC,Grayscale Bitcoin Trust,Grayscale,GBTC,Grayscale Bitcoin Trust,BTC-USD,2025-12-16,68.49,18000.0,1.5,50.237,347.1,2.5417,49.692,436.044
939,GBTC,Grayscale Bitcoin Trust,Grayscale,GBTC,Grayscale Bitcoin Trust,BTC-USD,2025-12-17,67.1,18000.0,1.5,52.642,148.7,2.1751,52.097,423.801
940,GBTC,Grayscale Bitcoin Trust,Grayscale,GBTC,Grayscale Bitcoin Trust,BTC-USD,2025-12-18,66.11,18000.0,1.5,60.041,437.9,2.6424,59.496,424.0
941,GBTC,Grayscale Bitcoin Trust,Grayscale,GBTC,Grayscale Bitcoin Trust,BTC-USD,2025-12-19,68.84,18000.0,1.5,67.423,-135.6,-2.1355,66.878,415.424
942,GBTC,Grayscale Bitcoin Trust,Grayscale,GBTC,Grayscale Bitcoin Trust,BTC-USD,2025-12-22,69.03,18000.0,1.5,62.817,294.6,2.4706,62.272,388.604
943,GBTC,Grayscale Bitcoin Trust,Grayscale,GBTC,Grayscale Bitcoin Trust,BTC-USD,2025-12-23,68.5,18000.0,1.5,62.817,399.8,2.6029,62.272,366.191
944,GBTC,Grayscale Bitcoin Trust,Grayscale,GBTC,Grayscale Bitcoin Trust,BTC-USD,2025-12-24,68.2,18000.0,1.5,65.844,560.1,2.749,65.335,351.592
945,GBTC,Grayscale Bitcoin Trust,Grayscale,GBTC,Grayscale Bitcoin Trust,BTC-USD,2025-12-26,68.4,18000.0,1.5,61.078,271.7,2.4356,60.569,348.965
946,GBTC,Grayscale Bitcoin Trust,Grayscale,GBTC,Grayscale Bitcoin Trust,BTC-USD,2025-12-29,68.05,18000.0,1.5,64.488,488.3,2.6896,64.06,342.029
947,GBTC,Grayscale Bitcoin Trust,Grayscale,GBTC,Grayscale Bitcoin Trust,BTC-USD,2025-12-30,68.61,18000.0,1.5,64.488,403.7,2.6071,64.06,347.853
948,GBTC,Grayscale Bitcoin Trust,Grayscale,GBTC,Grayscale Bitcoin Trust,BTC-USD,2025-12-31,68.36,18000.0,1.5,65.863,571.8,2.758,65.465,341.709
949,GBTC,Grayscale Bitcoin Trust,Grayscale,GBTC,Grayscale Bitcoin Trust,BTC-USD,2026-01-02,70.14,18000.0,1.5,65.863,390.8,2.5931,65.465,344.133
950,GBTC,Grayscale Bitcoin Trust,Grayscale,GBTC,Grayscale Bitcoin Trust,BTC-USD,2026-01-05,73.61,18000.0,1.5,65.863,240.6,2.3831,65.465,345.978
951,GBTC,Grayscale Bitcoin Trust,Grayscale,GBTC,Grayscale Bitcoin Trust,BTC-USD,2026-01-06,72.2,18000.0,1.5,67.79,634.0,2.8028,67.362,349.239
952,GBTC,Grayscale Bitcoin Trust,Grayscale,GBTC,Grayscale Bitcoin Trust,BTC-USD,2026-01-07,71.0,18000.0,1.5,67.79,621.4,2.7941,67.362,345.957
953,GBTC,Grayscale Bitcoin Trust,Grayscale,GBTC,Grayscale Bitcoin Trust,BTC-USD,2026-01-08,70.96,18000.0,1.5,63.088,190.9,2.2831,62.69,343.465
954,GBTC,Grayscale Bitcoin Trust,Grayscale,GBTC,Grayscale Bitcoin Trust,BTC-USD,2026-01-09,70.48,18000.0,1.5,66.032,817.8,2.9132,65.714,338.683
955,GBTC,Grayscale Bitcoin Trust,Grayscale,GBTC,Grayscale Bitcoin Trust,BTC-USD,2026-01-12,71.41,18000.0,1.5,63.503,685.1,2.8364,63.105,332.744
956,GBTC,Grayscale Bitcoin Trust,Grayscale,GBTC,Grayscale Bitcoin Trust,BTC-USD,2026-01-13,73.78,18000.0,1.5,63.533,643.1,2.8089,63.105,334.881
957,GBTC,Grayscale Bitcoin Trust,Grayscale,GBTC,Grayscale Bitcoin Trust,BTC-USD,2026-01-14,76.31,18000.0,1.5,54.662,674.7,2.8297,54.234,340.042
958,GBTC,Grayscale Bitcoin Trust,Grayscale,GBTC,Grayscale Bitcoin Trust,BTC-USD,2026-01-15,74.33,18000.0,1.5,59.24,773.8,2.8892,58.812,333.171
959,GBTC,Grayscale Bitcoin Trust,Grayscale,GBTC,Grayscale Bitcoin Trust,BTC-USD,2026-01-16,74.58,18000.0,1.5,56.659,604.3,2.7819,56.26,332.974
960,GBTC,Grayscale Bitcoin Trust,Grayscale,GBTC,Grayscale Bitcoin Trust,BTC-USD,2026-01-20,69.89,18000.0,1.5,54.283,260.3,2.4172,53.855,321.402
961,GBTC,Grayscale Bitcoin Trust,Grayscale,GBTC,Grayscale Bitcoin Trust,BTC-USD,2026-01-21,70.34,18000.0,1.5,39.491,456.1,2.66,39.063,318.472
962,GBTC,Grayscale Bitcoin Trust,Grayscale,GBTC,Grayscale Bitcoin Trust,BTC-USD,2026-01-22,69.75,18000.0,1.5,36.156,661.6,2.8213,35.727,306.943
963,GBTC,Grayscale Bitcoin Trust,Grayscale,GBTC,Grayscale Bitcoin Trust,BTC-USD,2026-01-23,69.82,18000.0,1.5,39.718,817.3,2.9129,39.29,305.874
964,GBTC,Grayscale Bitcoin Trust,Grayscale,GBTC,Grayscale Bitcoin Trust,BTC-USD,2026-01-26,68.31,18000.0,1.5,39.727,687.1,2.8377,39.29,303.307
965,GBTC,Grayscale Bitcoin Trust,Grayscale,GBTC,Grayscale Bitcoin Trust,BTC-USD,2026-01-27,69.69,18000.0,1.5,42.795,656.5,2.8179,42.287,309.959
966,GBTC,Grayscale Bitcoin Trust,Grayscale,GBTC,Grayscale Bitcoin Trust,BTC-USD,2026-01-28,69.46,18000.0,1.5,41.197,633.6,2.8025,40.689,312.717
967,GBTC,Grayscale Bitcoin Trust,Grayscale,GBTC,Grayscale Bitcoin Trust,BTC-USD,2026-01-29,65.53,18000.0,1.5,37.762,625.8,2.7971,37.199,331.242
968,GBTC,Grayscale Bitcoin Trust,Grayscale,GBTC,Grayscale Bitcoin Trust,BTC-USD,2026-01-30,65.37,18000.0,1.5,37.762,841.4,2.9255,37.199,333.92
969,GBTC,Grayscale Bitcoin Trust,Grayscale,GBTC,Grayscale Bitcoin Trust,BTC-USD,2026-02-02,60.82,18000.0,1.5,36.358,658.0,2.8189,35.794,344.635
970,GBTC,Grayscale Bitcoin Trust,Grayscale,GBTC,Grayscale Bitcoin Trust,BTC-USD,2026-02-03,59.61,18000.0,1.5,36.357,314.6,2.4991,35.794,360.344
971,GBTC,Grayscale Bitcoin Trust,Grayscale,GBTC,Grayscale Bitcoin Trust,BTC-USD,2026-02-04,57.22,18000.0,1.5,40.068,385.9,2.5876,39.506,371.372
972,GBTC,Grayscale Bitcoin Trust,Grayscale,GBTC,Grayscale Bitcoin Trust,BTC-USD,2026-02-05,49.66,18000.0,1.5,35.34,428.4,2.6329,34.733,396.174
973,GBTC,Grayscale Bitcoin Trust,Grayscale,GBTC,Grayscale Bitcoin Trust,BTC-USD,2026-02-06,54.63,18000.0,1.5,40.842,756.6,2.8794,40.235,398.737
974,GBTC,Grayscale Bitcoin Trust,Grayscale,GBTC,Grayscale Bitcoin Trust,BTC-USD,2026-02-09,55.19,18000.0,1.5,53.238,367.5,2.5664,52.631,406.233
975,GBTC,Grayscale Bitcoin Trust,Grayscale,GBTC,Grayscale Bitcoin Trust,BTC-USD,2026-02-10,53.63,18000.0,1.5,51.711,719.3,2.8575,50.95,406.78
976,GBTC,Grayscale Bitcoin Trust,Grayscale,GBTC,Grayscale Bitcoin Trust,BTC-USD,2026-02-11,52.67,18000.0,1.5,43.998,478.4,2.6807,43.204,405.593
977,GBTC,Grayscale Bitcoin Trust,Grayscale,GBTC,Grayscale Bitcoin Trust,BTC-USD,2026-02-12,50.95,18000.0,1.5,58.839,1008.9,3.0043,58.045,398.492
978,GBTC,Grayscale Bitcoin Trust,Grayscale,GBTC,Grayscale Bitcoin Trust,BTC-USD,2026-02-13,53.63,18000.0,1.5,58.871,635.7,2.8039,58.045,391.76
979,GBTC,Grayscale Bitcoin Trust,Grayscale,GBTC,Grayscale Bitcoin Trust,BTC-USD,2026-02-17,52.81,18000.0,1.5,58.077,521.6,2.7181,57.251,388.134
980,GBTC,Grayscale Bitcoin Trust,Grayscale,GBTC,Grayscale Bitcoin Trust,BTC-USD,2026-02-18,51.64,18000.0,1.5,66.581,728.5,2.863,65.753,380.885
981,GBTC,Grayscale Bitcoin Trust,Grayscale,GBTC,Grayscale Bitcoin Trust,BTC-USD,2026-02-19,52.32,18000.0,1.5,70.885,578.0,2.7627,70.056,373.421
982,GBTC,Grayscale Bitcoin Trust,Grayscale,GBTC,Grayscale Bitcoin Trust,BTC-USD,2026-02-20,52.81,18000.0,1.5,70.885,673.6,2.8291,70.056,363.439
983,GBTC,Grayscale Bitcoin Trust,Grayscale,GBTC,Grayscale Bitcoin Trust,BTC-USD,2026-02-23,50.23,18000.0,1.5,66.879,623.4,2.7955,66.01,363.678
984,GBTC,Grayscale Bitcoin Trust,Grayscale,GBTC,Grayscale Bitcoin Trust,BTC-USD,2026-02-24,50.27,18000.0,1.5,62.708,547.4,2.7391,61.839,358.545
985,GBTC,Grayscale Bitcoin Trust,Grayscale,GBTC,Grayscale Bitcoin Trust,BTC-USD,2026-02-25,53.94,18000.0,1.5,62.89,303.6,2.4838,61.839,354.655
986,GBTC,Grayscale Bitcoin Trust,Grayscale,GBTC,Grayscale Bitcoin Trust,BTC-USD,2026-02-26,52.58,18000.0,1.5,64.313,461.2,2.6648,63.255,353.248
987,GBTC,Grayscale Bitcoin Trust,Grayscale,GBTC,Grayscale Bitcoin Trust,BTC-USD,2026-02-27,51.13,18000.0,1.5,64.393,837.6,2.9236,63.255,345.687
988,GBTC,Grayscale Bitcoin Trust,Grayscale,GBTC,Grayscale Bitcoin Trust,BTC-USD,2026-03-02,53.89,18000.0,1.5,64.455,365.9,2.5646,63.255,330.748
989,GBTC,Grayscale Bitcoin Trust,Grayscale,GBTC,Grayscale Bitcoin Trust,BTC-USD,2026-03-03,53.18,18000.0,1.5,78.127,497.9,2.698,76.927,320.447
990,GBTC,Grayscale Bitcoin Trust,Grayscale,GBTC,Grayscale Bitcoin Trust,BTC-USD,2026-03-04,56.99,18000.0,1.5,78.127,335.5,2.527,76.927,308.417
991,GBTC,Grayscale Bitcoin Trust,Grayscale,GBTC,Grayscale Bitcoin Trust,BTC-USD,2026-03-05,55.53,18000.0,1.5,79.471,525.1,2.7211,78.27,282.77
992,GBTC,Grayscale Bitcoin Trust,Grayscale,GBTC,Grayscale Bitcoin Trust,BTC-USD,2026-03-06,53.06,18000.0,1.5,76.059,407.7,2.6114,74.559,256.594
993,GBTC,Grayscale Bitcoin Trust,Grayscale,GBTC,Grayscale Bitcoin Trust,BTC-USD,2026-03-09,53.79,18000.0,1.5,76.776,551.3,2.7422,75.576,222.631
994,GBTC,Grayscale Bitcoin Trust,Grayscale,GBTC,Grayscale Bitcoin Trust,BTC-USD,2026-03-10,54.6,18000.0,1.5,71.212,523.8,2.72,70.073,217.661
995,GBTC,Grayscale Bitcoin Trust,Grayscale,GBTC,Grayscale Bitcoin Trust,BTC-USD,2026-03-11,55.05,18000.0,1.5,66.991,387.7,2.5896,65.852,207.202
996,GBTC,Grayscale Bitcoin Trust,Grayscale,GBTC,Grayscale Bitcoin Trust,BTC-USD,2026-03-12,54.89,18000.0,1.5,65.778,521.9,2.7184,64.639,204.793
997,GBTC,Grayscale Bitcoin Trust,Grayscale,GBTC,Grayscale Bitcoin Trust,BTC-USD,2026-03-13,55.47,18000.0,1.5,65.778,341.7,2.535,64.639,213.91
998,GBTC,Grayscale Bitcoin Trust,Grayscale,GBTC,Grayscale Bitcoin Trust,BTC-USD,2026-03-16,57.64,18000.0,1.5,50.937,903.5,2.9564,49.798,214.364
999,GBTC,Grayscale Bitcoin Trust,Grayscale,GBTC,Grayscale Bitcoin Trust,BTC-USD,2026-03-17,58.08,18000.0,1.5,54.946,340.0,2.5327,53.895,208.211
1000,GBTC,Grayscale Bitcoin Trust,Grayscale,GBTC,Grayscale Bitcoin Trust,BTC-USD,2026-03-18,55.34,18000.0,1.5,51.249,644.8,2.8101,50.11,204.557
1001,GBTC,Grayscale Bitcoin Trust,Grayscale,GBTC,Grayscale Bitcoin Trust,BTC-USD,2026-03-19,54.71,18000.0,1.5,42.66,369.8,2.5692,41.609,208.491
1002,GBTC,Grayscale Bitcoin Trust,Grayscale,GBTC,Grayscale Bitcoin Trust,BTC-USD,2026-03-20,54.65,18000.0,1.5,43.3,763.6,2.8834,42.575,210.891
1003,GBTC,Grayscale Bitcoin Trust,Grayscale,GBTC,Grayscale Bitcoin Trust,BTC-USD,2026-03-23,55.02,18000.0,1.5,43.3,558.3,2.7477,42.575,211.131
1004,GBTC,Grayscale Bitcoin Trust,Grayscale,GBTC,Grayscale Bitcoin Trust,BTC-USD,2026-03-24,53.97,18000.0,1.5,43.3,805.8,2.9068,42.575,211.597
1005,GBTC,Grayscale Bitcoin Trust,Grayscale,GBTC,Grayscale Bitcoin Trust,BTC-USD,2026-03-25,55.18,18000.0,1.5,43.502,611.0,2.7868,42.575,214.566
1006,GBTC,Grayscale Bitcoin Trust,Grayscale,GBTC,Grayscale Bitcoin Trust,BTC-USD,2026-03-26,53.34,18000.0,1.5,43.502,700.3,2.8459,42.575,212.538
1007,GBTC,Grayscale Bitcoin Trust,Grayscale,GBTC,Grayscale Bitcoin Trust,BTC-USD,2026-03-27,51.37,18000.0,1.5,36.026,756.2,2.8792,35.099,210.223
1008,GBTC,Grayscale Bitcoin Trust,Grayscale,GBTC,Grayscale Bitcoin Trust,BTC-USD,2026-03-30,51.74,18000.0,1.5,35.824,574.0,2.7597,35.099,208.266
1009,GBTC,Grayscale Bitcoin Trust,Grayscale,GBTC,Grayscale Bitcoin Trust,BTC-USD,2026-03-31,52.76,18000.0,1.5,43.695,747.7,2.8743,42.97,208.492
1010,GBTC,Grayscale Bitcoin Trust,Grayscale,GBTC,Grayscale Bitcoin Trust,BTC-USD,2026-04-01,53.05,18000.0,1.5,30.023,661.6,2.8212,29.298,204.508
1011,GBTC,Grayscale Bitcoin Trust,Grayscale,GBTC,Grayscale Bitcoin Trust,BTC-USD,2026-04-02,52.15,18000.0,1.5,30.023,457.4,2.6613,29.298,196.197
1012,GBTC,Grayscale Bitcoin Trust,Grayscale,GBTC,Grayscale Bitcoin Trust,BTC-USD,2026-04-06,54.26,18000.0,1.5,28.68,485.2,2.6868,27.955,190.107
1013,GBTC,Grayscale Bitcoin Trust,Grayscale,GBTC,Grayscale Bitcoin Trust,BTC-USD,2026-04-07,53.7,18000.0,1.5,28.68,1548.8,3.1903,27.955,189.202
1014,GBTC,Grayscale Bitcoin Trust,Grayscale,GBTC,Grayscale Bitcoin Trust,BTC-USD,2026-04-08,55.52,18000.0,1.5,27.746,702.2,2.8471,26.938,186.164
1015,GBTC,Grayscale Bitcoin Trust,Grayscale,GBTC,Grayscale Bitcoin Trust,BTC-USD,2026-04-09,56.11,18000.0,1.5,39.908,555.7,2.7456,38.981,180.179
1016,GBTC,Grayscale Bitcoin Trust,Grayscale,GBTC,Grayscale Bitcoin Trust,BTC-USD,2026-04-10,57.04,18000.0,1.5,31.787,528.8,2.7241,30.806,176.979
1017,GBTC,Grayscale Bitcoin Trust,Grayscale,GBTC,Grayscale Bitcoin Trust,BTC-USD,2026-04-13,57.09,18000.0,1.5,36.031,758.2,2.8804,35.049,173.096
1018,GBTC,Grayscale Bitcoin Trust,Grayscale,GBTC,Grayscale Bitcoin Trust,BTC-USD,2026-04-14,57.81,18000.0,1.5,36.031,976.1,2.9899,35.049,163.137
1019,GBTC,Grayscale Bitcoin Trust,Grayscale,GBTC,Grayscale Bitcoin Trust,BTC-USD,2026-04-15,58.37,18000.0,1.5,40.434,499.1,2.699,39.507,159.594
1020,GBTC,Grayscale Bitcoin Trust,Grayscale,GBTC,Grayscale Bitcoin Trust,BTC-USD,2026-04-16,58.64,18000.0,1.5,45.077,252.0,2.4032,44.15,157.449
1021,GBTC,Grayscale Bitcoin Trust,Grayscale,GBTC,Grayscale Bitcoin Trust,BTC-USD,2026-04-17,60.29,18000.0,1.5,45.077,304.2,2.4846,44.15,160.539
1022,GBTC,Grayscale Bitcoin Trust,Grayscale,GBTC,Grayscale Bitcoin Trust,BTC-USD,2026-04-20,59.37,18000.0,1.5,45.132,160.1,2.207,44.15,155.944
1023,GBTC,Grayscale Bitcoin Trust,Grayscale,GBTC,Grayscale Bitcoin Trust,BTC-USD,2026-04-21,58.35,18000.0,1.5,49.828,588.3,2.7704,48.687,153.381
1024,GBTC,Grayscale Bitcoin Trust,Grayscale,GBTC,Grayscale Bitcoin Trust,BTC-USD,2026-04-22,61.37,18000.0,1.5,49.828,156.8,2.1982,48.687,149.399
1025,GBTC,Grayscale Bitcoin Trust,Grayscale,GBTC,Grayscale Bitcoin Trust,BTC-USD,2026-04-23,60.48,18000.0,1.5,49.829,974.0,2.989,48.687,144.141
1026,GBTC,Grayscale Bitcoin Trust,Grayscale,GBTC,Grayscale Bitcoin Trust,BTC-USD,2026-04-24,60.37,18000.0,1.5,53.592,213.9,2.3323,52.45,140.248
1027,GBTC,Grayscale Bitcoin Trust,Grayscale,GBTC,Grayscale Bitcoin Trust,BTC-USD,2026-04-27,59.77,18000.0,1.5,55.79,455.5,2.6594,54.649,137.829
1028,GBTC,Grayscale Bitcoin Trust,Grayscale,GBTC,Grayscale Bitcoin Trust,BTC-USD,2026-04-28,59.34,18000.0,1.5,55.775,261.9,2.4198,54.649,133.499
1029,GBTC,Grayscale Bitcoin Trust,Grayscale,GBTC,Grayscale Bitcoin Trust,BTC-USD,2026-04-29,58.68,18000.0,1.5,57.957,626.5,2.7976,56.831,132.061
1030,GBTC,Grayscale Bitcoin Trust,Grayscale,GBTC,Grayscale Bitcoin Trust,BTC-USD,2026-04-30,59.4,18000.0,1.5,51.512,455.7,2.6596,50.371,124.46
1031,GBTC,Grayscale Bitcoin Trust,Grayscale,GBTC,Grayscale Bitcoin Trust,BTC-USD,2026-05-01,60.97,18000.0,1.5,51.513,312.1,2.4957,50.371,123.378
1032,GBTC,Grayscale Bitcoin Trust,Grayscale,GBTC,Grayscale Bitcoin Trust,BTC-USD,2026-05-04,62.23,18000.0,1.5,51.513,-202.4,-2.3085,50.371,125.276
1033,GBTC,Grayscale Bitcoin Trust,Grayscale,GBTC,Grayscale Bitcoin Trust,BTC-USD,2026-05-05,63.46,18000.0,1.5,51.513,95.2,1.9833,50.371,124.287
1034,GBTC,Grayscale Bitcoin Trust,Grayscale,GBTC,Grayscale Bitcoin Trust,BTC-USD,2026-05-06,63.3,18000.0,1.5,53.182,181.7,2.2618,52.041,123.59
1035,GBTC,Grayscale Bitcoin Trust,Grayscale,GBTC,Grayscale Bitcoin Trust,BTC-USD,2026-05-07,62.28,18000.0,1.5,53.182,-88.1,-1.9498,52.041,122.163
1036,GBTC,Grayscale Bitcoin Trust,Grayscale,GBTC,Grayscale Bitcoin Trust,BTC-USD,2026-05-08,62.31,18000.0,1.5,45.066,143.4,2.1594,43.925,121.421
1037,GBTC,Grayscale Bitcoin Trust,Grayscale,GBTC,Grayscale Bitcoin Trust,BTC-USD,2026-05-11,63.67,18000.0,1.5,45.066,-36.0,-1.5683,43.925,120.31
1038,GBTC,Grayscale Bitcoin Trust,Grayscale,GBTC,Grayscale Bitcoin Trust,BTC-USD,2026-05-12,62.79,18000.0,1.5,39.298,144.7,2.1634,38.157,117.57
1039,GBTC,Grayscale Bitcoin Trust,Grayscale,GBTC,Grayscale Bitcoin Trust,BTC-USD,2026-05-13,61.84,18000.0,1.5,39.456,115.0,2.0645,38.157,112.226
1040,GBTC,Grayscale Bitcoin Trust,Grayscale,GBTC,Grayscale Bitcoin Trust,BTC-USD,2026-05-14,63.27,18000.0,1.5,35.188,-7.7,-0.9398,33.699,112.427
1041,GBTC,Grayscale Bitcoin Trust,Grayscale,GBTC,Grayscale Bitcoin Trust,BTC-USD,2026-05-15,61.44,18000.0,1.5,26.459,107.7,2.0364,24.959,112.392
1042,GBTC,Grayscale Bitcoin Trust,Grayscale,GBTC,Grayscale Bitcoin Trust,BTC-USD,2026-05-18,59.66,18000.0,1.5,26.514,-170.1,-2.2334,24.959,106.961
1043,GBTC,Grayscale Bitcoin Trust,Grayscale,GBTC,Grayscale Bitcoin Trust,BTC-USD,2026-05-19,59.6,18000.0,1.5,31.218,51.8,1.7228,29.663,103.197
1044,GBTC,Grayscale Bitcoin Trust,Grayscale,GBTC,Grayscale Bitcoin Trust,BTC-USD,2026-05-20,60.29,18000.0,1.5,21.356,-73.4,-1.8713,19.857,101.847
1045,GBTC,Grayscale Bitcoin Trust,Grayscale,GBTC,Grayscale Bitcoin Trust,BTC-USD,2026-05-21,60.27,18000.0,1.5,26.045,0.6,0.1959,24.557,100.023
1046,GBTC,Grayscale Bitcoin Trust,Grayscale,GBTC,Grayscale Bitcoin Trust,BTC-USD,2026-05-22,58.85,18000.0,1.5,26.045,-455.3,-2.6593,24.557,100.391
1047,GBTC,Grayscale Bitcoin Trust,Grayscale,GBTC,Grayscale Bitcoin Trust,BTC-USD,2026-05-26,58.94,18000.0,1.5,29.747,-99.4,-2.0017,28.259,101.72
1048,GBTC,Grayscale Bitcoin Trust,Grayscale,GBTC,Grayscale Bitcoin Trust,BTC-USD,2026-05-27,58.15,18000.0,1.5,27.548,-265.1,-2.4251,26.06,102.309
1049,GBTC,Grayscale Bitcoin Trust,Grayscale,GBTC,Grayscale Bitcoin Trust,BTC-USD,2026-05-28,56.94,18000.0,1.5,27.548,305.5,2.4864,26.06,105.915
1050,GBTC,Grayscale Bitcoin Trust,Grayscale,GBTC,Grayscale Bitcoin Trust,BTC-USD,2026-05-29,57.02,18000.0,1.5,30.731,45.6,1.668,29.243,106.687
1051,GBTC,Grayscale Bitcoin Trust,Grayscale,GBTC,Grayscale Bitcoin Trust,BTC-USD,2026-06-01,55.48,18000.0,1.5,29.505,3.4,0.6475,27.831,110.215
1052,GBTC,Grayscale Bitcoin Trust,Grayscale,GBTC,Grayscale Bitcoin Trust,BTC-USD,2026-06-02,52.16,18000.0,1.5,29.505,186.9,2.2739,27.831,113.099
1053,GBTC,Grayscale Bitcoin Trust,Grayscale,GBTC,Grayscale Bitcoin Trust,BTC-USD,2026-06-03,50.73,18000.0,1.5,29.548,-136.0,-2.1368,27.831,110.532
1054,GBTC,Grayscale Bitcoin Trust,Grayscale,GBTC,Grayscale Bitcoin Trust,BTC-USD,2026-06-04,49.34,18000.0,1.5,29.548,507.7,2.7065,27.831,112.992
1055,GBTC,Grayscale Bitcoin Trust,Grayscale,GBTC,Grayscale Bitcoin Trust,BTC-USD,2026-06-05,46.8,18000.0,1.5,27.909,714.8,2.8548,26.162,121.989
1056,GBTC,Grayscale Bitcoin Trust,Grayscale,GBTC,Grayscale Bitcoin Trust,BTC-USD,2026-06-08,49.17,18000.0,1.5,27.916,545.6,2.7376,26.162,124.116
1057,GBTC,Grayscale Bitcoin Trust,Grayscale,GBTC,Grayscale Bitcoin Trust,BTC-USD,2026-06-09,48.14,18000.0,1.5,23.988,453.7,2.6578,22.234,127.484
1058,GBTC,Grayscale Bitcoin Trust,Grayscale,GBTC,Grayscale Bitcoin Trust,BTC-USD,2026-06-10,48.02,18000.0,1.5,26.212,483.3,2.6851,24.465,130.498
1059,GBTC,Grayscale Bitcoin Trust,Grayscale,GBTC,Grayscale Bitcoin Trust,BTC-USD,2026-06-11,49.32,18000.0,1.5,26.219,635.0,2.8034,24.465,133.599
1060,GBTC,Grayscale Bitcoin Trust,Grayscale,GBTC,Grayscale Bitcoin Trust,BTC-USD,2026-06-12,49.34,18000.0,1.5,26.689,634.7,2.8032,24.942,135.099
1061,GBTC,Grayscale Bitcoin Trust,Grayscale,GBTC,Grayscale Bitcoin Trust,BTC-USD,2026-06-15,51.65,18000.0,1.5,26.697,229.3,2.3623,24.942,133.696
1062,GBTC,Grayscale Bitcoin Trust,Grayscale,GBTC,Grayscale Bitcoin Trust,BTC-USD,2026-06-16,50.91,18000.0,1.5,26.697,463.6,2.6671,24.942,130.902
1063,GBTC,Grayscale Bitcoin Trust,Grayscale,GBTC,Grayscale Bitcoin Trust,BTC-USD,2026-06-17,49.85,18000.0,1.5,29.464,377.6,2.5782,27.71,128.783
1064,GBTC,Grayscale Bitcoin Trust,Grayscale,GBTC,Grayscale Bitcoin Trust,BTC-USD,2026-06-18,48.8,18000.0,1.5,24.808,471.5,2.6744,23.006,131.166
1065,GBTC,Grayscale Bitcoin Trust,Grayscale,GBTC,Grayscale Bitcoin Trust,BTC-USD,2026-06-22,49.96,18000.0,1.5,24.859,278.6,2.4465,23.006,130.278
1066,GBTC,Grayscale Bitcoin Trust,Grayscale,GBTC,Grayscale Bitcoin Trust,BTC-USD,2026-06-23,48.35,18000.0,1.5,20.194,418.3,2.6225,18.306,126.341
1067,GBTC,Grayscale Bitcoin Trust,Grayscale,GBTC,Grayscale Bitcoin Trust,BTC-USD,2026-06-24,46.41,18000.0,1.5,20.194,942.0,2.9745,18.306,127.832
1068,GBTC,Grayscale Bitcoin Trust,Grayscale,GBTC,Grayscale Bitcoin Trust,BTC-USD,2026-06-25,45.9,18000.0,1.5,19.538,741.8,2.8709,17.651,128.319
1069,GBTC,Grayscale Bitcoin Trust,Grayscale,GBTC,Grayscale Bitcoin Trust,BTC-USD,2026-06-26,46.28,18000.0,1.5,28.107,754.3,2.8781,26.219,127.656
1070,GBTC,Grayscale Bitcoin Trust,Grayscale,GBTC,Grayscale Bitcoin Trust,BTC-USD,2026-06-29,46.77,18000.0,1.5,39.618,449.1,2.6533,37.731,125.28
1071,GBTC,Grayscale Bitcoin Trust,Grayscale,GBTC,Grayscale Bitcoin Trust,BTC-USD,2026-06-30,45.52,18000.0,1.5,34.379,625.7,2.7971,32.366,122.905
1072,GBTC,Grayscale Bitcoin Trust,Grayscale,GBTC,Grayscale Bitcoin Trust,BTC-USD,2026-07-01,46.5,18000.0,1.5,34.497,579.3,2.7637,32.366,119.565
1073,GBTC,Grayscale Bitcoin Trust,Grayscale,GBTC,Grayscale Bitcoin Trust,BTC-USD,2026-07-02,47.64,18000.0,1.5,34.497,458.3,2.6621,32.366,115.023
1074,GBTC,Grayscale Bitcoin Trust,Grayscale,GBTC,Grayscale Bitcoin Trust,BTC-USD,2026-07-06,49.4,18000.0,1.5,36.114,674.0,2.8293,33.984,114.506
1075,GBTC,Grayscale Bitcoin Trust,Grayscale,GBTC,Grayscale Bitcoin Trust,BTC-USD,2026-07-07,49.46,18000.0,1.5,39.274,406.2,2.6098,37.144,110.418
1076,GBTC,Grayscale Bitcoin Trust,Grayscale,GBTC,Grayscale Bitcoin Trust,BTC-USD,2026-07-08,48.24,18000.0,1.5,39.624,692.2,2.8409,37.144,100.275
1077,GBTC,Grayscale Bitcoin Trust,Grayscale,GBTC,Grayscale Bitcoin Trust,BTC-USD,2026-07-09,49.0,18000.0,1.5,39.624,331.3,2.5216,37.144,96.231
1078,GBTC,Grayscale Bitcoin Trust,Grayscale,GBTC,Grayscale Bitcoin Trust,BTC-USD,2026-07-10,49.56,18000.0,1.5,39.624,613.4,2.7884,37.144,92.008
1079,GBTC,Grayscale Bitcoin Trust,Grayscale,GBTC,Grayscale Bitcoin Trust,BTC-USD,2026-07-13,48.22,18000.0,1.5,37.402,604.2,2.7819,34.913,89.482
1080,GBTC,Grayscale Bitcoin Trust,Grayscale,GBTC,Grayscale Bitcoin Trust,BTC-USD,2026-07-14,50.03,18000.0,1.5,37.788,715.4,2.8552,34.913,88.061
1081,GBTC,Grayscale Bitcoin Trust,Grayscale,GBTC,Grayscale Bitcoin Trust,BTC-USD,2026-07-15,50.34,18000.0,1.5,37.31,620.2,2.7932,34.435,86.11
1082,GBTC,Grayscale Bitcoin Trust,Grayscale,GBTC,Grayscale Bitcoin Trust,BTC-USD,2026-07-16,49.78,18000.0,1.5,37.058,288.8,2.4621,34.435,83.314
1083,GBTC,Grayscale Bitcoin Trust,Grayscale,GBTC,Grayscale Bitcoin Trust,BTC-USD,2026-07-17,49.71,18000.0,1.5,37.058,677.0,2.8312,34.435,83.809
1084,GBTC,Grayscale Bitcoin Trust,Grayscale,GBTC,Grayscale Bitcoin Trust,BTC-USD,2026-07-20,50.45,18000.0,1.5,34.29,563.0,2.7513,31.668,84.159
1085,GBTC,Grayscale Bitcoin Trust,Grayscale,GBTC,Grayscale Bitcoin Trust,BTC-USD,2026-07-21,51.49,18000.0,1.5,34.542,611.5,2.7871,31.668,82.121
1086,GBTC,Grayscale Bitcoin Trust,Grayscale,GBTC,Grayscale Bitcoin Trust,BTC-USD,2026-07-22,51.08,18000.0,1.5,34.29,962.2,2.9837,31.668,81.785
1087,GBTC,Grayscale Bitcoin Trust,Grayscale,GBTC,Grayscale Bitcoin Trust,BTC-USD,2026-07-23,50.19,18000.0,1.5,34.29,876.1,2.9431,31.668,81.256
1088,GBTC,Grayscale Bitcoin Trust,Grayscale,GBTC,Grayscale Bitcoin Trust,BTC-USD,2026-07-24,49.72,18000.0,1.5,34.148,584.7,2.7677,31.668,77.724
1089,GBTC,Grayscale Bitcoin Trust,Grayscale,GBTC,Grayscale Bitcoin Trust,BTC-USD,2026-07-27,50.28,18000.0,1.5,27.338,255.3,2.4088,24.857,74.138
1090,GBTC,Grayscale Bitcoin Trust,Grayscale,GBTC,Grayscale Bitcoin Trust,BTC-USD,2026-07-28,49.44,18000.0,1.5,18.911,483.7,2.6855,16.289,72.165
1091,GBTC,Grayscale Bitcoin Trust,Grayscale,GBTC,Grayscale Bitcoin Trust,BTC-USD,2026-07-29,49.2,18000.0,1.5,7.4,799.9,2.9036,4.777,71.582
1092,GBTC,Grayscale Bitcoin Trust,Grayscale,GBTC,Grayscale Bitcoin Trust,BTC-USD,2026-07-30,50.16,18000.0,1.5,7.303,579.8,2.764,4.777,71.346
1093,GBTC,Grayscale Bitcoin Trust,Grayscale,GBTC,Grayscale Bitcoin Trust,BTC-USD,2026-07-31,48.73,18000.0,1.5,7.303,480.8,2.6829,4.777,74.633
1094,GBTC,Grayscale Bitcoin Trust,Grayscale,GBTC,Grayscale Bitcoin Trust,BTC-USD,2026-08-03,49.43,18000.0,1.5,14.895,453.2,2.6572,12.969,76.66
1095,GBTC,Grayscale Bitcoin Trust,Grayscale,GBTC,Grayscale Bitcoin Trust,BTC-USD,2026-08-04,49.73,18000.0,1.5,13.218,422.5,2.6268,11.351,74.978
1096,GBTC,Grayscale Bitcoin Trust,Grayscale,GBTC,Grayscale Bitcoin Trust,BTC-USD,2026-08-05,50.19,18000.0,1.5,10.367,786.1,2.896,8.5,75.253
1097,GBTC,Grayscale Bitcoin Trust,Grayscale,GBTC,Grayscale Bitcoin Trust,BTC-USD,2026-08-06,49.88,18000.0,1.5,14.928,685.8,2.8368,13.081,74.669
1098,GBTC,Grayscale Bitcoin Trust,Grayscale,GBTC,Grayscale Bitcoin Trust,BTC-USD,2026-08-07,50.3,18000.0,1.5,14.689,819.5,2.9141,13.081,74.932
1099,GBTC,Grayscale Bitcoin Trust,Grayscale,GBTC,Grayscale Bitcoin Trust,BTC-USD,2026-08-10,49.53,18000.0,1.5,14.592,520.8,2.7175,13.081,78.139
1100,GBTC,Grayscale Bitcoin Trust,Grayscale,GBTC,Grayscale Bitcoin Trust,BTC-USD,2026-08-11,49.13,18000.0,1.5,14.481,891.9,2.9508,13.081,76.875
1101,GBTC,Grayscale Bitcoin Trust,Grayscale,GBTC,Grayscale Bitcoin Trust,BTC-USD,2026-08-12,49.04,18000.0,1.5,19.309,668.1,2.8255,17.916,75.511
1102,GBTC,Grayscale Bitcoin Trust,Grayscale,GBTC,Grayscale Bitcoin Trust,BTC-USD,2026-08-13,49.05,18000.0,1.5,22.271,799.5,2.9034,20.878,75.903
1103,GBTC,Grayscale Bitcoin Trust,Grayscale,GBTC,Grayscale Bitcoin Trust,BTC-USD,2026-08-14,48.68,18000.0,1.5,22.271,373.1,2.573,20.878,75.687
1104,GBTC,Grayscale Bitcoin Trust,Grayscale,GBTC,Grayscale Bitcoin Trust,BTC-USD,2026-08-17,49.75,18000.0,1.5,22.278,689.3,2.8391,20.878,77.376
1105,GBTC,Grayscale Bitcoin Trust,Grayscale,GBTC,Grayscale Bitcoin Trust,BTC-USD,2026-08-18,50.0,18000.0,1.5,22.271,714.4,2.8546,20.878,76.585
1106,GBTC,Grayscale Bitcoin Trust,Grayscale,GBTC,Grayscale Bitcoin Trust,BTC-USD,2026-08-19,53.0,18000.0,1.5,22.271,721.7,2.859,20.878,87.802
1107,GBTC,Grayscale Bitcoin Trust,Grayscale,GBTC,Grayscale Bitcoin Trust,BTC-USD,2026-08-20,56.28,18000.0,1.5,22.278,663.2,2.8223,20.878,95.018
1108,GBTC,Grayscale Bitcoin Trust,Grayscale,GBTC,Grayscale Bitcoin Trust,BTC-USD,2026-08-21,59.63,18000.0,1.5,22.278,743.2,2.8717,20.878,103.183
1109,GBTC,Grayscale Bitcoin Trust,Grayscale,GBTC,Grayscale Bitcoin Trust,BTC-USD,2026-08-24,60.96,18000.0,1.5,22.196,425.1,2.6295,20.878,110.788
1110,GBTC,Grayscale Bitcoin Trust,Grayscale,GBTC,Grayscale Bitcoin Trust,BTC-USD,2026-08-25,61.07,18000.0,1.5,28.976,465.9,2.6692,27.677,114.341
1111,GBTC,Grayscale Bitcoin Trust,Grayscale,GBTC,Grayscale Bitcoin Trust,BTC-USD,2026-08-26,60.73,18000.0,1.5,28.898,967.2,2.986,27.677,115.682
1112,GBTC,Grayscale Bitcoin Trust,Grayscale,GBTC,Grayscale Bitcoin Trust,BTC-USD,2026-08-27,61.86,18000.0,1.5,28.976,464.3,2.6678,27.677,116.798
1113,ARKB,ARK 21Shares Bitcoin ETF,ARK / 21Shares,ARKB,ARK 21Shares Bitcoin ETF,BTC-USD,2025-03-07,28.9633,5000.0,0.21,88.837,-469.9,-2.6729,86.978,105.625
1114,ARKB,ARK 21Shares Bitcoin ETF,ARK / 21Shares,ARKB,ARK 21Shares Bitcoin ETF,BTC-USD,2025-03-10,26.35,5000.0,0.21,80.028,-565.9,-2.7535,78.012,109.353
1115,ARKB,ARK 21Shares Bitcoin ETF,ARK / 21Shares,ARKB,ARK 21Shares Bitcoin ETF,BTC-USD,2025-03-11,27.63,5000.0,0.21,80.861,-448.4,-2.6527,78.573,108.859
1116,ARKB,ARK 21Shares Bitcoin ETF,ARK / 21Shares,ARKB,ARK 21Shares Bitcoin ETF,BTC-USD,2025-03-12,27.58,5000.0,0.21,90.028,-209.1,-2.3224,88.012,109.651
1117,ARKB,ARK 21Shares Bitcoin ETF,ARK / 21Shares,ARKB,ARK 21Shares Bitcoin ETF,BTC-USD,2025-03-13,26.6567,5000.0,0.21,99.029,-162.4,-2.2134,97.013,110.011
1118,ARKB,ARK 21Shares Bitcoin ETF,ARK / 21Shares,ARKB,ARK 21Shares Bitcoin ETF,BTC-USD,2025-03-14,28.1433,5000.0,0.21,88.284,-559.8,-2.7488,86.268,111.81
1119,ARKB,ARK 21Shares Bitcoin ETF,ARK / 21Shares,ARKB,ARK 21Shares Bitcoin ETF,BTC-USD,2025-03-17,28.12,5000.0,0.21,93.408,-525.0,-2.721,91.392,113.088
1120,ARKB,ARK 21Shares Bitcoin ETF,ARK / 21Shares,ARKB,ARK 21Shares Bitcoin ETF,BTC-USD,2025-03-18,27.3767,5000.0,0.21,93.68,-662.6,-2.8219,91.392,115.373
1121,ARKB,ARK 21Shares Bitcoin ETF,ARK / 21Shares,ARKB,ARK 21Shares Bitcoin ETF,BTC-USD,2025-03-19,28.4233,5000.0,0.21,93.68,-318.3,-2.5042,91.392,114.79
1122,ARKB,ARK 21Shares Bitcoin ETF,ARK / 21Shares,ARKB,ARK 21Shares Bitcoin ETF,BTC-USD,2025-03-20,28.0,5000.0,0.21,103.215,-621.0,-2.7938,100.927,114.576
1123,ARKB,ARK 21Shares Bitcoin ETF,ARK / 21Shares,ARKB,ARK 21Shares Bitcoin ETF,BTC-USD,2025-03-21,27.9083,5000.0,0.21,102.943,-946.8,-2.9767,100.927,113.714
1124,ARKB,ARK 21Shares Bitcoin ETF,ARK / 21Shares,ARKB,ARK 21Shares Bitcoin ETF,BTC-USD,2025-03-24,29.35,5000.0,0.21,98.236,-521.0,-2.7177,96.22,109.558
1125,ARKB,ARK 21Shares Bitcoin ETF,ARK / 21Shares,ARKB,ARK 21Shares Bitcoin ETF,BTC-USD,2025-03-25,29.3267,5000.0,0.21,102.113,-727.3,-2.8623,100.097,106.575
1126,ARKB,ARK 21Shares Bitcoin ETF,ARK / 21Shares,ARKB,ARK 21Shares Bitcoin ETF,BTC-USD,2025-03-26,28.77,5000.0,0.21,102.113,-358.5,-2.5557,100.097,98.746
1127,ARKB,ARK 21Shares Bitcoin ETF,ARK / 21Shares,ARKB,ARK 21Shares Bitcoin ETF,BTC-USD,2025-03-27,28.9467,5000.0,0.21,109.06,-391.0,-2.5932,107.202,90.158
1128,ARKB,ARK 21Shares Bitcoin ETF,ARK / 21Shares,ARKB,ARK 21Shares Bitcoin ETF,BTC-USD,2025-03-28,27.8567,5000.0,0.21,94.803,-268.8,-2.431,92.49,88.529
1129,ARKB,ARK 21Shares Bitcoin ETF,ARK / 21Shares,ARKB,ARK 21Shares Bitcoin ETF,BTC-USD,2025-03-31,27.4,5000.0,0.21,90.751,-472.5,-2.6753,87.646,82.015
1130,ARKB,ARK 21Shares Bitcoin ETF,ARK / 21Shares,ARKB,ARK 21Shares Bitcoin ETF,BTC-USD,2025-04-01,28.2633,5000.0,0.21,90.775,-367.4,-2.5664,87.646,76.729
1131,ARKB,ARK 21Shares Bitcoin ETF,ARK / 21Shares,ARKB,ARK 21Shares Bitcoin ETF,BTC-USD,2025-04-02,28.92,5000.0,0.21,90.787,-1386.3,-3.1422,87.646,74.716
1132,ARKB,ARK 21Shares Bitcoin ETF,ARK / 21Shares,ARKB,ARK 21Shares Bitcoin ETF,BTC-USD,2025-04-03,27.2533,5000.0,0.21,90.787,107.1,2.0337,87.646,74.302
1133,ARKB,ARK 21Shares Bitcoin ETF,ARK / 21Shares,ARKB,ARK 21Shares Bitcoin ETF,BTC-USD,2025-04-04,27.9233,5000.0,0.21,80.047,-667.1,-2.8249,76.906,76.199
1134,ARKB,ARK 21Shares Bitcoin ETF,ARK / 21Shares,ARKB,ARK 21Shares Bitcoin ETF,BTC-USD,2025-04-07,25.9633,5000.0,0.21,68.249,-25.8,-1.4284,65.108,83.435
1135,ARKB,ARK 21Shares Bitcoin ETF,ARK / 21Shares,ARKB,ARK 21Shares Bitcoin ETF,BTC-USD,2025-04-08,25.5133,5000.0,0.21,88.634,-314.8,-2.4994,85.505,80.49
1136,ARKB,ARK 21Shares Bitcoin ETF,ARK / 21Shares,ARKB,ARK 21Shares Bitcoin ETF,BTC-USD,2025-04-09,27.3533,5000.0,0.21,85.662,7.9,0.9493,82.533,85.195
1137,ARKB,ARK 21Shares Bitcoin ETF,ARK / 21Shares,ARKB,ARK 21Shares Bitcoin ETF,BTC-USD,2025-04-10,26.4567,5000.0,0.21,86.748,-334.3,-2.5254,83.607,85.519
1138,ARKB,ARK 21Shares Bitcoin ETF,ARK / 21Shares,ARKB,ARK 21Shares Bitcoin ETF,BTC-USD,2025-04-11,27.88,5000.0,0.21,77.747,-470.4,-2.6734,74.606,85.998
1139,ARKB,ARK 21Shares Bitcoin ETF,ARK / 21Shares,ARKB,ARK 21Shares Bitcoin ETF,BTC-USD,2025-04-14,28.25,5000.0,0.21,77.735,-816.9,-2.9127,74.606,85.131
1140,ARKB,ARK 21Shares Bitcoin ETF,ARK / 21Shares,ARKB,ARK 21Shares Bitcoin ETF,BTC-USD,2025-04-15,27.9433,5000.0,0.21,77.184,-352.1,-2.548,74.055,84.054
1141,ARKB,ARK 21Shares Bitcoin ETF,ARK / 21Shares,ARKB,ARK 21Shares Bitcoin ETF,BTC-USD,2025-04-16,28.05,5000.0,0.21,80.275,-542.0,-2.7348,77.146,82.27
1142,ARKB,ARK 21Shares Bitcoin ETF,ARK / 21Shares,ARKB,ARK 21Shares Bitcoin ETF,BTC-USD,2025-04-17,28.2367,5000.0,0.21,88.709,-438.6,-2.643,85.604,82.527
1143,ARKB,ARK 21Shares Bitcoin ETF,ARK / 21Shares,ARKB,ARK 21Shares Bitcoin ETF,BTC-USD,2025-04-21,29.0667,5000.0,0.21,76.79,-395.6,-2.5983,74.164,87.754
1144,ARKB,ARK 21Shares Bitcoin ETF,ARK / 21Shares,ARKB,ARK 21Shares Bitcoin ETF,BTC-USD,2025-04-22,30.4367,5000.0,0.21,76.838,-343.1,-2.5367,74.164,93.999
1145,ARKB,ARK 21Shares Bitcoin ETF,ARK / 21Shares,ARKB,ARK 21Shares Bitcoin ETF,BTC-USD,2025-04-23,31.0967,5000.0,0.21,76.79,-472.4,-2.6752,74.164,97.17
1146,ARKB,ARK 21Shares Bitcoin ETF,ARK / 21Shares,ARKB,ARK 21Shares Bitcoin ETF,BTC-USD,2025-04-24,31.14,5000.0,0.21,75.547,-429.3,-2.6338,72.92,101.623
1147,ARKB,ARK 21Shares Bitcoin ETF,ARK / 21Shares,ARKB,ARK 21Shares Bitcoin ETF,BTC-USD,2025-04-25,31.73,5000.0,0.21,74.885,-742.9,-2.8715,72.92,104.614
1148,ARKB,ARK 21Shares Bitcoin ETF,ARK / 21Shares,ARKB,ARK 21Shares Bitcoin ETF,BTC-USD,2025-04-28,31.5167,5000.0,0.21,67.497,-614.9,-2.7895,65.532,105.723
1149,ARKB,ARK 21Shares Bitcoin ETF,ARK / 21Shares,ARKB,ARK 21Shares Bitcoin ETF,BTC-USD,2025-04-29,31.7,5000.0,0.21,67.483,-795.8,-2.9014,65.532,104.758
1150,ARKB,ARK 21Shares Bitcoin ETF,ARK / 21Shares,ARKB,ARK 21Shares Bitcoin ETF,BTC-USD,2025-04-30,31.2967,5000.0,0.21,67.442,-570.4,-2.7569,65.532,106.124
1151,ARKB,ARK 21Shares Bitcoin ETF,ARK / 21Shares,ARKB,ARK 21Shares Bitcoin ETF,BTC-USD,2025-05-01,32.1133,5000.0,0.21,67.442,-712.5,-2.8534,65.532,106.028
1152,ARKB,ARK 21Shares Bitcoin ETF,ARK / 21Shares,ARKB,ARK 21Shares Bitcoin ETF,BTC-USD,2025-05-02,32.26,5000.0,0.21,67.648,-668.6,-2.8258,65.789,105.106
1153,ARKB,ARK 21Shares Bitcoin ETF,ARK / 21Shares,ARKB,ARK 21Shares Bitcoin ETF,BTC-USD,2025-05-05,31.3667,5000.0,0.21,67.648,-625.7,-2.7971,65.789,104.515
1154,ARKB,ARK 21Shares Bitcoin ETF,ARK / 21Shares,ARKB,ARK 21Shares Bitcoin ETF,BTC-USD,2025-05-06,31.5767,5000.0,0.21,72.867,-326.8,-2.5155,71.03,101.345
1155,ARKB,ARK 21Shares Bitcoin ETF,ARK / 21Shares,ARKB,ARK 21Shares Bitcoin ETF,BTC-USD,2025-05-07,31.99,5000.0,0.21,72.758,-566.7,-2.7541,71.03,92.271
1156,ARKB,ARK 21Shares Bitcoin ETF,ARK / 21Shares,ARKB,ARK 21Shares Bitcoin ETF,BTC-USD,2025-05-08,33.6967,5000.0,0.21,52.361,-593.8,-2.7744,50.633,91.961
1157,ARKB,ARK 21Shares Bitcoin ETF,ARK / 21Shares,ARKB,ARK 21Shares Bitcoin ETF,BTC-USD,2025-05-09,34.3333,5000.0,0.21,42.047,-810.1,-2.9091,40.319,85.867
1158,ARKB,ARK 21Shares Bitcoin ETF,ARK / 21Shares,ARKB,ARK 21Shares Bitcoin ETF,BTC-USD,2025-05-12,33.8633,5000.0,0.21,32.522,-424.3,-2.6287,30.91,87.418
1159,ARKB,ARK 21Shares Bitcoin ETF,ARK / 21Shares,ARKB,ARK 21Shares Bitcoin ETF,BTC-USD,2025-05-13,34.8633,5000.0,0.21,33.995,-745.7,-2.8731,32.383,87.126
1160,ARKB,ARK 21Shares Bitcoin ETF,ARK / 21Shares,ARKB,ARK 21Shares Bitcoin ETF,BTC-USD,2025-05-14,34.3367,5000.0,0.21,38.248,-635.7,-2.8039,36.636,86.584
1161,ARKB,ARK 21Shares Bitcoin ETF,ARK / 21Shares,ARKB,ARK 21Shares Bitcoin ETF,BTC-USD,2025-05-15,34.3,5000.0,0.21,34.204,-856.4,-2.9332,32.696,87.838
1162,ARKB,ARK 21Shares Bitcoin ETF,ARK / 21Shares,ARKB,ARK 21Shares Bitcoin ETF,BTC-USD,2025-05-16,34.61,5000.0,0.21,31.163,-327.4,-2.5164,29.605,86.857
1163,ARKB,ARK 21Shares Bitcoin ETF,ARK / 21Shares,ARKB,ARK 21Shares Bitcoin ETF,BTC-USD,2025-05-19,35.0967,5000.0,0.21,25.431,-787.5,-2.8968,23.819,87.0
1164,ARKB,ARK 21Shares Bitcoin ETF,ARK / 21Shares,ARKB,ARK 21Shares Bitcoin ETF,BTC-USD,2025-05-20,35.63,5000.0,0.21,25.431,-719.6,-2.8577,23.819,83.49
1165,ARKB,ARK 21Shares Bitcoin ETF,ARK / 21Shares,ARKB,ARK 21Shares Bitcoin ETF,BTC-USD,2025-05-21,36.1467,5000.0,0.21,25.377,-373.1,-2.573,23.819,82.638
1166,ARKB,ARK 21Shares Bitcoin ETF,ARK / 21Shares,ARKB,ARK 21Shares Bitcoin ETF,BTC-USD,2025-05-22,36.9967,5000.0,0.21,25.377,-409.0,-2.6127,23.819,83.418
1167,ARKB,ARK 21Shares Bitcoin ETF,ARK / 21Shares,ARKB,ARK 21Shares Bitcoin ETF,BTC-USD,2025-05-23,36.1667,5000.0,0.21,22.797,-818.9,-2.9137,21.185,81.172
1168,ARKB,ARK 21Shares Bitcoin ETF,ARK / 21Shares,ARKB,ARK 21Shares Bitcoin ETF,BTC-USD,2025-05-27,36.57,5000.0,0.21,24.422,-754.0,-2.8779,22.81,79.921
1169,ARKB,ARK 21Shares Bitcoin ETF,ARK / 21Shares,ARKB,ARK 21Shares Bitcoin ETF,BTC-USD,2025-05-28,35.5667,5000.0,0.21,23.859,-389.0,-2.5911,22.177,80.54
1170,ARKB,ARK 21Shares Bitcoin ETF,ARK / 21Shares,ARKB,ARK 21Shares Bitcoin ETF,BTC-USD,2025-05-29,35.12,5000.0,0.21,24.147,-409.3,-2.6131,22.465,87.357
1171,ARKB,ARK 21Shares Bitcoin ETF,ARK / 21Shares,ARKB,ARK 21Shares Bitcoin ETF,BTC-USD,2025-05-30,34.7767,5000.0,0.21,24.023,-267.7,-2.4293,22.465,87.646
1172,ARKB,ARK 21Shares Bitcoin ETF,ARK / 21Shares,ARKB,ARK 21Shares Bitcoin ETF,BTC-USD,2025-06-02,34.75,5000.0,0.21,26.73,-567.5,-2.7547,25.227,87.346
1173,ARKB,ARK 21Shares Bitcoin ETF,ARK / 21Shares,ARKB,ARK 21Shares Bitcoin ETF,BTC-USD,2025-06-03,35.33,5000.0,0.21,26.529,-508.2,-2.7069,24.971,88.682
1174,ARKB,ARK 21Shares Bitcoin ETF,ARK / 21Shares,ARKB,ARK 21Shares Bitcoin ETF,BTC-USD,2025-06-04,34.91,5000.0,0.21,26.529,-597.8,-2.7772,24.971,87.897
1175,ARKB,ARK 21Shares Bitcoin ETF,ARK / 21Shares,ARKB,ARK 21Shares Bitcoin ETF,BTC-USD,2025-06-05,33.8733,5000.0,0.21,23.88,-496.8,-2.697,22.322,96.613
1176,ARKB,ARK 21Shares Bitcoin ETF,ARK / 21Shares,ARKB,ARK 21Shares Bitcoin ETF,BTC-USD,2025-06-06,34.67,5000.0,0.21,27.027,-548.5,-2.74,25.345,96.705
1177,ARKB,ARK 21Shares Bitcoin ETF,ARK / 21Shares,ARKB,ARK 21Shares Bitcoin ETF,BTC-USD,2025-06-09,36.1167,5000.0,0.21,27.027,-248.7,-2.3973,25.345,97.707
1178,ARKB,ARK 21Shares Bitcoin ETF,ARK / 21Shares,ARKB,ARK 21Shares Bitcoin ETF,BTC-USD,2025-06-10,36.4133,5000.0,0.21,26.903,-0.0,-0.0192,25.345,98.261
1179,ARKB,ARK 21Shares Bitcoin ETF,ARK / 21Shares,ARKB,ARK 21Shares Bitcoin ETF,BTC-USD,2025-06-11,36.1433,5000.0,0.21,32.015,-193.5,-2.289,30.458,97.818
1180,ARKB,ARK 21Shares Bitcoin ETF,ARK / 21Shares,ARKB,ARK 21Shares Bitcoin ETF,BTC-USD,2025-06-12,35.51,5000.0,0.21,30.543,-891.2,-2.9505,28.985,98.921
1181,ARKB,ARK 21Shares Bitcoin ETF,ARK / 21Shares,ARKB,ARK 21Shares Bitcoin ETF,BTC-USD,2025-06-13,34.9633,5000.0,0.21,26.29,-351.6,-2.5473,24.732,99.263
1182,ARKB,ARK 21Shares Bitcoin ETF,ARK / 21Shares,ARKB,ARK 21Shares Bitcoin ETF,BTC-USD,2025-06-16,36.15,5000.0,0.21,22.661,-713.6,-2.8541,20.979,97.785
1183,ARKB,ARK 21Shares Bitcoin ETF,ARK / 21Shares,ARKB,ARK 21Shares Bitcoin ETF,BTC-USD,2025-06-17,34.82,5000.0,0.21,22.717,-401.1,-2.6044,20.979,100.812
1184,ARKB,ARK 21Shares Bitcoin ETF,ARK / 21Shares,ARKB,ARK 21Shares Bitcoin ETF,BTC-USD,2025-06-18,34.52,5000.0,0.21,27.239,-139.9,-2.1488,25.501,100.078
1185,ARKB,ARK 21Shares Bitcoin ETF,ARK / 21Shares,ARKB,ARK 21Shares Bitcoin ETF,BTC-USD,2025-06-20,34.34,5000.0,0.21,31.902,-300.6,-2.4794,30.458,99.233
1186,ARKB,ARK 21Shares Bitcoin ETF,ARK / 21Shares,ARKB,ARK 21Shares Bitcoin ETF,BTC-USD,2025-06-23,34.32,5000.0,0.21,31.902,204.2,2.3121,30.458,95.436
1187,ARKB,ARK 21Shares Bitcoin ETF,ARK / 21Shares,ARKB,ARK 21Shares Bitcoin ETF,BTC-USD,2025-06-24,35.13,5000.0,0.21,32.196,-290.0,-2.464,30.458,89.811
1188,ARKB,ARK 21Shares Bitcoin ETF,ARK / 21Shares,ARKB,ARK 21Shares Bitcoin ETF,BTC-USD,2025-06-25,35.84,5000.0,0.21,32.196,-850.3,-2.9301,30.458,89.179
1189,ARKB,ARK 21Shares Bitcoin ETF,ARK / 21Shares,ARKB,ARK 21Shares Bitcoin ETF,BTC-USD,2025-06-26,35.79,5000.0,0.21,32.416,-907.2,-2.9582,30.678,85.662
1190,ARKB,ARK 21Shares Bitcoin ETF,ARK / 21Shares,ARKB,ARK 21Shares Bitcoin ETF,BTC-USD,2025-06-27,35.53,5000.0,0.21,36.417,-864.8,-2.9374,35.106,84.902
1191,ARKB,ARK 21Shares Bitcoin ETF,ARK / 21Shares,ARKB,ARK 21Shares Bitcoin ETF,BTC-USD,2025-06-30,35.79,5000.0,0.21,39.865,-561.0,-2.7497,38.467,78.857
1192,ARKB,ARK 21Shares Bitcoin ETF,ARK / 21Shares,ARKB,ARK 21Shares Bitcoin ETF,BTC-USD,2025-07-01,35.02,5000.0,0.21,40.205,-487.4,-2.6888,38.467,78.534
1193,ARKB,ARK 21Shares Bitcoin ETF,ARK / 21Shares,ARKB,ARK 21Shares Bitcoin ETF,BTC-USD,2025-07-02,36.49,5000.0,0.21,37.728,-694.0,-2.842,35.705,79.99
1194,ARKB,ARK 21Shares Bitcoin ETF,ARK / 21Shares,ARKB,ARK 21Shares Bitcoin ETF,BTC-USD,2025-07-03,36.33,5000.0,0.21,37.443,-212.4,-2.3291,35.705,78.403
1195,ARKB,ARK 21Shares Bitcoin ETF,ARK / 21Shares,ARKB,ARK 21Shares Bitcoin ETF,BTC-USD,2025-07-07,35.92,5000.0,0.21,37.443,-534.3,-2.7286,35.705,77.906
1196,ARKB,ARK 21Shares Bitcoin ETF,ARK / 21Shares,ARKB,ARK 21Shares Bitcoin ETF,BTC-USD,2025-07-08,36.175,5000.0,0.21,35.169,-433.5,-2.638,33.113,68.067
1197,ARKB,ARK 21Shares Bitcoin ETF,ARK / 21Shares,ARKB,ARK 21Shares Bitcoin ETF,BTC-USD,2025-07-09,37.18,5000.0,0.21,32.146,-658.9,-2.8195,30.09,66.355
1198,ARKB,ARK 21Shares Bitcoin ETF,ARK / 21Shares,ARKB,ARK 21Shares Bitcoin ETF,BTC-USD,2025-07-10,37.72,5000.0,0.21,31.988,-292.0,-2.4668,30.09,64.92
1199,ARKB,ARK 21Shares Bitcoin ETF,ARK / 21Shares,ARKB,ARK 21Shares Bitcoin ETF,BTC-USD,2025-07-11,39.29,5000.0,0.21,32.146,-1085.3,-3.036,30.09,66.951
1200,ARKB,ARK 21Shares Bitcoin ETF,ARK / 21Shares,ARKB,ARK 21Shares Bitcoin ETF,BTC-USD,2025-07-14,39.87,5000.0,0.21,24.13,-1202.8,-3.0806,22.074,66.371
1201,ARKB,ARK 21Shares Bitcoin ETF,ARK / 21Shares,ARKB,ARK 21Shares Bitcoin ETF,BTC-USD,2025-07-15,38.7,5000.0,0.21,24.226,-643.0,-2.8089,22.074,67.95
1202,ARKB,ARK 21Shares Bitcoin ETF,ARK / 21Shares,ARKB,ARK 21Shares Bitcoin ETF,BTC-USD,2025-07-16,39.65,5000.0,0.21,24.282,-1198.0,-3.0788,22.074,69.69
1203,ARKB,ARK 21Shares Bitcoin ETF,ARK / 21Shares,ARKB,ARK 21Shares Bitcoin ETF,BTC-USD,2025-07-17,39.56,5000.0,0.21,29.868,-887.4,-2.9486,27.812,69.757
1204,ARKB,ARK 21Shares Bitcoin ETF,ARK / 21Shares,ARKB,ARK 21Shares Bitcoin ETF,BTC-USD,2025-07-18,39.02,5000.0,0.21,34.009,-937.5,-2.9725,32.111,68.537
1205,ARKB,ARK 21Shares Bitcoin ETF,ARK / 21Shares,ARKB,ARK 21Shares Bitcoin ETF,BTC-USD,2025-07-21,38.82,5000.0,0.21,33.973,-602.0,-2.7803,32.076,68.96
1206,ARKB,ARK 21Shares Bitcoin ETF,ARK / 21Shares,ARKB,ARK 21Shares Bitcoin ETF,BTC-USD,2025-07-22,39.66,5000.0,0.21,30.424,-696.0,-2.8432,28.368,69.58
1207,ARKB,ARK 21Shares Bitcoin ETF,ARK / 21Shares,ARKB,ARK 21Shares Bitcoin ETF,BTC-USD,2025-07-23,39.37,5000.0,0.21,31.177,-753.2,-2.8775,29.121,68.99
1208,ARKB,ARK 21Shares Bitcoin ETF,ARK / 21Shares,ARKB,ARK 21Shares Bitcoin ETF,BTC-USD,2025-07-24,39.57,5000.0,0.21,31.018,-822.8,-2.9158,29.121,69.218
1209,ARKB,ARK 21Shares Bitcoin ETF,ARK / 21Shares,ARKB,ARK 21Shares Bitcoin ETF,BTC-USD,2025-07-25,38.83,5000.0,0.21,31.018,-800.3,-2.9038,29.121,69.313
1210,ARKB,ARK 21Shares Bitcoin ETF,ARK / 21Shares,ARKB,ARK 21Shares Bitcoin ETF,BTC-USD,2025-07-28,39.25,5000.0,0.21,29.174,-825.0,-2.917,27.276,71.061
1211,ARKB,ARK 21Shares Bitcoin ETF,ARK / 21Shares,ARKB,ARK 21Shares Bitcoin ETF,BTC-USD,2025-07-29,39.05,5000.0,0.21,29.828,-919.3,-2.9639,27.931,71.815
1212,ARKB,ARK 21Shares Bitcoin ETF,ARK / 21Shares,ARKB,ARK 21Shares Bitcoin ETF,BTC-USD,2025-07-30,38.84,5000.0,0.21,30.696,-704.0,-2.8482,28.798,72.757
1213,ARKB,ARK 21Shares Bitcoin ETF,ARK / 21Shares,ARKB,ARK 21Shares Bitcoin ETF,BTC-USD,2025-07-31,38.78,5000.0,0.21,36.9,-799.6,-2.9034,35.042,72.955
1214,ARKB,ARK 21Shares Bitcoin ETF,ARK / 21Shares,ARKB,ARK 21Shares Bitcoin ETF,BTC-USD,2025-08-01,37.59,5000.0,0.21,36.804,-602.7,-2.7808,35.042,77.356
1215,ARKB,ARK 21Shares Bitcoin ETF,ARK / 21Shares,ARKB,ARK 21Shares Bitcoin ETF,BTC-USD,2025-08-04,38.13,5000.0,0.21,41.579,-863.3,-2.9367,39.721,77.364
1216,ARKB,ARK 21Shares Bitcoin ETF,ARK / 21Shares,ARKB,ARK 21Shares Bitcoin ETF,BTC-USD,2025-08-05,37.79,5000.0,0.21,41.483,-685.7,-2.8367,39.721,78.126
1217,ARKB,ARK 21Shares Bitcoin ETF,ARK / 21Shares,ARKB,ARK 21Shares Bitcoin ETF,BTC-USD,2025-08-06,38.32,5000.0,0.21,41.483,-653.8,-2.8161,39.721,78.722
1218,ARKB,ARK 21Shares Bitcoin ETF,ARK / 21Shares,ARKB,ARK 21Shares Bitcoin ETF,BTC-USD,2025-08-07,39.1,5000.0,0.21,41.483,-740.7,-2.8703,39.721,79.64
1219,ARKB,ARK 21Shares Bitcoin ETF,ARK / 21Shares,ARKB,ARK 21Shares Bitcoin ETF,BTC-USD,2025-08-08,38.71,5000.0,0.21,46.584,-727.7,-2.8625,44.824,79.108
1220,ARKB,ARK 21Shares Bitcoin ETF,ARK / 21Shares,ARKB,ARK 21Shares Bitcoin ETF,BTC-USD,2025-08-11,39.55,5000.0,0.21,46.584,-1098.3,-3.0411,44.824,76.761
1221,ARKB,ARK 21Shares Bitcoin ETF,ARK / 21Shares,ARKB,ARK 21Shares Bitcoin ETF,BTC-USD,2025-08-12,39.75,5000.0,0.21,51.248,-840.0,-2.9248,49.701,78.516
1222,ARKB,ARK 21Shares Bitcoin ETF,ARK / 21Shares,ARKB,ARK 21Shares Bitcoin ETF,BTC-USD,2025-08-13,40.84,5000.0,0.21,51.248,-1030.5,-3.0135,49.701,78.182
1223,ARKB,ARK 21Shares Bitcoin ETF,ARK / 21Shares,ARKB,ARK 21Shares Bitcoin ETF,BTC-USD,2025-08-14,39.25,5000.0,0.21,51.248,-1046.5,-3.0202,49.701,80.733
1224,ARKB,ARK 21Shares Bitcoin ETF,ARK / 21Shares,ARKB,ARK 21Shares Bitcoin ETF,BTC-USD,2025-08-15,38.88,5000.0,0.21,47.942,-883.0,-2.9465,46.395,82.418
1225,ARKB,ARK 21Shares Bitcoin ETF,ARK / 21Shares,ARKB,ARK 21Shares Bitcoin ETF,BTC-USD,2025-08-18,38.66,5000.0,0.21,43.642,-907.7,-2.9584,42.096,80.539
1226,ARKB,ARK 21Shares Bitcoin ETF,ARK / 21Shares,ARKB,ARK 21Shares Bitcoin ETF,BTC-USD,2025-08-19,37.58,5000.0,0.21,36.696,-1108.4,-3.0451,34.936,81.894
1227,ARKB,ARK 21Shares Bitcoin ETF,ARK / 21Shares,ARKB,ARK 21Shares Bitcoin ETF,BTC-USD,2025-08-20,37.99,5000.0,0.21,38.272,-912.1,-2.9605,36.725,81.662
1228,ARKB,ARK 21Shares Bitcoin ETF,ARK / 21Shares,ARKB,ARK 21Shares Bitcoin ETF,BTC-USD,2025-08-21,37.27,5000.0,0.21,42.803,-707.1,-2.8501,41.043,82.708
1229,ARKB,ARK 21Shares Bitcoin ETF,ARK / 21Shares,ARKB,ARK 21Shares Bitcoin ETF,BTC-USD,2025-08-22,38.78,5000.0,0.21,46.724,-1072.6,-3.0308,44.962,87.42
1230,ARKB,ARK 21Shares Bitcoin ETF,ARK / 21Shares,ARKB,ARK 21Shares Bitcoin ETF,BTC-USD,2025-08-25,36.82,5000.0,0.21,46.724,-287.9,-2.4607,44.962,88.411
1231,ARKB,ARK 21Shares Bitcoin ETF,ARK / 21Shares,ARKB,ARK 21Shares Bitcoin ETF,BTC-USD,2025-08-26,36.94,5000.0,0.21,46.724,-754.7,-2.8783,44.962,90.249
1232,ARKB,ARK 21Shares Bitcoin ETF,ARK / 21Shares,ARKB,ARK 21Shares Bitcoin ETF,BTC-USD,2025-08-27,37.25,5000.0,0.21,41.642,-832.1,-2.9207,39.88,90.681
1233,ARKB,ARK 21Shares Bitcoin ETF,ARK / 21Shares,ARKB,ARK 21Shares Bitcoin ETF,BTC-USD,2025-08-28,37.2,5000.0,0.21,37.124,-922.0,-2.9652,35.362,90.131
1234,ARKB,ARK 21Shares Bitcoin ETF,ARK / 21Shares,ARKB,ARK 21Shares Bitcoin ETF,BTC-USD,2025-08-29,35.96,5000.0,0.21,31.234,-612.3,-2.7876,29.118,93.938
1235,ARKB,ARK 21Shares Bitcoin ETF,ARK / 21Shares,ARKB,ARK 21Shares Bitcoin ETF,BTC-USD,2025-09-02,36.83,5000.0,0.21,31.344,-616.7,-2.7907,29.118,90.329
1236,ARKB,ARK 21Shares Bitcoin ETF,ARK / 21Shares,ARKB,ARK 21Shares Bitcoin ETF,BTC-USD,2025-09-03,37.3,5000.0,0.21,26.555,-869.7,-2.9399,24.44,91.229
1237,ARKB,ARK 21Shares Bitcoin ETF,ARK / 21Shares,ARKB,ARK 21Shares Bitcoin ETF,BTC-USD,2025-09-04,36.49,5000.0,0.21,26.666,-560.4,-2.7492,24.44,91.046
1238,ARKB,ARK 21Shares Bitcoin ETF,ARK / 21Shares,ARKB,ARK 21Shares Bitcoin ETF,BTC-USD,2025-09-05,37.1,5000.0,0.21,26.666,-1067.8,-3.0289,24.44,92.274
1239,ARKB,ARK 21Shares Bitcoin ETF,ARK / 21Shares,ARKB,ARK 21Shares Bitcoin ETF,BTC-USD,2025-09-08,37.25,5000.0,0.21,28.508,-608.6,-2.7851,26.393,92.563
1240,ARKB,ARK 21Shares Bitcoin ETF,ARK / 21Shares,ARKB,ARK 21Shares Bitcoin ETF,BTC-USD,2025-09-09,36.99,5000.0,0.21,26.017,-464.3,-2.6677,23.901,93.225
1241,ARKB,ARK 21Shares Bitcoin ETF,ARK / 21Shares,ARKB,ARK 21Shares Bitcoin ETF,BTC-USD,2025-09-10,37.74,5000.0,0.21,25.806,-575.2,-2.7605,23.901,95.517
1242,ARKB,ARK 21Shares Bitcoin ETF,ARK / 21Shares,ARKB,ARK 21Shares Bitcoin ETF,BTC-USD,2025-09-11,38.05,5000.0,0.21,21.668,-724.1,-2.8604,19.763,93.147
1243,ARKB,ARK 21Shares Bitcoin ETF,ARK / 21Shares,ARKB,ARK 21Shares Bitcoin ETF,BTC-USD,2025-09-12,38.86,5000.0,0.21,21.668,-1097.4,-3.0408,19.763,89.509
1244,ARKB,ARK 21Shares Bitcoin ETF,ARK / 21Shares,ARKB,ARK 21Shares Bitcoin ETF,BTC-USD,2025-09-15,38.34,5000.0,0.21,21.64,-549.9,-2.7411,19.763,85.811
1245,ARKB,ARK 21Shares Bitcoin ETF,ARK / 21Shares,ARKB,ARK 21Shares Bitcoin ETF,BTC-USD,2025-09-16,38.85,5000.0,0.21,19.237,-631.4,-2.801,17.332,84.717
1246,ARKB,ARK 21Shares Bitcoin ETF,ARK / 21Shares,ARKB,ARK 21Shares Bitcoin ETF,BTC-USD,2025-09-17,38.44,5000.0,0.21,24.477,-689.7,-2.8393,22.572,87.478
1247,ARKB,ARK 21Shares Bitcoin ETF,ARK / 21Shares,ARKB,ARK 21Shares Bitcoin ETF,BTC-USD,2025-09-18,39.04,5000.0,0.21,24.477,-1107.1,-3.0446,22.572,85.079
1248,ARKB,ARK 21Shares Bitcoin ETF,ARK / 21Shares,ARKB,ARK 21Shares Bitcoin ETF,BTC-USD,2025-09-19,38.25,5000.0,0.21,21.576,-624.4,-2.7962,19.533,84.752
1249,ARKB,ARK 21Shares Bitcoin ETF,ARK / 21Shares,ARKB,ARK 21Shares Bitcoin ETF,BTC-USD,2025-09-22,37.27,5000.0,0.21,16.506,-636.5,-2.8045,14.463,84.324
1250,ARKB,ARK 21Shares Bitcoin ETF,ARK / 21Shares,ARKB,ARK 21Shares Bitcoin ETF,BTC-USD,2025-09-23,37.09,5000.0,0.21,16.308,-447.5,-2.6518,14.403,79.442
1251,ARKB,ARK 21Shares Bitcoin ETF,ARK / 21Shares,ARKB,ARK 21Shares Bitcoin ETF,BTC-USD,2025-09-24,37.71,5000.0,0.21,16.308,-564.5,-2.7524,14.403,76.748
1252,ARKB,ARK 21Shares Bitcoin ETF,ARK / 21Shares,ARKB,ARK 21Shares Bitcoin ETF,BTC-USD,2025-09-25,36.34,5000.0,0.21,16.446,-818.7,-2.9137,14.403,79.88
1253,ARKB,ARK 21Shares Bitcoin ETF,ARK / 21Shares,ARKB,ARK 21Shares Bitcoin ETF,BTC-USD,2025-09-26,36.28,5000.0,0.21,20.833,-610.5,-2.7864,18.79,79.263
1254,ARKB,ARK 21Shares Bitcoin ETF,ARK / 21Shares,ARKB,ARK 21Shares Bitcoin ETF,BTC-USD,2025-09-29,38.02,5000.0,0.21,21.016,-878.1,-2.944,18.79,82.853
1255,ARKB,ARK 21Shares Bitcoin ETF,ARK / 21Shares,ARKB,ARK 21Shares Bitcoin ETF,BTC-USD,2025-09-30,38.02,5000.0,0.21,25.885,-846.2,-2.928,23.649,78.951
1256,ARKB,ARK 21Shares Bitcoin ETF,ARK / 21Shares,ARKB,ARK 21Shares Bitcoin ETF,BTC-USD,2025-10-01,39.05,5000.0,0.21,25.885,-624.9,-2.7965,23.649,79.368
1257,ARKB,ARK 21Shares Bitcoin ETF,ARK / 21Shares,ARKB,ARK 21Shares Bitcoin ETF,BTC-USD,2025-10-02,40.205,5000.0,0.21,25.929,168.8,2.2299,23.649,80.925
1258,ARKB,ARK 21Shares Bitcoin ETF,ARK / 21Shares,ARKB,ARK 21Shares Bitcoin ETF,BTC-USD,2025-10-03,40.83,5000.0,0.21,25.885,-1207.1,-3.0821,23.649,85.225
1259,ARKB,ARK 21Shares Bitcoin ETF,ARK / 21Shares,ARKB,ARK 21Shares Bitcoin ETF,BTC-USD,2025-10-06,41.7,5000.0,0.21,25.733,-914.2,-2.9615,23.649,86.58
1260,ARKB,ARK 21Shares Bitcoin ETF,ARK / 21Shares,ARKB,ARK 21Shares Bitcoin ETF,BTC-USD,2025-10-07,40.41,5000.0,0.21,23.78,-1213.7,-3.0845,21.696,91.111
1261,ARKB,ARK 21Shares Bitcoin ETF,ARK / 21Shares,ARKB,ARK 21Shares Bitcoin ETF,BTC-USD,2025-10-08,41.01,5000.0,0.21,27.467,-856.6,-2.9333,25.383,90.937
1262,ARKB,ARK 21Shares Bitcoin ETF,ARK / 21Shares,ARKB,ARK 21Shares Bitcoin ETF,BTC-USD,2025-10-09,40.22,5000.0,0.21,27.933,-786.5,-2.8962,25.849,92.369
1263,ARKB,ARK 21Shares Bitcoin ETF,ARK / 21Shares,ARKB,ARK 21Shares Bitcoin ETF,BTC-USD,2025-10-10,38.74,5000.0,0.21,28.147,-1325.3,-3.1226,26.063,101.202
1264,ARKB,ARK 21Shares Bitcoin ETF,ARK / 21Shares,ARKB,ARK 21Shares Bitcoin ETF,BTC-USD,2025-10-13,38.51,5000.0,0.21,28.106,-699.5,-2.8454,26.063,107.462
1265,ARKB,ARK 21Shares Bitcoin ETF,ARK / 21Shares,ARKB,ARK 21Shares Bitcoin ETF,BTC-USD,2025-10-14,37.43,5000.0,0.21,28.106,-448.4,-2.6526,26.063,110.477
1266,ARKB,ARK 21Shares Bitcoin ETF,ARK / 21Shares,ARKB,ARK 21Shares Bitcoin ETF,BTC-USD,2025-10-15,36.98,5000.0,0.21,34.239,-596.9,-2.7766,32.275,112.651
1267,ARKB,ARK 21Shares Bitcoin ETF,ARK / 21Shares,ARKB,ARK 21Shares Bitcoin ETF,BTC-USD,2025-10-16,35.95,5000.0,0.21,28.999,-452.9,-2.657,27.036,117.329
1268,ARKB,ARK 21Shares Bitcoin ETF,ARK / 21Shares,ARKB,ARK 21Shares Bitcoin ETF,BTC-USD,2025-10-17,35.38,5000.0,0.21,28.959,-471.0,-2.6739,27.036,127.107
1269,ARKB,ARK 21Shares Bitcoin ETF,ARK / 21Shares,ARKB,ARK 21Shares Bitcoin ETF,BTC-USD,2025-10-20,36.85,5000.0,0.21,28.959,-595.8,-2.7758,27.036,130.894
1270,ARKB,ARK 21Shares Bitcoin ETF,ARK / 21Shares,ARKB,ARK 21Shares Bitcoin ETF,BTC-USD,2025-10-21,37.18,5000.0,0.21,31.912,-1379.1,-3.1399,30.095,138.946
1271,ARKB,ARK 21Shares Bitcoin ETF,ARK / 21Shares,ARKB,ARK 21Shares Bitcoin ETF,BTC-USD,2025-10-22,35.825,5000.0,0.21,28.16,-385.3,-2.5869,26.237,143.95
1272,ARKB,ARK 21Shares Bitcoin ETF,ARK / 21Shares,ARKB,ARK 21Shares Bitcoin ETF,BTC-USD,2025-10-23,36.63,5000.0,0.21,28.053,-464.4,-2.6678,26.237,148.348
1273,ARKB,ARK 21Shares Bitcoin ETF,ARK / 21Shares,ARKB,ARK 21Shares Bitcoin ETF,BTC-USD,2025-10-24,36.74,5000.0,0.21,32.092,-143.3,-2.1593,30.339,145.87
1274,ARKB,ARK 21Shares Bitcoin ETF,ARK / 21Shares,ARKB,ARK 21Shares Bitcoin ETF,BTC-USD,2025-10-27,38.18,5000.0,0.21,27.768,-608.5,-2.7849,25.951,147.386
1275,ARKB,ARK 21Shares Bitcoin ETF,ARK / 21Shares,ARKB,ARK 21Shares Bitcoin ETF,BTC-USD,2025-10-28,37.75,5000.0,0.21,30.837,-316.7,-2.5021,29.083,145.701
1276,ARKB,ARK 21Shares Bitcoin ETF,ARK / 21Shares,ARKB,ARK 21Shares Bitcoin ETF,BTC-USD,2025-10-29,36.73,5000.0,0.21,25.715,-475.1,-2.6777,24.224,153.448
1277,ARKB,ARK 21Shares Bitcoin ETF,ARK / 21Shares,ARKB,ARK 21Shares Bitcoin ETF,BTC-USD,2025-10-30,35.33,5000.0,0.21,25.715,94.2,1.9786,24.224,156.244
1278,ARKB,ARK 21Shares Bitcoin ETF,ARK / 21Shares,ARKB,ARK 21Shares Bitcoin ETF,BTC-USD,2025-10-31,36.48,5000.0,0.21,25.715,-324.3,-2.5123,24.224,158.966
1279,ARKB,ARK 21Shares Bitcoin ETF,ARK / 21Shares,ARKB,ARK 21Shares Bitcoin ETF,BTC-USD,2025-11-03,35.39,5000.0,0.21,25.978,-378.9,-2.5797,24.224,157.866
1280,ARKB,ARK 21Shares Bitcoin ETF,ARK / 21Shares,ARKB,ARK 21Shares Bitcoin ETF,BTC-USD,2025-11-04,33.45,5000.0,0.21,25.978,-388.5,-2.5905,24.224,166.418
1281,ARKB,ARK 21Shares Bitcoin ETF,ARK / 21Shares,ARKB,ARK 21Shares Bitcoin ETF,BTC-USD,2025-11-05,34.5,5000.0,0.21,31.731,-369.5,-2.5688,29.977,162.76
1282,ARKB,ARK 21Shares Bitcoin ETF,ARK / 21Shares,ARKB,ARK 21Shares Bitcoin ETF,BTC-USD,2025-11-06,33.51,5000.0,0.21,25.431,-332.5,-2.5231,23.678,166.947
1283,ARKB,ARK 21Shares Bitcoin ETF,ARK / 21Shares,ARKB,ARK 21Shares Bitcoin ETF,BTC-USD,2025-11-07,34.49,5000.0,0.21,33.067,-105.6,-2.0277,31.281,166.952
1284,ARKB,ARK 21Shares Bitcoin ETF,ARK / 21Shares,ARKB,ARK 21Shares Bitcoin ETF,BTC-USD,2025-11-10,35.21,5000.0,0.21,32.114,-295.1,-2.4714,30.328,161.795
1285,ARKB,ARK 21Shares Bitcoin ETF,ARK / 21Shares,ARKB,ARK 21Shares Bitcoin ETF,BTC-USD,2025-11-11,34.14,5000.0,0.21,32.252,125.9,2.1035,30.328,156.42
1286,ARKB,ARK 21Shares Bitcoin ETF,ARK / 21Shares,ARKB,ARK 21Shares Bitcoin ETF,BTC-USD,2025-11-12,33.73,5000.0,0.21,37.437,-74.6,-1.8785,35.651,156.115
1287,ARKB,ARK 21Shares Bitcoin ETF,ARK / 21Shares,ARKB,ARK 21Shares Bitcoin ETF,BTC-USD,2025-11-13,32.55,5000.0,0.21,31.225,208.4,2.321,29.439,163.105
1288,ARKB,ARK 21Shares Bitcoin ETF,ARK / 21Shares,ARKB,ARK 21Shares Bitcoin ETF,BTC-USD,2025-11-14,31.31,5000.0,0.21,31.225,189.2,2.2792,29.439,164.331
1289,ARKB,ARK 21Shares Bitcoin ETF,ARK / 21Shares,ARKB,ARK 21Shares Bitcoin ETF,BTC-USD,2025-11-17,30.49,5000.0,0.21,31.225,181.9,2.2623,29.439,174.856
1290,ARKB,ARK 21Shares Bitcoin ETF,ARK / 21Shares,ARKB,ARK 21Shares Bitcoin ETF,BTC-USD,2025-11-18,30.82,5000.0,0.21,38.705,237.6,2.3777,36.951,180.5
1291,ARKB,ARK 21Shares Bitcoin ETF,ARK / 21Shares,ARKB,ARK 21Shares Bitcoin ETF,BTC-USD,2025-11-19,29.7,5000.0,0.21,35.678,485.4,2.687,33.891,178.674
1292,ARKB,ARK 21Shares Bitcoin ETF,ARK / 21Shares,ARKB,ARK 21Shares Bitcoin ETF,BTC-USD,2025-11-20,28.67,5000.0,0.21,41.287,325.4,2.5138,39.534,183.998
1293,ARKB,ARK 21Shares Bitcoin ETF,ARK / 21Shares,ARKB,ARK 21Shares Bitcoin ETF,BTC-USD,2025-11-21,28.06,5000.0,0.21,41.164,671.8,2.8279,39.534,194.12
1294,ARKB,ARK 21Shares Bitcoin ETF,ARK / 21Shares,ARKB,ARK 21Shares Bitcoin ETF,BTC-USD,2025-11-24,29.59,5000.0,0.21,37.218,257.2,2.4119,35.432,194.801
1295,ARKB,ARK 21Shares Bitcoin ETF,ARK / 21Shares,ARKB,ARK 21Shares Bitcoin ETF,BTC-USD,2025-11-25,29.01,5000.0,0.21,43.15,88.4,1.9511,41.519,198.595
1296,ARKB,ARK 21Shares Bitcoin ETF,ARK / 21Shares,ARKB,ARK 21Shares Bitcoin ETF,BTC-USD,2025-11-26,29.86,5000.0,0.21,40.173,298.1,2.4759,38.387,199.073
1297,ARKB,ARK 21Shares Bitcoin ETF,ARK / 21Shares,ARKB,ARK 21Shares Bitcoin ETF,BTC-USD,2025-11-28,30.14,5000.0,0.21,40.173,275.1,2.4411,38.387,194.429
1298,ARKB,ARK 21Shares Bitcoin ETF,ARK / 21Shares,ARKB,ARK 21Shares Bitcoin ETF,BTC-USD,2025-12-01,28.39,5000.0,0.21,40.173,141.7,2.1546,38.387,197.326
1299,ARKB,ARK 21Shares Bitcoin ETF,ARK / 21Shares,ARKB,ARK 21Shares Bitcoin ETF,BTC-USD,2025-12-02,30.26,5000.0,0.21,40.173,382.7,2.584,38.387,196.82
1300,ARKB,ARK 21Shares Bitcoin ETF,ARK / 21Shares,ARKB,ARK 21Shares Bitcoin ETF,BTC-USD,2025-12-03,30.89,5000.0,0.21,40.018,307.7,2.4895,38.387,198.707
1301,ARKB,ARK 21Shares Bitcoin ETF,ARK / 21Shares,ARKB,ARK 21Shares Bitcoin ETF,BTC-USD,2025-12-04,30.73,5000.0,0.21,42.538,44.8,1.6612,41.095,191.509
1302,ARKB,ARK 21Shares Bitcoin ETF,ARK / 21Shares,ARKB,ARK 21Shares Bitcoin ETF,BTC-USD,2025-12-05,29.68,5000.0,0.21,36.785,136.2,2.1373,35.342,195.459
1303,ARKB,ARK 21Shares Bitcoin ETF,ARK / 21Shares,ARKB,ARK 21Shares Bitcoin ETF,BTC-USD,2025-12-08,30.15,5000.0,0.21,41.349,-23.1,-1.3825,39.906,192.779
1304,ARKB,ARK 21Shares Bitcoin ETF,ARK / 21Shares,ARKB,ARK 21Shares Bitcoin ETF,BTC-USD,2025-12-09,30.92,5000.0,0.21,34.237,81.2,1.9149,32.794,191.188
1305,ARKB,ARK 21Shares Bitcoin ETF,ARK / 21Shares,ARKB,ARK 21Shares Bitcoin ETF,BTC-USD,2025-12-10,30.72,5000.0,0.21,44.785,157.9,2.2012,43.401,188.32
1306,ARKB,ARK 21Shares Bitcoin ETF,ARK / 21Shares,ARKB,ARK 21Shares Bitcoin ETF,BTC-USD,2025-12-11,30.47,5000.0,0.21,44.753,494.3,2.6949,43.401,191.234
1307,ARKB,ARK 21Shares Bitcoin ETF,ARK / 21Shares,ARKB,ARK 21Shares Bitcoin ETF,BTC-USD,2025-12-12,29.95,5000.0,0.21,48.297,25.8,1.4276,46.912,187.599
1308,ARKB,ARK 21Shares Bitcoin ETF,ARK / 21Shares,ARKB,ARK 21Shares Bitcoin ETF,BTC-USD,2025-12-15,28.48,5000.0,0.21,48.384,735.8,2.8673,46.912,185.32
1309,ARKB,ARK 21Shares Bitcoin ETF,ARK / 21Shares,ARKB,ARK 21Shares Bitcoin ETF,BTC-USD,2025-12-16,29.06,5000.0,0.21,50.554,256.2,2.4103,49.202,182.13
1310,ARKB,ARK 21Shares Bitcoin ETF,ARK / 21Shares,ARKB,ARK 21Shares Bitcoin ETF,BTC-USD,2025-12-17,28.51,5000.0,0.21,52.706,37.2,1.5819,51.354,168.734
1311,ARKB,ARK 21Shares Bitcoin ETF,ARK / 21Shares,ARKB,ARK 21Shares Bitcoin ETF,BTC-USD,2025-12-18,28.09,5000.0,0.21,59.913,325.5,2.5139,58.561,165.153
1312,ARKB,ARK 21Shares Bitcoin ETF,ARK / 21Shares,ARKB,ARK 21Shares Bitcoin ETF,BTC-USD,2025-12-19,29.21,5000.0,0.21,67.224,-223.5,-2.3512,65.872,160.104
1313,ARKB,ARK 21Shares Bitcoin ETF,ARK / 21Shares,ARKB,ARK 21Shares Bitcoin ETF,BTC-USD,2025-12-22,29.31,5000.0,0.21,61.693,188.7,2.278,60.449,151.976
1314,ARKB,ARK 21Shares Bitcoin ETF,ARK / 21Shares,ARKB,ARK 21Shares Bitcoin ETF,BTC-USD,2025-12-23,29.1,5000.0,0.21,61.693,292.6,2.4678,60.449,140.181
1315,ARKB,ARK 21Shares Bitcoin ETF,ARK / 21Shares,ARKB,ARK 21Shares Bitcoin ETF,BTC-USD,2025-12-24,28.97,5000.0,0.21,64.504,459.3,2.663,63.327,136.749
1316,ARKB,ARK 21Shares Bitcoin ETF,ARK / 21Shares,ARKB,ARK 21Shares Bitcoin ETF,BTC-USD,2025-12-26,29.05,5000.0,0.21,59.571,168.4,2.2289,58.394,131.651
1317,ARKB,ARK 21Shares Bitcoin ETF,ARK / 21Shares,ARKB,ARK 21Shares Bitcoin ETF,BTC-USD,2025-12-29,28.91,5000.0,0.21,62.963,366.4,2.5652,62.005,128.866
1318,ARKB,ARK 21Shares Bitcoin ETF,ARK / 21Shares,ARKB,ARK 21Shares Bitcoin ETF,BTC-USD,2025-12-30,29.17,5000.0,0.21,62.963,275.5,2.4417,62.005,129.454
1319,ARKB,ARK 21Shares Bitcoin ETF,ARK / 21Shares,ARKB,ARK 21Shares Bitcoin ETF,BTC-USD,2025-12-31,29.04,5000.0,0.21,64.912,466.5,2.6698,63.983,122.279
1320,ARKB,ARK 21Shares Bitcoin ETF,ARK / 21Shares,ARKB,ARK 21Shares Bitcoin ETF,BTC-USD,2026-01-02,29.79,5000.0,0.21,64.823,285.4,2.4569,63.983,129.747
1321,ARKB,ARK 21Shares Bitcoin ETF,ARK / 21Shares,ARKB,ARK 21Shares Bitcoin ETF,BTC-USD,2026-01-05,31.29,5000.0,0.21,64.823,130.4,2.1184,63.983,133.186
1322,ARKB,ARK 21Shares Bitcoin ETF,ARK / 21Shares,ARKB,ARK 21Shares Bitcoin ETF,BTC-USD,2026-01-06,30.71,5000.0,0.21,67.079,512.7,2.7107,66.15,134.645
1323,ARKB,ARK 21Shares Bitcoin ETF,ARK / 21Shares,ARKB,ARK 21Shares Bitcoin ETF,BTC-USD,2026-01-07,30.185,5000.0,0.21,67.079,497.9,2.698,66.15,131.078
1324,ARKB,ARK 21Shares Bitcoin ETF,ARK / 21Shares,ARKB,ARK 21Shares Bitcoin ETF,BTC-USD,2026-01-08,30.18,5000.0,0.21,62.426,74.2,1.8761,61.586,129.315
1325,ARKB,ARK 21Shares Bitcoin ETF,ARK / 21Shares,ARKB,ARK 21Shares Bitcoin ETF,BTC-USD,2026-01-09,29.95,5000.0,0.21,65.868,713.9,2.8542,65.028,127.985
1326,ARKB,ARK 21Shares Bitcoin ETF,ARK / 21Shares,ARKB,ARK 21Shares Bitcoin ETF,BTC-USD,2026-01-12,30.36,5000.0,0.21,62.581,579.2,2.7636,61.653,128.313
1327,ARKB,ARK 21Shares Bitcoin ETF,ARK / 21Shares,ARKB,ARK 21Shares Bitcoin ETF,BTC-USD,2026-01-13,31.35,5000.0,0.21,62.61,543.1,2.7357,61.653,128.531
1328,ARKB,ARK 21Shares Bitcoin ETF,ARK / 21Shares,ARKB,ARK 21Shares Bitcoin ETF,BTC-USD,2026-01-14,32.46,5000.0,0.21,53.775,549.0,2.7403,52.818,132.153
1329,ARKB,ARK 21Shares Bitcoin ETF,ARK / 21Shares,ARKB,ARK 21Shares Bitcoin ETF,BTC-USD,2026-01-15,31.63,5000.0,0.21,58.367,646.4,2.8112,57.409,127.454
1330,ARKB,ARK 21Shares Bitcoin ETF,ARK / 21Shares,ARKB,ARK 21Shares Bitcoin ETF,BTC-USD,2026-01-16,31.71,5000.0,0.21,56.048,497.6,2.6977,55.119,124.954
1331,ARKB,ARK 21Shares Bitcoin ETF,ARK / 21Shares,ARKB,ARK 21Shares Bitcoin ETF,BTC-USD,2026-01-20,29.73,5000.0,0.21,53.896,156.1,2.1961,52.967,122.069
1332,ARKB,ARK 21Shares Bitcoin ETF,ARK / 21Shares,ARKB,ARK 21Shares Bitcoin ETF,BTC-USD,2026-01-21,29.91,5000.0,0.21,39.176,345.1,2.5393,38.248,122.866
1333,ARKB,ARK 21Shares Bitcoin ETF,ARK / 21Shares,ARKB,ARK 21Shares Bitcoin ETF,BTC-USD,2026-01-22,29.66,5000.0,0.21,35.926,560.7,2.7495,35.017,122.502
1334,ARKB,ARK 21Shares Bitcoin ETF,ARK / 21Shares,ARKB,ARK 21Shares Bitcoin ETF,BTC-USD,2026-01-23,29.69,5000.0,0.21,39.749,706.0,2.8494,38.839,124.514
1335,ARKB,ARK 21Shares Bitcoin ETF,ARK / 21Shares,ARKB,ARK 21Shares Bitcoin ETF,BTC-USD,2026-01-26,29.05,5000.0,0.21,39.767,586.9,2.7693,38.839,124.387
1336,ARKB,ARK 21Shares Bitcoin ETF,ARK / 21Shares,ARKB,ARK 21Shares Bitcoin ETF,BTC-USD,2026-01-27,29.64,5000.0,0.21,43.111,550.6,2.7416,42.08,127.069
1337,ARKB,ARK 21Shares Bitcoin ETF,ARK / 21Shares,ARKB,ARK 21Shares Bitcoin ETF,BTC-USD,2026-01-28,29.54,5000.0,0.21,41.956,534.9,2.7291,40.925,132.396
1338,ARKB,ARK 21Shares Bitcoin ETF,ARK / 21Shares,ARKB,ARK 21Shares Bitcoin ETF,BTC-USD,2026-01-29,27.91,5000.0,0.21,38.481,501.3,2.701,37.314,142.331
1339,ARKB,ARK 21Shares Bitcoin ETF,ARK / 21Shares,ARKB,ARK 21Shares Bitcoin ETF,BTC-USD,2026-01-30,27.8,5000.0,0.21,38.481,737.2,2.8682,37.314,148.815
1340,ARKB,ARK 21Shares Bitcoin ETF,ARK / 21Shares,ARKB,ARK 21Shares Bitcoin ETF,BTC-USD,2026-02-02,25.87,5000.0,0.21,36.85,568.7,2.7557,35.336,166.624
1341,ARKB,ARK 21Shares Bitcoin ETF,ARK / 21Shares,ARKB,ARK 21Shares Bitcoin ETF,BTC-USD,2026-02-03,25.36,5000.0,0.21,36.85,211.2,2.3268,35.336,178.18
1342,ARKB,ARK 21Shares Bitcoin ETF,ARK / 21Shares,ARKB,ARK 21Shares Bitcoin ETF,BTC-USD,2026-02-04,24.35,5000.0,0.21,40.374,288.5,2.4616,39.206,183.619
1343,ARKB,ARK 21Shares Bitcoin ETF,ARK / 21Shares,ARKB,ARK 21Shares Bitcoin ETF,BTC-USD,2026-02-05,21.14,5000.0,0.21,35.845,322.3,2.5096,34.332,191.985
1344,ARKB,ARK 21Shares Bitcoin ETF,ARK / 21Shares,ARKB,ARK 21Shares Bitcoin ETF,BTC-USD,2026-02-06,23.24,5000.0,0.21,41.572,676.8,2.8311,40.058,193.903
1345,ARKB,ARK 21Shares Bitcoin ETF,ARK / 21Shares,ARKB,ARK 21Shares Bitcoin ETF,BTC-USD,2026-02-09,23.49,5000.0,0.21,53.91,264.2,2.4236,52.396,196.759
1346,ARKB,ARK 21Shares Bitcoin ETF,ARK / 21Shares,ARKB,ARK 21Shares Bitcoin ETF,BTC-USD,2026-02-10,22.82,5000.0,0.21,52.173,618.4,2.792,50.584,197.282
1347,ARKB,ARK 21Shares Bitcoin ETF,ARK / 21Shares,ARKB,ARK 21Shares Bitcoin ETF,BTC-USD,2026-02-11,22.42,5000.0,0.21,44.942,372.8,2.5726,43.353,201.21
1348,ARKB,ARK 21Shares Bitcoin ETF,ARK / 21Shares,ARKB,ARK 21Shares Bitcoin ETF,BTC-USD,2026-02-12,21.68,5000.0,0.21,59.642,920.5,2.9645,58.053,200.099
1349,ARKB,ARK 21Shares Bitcoin ETF,ARK / 21Shares,ARKB,ARK 21Shares Bitcoin ETF,BTC-USD,2026-02-13,22.82,5000.0,0.21,59.642,560.9,2.7496,58.053,200.991
1350,ARKB,ARK 21Shares Bitcoin ETF,ARK / 21Shares,ARKB,ARK 21Shares Bitcoin ETF,BTC-USD,2026-02-17,22.48,5000.0,0.21,58.423,434.0,2.6385,57.269,202.202
1351,ARKB,ARK 21Shares Bitcoin ETF,ARK / 21Shares,ARKB,ARK 21Shares Bitcoin ETF,BTC-USD,2026-02-18,21.98,5000.0,0.21,67.396,640.6,2.8073,65.806,201.03
1352,ARKB,ARK 21Shares Bitcoin ETF,ARK / 21Shares,ARKB,ARK 21Shares Bitcoin ETF,BTC-USD,2026-02-19,22.29,5000.0,0.21,71.461,470.3,2.6733,70.179,199.611
1353,ARKB,ARK 21Shares Bitcoin ETF,ARK / 21Shares,ARKB,ARK 21Shares Bitcoin ETF,BTC-USD,2026-02-20,22.48,5000.0,0.21,71.461,584.8,2.7678,70.179,196.335
1354,ARKB,ARK 21Shares Bitcoin ETF,ARK / 21Shares,ARKB,ARK 21Shares Bitcoin ETF,BTC-USD,2026-02-23,21.385,5000.0,0.21,67.689,530.8,2.7258,66.099,196.93
1355,ARKB,ARK 21Shares Bitcoin ETF,ARK / 21Shares,ARKB,ARK 21Shares Bitcoin ETF,BTC-USD,2026-02-24,21.41,5000.0,0.21,63.647,439.5,2.644,62.058,195.39
1356,ARKB,ARK 21Shares Bitcoin ETF,ARK / 21Shares,ARKB,ARK 21Shares Bitcoin ETF,BTC-USD,2026-02-25,22.98,5000.0,0.21,63.647,194.1,2.2904,62.058,197.285
1357,ARKB,ARK 21Shares Bitcoin ETF,ARK / 21Shares,ARKB,ARK 21Shares Bitcoin ETF,BTC-USD,2026-02-26,22.38,5000.0,0.21,64.833,371.5,2.5711,63.244,198.693
1358,ARKB,ARK 21Shares Bitcoin ETF,ARK / 21Shares,ARKB,ARK 21Shares Bitcoin ETF,BTC-USD,2026-02-27,21.78,5000.0,0.21,65.113,726.7,2.862,63.244,192.985
1359,ARKB,ARK 21Shares Bitcoin ETF,ARK / 21Shares,ARKB,ARK 21Shares Bitcoin ETF,BTC-USD,2026-03-02,22.96,5000.0,0.21,64.833,249.9,2.3996,63.244,197.335
1360,ARKB,ARK 21Shares Bitcoin ETF,ARK / 21Shares,ARKB,ARK 21Shares Bitcoin ETF,BTC-USD,2026-03-03,22.65,5000.0,0.21,78.61,389.7,2.5919,77.02,195.19
1361,ARKB,ARK 21Shares Bitcoin ETF,ARK / 21Shares,ARKB,ARK 21Shares Bitcoin ETF,BTC-USD,2026-03-04,24.26,5000.0,0.21,78.889,241.9,2.3854,77.02,186.828
1362,ARKB,ARK 21Shares Bitcoin ETF,ARK / 21Shares,ARKB,ARK 21Shares Bitcoin ETF,BTC-USD,2026-03-05,23.64,5000.0,0.21,80.006,426.6,2.631,78.138,168.695
1363,ARKB,ARK 21Shares Bitcoin ETF,ARK / 21Shares,ARKB,ARK 21Shares Bitcoin ETF,BTC-USD,2026-03-06,22.6,5000.0,0.21,76.658,305.1,2.4859,74.268,156.604
1364,ARKB,ARK 21Shares Bitcoin ETF,ARK / 21Shares,ARKB,ARK 21Shares Bitcoin ETF,BTC-USD,2026-03-09,22.93,5000.0,0.21,77.059,434.2,2.6387,75.19,147.693
1365,ARKB,ARK 21Shares Bitcoin ETF,ARK / 21Shares,ARKB,ARK 21Shares Bitcoin ETF,BTC-USD,2026-03-10,23.255,5000.0,0.21,71.029,418.2,2.6224,69.464,147.077
1366,ARKB,ARK 21Shares Bitcoin ETF,ARK / 21Shares,ARKB,ARK 21Shares Bitcoin ETF,BTC-USD,2026-03-11,23.46,5000.0,0.21,66.671,270.9,2.4344,65.106,145.802
1367,ARKB,ARK 21Shares Bitcoin ETF,ARK / 21Shares,ARKB,ARK 21Shares Bitcoin ETF,BTC-USD,2026-03-12,23.39,5000.0,0.21,66.215,403.3,2.6067,64.717,146.151
1368,ARKB,ARK 21Shares Bitcoin ETF,ARK / 21Shares,ARKB,ARK 21Shares Bitcoin ETF,BTC-USD,2026-03-13,23.62,5000.0,0.21,66.215,246.3,2.3933,64.717,147.167
1369,ARKB,ARK 21Shares Bitcoin ETF,ARK / 21Shares,ARKB,ARK 21Shares Bitcoin ETF,BTC-USD,2026-03-16,24.55,5000.0,0.21,51.516,817.8,2.9132,50.017,148.024
1370,ARKB,ARK 21Shares Bitcoin ETF,ARK / 21Shares,ARKB,ARK 21Shares Bitcoin ETF,BTC-USD,2026-03-17,24.75,5000.0,0.21,55.103,251.4,2.4021,53.821,144.974
1371,ARKB,ARK 21Shares Bitcoin ETF,ARK / 21Shares,ARKB,ARK 21Shares Bitcoin ETF,BTC-USD,2026-03-18,23.59,5000.0,0.21,51.513,546.7,2.7385,50.014,143.381
1372,ARKB,ARK 21Shares Bitcoin ETF,ARK / 21Shares,ARKB,ARK 21Shares Bitcoin ETF,BTC-USD,2026-03-19,23.31,5000.0,0.21,42.758,276.2,2.4428,41.476,144.625
1373,ARKB,ARK 21Shares Bitcoin ETF,ARK / 21Shares,ARKB,ARK 21Shares Bitcoin ETF,BTC-USD,2026-03-20,23.28,5000.0,0.21,43.746,666.9,2.8247,42.676,143.576
1374,ARKB,ARK 21Shares Bitcoin ETF,ARK / 21Shares,ARKB,ARK 21Shares Bitcoin ETF,BTC-USD,2026-03-23,23.45,5000.0,0.21,43.746,456.1,2.66,42.676,144.004
1375,ARKB,ARK 21Shares Bitcoin ETF,ARK / 21Shares,ARKB,ARK 21Shares Bitcoin ETF,BTC-USD,2026-03-24,23.01,5000.0,0.21,43.746,703.5,2.8479,42.676,144.268
1376,ARKB,ARK 21Shares Bitcoin ETF,ARK / 21Shares,ARKB,ARK 21Shares Bitcoin ETF,BTC-USD,2026-03-25,23.52,5000.0,0.21,44.175,506.2,2.7052,42.676,142.43
1377,ARKB,ARK 21Shares Bitcoin ETF,ARK / 21Shares,ARKB,ARK 21Shares Bitcoin ETF,BTC-USD,2026-03-26,22.73,5000.0,0.21,44.175,612.3,2.7877,42.676,143.01
1378,ARKB,ARK 21Shares Bitcoin ETF,ARK / 21Shares,ARKB,ARK 21Shares Bitcoin ETF,BTC-USD,2026-03-27,21.9,5000.0,0.21,36.87,660.3,2.8204,35.371,139.73
1379,ARKB,ARK 21Shares Bitcoin ETF,ARK / 21Shares,ARKB,ARK 21Shares Bitcoin ETF,BTC-USD,2026-03-30,22.06,5000.0,0.21,36.441,469.3,2.6724,35.371,140.847
1380,ARKB,ARK 21Shares Bitcoin ETF,ARK / 21Shares,ARKB,ARK 21Shares Bitcoin ETF,BTC-USD,2026-03-31,22.49,5000.0,0.21,44.412,657.5,2.8186,43.342,130.857
1381,ARKB,ARK 21Shares Bitcoin ETF,ARK / 21Shares,ARKB,ARK 21Shares Bitcoin ETF,BTC-USD,2026-04-01,22.62,5000.0,0.21,30.636,556.7,2.7464,29.566,123.935
1382,ARKB,ARK 21Shares Bitcoin ETF,ARK / 21Shares,ARKB,ARK 21Shares Bitcoin ETF,BTC-USD,2026-04-02,22.24,5000.0,0.21,30.636,355.8,2.5524,29.566,115.259
1383,ARKB,ARK 21Shares Bitcoin ETF,ARK / 21Shares,ARKB,ARK 21Shares Bitcoin ETF,BTC-USD,2026-04-06,23.15,5000.0,0.21,29.519,373.6,2.5735,28.449,110.797
1384,ARKB,ARK 21Shares Bitcoin ETF,ARK / 21Shares,ARKB,ARK 21Shares Bitcoin ETF,BTC-USD,2026-04-07,22.9,5000.0,0.21,29.519,1454.3,3.163,28.449,109.581
1385,ARKB,ARK 21Shares Bitcoin ETF,ARK / 21Shares,ARKB,ARK 21Shares Bitcoin ETF,BTC-USD,2026-04-08,23.69,5000.0,0.21,28.883,596.3,2.7762,27.526,105.405
1386,ARKB,ARK 21Shares Bitcoin ETF,ARK / 21Shares,ARKB,ARK 21Shares Bitcoin ETF,BTC-USD,2026-04-09,23.95,5000.0,0.21,40.889,441.5,2.6459,39.532,103.611
1387,ARKB,ARK 21Shares Bitcoin ETF,ARK / 21Shares,ARKB,ARK 21Shares Bitcoin ETF,BTC-USD,2026-04-10,24.31,5000.0,0.21,33.047,446.9,2.6512,31.551,101.857
1388,ARKB,ARK 21Shares Bitcoin ETF,ARK / 21Shares,ARKB,ARK 21Shares Bitcoin ETF,BTC-USD,2026-04-13,24.35,5000.0,0.21,36.346,660.5,2.8205,34.85,100.352
1389,ARKB,ARK 21Shares Bitcoin ETF,ARK / 21Shares,ARKB,ARK 21Shares Bitcoin ETF,BTC-USD,2026-04-14,24.66,5000.0,0.21,36.346,866.0,2.938,34.85,95.184
1390,ARKB,ARK 21Shares Bitcoin ETF,ARK / 21Shares,ARKB,ARK 21Shares Bitcoin ETF,BTC-USD,2026-04-15,24.91,5000.0,0.21,41.057,385.0,2.5866,39.561,90.507
1391,ARKB,ARK 21Shares Bitcoin ETF,ARK / 21Shares,ARKB,ARK 21Shares Bitcoin ETF,BTC-USD,2026-04-16,25.02,5000.0,0.21,46.18,144.7,2.1635,44.684,91.311
1392,ARKB,ARK 21Shares Bitcoin ETF,ARK / 21Shares,ARKB,ARK 21Shares Bitcoin ETF,BTC-USD,2026-04-17,25.72,5000.0,0.21,46.18,195.5,2.2934,44.684,91.033
1393,ARKB,ARK 21Shares Bitcoin ETF,ARK / 21Shares,ARKB,ARK 21Shares Bitcoin ETF,BTC-USD,2026-04-20,25.32,5000.0,0.21,46.401,56.8,1.7622,44.684,86.788
1394,ARKB,ARK 21Shares Bitcoin ETF,ARK / 21Shares,ARKB,ARK 21Shares Bitcoin ETF,BTC-USD,2026-04-21,24.89,5000.0,0.21,50.712,478.1,2.6804,48.927,85.041
1395,ARKB,ARK 21Shares Bitcoin ETF,ARK / 21Shares,ARKB,ARK 21Shares Bitcoin ETF,BTC-USD,2026-04-22,26.17,5000.0,0.21,51.184,62.0,1.7996,48.927,80.435
1396,ARKB,ARK 21Shares Bitcoin ETF,ARK / 21Shares,ARKB,ARK 21Shares Bitcoin ETF,BTC-USD,2026-04-23,25.795,5000.0,0.21,51.351,880.7,2.9453,48.927,77.558
1397,ARKB,ARK 21Shares Bitcoin ETF,ARK / 21Shares,ARKB,ARK 21Shares Bitcoin ETF,BTC-USD,2026-04-24,25.77,5000.0,0.21,54.945,91.3,1.9651,52.688,76.548
1398,ARKB,ARK 21Shares Bitcoin ETF,ARK / 21Shares,ARKB,ARK 21Shares Bitcoin ETF,BTC-USD,2026-04-27,25.52,5000.0,0.21,57.754,324.8,2.5129,55.496,71.701
1399,ARKB,ARK 21Shares Bitcoin ETF,ARK / 21Shares,ARKB,ARK 21Shares Bitcoin ETF,BTC-USD,2026-04-28,25.325,5000.0,0.21,57.754,139.4,2.1473,55.496,69.411
1400,ARKB,ARK 21Shares Bitcoin ETF,ARK / 21Shares,ARKB,ARK 21Shares Bitcoin ETF,BTC-USD,2026-04-29,25.04,5000.0,0.21,59.836,508.5,2.7071,57.578,67.762
1401,ARKB,ARK 21Shares Bitcoin ETF,ARK / 21Shares,ARKB,ARK 21Shares Bitcoin ETF,BTC-USD,2026-04-30,25.35,5000.0,0.21,53.436,346.8,2.5414,50.945,62.263
1402,ARKB,ARK 21Shares Bitcoin ETF,ARK / 21Shares,ARKB,ARK 21Shares Bitcoin ETF,BTC-USD,2026-05-01,26.02,5000.0,0.21,53.797,189.7,2.2804,50.945,60.307
1403,ARKB,ARK 21Shares Bitcoin ETF,ARK / 21Shares,ARKB,ARK 21Shares Bitcoin ETF,BTC-USD,2026-05-04,26.57,5000.0,0.21,53.838,-332.7,-2.5234,50.945,58.299
1404,ARKB,ARK 21Shares Bitcoin ETF,ARK / 21Shares,ARKB,ARK 21Shares Bitcoin ETF,BTC-USD,2026-05-05,27.1,5000.0,0.21,53.838,-31.3,-1.5086,50.945,56.879
1405,ARKB,ARK 21Shares Bitcoin ETF,ARK / 21Shares,ARKB,ARK 21Shares Bitcoin ETF,BTC-USD,2026-05-06,27.03,5000.0,0.21,55.138,42.6,1.6394,52.245,55.35
1406,ARKB,ARK 21Shares Bitcoin ETF,ARK / 21Shares,ARKB,ARK 21Shares Bitcoin ETF,BTC-USD,2026-05-07,26.58,5000.0,0.21,55.138,-204.7,-2.3133,52.245,54.246
1407,ARKB,ARK 21Shares Bitcoin ETF,ARK / 21Shares,ARKB,ARK 21Shares Bitcoin ETF,BTC-USD,2026-05-08,26.6,5000.0,0.21,46.971,21.5,1.3523,44.078,50.976
1408,ARKB,ARK 21Shares Bitcoin ETF,ARK / 21Shares,ARKB,ARK 21Shares Bitcoin ETF,BTC-USD,2026-05-11,27.19,5000.0,0.21,47.196,-158.8,-2.2037,44.078,49.933
1409,ARKB,ARK 21Shares Bitcoin ETF,ARK / 21Shares,ARKB,ARK 21Shares Bitcoin ETF,BTC-USD,2026-05-12,26.8,5000.0,0.21,41.71,32.0,1.518,38.582,48.805
1410,ARKB,ARK 21Shares Bitcoin ETF,ARK / 21Shares,ARKB,ARK 21Shares Bitcoin ETF,BTC-USD,2026-05-13,26.38,5000.0,0.21,41.71,3.0,0.5973,38.582,47.272
1411,ARKB,ARK 21Shares Bitcoin ETF,ARK / 21Shares,ARKB,ARK 21Shares Bitcoin ETF,BTC-USD,2026-05-14,26.99,5000.0,0.21,36.99,-109.0,-2.0416,33.871,49.874
1412,ARKB,ARK 21Shares Bitcoin ETF,ARK / 21Shares,ARKB,ARK 21Shares Bitcoin ETF,BTC-USD,2026-05-15,26.25,5000.0,0.21,28.179,-20.4,-1.3295,24.943,48.597
1413,ARKB,ARK 21Shares Bitcoin ETF,ARK / 21Shares,ARKB,ARK 21Shares Bitcoin ETF,BTC-USD,2026-05-18,25.48,5000.0,0.21,28.334,-283.2,-2.4536,24.943,47.213
1414,ARKB,ARK 21Shares Bitcoin ETF,ARK / 21Shares,ARKB,ARK 21Shares Bitcoin ETF,BTC-USD,2026-05-19,25.47,5000.0,0.21,32.714,-82.8,-1.9233,29.479,46.942
1415,ARKB,ARK 21Shares Bitcoin ETF,ARK / 21Shares,ARKB,ARK 21Shares Bitcoin ETF,BTC-USD,2026-05-20,25.75,5000.0,0.21,22.899,-196.2,-2.2949,19.664,45.671
1416,ARKB,ARK 21Shares Bitcoin ETF,ARK / 21Shares,ARKB,ARK 21Shares Bitcoin ETF,BTC-USD,2026-05-21,25.76,5000.0,0.21,27.541,-142.6,-2.1573,24.422,44.525
1417,ARKB,ARK 21Shares Bitcoin ETF,ARK / 21Shares,ARKB,ARK 21Shares Bitcoin ETF,BTC-USD,2026-05-22,25.135,5000.0,0.21,27.657,-579.9,-2.7641,24.422,43.744
1418,ARKB,ARK 21Shares Bitcoin ETF,ARK / 21Shares,ARKB,ARK 21Shares Bitcoin ETF,BTC-USD,2026-05-26,25.17,5000.0,0.21,30.841,-222.4,-2.3491,27.606,45.466
1419,ARKB,ARK 21Shares Bitcoin ETF,ARK / 21Shares,ARKB,ARK 21Shares Bitcoin ETF,BTC-USD,2026-05-27,24.84,5000.0,0.21,28.546,-404.6,-2.6081,24.797,45.28
1420,ARKB,ARK 21Shares Bitcoin ETF,ARK / 21Shares,ARKB,ARK 21Shares Bitcoin ETF,BTC-USD,2026-05-28,24.31,5000.0,0.21,28.625,188.7,2.278,24.797,46.792
1421,ARKB,ARK 21Shares Bitcoin ETF,ARK / 21Shares,ARKB,ARK 21Shares Bitcoin ETF,BTC-USD,2026-05-29,24.35,5000.0,0.21,31.898,-75.1,-1.8816,28.07,46.426
1422,ARKB,ARK 21Shares Bitcoin ETF,ARK / 21Shares,ARKB,ARK 21Shares Bitcoin ETF,BTC-USD,2026-06-01,23.71,5000.0,0.21,30.56,-134.5,-2.132,26.733,47.655
1423,ARKB,ARK 21Shares Bitcoin ETF,ARK / 21Shares,ARKB,ARK 21Shares Bitcoin ETF,BTC-USD,2026-06-02,22.29,5000.0,0.21,30.56,60.9,1.792,26.733,48.618
1424,ARKB,ARK 21Shares Bitcoin ETF,ARK / 21Shares,ARKB,ARK 21Shares Bitcoin ETF,BTC-USD,2026-06-03,21.68,5000.0,0.21,30.56,-271.4,-2.4352,26.733,48.842
1425,ARKB,ARK 21Shares Bitcoin ETF,ARK / 21Shares,ARKB,ARK 21Shares Bitcoin ETF,BTC-USD,2026-06-04,21.08,5000.0,0.21,30.56,398.2,2.6012,26.733,49.272
1426,ARKB,ARK 21Shares Bitcoin ETF,ARK / 21Shares,ARKB,ARK 21Shares Bitcoin ETF,BTC-USD,2026-06-05,20.0,5000.0,0.21,29.316,601.7,2.7801,25.432,51.602
1427,ARKB,ARK 21Shares Bitcoin ETF,ARK / 21Shares,ARKB,ARK 21Shares Bitcoin ETF,BTC-USD,2026-06-08,21.02,5000.0,0.21,29.316,418.0,2.6223,25.432,51.599
1428,ARKB,ARK 21Shares Bitcoin ETF,ARK / 21Shares,ARKB,ARK 21Shares Bitcoin ETF,BTC-USD,2026-06-09,20.58,5000.0,0.21,25.993,329.2,2.5188,21.594,52.68
1429,ARKB,ARK 21Shares Bitcoin ETF,ARK / 21Shares,ARKB,ARK 21Shares Bitcoin ETF,BTC-USD,2026-06-10,20.52,5000.0,0.21,28.034,371.7,2.5713,24.15,53.173
1430,ARKB,ARK 21Shares Bitcoin ETF,ARK / 21Shares,ARKB,ARK 21Shares Bitcoin ETF,BTC-USD,2026-06-11,21.08,5000.0,0.21,28.55,513.3,2.7112,24.15,53.59
1431,ARKB,ARK 21Shares Bitcoin ETF,ARK / 21Shares,ARKB,ARK 21Shares Bitcoin ETF,BTC-USD,2026-06-12,21.08,5000.0,0.21,28.658,521.0,2.7177,24.241,52.721
1432,ARKB,ARK 21Shares Bitcoin ETF,ARK / 21Shares,ARKB,ARK 21Shares Bitcoin ETF,BTC-USD,2026-06-15,22.09,5000.0,0.21,28.828,87.2,1.9455,24.241,49.82
1433,ARKB,ARK 21Shares Bitcoin ETF,ARK / 21Shares,ARKB,ARK 21Shares Bitcoin ETF,BTC-USD,2026-06-16,21.77,5000.0,0.21,29.071,321.0,2.5079,24.241,46.517
1434,ARKB,ARK 21Shares Bitcoin ETF,ARK / 21Shares,ARKB,ARK 21Shares Bitcoin ETF,BTC-USD,2026-06-17,21.3,5000.0,0.21,32.222,270.7,2.434,27.153,44.881
1435,ARKB,ARK 21Shares Bitcoin ETF,ARK / 21Shares,ARKB,ARK 21Shares Bitcoin ETF,BTC-USD,2026-06-18,20.88,5000.0,0.21,27.686,315.0,2.4998,22.618,46.397
1436,ARKB,ARK 21Shares Bitcoin ETF,ARK / 21Shares,ARKB,ARK 21Shares Bitcoin ETF,BTC-USD,2026-06-22,21.36,5000.0,0.21,28.122,165.3,2.2209,22.618,47.039
1437,ARKB,ARK 21Shares Bitcoin ETF,ARK / 21Shares,ARKB,ARK 21Shares Bitcoin ETF,BTC-USD,2026-06-23,20.68,5000.0,0.21,23.72,297.7,2.4752,17.859,47.201
1438,ARKB,ARK 21Shares Bitcoin ETF,ARK / 21Shares,ARKB,ARK 21Shares Bitcoin ETF,BTC-USD,2026-06-24,19.86,5000.0,0.21,23.72,785.2,2.8955,17.859,48.388
1439,ARKB,ARK 21Shares Bitcoin ETF,ARK / 21Shares,ARKB,ARK 21Shares Bitcoin ETF,BTC-USD,2026-06-25,19.64,5000.0,0.21,23.717,600.2,2.7791,17.857,47.16
1440,ARKB,ARK 21Shares Bitcoin ETF,ARK / 21Shares,ARKB,ARK 21Shares Bitcoin ETF,BTC-USD,2026-06-26,19.8,5000.0,0.21,32.059,625.4,2.7969,26.199,47.359
1441,ARKB,ARK 21Shares Bitcoin ETF,ARK / 21Shares,ARKB,ARK 21Shares Bitcoin ETF,BTC-USD,2026-06-29,20.0,5000.0,0.21,43.208,328.1,2.5174,37.347,46.062
1442,ARKB,ARK 21Shares Bitcoin ETF,ARK / 21Shares,ARKB,ARK 21Shares Bitcoin ETF,BTC-USD,2026-06-30,19.46,5000.0,0.21,37.875,506.9,2.7058,31.993,45.629
1443,ARKB,ARK 21Shares Bitcoin ETF,ARK / 21Shares,ARKB,ARK 21Shares Bitcoin ETF,BTC-USD,2026-07-01,19.89,5000.0,0.21,37.875,455.3,2.6593,31.993,45.213
1444,ARKB,ARK 21Shares Bitcoin ETF,ARK / 21Shares,ARKB,ARK 21Shares Bitcoin ETF,BTC-USD,2026-07-02,20.37,5000.0,0.21,37.853,357.4,2.5544,31.993,43.862
1445,ARKB,ARK 21Shares Bitcoin ETF,ARK / 21Shares,ARKB,ARK 21Shares Bitcoin ETF,BTC-USD,2026-07-06,21.13,5000.0,0.21,39.392,550.4,2.7415,33.509,43.446
1446,ARKB,ARK 21Shares Bitcoin ETF,ARK / 21Shares,ARKB,ARK 21Shares Bitcoin ETF,BTC-USD,2026-07-07,21.16,5000.0,0.21,42.409,274.8,2.4405,36.526,42.643
1447,ARKB,ARK 21Shares Bitcoin ETF,ARK / 21Shares,ARKB,ARK 21Shares Bitcoin ETF,BTC-USD,2026-07-08,20.63,5000.0,0.21,42.386,584.6,2.7676,36.526,40.589
1448,ARKB,ARK 21Shares Bitcoin ETF,ARK / 21Shares,ARKB,ARK 21Shares Bitcoin ETF,BTC-USD,2026-07-09,20.97,5000.0,0.21,42.386,222.7,2.3496,36.526,40.09
1449,ARKB,ARK 21Shares Bitcoin ETF,ARK / 21Shares,ARKB,ARK 21Shares Bitcoin ETF,BTC-USD,2026-07-10,21.2,5000.0,0.21,42.386,504.7,2.7039,36.526,39.75
1450,ARKB,ARK 21Shares Bitcoin ETF,ARK / 21Shares,ARKB,ARK 21Shares Bitcoin ETF,BTC-USD,2026-07-13,20.63,5000.0,0.21,39.949,499.5,2.6994,33.97,39.081
1451,ARKB,ARK 21Shares Bitcoin ETF,ARK / 21Shares,ARKB,ARK 21Shares Bitcoin ETF,BTC-USD,2026-07-14,21.42,5000.0,0.21,40.062,580.9,2.7649,33.97,38.734
1452,ARKB,ARK 21Shares Bitcoin ETF,ARK / 21Shares,ARKB,ARK 21Shares Bitcoin ETF,BTC-USD,2026-07-15,21.55,5000.0,0.21,39.857,497.7,2.6979,33.878,37.988
1453,ARKB,ARK 21Shares Bitcoin ETF,ARK / 21Shares,ARKB,ARK 21Shares Bitcoin ETF,BTC-USD,2026-07-16,21.31,5000.0,0.21,39.857,155.1,2.1934,33.878,37.413
1454,ARKB,ARK 21Shares Bitcoin ETF,ARK / 21Shares,ARKB,ARK 21Shares Bitcoin ETF,BTC-USD,2026-07-17,21.28,5000.0,0.21,39.361,565.0,2.7528,33.878,37.937
1455,ARKB,ARK 21Shares Bitcoin ETF,ARK / 21Shares,ARKB,ARK 21Shares Bitcoin ETF,BTC-USD,2026-07-20,21.6,5000.0,0.21,36.343,456.8,2.6607,30.966,37.887
1456,ARKB,ARK 21Shares Bitcoin ETF,ARK / 21Shares,ARKB,ARK 21Shares Bitcoin ETF,BTC-USD,2026-07-21,22.04,5000.0,0.21,36.343,494.5,2.6951,30.966,37.477
1457,ARKB,ARK 21Shares Bitcoin ETF,ARK / 21Shares,ARKB,ARK 21Shares Bitcoin ETF,BTC-USD,2026-07-22,21.86,5000.0,0.21,36.343,856.4,2.9332,30.966,36.405
1458,ARKB,ARK 21Shares Bitcoin ETF,ARK / 21Shares,ARKB,ARK 21Shares Bitcoin ETF,BTC-USD,2026-07-23,21.47,5000.0,0.21,36.343,770.5,2.8873,30.966,36.134
1459,ARKB,ARK 21Shares Bitcoin ETF,ARK / 21Shares,ARKB,ARK 21Shares Bitcoin ETF,BTC-USD,2026-07-24,21.28,5000.0,0.21,35.955,468.5,2.6717,30.966,34.624
1460,ARKB,ARK 21Shares Bitcoin ETF,ARK / 21Shares,ARKB,ARK 21Shares Bitcoin ETF,BTC-USD,2026-07-27,21.52,5000.0,0.21,29.4,138.7,2.1453,24.023,33.186
1461,ARKB,ARK 21Shares Bitcoin ETF,ARK / 21Shares,ARKB,ARK 21Shares Bitcoin ETF,BTC-USD,2026-07-28,21.17,5000.0,0.21,21.059,359.3,2.5567,15.682,33.72
1462,ARKB,ARK 21Shares Bitcoin ETF,ARK / 21Shares,ARKB,ARK 21Shares Bitcoin ETF,BTC-USD,2026-07-29,21.055,5000.0,0.21,9.91,689.6,2.8392,4.533,34.485
1463,ARKB,ARK 21Shares Bitcoin ETF,ARK / 21Shares,ARKB,ARK 21Shares Bitcoin ETF,BTC-USD,2026-07-30,21.48,5000.0,0.21,9.91,455.6,2.6595,4.533,34.223
1464,ARKB,ARK 21Shares Bitcoin ETF,ARK / 21Shares,ARKB,ARK 21Shares Bitcoin ETF,BTC-USD,2026-07-31,20.85,5000.0,0.21,9.965,397.8,2.6007,4.533,34.175
1465,ARKB,ARK 21Shares Bitcoin ETF,ARK / 21Shares,ARKB,ARK 21Shares Bitcoin ETF,BTC-USD,2026-08-03,21.17,5000.0,0.21,18.078,321.2,2.5081,12.647,33.925
1466,ARKB,ARK 21Shares Bitcoin ETF,ARK / 21Shares,ARKB,ARK 21Shares Bitcoin ETF,BTC-USD,2026-08-04,21.29,5000.0,0.21,15.758,299.1,2.4772,11.13,32.994
1467,ARKB,ARK 21Shares Bitcoin ETF,ARK / 21Shares,ARKB,ARK 21Shares Bitcoin ETF,BTC-USD,2026-08-05,21.5,5000.0,0.21,12.855,652.5,2.8152,8.228,32.907
1468,ARKB,ARK 21Shares Bitcoin ETF,ARK / 21Shares,ARKB,ARK 21Shares Bitcoin ETF,BTC-USD,2026-08-06,21.35,5000.0,0.21,16.743,571.6,2.7578,12.595,31.667
1469,ARKB,ARK 21Shares Bitcoin ETF,ARK / 21Shares,ARKB,ARK 21Shares Bitcoin ETF,BTC-USD,2026-08-07,21.54,5000.0,0.21,16.743,695.5,2.8429,12.595,31.073
1470,ARKB,ARK 21Shares Bitcoin ETF,ARK / 21Shares,ARKB,ARK 21Shares Bitcoin ETF,BTC-USD,2026-08-10,21.21,5000.0,0.21,16.743,389.4,2.5916,12.595,31.0
1471,ARKB,ARK 21Shares Bitcoin ETF,ARK / 21Shares,ARKB,ARK 21Shares Bitcoin ETF,BTC-USD,2026-08-11,21.05,5000.0,0.21,16.53,759.2,2.8809,12.595,30.363
1472,ARKB,ARK 21Shares Bitcoin ETF,ARK / 21Shares,ARKB,ARK 21Shares Bitcoin ETF,BTC-USD,2026-08-12,21.01,5000.0,0.21,21.24,530.2,2.7253,17.343,29.82
1473,ARKB,ARK 21Shares Bitcoin ETF,ARK / 21Shares,ARKB,ARK 21Shares Bitcoin ETF,BTC-USD,2026-08-13,21.0,5000.0,0.21,23.829,681.3,2.834,19.933,31.818
1474,ARKB,ARK 21Shares Bitcoin ETF,ARK / 21Shares,ARKB,ARK 21Shares Bitcoin ETF,BTC-USD,2026-08-14,20.85,5000.0,0.21,23.398,238.4,2.3791,19.933,32.18
1475,ARKB,ARK 21Shares Bitcoin ETF,ARK / 21Shares,ARKB,ARK 21Shares Bitcoin ETF,BTC-USD,2026-08-17,21.31,5000.0,0.21,23.829,557.0,2.7467,19.933,33.457
1476,ARKB,ARK 21Shares Bitcoin ETF,ARK / 21Shares,ARKB,ARK 21Shares Bitcoin ETF,BTC-USD,2026-08-18,21.43,5000.0,0.21,23.398,577.0,2.7619,19.933,32.934
1477,ARKB,ARK 21Shares Bitcoin ETF,ARK / 21Shares,ARKB,ARK 21Shares Bitcoin ETF,BTC-USD,2026-08-19,22.7,5000.0,0.21,23.398,597.7,2.7772,19.933,36.152
1478,ARKB,ARK 21Shares Bitcoin ETF,ARK / 21Shares,ARKB,ARK 21Shares Bitcoin ETF,BTC-USD,2026-08-20,24.1,5000.0,0.21,23.398,563.2,2.7514,19.933,38.924
1479,ARKB,ARK 21Shares Bitcoin ETF,ARK / 21Shares,ARKB,ARK 21Shares Bitcoin ETF,BTC-USD,2026-08-21,25.55,5000.0,0.21,23.398,618.3,2.7919,19.933,41.872
1480,ARKB,ARK 21Shares Bitcoin ETF,ARK / 21Shares,ARKB,ARK 21Shares Bitcoin ETF,BTC-USD,2026-08-24,26.12,5000.0,0.21,23.618,299.9,2.4785,19.933,43.451
1481,ARKB,ARK 21Shares Bitcoin ETF,ARK / 21Shares,ARKB,ARK 21Shares Bitcoin ETF,BTC-USD,2026-08-25,26.17,5000.0,0.21,30.039,345.2,2.5393,26.574,44.039
1482,ARKB,ARK 21Shares Bitcoin ETF,ARK / 21Shares,ARKB,ARK 21Shares Bitcoin ETF,BTC-USD,2026-08-26,26.03,5000.0,0.21,30.039,852.1,2.931,26.574,43.333
1483,ARKB,ARK 21Shares Bitcoin ETF,ARK / 21Shares,ARKB,ARK 21Shares Bitcoin ETF,BTC-USD,2026-08-27,26.51,5000.0,0.21,30.259,334.2,2.5253,26.574,42.77
1484,BITB,Bitwise Bitcoin ETF,Bitwise,BITB,Bitwise Bitcoin ETF,BTC-USD,2025-03-07,47.33,4000.0,0.2,90.527,-440.8,-2.6452,88.037,86.716
1485,BITB,Bitwise Bitcoin ETF,Bitwise,BITB,Bitwise Bitcoin ETF,BTC-USD,2025-03-10,42.99,4000.0,0.2,81.948,-506.4,-2.7053,79.223,88.509
1486,BITB,Bitwise Bitcoin ETF,Bitwise,BITB,Bitwise Bitcoin ETF,BTC-USD,2025-03-11,45.21,4000.0,0.2,83.69,-443.0,-2.6473,80.274,85.216
1487,BITB,Bitwise Bitcoin ETF,Bitwise,BITB,Bitwise Bitcoin ETF,BTC-USD,2025-03-12,45.12,4000.0,0.2,93.078,-198.9,-2.3007,90.352,84.948
1488,BITB,Bitwise Bitcoin ETF,Bitwise,BITB,Bitwise Bitcoin ETF,BTC-USD,2025-03-13,43.61,4000.0,0.2,102.268,-156.1,-2.1962,99.543,84.841
1489,BITB,Bitwise Bitcoin ETF,Bitwise,BITB,Bitwise Bitcoin ETF,BTC-USD,2025-03-14,46.08,4000.0,0.2,91.676,-539.5,-2.7328,88.95,85.569
1490,BITB,Bitwise Bitcoin ETF,Bitwise,BITB,Bitwise Bitcoin ETF,BTC-USD,2025-03-17,45.99,4000.0,0.2,97.81,-510.5,-2.7088,95.085,85.476
1491,BITB,Bitwise Bitcoin ETF,Bitwise,BITB,Bitwise Bitcoin ETF,BTC-USD,2025-03-18,44.8,4000.0,0.2,98.5,-641.0,-2.8075,95.085,85.492
1492,BITB,Bitwise Bitcoin ETF,Bitwise,BITB,Bitwise Bitcoin ETF,BTC-USD,2025-03-19,46.55,4000.0,0.2,98.5,-305.4,-2.4863,95.085,84.229
1493,BITB,Bitwise Bitcoin ETF,Bitwise,BITB,Bitwise Bitcoin ETF,BTC-USD,2025-03-20,45.81,4000.0,0.2,108.182,-593.5,-2.7742,104.767,83.147
1494,BITB,Bitwise Bitcoin ETF,Bitwise,BITB,Bitwise Bitcoin ETF,BTC-USD,2025-03-21,45.68,4000.0,0.2,107.492,-923.0,-2.9657,104.767,81.33
1495,BITB,Bitwise Bitcoin ETF,Bitwise,BITB,Bitwise Bitcoin ETF,BTC-USD,2025-03-24,48.04,4000.0,0.2,102.448,-495.4,-2.6959,99.723,77.521
1496,BITB,Bitwise Bitcoin ETF,Bitwise,BITB,Bitwise Bitcoin ETF,BTC-USD,2025-03-25,48.0,4000.0,0.2,106.825,-701.1,-2.8464,104.1,74.05
1497,BITB,Bitwise Bitcoin ETF,Bitwise,BITB,Bitwise Bitcoin ETF,BTC-USD,2025-03-26,47.09,4000.0,0.2,107.534,-323.3,-2.5109,104.1,64.836
1498,BITB,Bitwise Bitcoin ETF,Bitwise,BITB,Bitwise Bitcoin ETF,BTC-USD,2025-03-27,47.38,4000.0,0.2,114.096,-382.3,-2.5835,111.562,59.988
1499,BITB,Bitwise Bitcoin ETF,Bitwise,BITB,Bitwise Bitcoin ETF,BTC-USD,2025-03-28,45.58,4000.0,0.2,100.749,-243.6,-2.3885,96.574,55.358
1500,BITB,Bitwise Bitcoin ETF,Bitwise,BITB,Bitwise Bitcoin ETF,BTC-USD,2025-03-31,44.88,4000.0,0.2,95.636,-473.7,-2.6765,91.46,51.929
1501,BITB,Bitwise Bitcoin ETF,Bitwise,BITB,Bitwise Bitcoin ETF,BTC-USD,2025-04-01,46.27,4000.0,0.2,95.645,-352.7,-2.5486,91.46,50.687
1502,BITB,Bitwise Bitcoin ETF,Bitwise,BITB,Bitwise Bitcoin ETF,BTC-USD,2025-04-02,47.33,4000.0,0.2,95.645,-1379.1,-3.1399,91.46,48.918
1503,BITB,Bitwise Bitcoin ETF,Bitwise,BITB,Bitwise Bitcoin ETF,BTC-USD,2025-04-03,44.59,4000.0,0.2,95.645,131.8,2.1231,91.46,48.794
1504,BITB,Bitwise Bitcoin ETF,Bitwise,BITB,Bitwise Bitcoin ETF,BTC-USD,2025-04-04,45.69,4000.0,0.2,84.761,-642.3,-2.8084,80.576,49.261
1505,BITB,Bitwise Bitcoin ETF,Bitwise,BITB,Bitwise Bitcoin ETF,BTC-USD,2025-04-07,42.43,4000.0,0.2,72.918,8.9,0.9964,67.883,51.033
1506,BITB,Bitwise Bitcoin ETF,Bitwise,BITB,Bitwise Bitcoin ETF,BTC-USD,2025-04-08,41.75,4000.0,0.2,92.798,-317.0,-2.5024,88.613,49.423
1507,BITB,Bitwise Bitcoin ETF,Bitwise,BITB,Bitwise Bitcoin ETF,BTC-USD,2025-04-09,44.77,4000.0,0.2,91.226,7.6,0.9331,87.04,52.759
1508,BITB,Bitwise Bitcoin ETF,Bitwise,BITB,Bitwise Bitcoin ETF,BTC-USD,2025-04-10,43.3,4000.0,0.2,92.697,-322.0,-2.5092,87.836,54.283
1509,BITB,Bitwise Bitcoin ETF,Bitwise,BITB,Bitwise Bitcoin ETF,BTC-USD,2025-04-11,45.65,4000.0,0.2,83.507,-453.9,-2.6579,78.645,55.255
1510,BITB,Bitwise Bitcoin ETF,Bitwise,BITB,Bitwise Bitcoin ETF,BTC-USD,2025-04-14,46.22,4000.0,0.2,82.83,-799.2,-2.9032,78.645,53.628
1511,BITB,Bitwise Bitcoin ETF,Bitwise,BITB,Bitwise Bitcoin ETF,BTC-USD,2025-04-15,45.74,4000.0,0.2,81.611,-331.1,-2.5213,77.426,52.932
1512,BITB,Bitwise Bitcoin ETF,Bitwise,BITB,Bitwise Bitcoin ETF,BTC-USD,2025-04-16,45.92,4000.0,0.2,84.766,-515.9,-2.7134,80.59,53.053
1513,BITB,Bitwise Bitcoin ETF,Bitwise,BITB,Bitwise Bitcoin ETF,BTC-USD,2025-04-17,46.23,4000.0,0.2,92.895,-429.2,-2.6337,89.082,52.467
1514,BITB,Bitwise Bitcoin ETF,Bitwise,BITB,Bitwise Bitcoin ETF,BTC-USD,2025-04-21,47.57,4000.0,0.2,81.1,-380.9,-2.5819,77.361,54.87
1515,BITB,Bitwise Bitcoin ETF,Bitwise,BITB,Bitwise Bitcoin ETF,BTC-USD,2025-04-22,49.8,4000.0,0.2,81.128,-321.8,-2.509,77.361,59.792
1516,BITB,Bitwise Bitcoin ETF,Bitwise,BITB,Bitwise Bitcoin ETF,BTC-USD,2025-04-23,50.89,4000.0,0.2,81.1,-455.5,-2.6595,77.361,61.367
1517,BITB,Bitwise Bitcoin ETF,Bitwise,BITB,Bitwise Bitcoin ETF,BTC-USD,2025-04-24,50.96,4000.0,0.2,79.399,-386.8,-2.5886,75.66,62.777
1518,BITB,Bitwise Bitcoin ETF,Bitwise,BITB,Bitwise Bitcoin ETF,BTC-USD,2025-04-25,51.93,4000.0,0.2,79.31,-709.8,-2.8517,75.66,64.302
1519,BITB,Bitwise Bitcoin ETF,Bitwise,BITB,Bitwise Bitcoin ETF,BTC-USD,2025-04-28,51.59,4000.0,0.2,72.028,-580.4,-2.7645,68.378,65.332
1520,BITB,Bitwise Bitcoin ETF,Bitwise,BITB,Bitwise Bitcoin ETF,BTC-USD,2025-04-29,51.88,4000.0,0.2,72.028,-758.4,-2.8804,68.378,65.518
1521,BITB,Bitwise Bitcoin ETF,Bitwise,BITB,Bitwise Bitcoin ETF,BTC-USD,2025-04-30,51.23,4000.0,0.2,71.894,-532.8,-2.7274,68.378,65.746
1522,BITB,Bitwise Bitcoin ETF,Bitwise,BITB,Bitwise Bitcoin ETF,BTC-USD,2025-05-01,52.59,4000.0,0.2,71.894,-674.8,-2.8298,68.378,64.945
1523,BITB,Bitwise Bitcoin ETF,Bitwise,BITB,Bitwise Bitcoin ETF,BTC-USD,2025-05-02,52.81,4000.0,0.2,71.687,-637.2,-2.805,68.378,64.128
1524,BITB,Bitwise Bitcoin ETF,Bitwise,BITB,Bitwise Bitcoin ETF,BTC-USD,2025-05-05,51.31,4000.0,0.2,71.687,-571.3,-2.7577,68.378,65.072
1525,BITB,Bitwise Bitcoin ETF,Bitwise,BITB,Bitwise Bitcoin ETF,BTC-USD,2025-05-06,51.68,4000.0,0.2,76.893,-295.4,-2.4719,73.584,63.428
1526,BITB,Bitwise Bitcoin ETF,Bitwise,BITB,Bitwise Bitcoin ETF,BTC-USD,2025-05-07,52.38,4000.0,0.2,76.572,-536.1,-2.7301,73.584,59.238
1527,BITB,Bitwise Bitcoin ETF,Bitwise,BITB,Bitwise Bitcoin ETF,BTC-USD,2025-05-08,55.15,4000.0,0.2,56.162,-551.3,-2.7422,52.854,59.136
1528,BITB,Bitwise Bitcoin ETF,Bitwise,BITB,Bitwise Bitcoin ETF,BTC-USD,2025-05-09,56.18,4000.0,0.2,44.391,-762.8,-2.883,41.083,55.267
1529,BITB,Bitwise Bitcoin ETF,Bitwise,BITB,Bitwise Bitcoin ETF,BTC-USD,2025-05-12,55.43,4000.0,0.2,34.514,-359.0,-2.5563,31.526,55.223
1530,BITB,Bitwise Bitcoin ETF,Bitwise,BITB,Bitwise Bitcoin ETF,BTC-USD,2025-05-13,57.07,4000.0,0.2,35.728,-697.0,-2.8438,32.74,54.764
1531,BITB,Bitwise Bitcoin ETF,Bitwise,BITB,Bitwise Bitcoin ETF,BTC-USD,2025-05-14,56.21,4000.0,0.2,39.653,-607.8,-2.7845,36.717,55.677
1532,BITB,Bitwise Bitcoin ETF,Bitwise,BITB,Bitwise Bitcoin ETF,BTC-USD,2025-05-15,56.13,4000.0,0.2,35.324,-815.1,-2.9118,32.652,56.809
1533,BITB,Bitwise Bitcoin ETF,Bitwise,BITB,Bitwise Bitcoin ETF,BTC-USD,2025-05-16,56.64,4000.0,0.2,32.159,-292.8,-2.4681,29.487,56.462
1534,BITB,Bitwise Bitcoin ETF,Bitwise,BITB,Bitwise Bitcoin ETF,BTC-USD,2025-05-19,57.45,4000.0,0.2,26.378,-738.4,-2.8689,23.686,57.227
1535,BITB,Bitwise Bitcoin ETF,Bitwise,BITB,Bitwise Bitcoin ETF,BTC-USD,2025-05-20,58.31,4000.0,0.2,26.358,-645.2,-2.8103,23.686,57.152
1536,BITB,Bitwise Bitcoin ETF,Bitwise,BITB,Bitwise Bitcoin ETF,BTC-USD,2025-05-21,59.16,4000.0,0.2,26.108,-347.1,-2.5416,23.686,60.663
1537,BITB,Bitwise Bitcoin ETF,Bitwise,BITB,Bitwise Bitcoin ETF,BTC-USD,2025-05-22,60.51,4000.0,0.2,25.724,-340.1,-2.5328,23.686,62.817
1538,BITB,Bitwise Bitcoin ETF,Bitwise,BITB,Bitwise Bitcoin ETF,BTC-USD,2025-05-23,59.2,4000.0,0.2,23.283,-756.1,-2.8791,21.009,64.639
1539,BITB,Bitwise Bitcoin ETF,Bitwise,BITB,Bitwise Bitcoin ETF,BTC-USD,2025-05-27,59.9,4000.0,0.2,24.64,-724.0,-2.8604,22.602,65.829
1540,BITB,Bitwise Bitcoin ETF,Bitwise,BITB,Bitwise Bitcoin ETF,BTC-USD,2025-05-28,58.22,4000.0,0.2,23.638,-348.6,-2.5436,21.364,67.185
1541,BITB,Bitwise Bitcoin ETF,Bitwise,BITB,Bitwise Bitcoin ETF,BTC-USD,2025-05-29,57.45,4000.0,0.2,23.725,-316.0,-2.5011,21.452,72.589
1542,BITB,Bitwise Bitcoin ETF,Bitwise,BITB,Bitwise Bitcoin ETF,BTC-USD,2025-05-30,56.93,4000.0,0.2,23.49,-212.3,-2.3291,21.452,73.471
1543,BITB,Bitwise Bitcoin ETF,Bitwise,BITB,Bitwise Bitcoin ETF,BTC-USD,2025-06-02,56.86,4000.0,0.2,26.32,-507.0,-2.7059,24.334,73.234
1544,BITB,Bitwise Bitcoin ETF,Bitwise,BITB,Bitwise Bitcoin ETF,BTC-USD,2025-06-03,57.82,4000.0,0.2,26.373,-472.3,-2.6751,24.334,74.805
1545,BITB,Bitwise Bitcoin ETF,Bitwise,BITB,Bitwise Bitcoin ETF,BTC-USD,2025-06-04,57.14,4000.0,0.2,26.373,-543.4,-2.7359,24.334,73.489
1546,BITB,Bitwise Bitcoin ETF,Bitwise,BITB,Bitwise Bitcoin ETF,BTC-USD,2025-06-05,55.44,4000.0,0.2,23.705,-462.0,-2.6656,21.619,77.195
1547,BITB,Bitwise Bitcoin ETF,Bitwise,BITB,Bitwise Bitcoin ETF,BTC-USD,2025-06-06,56.76,4000.0,0.2,26.664,-492.8,-2.6935,24.578,77.64
1548,BITB,Bitwise Bitcoin ETF,Bitwise,BITB,Bitwise Bitcoin ETF,BTC-USD,2025-06-09,59.14,4000.0,0.2,26.664,-207.3,-2.3188,24.578,79.106
1549,BITB,Bitwise Bitcoin ETF,Bitwise,BITB,Bitwise Bitcoin ETF,BTC-USD,2025-06-10,59.6,4000.0,0.2,26.616,36.6,1.5757,24.578,80.959
1550,BITB,Bitwise Bitcoin ETF,Bitwise,BITB,Bitwise Bitcoin ETF,BTC-USD,2025-06-11,59.21,4000.0,0.2,32.153,-177.1,-2.2506,30.114,79.806
1551,BITB,Bitwise Bitcoin ETF,Bitwise,BITB,Bitwise Bitcoin ETF,BTC-USD,2025-06-12,58.11,4000.0,0.2,30.939,-848.7,-2.9293,28.9,80.946
1552,BITB,Bitwise Bitcoin ETF,Bitwise,BITB,Bitwise Bitcoin ETF,BTC-USD,2025-06-13,57.22,4000.0,0.2,26.946,-332.4,-2.523,24.923,82.116
1553,BITB,Bitwise Bitcoin ETF,Bitwise,BITB,Bitwise Bitcoin ETF,BTC-USD,2025-06-16,59.16,4000.0,0.2,23.258,-722.3,-2.8593,21.219,82.693
1554,BITB,Bitwise Bitcoin ETF,Bitwise,BITB,Bitwise Bitcoin ETF,BTC-USD,2025-06-17,56.98,4000.0,0.2,23.305,-373.6,-2.5735,21.219,83.734
1555,BITB,Bitwise Bitcoin ETF,Bitwise,BITB,Bitwise Bitcoin ETF,BTC-USD,2025-06-18,56.52,4000.0,0.2,27.39,-103.3,-2.0181,25.351,84.477
1556,BITB,Bitwise Bitcoin ETF,Bitwise,BITB,Bitwise Bitcoin ETF,BTC-USD,2025-06-20,56.22,4000.0,0.2,32.075,-268.0,-2.4298,30.036,84.469
1557,BITB,Bitwise Bitcoin ETF,Bitwise,BITB,Bitwise Bitcoin ETF,BTC-USD,2025-06-23,56.2,4000.0,0.2,32.075,245.3,2.3914,30.036,78.667
1558,BITB,Bitwise Bitcoin ETF,Bitwise,BITB,Bitwise Bitcoin ETF,BTC-USD,2025-06-24,57.49,4000.0,0.2,32.122,-224.9,-2.3539,30.036,76.214
1559,BITB,Bitwise Bitcoin ETF,Bitwise,BITB,Bitwise Bitcoin ETF,BTC-USD,2025-06-25,58.66,4000.0,0.2,32.122,-826.6,-2.9178,30.036,74.879
1560,BITB,Bitwise Bitcoin ETF,Bitwise,BITB,Bitwise Bitcoin ETF,BTC-USD,2025-06-26,58.53,4000.0,0.2,32.468,-856.0,-2.933,30.382,72.851
1561,BITB,Bitwise Bitcoin ETF,Bitwise,BITB,Bitwise Bitcoin ETF,BTC-USD,2025-06-27,58.14,4000.0,0.2,37.002,-824.5,-2.9167,34.979,72.634
1562,BITB,Bitwise Bitcoin ETF,Bitwise,BITB,Bitwise Bitcoin ETF,BTC-USD,2025-06-30,58.59,4000.0,0.2,40.656,-532.9,-2.7275,38.633,69.502
1563,BITB,Bitwise Bitcoin ETF,Bitwise,BITB,Bitwise Bitcoin ETF,BTC-USD,2025-07-01,57.32,4000.0,0.2,40.719,-453.8,-2.6579,38.633,70.514
1564,BITB,Bitwise Bitcoin ETF,Bitwise,BITB,Bitwise Bitcoin ETF,BTC-USD,2025-07-02,59.74,4000.0,0.2,38.175,-658.1,-2.819,35.75,74.801
1565,BITB,Bitwise Bitcoin ETF,Bitwise,BITB,Bitwise Bitcoin ETF,BTC-USD,2025-07-03,59.48,4000.0,0.2,38.175,-173.5,-2.2418,35.75,74.132
1566,BITB,Bitwise Bitcoin ETF,Bitwise,BITB,Bitwise Bitcoin ETF,BTC-USD,2025-07-07,58.78,4000.0,0.2,37.774,-497.0,-2.6972,35.75,75.55
1567,BITB,Bitwise Bitcoin ETF,Bitwise,BITB,Bitwise Bitcoin ETF,BTC-USD,2025-07-08,59.18,4000.0,0.2,34.955,-402.8,-2.6062,33.26,73.301
1568,BITB,Bitwise Bitcoin ETF,Bitwise,BITB,Bitwise Bitcoin ETF,BTC-USD,2025-07-09,60.86,4000.0,0.2,31.995,-624.3,-2.7961,30.301,75.43
1569,BITB,Bitwise Bitcoin ETF,Bitwise,BITB,Bitwise Bitcoin ETF,BTC-USD,2025-07-10,61.74,4000.0,0.2,31.809,-258.5,-2.4141,30.301,76.247
1570,BITB,Bitwise Bitcoin ETF,Bitwise,BITB,Bitwise Bitcoin ETF,BTC-USD,2025-07-11,64.31,4000.0,0.2,31.995,-1049.6,-3.0214,30.301,78.62
1571,BITB,Bitwise Bitcoin ETF,Bitwise,BITB,Bitwise Bitcoin ETF,BTC-USD,2025-07-14,65.25,4000.0,0.2,23.479,-1167.1,-3.0675,21.785,81.836
1572,BITB,Bitwise Bitcoin ETF,Bitwise,BITB,Bitwise Bitcoin ETF,BTC-USD,2025-07-15,63.36,4000.0,0.2,23.479,-606.7,-2.7837,21.785,86.357
1573,BITB,Bitwise Bitcoin ETF,Bitwise,BITB,Bitwise Bitcoin ETF,BTC-USD,2025-07-16,64.92,4000.0,0.2,23.479,-1160.5,-3.065,21.785,88.35
1574,BITB,Bitwise Bitcoin ETF,Bitwise,BITB,Bitwise Bitcoin ETF,BTC-USD,2025-07-17,64.76,4000.0,0.2,28.781,-849.8,-2.9299,27.471,87.882
1575,BITB,Bitwise Bitcoin ETF,Bitwise,BITB,Bitwise Bitcoin ETF,BTC-USD,2025-07-18,63.87,4000.0,0.2,32.881,-895.9,-2.9528,31.575,89.919
1576,BITB,Bitwise Bitcoin ETF,Bitwise,BITB,Bitwise Bitcoin ETF,BTC-USD,2025-07-21,63.53,4000.0,0.2,32.927,-557.8,-2.7473,31.62,92.217
1577,BITB,Bitwise Bitcoin ETF,Bitwise,BITB,Bitwise Bitcoin ETF,BTC-USD,2025-07-22,64.92,4000.0,0.2,29.249,-651.2,-2.8144,27.939,94.085
1578,BITB,Bitwise Bitcoin ETF,Bitwise,BITB,Bitwise Bitcoin ETF,BTC-USD,2025-07-23,64.43,4000.0,0.2,30.115,-724.2,-2.8604,28.805,94.333
1579,BITB,Bitwise Bitcoin ETF,Bitwise,BITB,Bitwise Bitcoin ETF,BTC-USD,2025-07-24,64.78,4000.0,0.2,30.213,-782.1,-2.8938,28.906,96.035
1580,BITB,Bitwise Bitcoin ETF,Bitwise,BITB,Bitwise Bitcoin ETF,BTC-USD,2025-07-25,63.57,4000.0,0.2,30.213,-776.2,-2.8905,28.906,97.133
1581,BITB,Bitwise Bitcoin ETF,Bitwise,BITB,Bitwise Bitcoin ETF,BTC-USD,2025-07-28,64.22,4000.0,0.2,28.275,-795.2,-2.901,26.968,98.624
1582,BITB,Bitwise Bitcoin ETF,Bitwise,BITB,Bitwise Bitcoin ETF,BTC-USD,2025-07-29,63.91,4000.0,0.2,28.723,-879.0,-2.9445,27.416,99.874
1583,BITB,Bitwise Bitcoin ETF,Bitwise,BITB,Bitwise Bitcoin ETF,BTC-USD,2025-07-30,63.56,4000.0,0.2,29.683,-668.8,-2.8259,28.376,102.844
1584,BITB,Bitwise Bitcoin ETF,Bitwise,BITB,Bitwise Bitcoin ETF,BTC-USD,2025-07-31,63.49,4000.0,0.2,36.167,-770.9,-2.8876,34.931,103.84
1585,BITB,Bitwise Bitcoin ETF,Bitwise,BITB,Bitwise Bitcoin ETF,BTC-USD,2025-08-01,61.51,4000.0,0.2,36.167,-593.7,-2.7743,34.931,106.719
1586,BITB,Bitwise Bitcoin ETF,Bitwise,BITB,Bitwise Bitcoin ETF,BTC-USD,2025-08-04,62.42,4000.0,0.2,41.078,-830.3,-2.9198,39.771,106.53
1587,BITB,Bitwise Bitcoin ETF,Bitwise,BITB,Bitwise Bitcoin ETF,BTC-USD,2025-08-05,61.85,4000.0,0.2,41.078,-648.1,-2.8123,39.771,106.327
1588,BITB,Bitwise Bitcoin ETF,Bitwise,BITB,Bitwise Bitcoin ETF,BTC-USD,2025-08-06,62.72,4000.0,0.2,41.081,-617.2,-2.7911,39.771,107.052
1589,BITB,Bitwise Bitcoin ETF,Bitwise,BITB,Bitwise Bitcoin ETF,BTC-USD,2025-08-07,63.98,4000.0,0.2,41.081,-702.1,-2.847,39.771,108.226
1590,BITB,Bitwise Bitcoin ETF,Bitwise,BITB,Bitwise Bitcoin ETF,BTC-USD,2025-08-08,63.36,4000.0,0.2,45.937,-685.2,-2.8364,44.63,106.941
1591,BITB,Bitwise Bitcoin ETF,Bitwise,BITB,Bitwise Bitcoin ETF,BTC-USD,2025-08-11,64.76,4000.0,0.2,45.937,-1053.2,-3.0229,44.63,105.158
1592,BITB,Bitwise Bitcoin ETF,Bitwise,BITB,Bitwise Bitcoin ETF,BTC-USD,2025-08-12,65.09,4000.0,0.2,50.885,-822.5,-2.9156,49.649,103.54
1593,BITB,Bitwise Bitcoin ETF,Bitwise,BITB,Bitwise Bitcoin ETF,BTC-USD,2025-08-13,66.87,4000.0,0.2,50.885,-992.2,-2.997,49.649,101.566
1594,BITB,Bitwise Bitcoin ETF,Bitwise,BITB,Bitwise Bitcoin ETF,BTC-USD,2025-08-14,64.19,4000.0,0.2,50.885,-981.0,-2.9921,49.649,103.249
1595,BITB,Bitwise Bitcoin ETF,Bitwise,BITB,Bitwise Bitcoin ETF,BTC-USD,2025-08-15,63.63,4000.0,0.2,47.724,-834.5,-2.9219,46.45,103.92
1596,BITB,Bitwise Bitcoin ETF,Bitwise,BITB,Bitwise Bitcoin ETF,BTC-USD,2025-08-18,63.26,4000.0,0.2,43.621,-857.7,-2.9339,42.346,101.557
1597,BITB,Bitwise Bitcoin ETF,Bitwise,BITB,Bitwise Bitcoin ETF,BTC-USD,2025-08-19,61.49,4000.0,0.2,36.877,-1067.4,-3.0287,35.478,101.083
1598,BITB,Bitwise Bitcoin ETF,Bitwise,BITB,Bitwise Bitcoin ETF,BTC-USD,2025-08-20,62.15,4000.0,0.2,38.988,-861.7,-2.9359,37.59,99.141
1599,BITB,Bitwise Bitcoin ETF,Bitwise,BITB,Bitwise Bitcoin ETF,BTC-USD,2025-08-21,60.98,4000.0,0.2,43.162,-653.8,-2.8161,41.701,98.783
1600,BITB,Bitwise Bitcoin ETF,Bitwise,BITB,Bitwise Bitcoin ETF,BTC-USD,2025-08-22,63.47,4000.0,0.2,47.077,-1032.6,-3.0143,45.505,102.363
1601,BITB,Bitwise Bitcoin ETF,Bitwise,BITB,Bitwise Bitcoin ETF,BTC-USD,2025-08-25,60.27,4000.0,0.2,47.077,-260.0,-2.4167,45.505,102.004
1602,BITB,Bitwise Bitcoin ETF,Bitwise,BITB,Bitwise Bitcoin ETF,BTC-USD,2025-08-26,60.45,4000.0,0.2,47.077,-720.9,-2.8585,45.505,101.894
1603,BITB,Bitwise Bitcoin ETF,Bitwise,BITB,Bitwise Bitcoin ETF,BTC-USD,2025-08-27,60.97,4000.0,0.2,42.032,-803.3,-2.9054,40.46,100.187
1604,BITB,Bitwise Bitcoin ETF,Bitwise,BITB,Bitwise Bitcoin ETF,BTC-USD,2025-08-28,60.9,4000.0,0.2,37.33,-881.5,-2.9457,35.758,96.538
1605,BITB,Bitwise Bitcoin ETF,Bitwise,BITB,Bitwise Bitcoin ETF,BTC-USD,2025-08-29,58.87,4000.0,0.2,30.811,-597.3,-2.7769,29.203,96.579
1606,BITB,Bitwise Bitcoin ETF,Bitwise,BITB,Bitwise Bitcoin ETF,BTC-USD,2025-09-02,60.26,4000.0,0.2,30.843,-595.1,-2.7753,29.203,91.861
1607,BITB,Bitwise Bitcoin ETF,Bitwise,BITB,Bitwise Bitcoin ETF,BTC-USD,2025-09-03,61.05,4000.0,0.2,26.002,-841.4,-2.9255,24.363,92.195
1608,BITB,Bitwise Bitcoin ETF,Bitwise,BITB,Bitwise Bitcoin ETF,BTC-USD,2025-09-04,59.72,4000.0,0.2,26.244,-522.3,-2.7187,24.363,92.789
1609,BITB,Bitwise Bitcoin ETF,Bitwise,BITB,Bitwise Bitcoin ETF,BTC-USD,2025-09-05,60.71,4000.0,0.2,26.244,-1032.0,-3.0141,24.363,94.081
1610,BITB,Bitwise Bitcoin ETF,Bitwise,BITB,Bitwise Bitcoin ETF,BTC-USD,2025-09-08,60.98,4000.0,0.2,28.17,-609.3,-2.7855,26.289,91.628
1611,BITB,Bitwise Bitcoin ETF,Bitwise,BITB,Bitwise Bitcoin ETF,BTC-USD,2025-09-09,60.57,4000.0,0.2,25.904,-500.9,-2.7006,24.023,91.018
1612,BITB,Bitwise Bitcoin ETF,Bitwise,BITB,Bitwise Bitcoin ETF,BTC-USD,2025-09-10,61.81,4000.0,0.2,25.904,-559.9,-2.7489,24.023,91.631
1613,BITB,Bitwise Bitcoin ETF,Bitwise,BITB,Bitwise Bitcoin ETF,BTC-USD,2025-09-11,62.3,4000.0,0.2,21.868,-706.9,-2.85,19.987,91.494
1614,BITB,Bitwise Bitcoin ETF,Bitwise,BITB,Bitwise Bitcoin ETF,BTC-USD,2025-09-12,63.6,4000.0,0.2,21.868,-1067.8,-3.0289,19.987,88.398
1615,BITB,Bitwise Bitcoin ETF,Bitwise,BITB,Bitwise Bitcoin ETF,BTC-USD,2025-09-15,62.73,4000.0,0.2,21.808,-502.3,-2.7018,19.987,84.692
1616,BITB,Bitwise Bitcoin ETF,Bitwise,BITB,Bitwise Bitcoin ETF,BTC-USD,2025-09-16,63.57,4000.0,0.2,19.381,-607.3,-2.7841,17.5,84.07
1617,BITB,Bitwise Bitcoin ETF,Bitwise,BITB,Bitwise Bitcoin ETF,BTC-USD,2025-09-17,62.91,4000.0,0.2,24.588,-655.9,-2.8175,22.707,86.884
1618,BITB,Bitwise Bitcoin ETF,Bitwise,BITB,Bitwise Bitcoin ETF,BTC-USD,2025-09-18,63.94,4000.0,0.2,24.528,-1079.1,-3.0335,22.707,86.491
1619,BITB,Bitwise Bitcoin ETF,Bitwise,BITB,Bitwise Bitcoin ETF,BTC-USD,2025-09-19,62.61,4000.0,0.2,21.472,-601.9,-2.7802,19.591,87.434
1620,BITB,Bitwise Bitcoin ETF,Bitwise,BITB,Bitwise Bitcoin ETF,BTC-USD,2025-09-22,61.0,4000.0,0.2,16.495,-605.1,-2.7825,14.614,86.424
1621,BITB,Bitwise Bitcoin ETF,Bitwise,BITB,Bitwise Bitcoin ETF,BTC-USD,2025-09-23,60.72,4000.0,0.2,16.443,-426.9,-2.6313,14.622,80.041
1622,BITB,Bitwise Bitcoin ETF,Bitwise,BITB,Bitwise Bitcoin ETF,BTC-USD,2025-09-24,61.71,4000.0,0.2,16.443,-535.6,-2.7296,14.622,77.837
1623,BITB,Bitwise Bitcoin ETF,Bitwise,BITB,Bitwise Bitcoin ETF,BTC-USD,2025-09-25,59.46,4000.0,0.2,16.503,-788.3,-2.8972,14.622,80.549
1624,BITB,Bitwise Bitcoin ETF,Bitwise,BITB,Bitwise Bitcoin ETF,BTC-USD,2025-09-26,59.37,4000.0,0.2,20.751,-582.6,-2.7661,18.871,81.191
1625,BITB,Bitwise Bitcoin ETF,Bitwise,BITB,Bitwise Bitcoin ETF,BTC-USD,2025-09-29,62.24,4000.0,0.2,20.839,-856.2,-2.9331,18.871,84.723
1626,BITB,Bitwise Bitcoin ETF,Bitwise,BITB,Bitwise Bitcoin ETF,BTC-USD,2025-09-30,62.22,4000.0,0.2,25.593,-793.9,-2.9003,23.713,83.272
1627,BITB,Bitwise Bitcoin ETF,Bitwise,BITB,Bitwise Bitcoin ETF,BTC-USD,2025-10-01,63.92,4000.0,0.2,25.593,-589.2,-2.771,23.713,83.585
1628,BITB,Bitwise Bitcoin ETF,Bitwise,BITB,Bitwise Bitcoin ETF,BTC-USD,2025-10-02,65.8,4000.0,0.2,25.681,207.1,2.3183,23.713,85.109
1629,BITB,Bitwise Bitcoin ETF,Bitwise,BITB,Bitwise Bitcoin ETF,BTC-USD,2025-10-03,66.82,4000.0,0.2,25.533,-1173.7,-3.0699,23.713,87.607
1630,BITB,Bitwise Bitcoin ETF,Bitwise,BITB,Bitwise Bitcoin ETF,BTC-USD,2025-10-06,68.27,4000.0,0.2,25.533,-886.8,-2.9483,23.713,88.297
1631,BITB,Bitwise Bitcoin ETF,Bitwise,BITB,Bitwise Bitcoin ETF,BTC-USD,2025-10-07,66.14,4000.0,0.2,23.607,-1197.8,-3.0787,21.786,93.245
1632,BITB,Bitwise Bitcoin ETF,Bitwise,BITB,Bitwise Bitcoin ETF,BTC-USD,2025-10-08,67.12,4000.0,0.2,27.197,-806.1,-2.9069,25.377,94.756
1633,BITB,Bitwise Bitcoin ETF,Bitwise,BITB,Bitwise Bitcoin ETF,BTC-USD,2025-10-09,65.83,4000.0,0.2,27.354,-745.4,-2.873,25.554,96.683
1634,BITB,Bitwise Bitcoin ETF,Bitwise,BITB,Bitwise Bitcoin ETF,BTC-USD,2025-10-10,63.4,4000.0,0.2,27.46,-1283.3,-3.1087,25.66,105.345
1635,BITB,Bitwise Bitcoin ETF,Bitwise,BITB,Bitwise Bitcoin ETF,BTC-USD,2025-10-13,63.05,4000.0,0.2,27.352,-662.3,-2.8217,25.66,110.391
1636,BITB,Bitwise Bitcoin ETF,Bitwise,BITB,Bitwise Bitcoin ETF,BTC-USD,2025-10-14,61.25,4000.0,0.2,27.311,-419.8,-2.6241,25.66,116.325
1637,BITB,Bitwise Bitcoin ETF,Bitwise,BITB,Bitwise Bitcoin ETF,BTC-USD,2025-10-15,60.52,4000.0,0.2,33.126,-561.2,-2.7499,31.657,118.45
1638,BITB,Bitwise Bitcoin ETF,Bitwise,BITB,Bitwise Bitcoin ETF,BTC-USD,2025-10-16,58.86,4000.0,0.2,27.919,-426.0,-2.6304,26.45,124.332
1639,BITB,Bitwise Bitcoin ETF,Bitwise,BITB,Bitwise Bitcoin ETF,BTC-USD,2025-10-17,57.88,4000.0,0.2,27.899,-428.9,-2.6333,26.45,130.579
1640,BITB,Bitwise Bitcoin ETF,Bitwise,BITB,Bitwise Bitcoin ETF,BTC-USD,2025-10-20,60.29,4000.0,0.2,27.899,-565.0,-2.7528,26.45,132.075
1641,BITB,Bitwise Bitcoin ETF,Bitwise,BITB,Bitwise Bitcoin ETF,BTC-USD,2025-10-21,60.84,4000.0,0.2,30.99,-1366.8,-3.136,29.544,139.31
1642,BITB,Bitwise Bitcoin ETF,Bitwise,BITB,Bitwise Bitcoin ETF,BTC-USD,2025-10-22,58.6,4000.0,0.2,27.08,-362.3,-2.5602,25.631,144.654
1643,BITB,Bitwise Bitcoin ETF,Bitwise,BITB,Bitwise Bitcoin ETF,BTC-USD,2025-10-23,59.94,4000.0,0.2,27.08,-448.0,-2.6523,25.631,147.791
1644,BITB,Bitwise Bitcoin ETF,Bitwise,BITB,Bitwise Bitcoin ETF,BTC-USD,2025-10-24,60.16,4000.0,0.2,31.603,-138.9,-2.1459,30.156,145.241
1645,BITB,Bitwise Bitcoin ETF,Bitwise,BITB,Bitwise Bitcoin ETF,BTC-USD,2025-10-27,62.52,4000.0,0.2,27.356,-599.3,-2.7784,25.908,145.205
1646,BITB,Bitwise Bitcoin ETF,Bitwise,BITB,Bitwise Bitcoin ETF,BTC-USD,2025-10-28,61.81,4000.0,0.2,30.287,-309.2,-2.4917,28.84,143.989
1647,BITB,Bitwise Bitcoin ETF,Bitwise,BITB,Bitwise Bitcoin ETF,BTC-USD,2025-10-29,60.12,4000.0,0.2,25.445,-459.1,-2.6629,23.998,153.773
1648,BITB,Bitwise Bitcoin ETF,Bitwise,BITB,Bitwise Bitcoin ETF,BTC-USD,2025-10-30,57.83,4000.0,0.2,25.445,113.1,2.0574,23.998,159.085
1649,BITB,Bitwise Bitcoin ETF,Bitwise,BITB,Bitwise Bitcoin ETF,BTC-USD,2025-10-31,59.67,4000.0,0.2,25.445,-298.6,-2.4765,23.998,161.161
1650,BITB,Bitwise Bitcoin ETF,Bitwise,BITB,Bitwise Bitcoin ETF,BTC-USD,2025-11-03,57.98,4000.0,0.2,25.447,-397.6,-2.6006,23.998,162.04
1651,BITB,Bitwise Bitcoin ETF,Bitwise,BITB,Bitwise Bitcoin ETF,BTC-USD,2025-11-04,54.77,4000.0,0.2,25.447,-392.2,-2.5946,23.998,168.238
1652,BITB,Bitwise Bitcoin ETF,Bitwise,BITB,Bitwise Bitcoin ETF,BTC-USD,2025-11-05,56.48,4000.0,0.2,31.377,-360.0,-2.5575,29.929,166.785
1653,BITB,Bitwise Bitcoin ETF,Bitwise,BITB,Bitwise Bitcoin ETF,BTC-USD,2025-11-06,54.85,4000.0,0.2,25.214,-340.4,-2.5333,23.745,169.702
1654,BITB,Bitwise Bitcoin ETF,Bitwise,BITB,Bitwise Bitcoin ETF,BTC-USD,2025-11-07,56.39,4000.0,0.2,33.273,-94.1,-1.9784,31.528,170.428
1655,BITB,Bitwise Bitcoin ETF,Bitwise,BITB,Bitwise Bitcoin ETF,BTC-USD,2025-11-10,57.63,4000.0,0.2,32.199,-297.2,-2.4745,30.439,162.884
1656,BITB,Bitwise Bitcoin ETF,Bitwise,BITB,Bitwise Bitcoin ETF,BTC-USD,2025-11-11,55.88,4000.0,0.2,32.238,121.0,2.0864,30.439,158.636
1657,BITB,Bitwise Bitcoin ETF,Bitwise,BITB,Bitwise Bitcoin ETF,BTC-USD,2025-11-12,55.2,4000.0,0.2,37.48,-75.0,-1.8811,35.682,157.268
1658,BITB,Bitwise Bitcoin ETF,Bitwise,BITB,Bitwise Bitcoin ETF,BTC-USD,2025-11-13,53.25,4000.0,0.2,31.483,206.7,2.3174,29.684,163.842
1659,BITB,Bitwise Bitcoin ETF,Bitwise,BITB,Bitwise Bitcoin ETF,BTC-USD,2025-11-14,51.24,4000.0,0.2,31.613,179.6,2.2568,29.684,160.2
1660,BITB,Bitwise Bitcoin ETF,Bitwise,BITB,Bitwise Bitcoin ETF,BTC-USD,2025-11-17,49.92,4000.0,0.2,31.613,164.4,2.2186,29.684,165.708
1661,BITB,Bitwise Bitcoin ETF,Bitwise,BITB,Bitwise Bitcoin ETF,BTC-USD,2025-11-18,50.44,4000.0,0.2,38.751,222.1,2.3486,36.952,167.529
1662,BITB,Bitwise Bitcoin ETF,Bitwise,BITB,Bitwise Bitcoin ETF,BTC-USD,2025-11-19,48.62,4000.0,0.2,35.657,461.1,2.6647,33.858,169.003
1663,BITB,Bitwise Bitcoin ETF,Bitwise,BITB,Bitwise Bitcoin ETF,BTC-USD,2025-11-20,46.91,4000.0,0.2,41.73,292.2,2.4672,39.931,171.1
1664,BITB,Bitwise Bitcoin ETF,Bitwise,BITB,Bitwise Bitcoin ETF,BTC-USD,2025-11-21,45.95,4000.0,0.2,41.691,643.8,2.8094,39.931,181.766
1665,BITB,Bitwise Bitcoin ETF,Bitwise,BITB,Bitwise Bitcoin ETF,BTC-USD,2025-11-24,48.45,4000.0,0.2,37.205,243.4,2.388,35.406,184.451
1666,BITB,Bitwise Bitcoin ETF,Bitwise,BITB,Bitwise Bitcoin ETF,BTC-USD,2025-11-25,47.48,4000.0,0.2,43.291,71.9,1.8628,41.531,190.345
1667,BITB,Bitwise Bitcoin ETF,Bitwise,BITB,Bitwise Bitcoin ETF,BTC-USD,2025-11-26,48.86,4000.0,0.2,40.397,277.4,2.4446,38.598,189.941
1668,BITB,Bitwise Bitcoin ETF,Bitwise,BITB,Bitwise Bitcoin ETF,BTC-USD,2025-11-28,49.32,4000.0,0.2,40.397,270.9,2.4344,38.598,180.163
1669,BITB,Bitwise Bitcoin ETF,Bitwise,BITB,Bitwise Bitcoin ETF,BTC-USD,2025-12-01,46.47,4000.0,0.2,40.46,118.3,2.0765,38.598,178.093
1670,BITB,Bitwise Bitcoin ETF,Bitwise,BITB,Bitwise Bitcoin ETF,BTC-USD,2025-12-02,49.5,4000.0,0.2,40.46,376.2,2.5766,38.598,178.672
1671,BITB,Bitwise Bitcoin ETF,Bitwise,BITB,Bitwise Bitcoin ETF,BTC-USD,2025-12-03,50.52,4000.0,0.2,40.46,308.5,2.4907,38.598,176.652
1672,BITB,Bitwise Bitcoin ETF,Bitwise,BITB,Bitwise Bitcoin ETF,BTC-USD,2025-12-04,50.3,4000.0,0.2,43.112,29.1,1.4783,41.313,169.736
1673,BITB,Bitwise Bitcoin ETF,Bitwise,BITB,Bitwise Bitcoin ETF,BTC-USD,2025-12-05,48.55,4000.0,0.2,37.182,138.0,2.1429,35.383,168.225
1674,BITB,Bitwise Bitcoin ETF,Bitwise,BITB,Bitwise Bitcoin ETF,BTC-USD,2025-12-08,49.37,4000.0,0.2,41.822,-40.1,-1.614,39.96,164.455
1675,BITB,Bitwise Bitcoin ETF,Bitwise,BITB,Bitwise Bitcoin ETF,BTC-USD,2025-12-09,50.6,4000.0,0.2,34.905,67.9,1.8382,32.99,161.754
1676,BITB,Bitwise Bitcoin ETF,Bitwise,BITB,Bitwise Bitcoin ETF,BTC-USD,2025-12-10,50.29,4000.0,0.2,45.317,155.5,2.1946,43.455,162.476
1677,BITB,Bitwise Bitcoin ETF,Bitwise,BITB,Bitwise Bitcoin ETF,BTC-USD,2025-12-11,49.89,4000.0,0.2,45.033,467.7,2.6709,43.455,166.148
1678,BITB,Bitwise Bitcoin ETF,Bitwise,BITB,Bitwise Bitcoin ETF,BTC-USD,2025-12-12,49.04,4000.0,0.2,48.875,0.2,0.0637,47.297,163.435
1679,BITB,Bitwise Bitcoin ETF,Bitwise,BITB,Bitwise Bitcoin ETF,BTC-USD,2025-12-15,46.61,4000.0,0.2,49.159,719.0,2.8573,47.297,158.835
1680,BITB,Bitwise Bitcoin ETF,Bitwise,BITB,Bitwise Bitcoin ETF,BTC-USD,2025-12-16,47.59,4000.0,0.2,51.008,225.6,2.3554,49.43,160.234
1681,BITB,Bitwise Bitcoin ETF,Bitwise,BITB,Bitwise Bitcoin ETF,BTC-USD,2025-12-17,46.63,4000.0,0.2,53.225,42.5,1.639,51.434,149.213
1682,BITB,Bitwise Bitcoin ETF,Bitwise,BITB,Bitwise Bitcoin ETF,BTC-USD,2025-12-18,45.93,4000.0,0.2,60.554,334.6,2.5259,58.763,150.602
1683,BITB,Bitwise Bitcoin ETF,Bitwise,BITB,Bitwise Bitcoin ETF,BTC-USD,2025-12-19,47.8,4000.0,0.2,67.741,-225.2,-2.3546,65.879,145.878
1684,BITB,Bitwise Bitcoin ETF,Bitwise,BITB,Bitwise Bitcoin ETF,BTC-USD,2025-12-22,47.97,4000.0,0.2,62.086,171.8,2.2374,60.294,142.725
1685,BITB,Bitwise Bitcoin ETF,Bitwise,BITB,Bitwise Bitcoin ETF,BTC-USD,2025-12-23,47.61,4000.0,0.2,62.086,284.8,2.4561,60.294,133.527
1686,BITB,Bitwise Bitcoin ETF,Bitwise,BITB,Bitwise Bitcoin ETF,BTC-USD,2025-12-24,47.4,4000.0,0.2,64.531,434.1,2.6386,63.031,128.555
1687,BITB,Bitwise Bitcoin ETF,Bitwise,BITB,Bitwise Bitcoin ETF,BTC-USD,2025-12-26,47.54,4000.0,0.2,59.344,151.4,2.1829,57.844,123.903
1688,BITB,Bitwise Bitcoin ETF,Bitwise,BITB,Bitwise Bitcoin ETF,BTC-USD,2025-12-29,47.31,4000.0,0.2,62.463,358.1,2.5552,61.268,122.323
1689,BITB,Bitwise Bitcoin ETF,Bitwise,BITB,Bitwise Bitcoin ETF,BTC-USD,2025-12-30,47.73,4000.0,0.2,62.319,266.9,2.428,61.268,125.306
1690,BITB,Bitwise Bitcoin ETF,Bitwise,BITB,Bitwise Bitcoin ETF,BTC-USD,2025-12-31,47.56,4000.0,0.2,63.801,443.5,2.6479,62.81,122.795
1691,BITB,Bitwise Bitcoin ETF,Bitwise,BITB,Bitwise Bitcoin ETF,BTC-USD,2026-01-02,48.8,4000.0,0.2,63.801,259.0,2.4149,62.81,126.227
1692,BITB,Bitwise Bitcoin ETF,Bitwise,BITB,Bitwise Bitcoin ETF,BTC-USD,2026-01-05,51.21,4000.0,0.2,63.801,113.0,2.0568,62.81,133.447
1693,BITB,Bitwise Bitcoin ETF,Bitwise,BITB,Bitwise Bitcoin ETF,BTC-USD,2026-01-06,50.25,4000.0,0.2,66.013,493.7,2.6943,64.969,136.758
1694,BITB,Bitwise Bitcoin ETF,Bitwise,BITB,Bitwise Bitcoin ETF,BTC-USD,2026-01-07,49.41,4000.0,0.2,65.98,482.5,2.6844,64.969,139.277
1695,BITB,Bitwise Bitcoin ETF,Bitwise,BITB,Bitwise Bitcoin ETF,BTC-USD,2026-01-08,49.35,4000.0,0.2,61.382,78.2,1.8985,60.392,139.437
1696,BITB,Bitwise Bitcoin ETF,Bitwise,BITB,Bitwise Bitcoin ETF,BTC-USD,2026-01-09,49.0,4000.0,0.2,64.705,707.1,2.8501,63.916,140.18
1697,BITB,Bitwise Bitcoin ETF,Bitwise,BITB,Bitwise Bitcoin ETF,BTC-USD,2026-01-12,49.69,4000.0,0.2,61.909,561.4,2.75,61.033,142.413
1698,BITB,Bitwise Bitcoin ETF,Bitwise,BITB,Bitwise Bitcoin ETF,BTC-USD,2026-01-13,51.34,4000.0,0.2,62.024,522.0,2.7185,61.033,141.388
1699,BITB,Bitwise Bitcoin ETF,Bitwise,BITB,Bitwise Bitcoin ETF,BTC-USD,2026-01-14,53.08,4000.0,0.2,52.939,558.2,2.7475,51.948,143.693
1700,BITB,Bitwise Bitcoin ETF,Bitwise,BITB,Bitwise Bitcoin ETF,BTC-USD,2026-01-15,51.72,4000.0,0.2,57.267,652.9,2.8155,56.276,142.988
1701,BITB,Bitwise Bitcoin ETF,Bitwise,BITB,Bitwise Bitcoin ETF,BTC-USD,2026-01-16,51.9,4000.0,0.2,55.019,483.7,2.6855,54.144,140.754
1702,BITB,Bitwise Bitcoin ETF,Bitwise,BITB,Bitwise Bitcoin ETF,BTC-USD,2026-01-20,48.63,4000.0,0.2,53.015,149.9,2.1787,52.14,142.814
1703,BITB,Bitwise Bitcoin ETF,Bitwise,BITB,Bitwise Bitcoin ETF,BTC-USD,2026-01-21,48.95,4000.0,0.2,38.419,332.3,2.5229,37.544,141.51
1704,BITB,Bitwise Bitcoin ETF,Bitwise,BITB,Bitwise Bitcoin ETF,BTC-USD,2026-01-22,48.55,4000.0,0.2,35.375,539.9,2.7331,34.499,139.117
1705,BITB,Bitwise Bitcoin ETF,Bitwise,BITB,Bitwise Bitcoin ETF,BTC-USD,2026-01-23,48.59,4000.0,0.2,39.21,696.1,2.8433,38.335,137.147
1706,BITB,Bitwise Bitcoin ETF,Bitwise,BITB,Bitwise Bitcoin ETF,BTC-USD,2026-01-26,47.55,4000.0,0.2,39.318,574.6,2.7601,38.335,135.402
1707,BITB,Bitwise Bitcoin ETF,Bitwise,BITB,Bitwise Bitcoin ETF,BTC-USD,2026-01-27,48.51,4000.0,0.2,42.612,528.8,2.7241,41.629,139.154
1708,BITB,Bitwise Bitcoin ETF,Bitwise,BITB,Bitwise Bitcoin ETF,BTC-USD,2026-01-28,48.38,4000.0,0.2,41.675,504.6,2.7038,40.692,139.837
1709,BITB,Bitwise Bitcoin ETF,Bitwise,BITB,Bitwise Bitcoin ETF,BTC-USD,2026-01-29,45.67,4000.0,0.2,38.279,485.5,2.6871,37.268,148.177
1710,BITB,Bitwise Bitcoin ETF,Bitwise,BITB,Bitwise Bitcoin ETF,BTC-USD,2026-01-30,45.51,4000.0,0.2,38.279,721.4,2.8588,37.268,151.392
1711,BITB,Bitwise Bitcoin ETF,Bitwise,BITB,Bitwise Bitcoin ETF,BTC-USD,2026-02-02,42.34,4000.0,0.2,36.769,545.5,2.7376,35.725,160.346
1712,BITB,Bitwise Bitcoin ETF,Bitwise,BITB,Bitwise Bitcoin ETF,BTC-USD,2026-02-03,41.47,4000.0,0.2,36.736,211.2,2.3268,35.725,169.625
1713,BITB,Bitwise Bitcoin ETF,Bitwise,BITB,Bitwise Bitcoin ETF,BTC-USD,2026-02-04,39.84,4000.0,0.2,40.374,272.3,2.4367,39.363,165.89
1714,BITB,Bitwise Bitcoin ETF,Bitwise,BITB,Bitwise Bitcoin ETF,BTC-USD,2026-02-05,34.56,4000.0,0.2,35.5,311.7,2.4951,34.489,176.653
1715,BITB,Bitwise Bitcoin ETF,Bitwise,BITB,Bitwise Bitcoin ETF,BTC-USD,2026-02-06,38.04,4000.0,0.2,41.81,645.8,2.8108,40.191,176.616
1716,BITB,Bitwise Bitcoin ETF,Bitwise,BITB,Bitwise Bitcoin ETF,BTC-USD,2026-02-09,38.44,4000.0,0.2,54.01,243.5,2.3882,52.39,180.36
1717,BITB,Bitwise Bitcoin ETF,Bitwise,BITB,Bitwise Bitcoin ETF,BTC-USD,2026-02-10,37.35,4000.0,0.2,52.462,599.4,2.7784,50.417,181.345
1718,BITB,Bitwise Bitcoin ETF,Bitwise,BITB,Bitwise Bitcoin ETF,BTC-USD,2026-02-11,36.69,4000.0,0.2,44.879,354.5,2.5508,42.835,178.915
1719,BITB,Bitwise Bitcoin ETF,Bitwise,BITB,Bitwise Bitcoin ETF,BTC-USD,2026-02-12,35.5,4000.0,0.2,59.829,886.6,2.9482,57.785,178.477
1720,BITB,Bitwise Bitcoin ETF,Bitwise,BITB,Bitwise Bitcoin ETF,BTC-USD,2026-02-13,37.35,4000.0,0.2,59.829,519.3,2.7162,57.785,177.127
1721,BITB,Bitwise Bitcoin ETF,Bitwise,BITB,Bitwise Bitcoin ETF,BTC-USD,2026-02-17,36.79,4000.0,0.2,58.932,407.4,2.611,57.292,176.36
1722,BITB,Bitwise Bitcoin ETF,Bitwise,BITB,Bitwise Bitcoin ETF,BTC-USD,2026-02-18,35.96,4000.0,0.2,67.791,616.7,2.7908,65.71,173.563
1723,BITB,Bitwise Bitcoin ETF,Bitwise,BITB,Bitwise Bitcoin ETF,BTC-USD,2026-02-19,36.45,4000.0,0.2,71.597,458.6,2.6623,69.957,170.262
1724,BITB,Bitwise Bitcoin ETF,Bitwise,BITB,Bitwise Bitcoin ETF,BTC-USD,2026-02-20,36.79,4000.0,0.2,71.597,553.4,2.7438,69.957,171.667
1725,BITB,Bitwise Bitcoin ETF,Bitwise,BITB,Bitwise Bitcoin ETF,BTC-USD,2026-02-23,35.01,4000.0,0.2,67.966,492.5,2.6933,65.885,174.356
1726,BITB,Bitwise Bitcoin ETF,Bitwise,BITB,Bitwise Bitcoin ETF,BTC-USD,2026-02-24,35.01,4000.0,0.2,63.779,425.2,2.6296,61.561,173.851
1727,BITB,Bitwise Bitcoin ETF,Bitwise,BITB,Bitwise Bitcoin ETF,BTC-USD,2026-02-25,37.59,4000.0,0.2,63.792,186.4,2.2729,61.561,175.459
1728,BITB,Bitwise Bitcoin ETF,Bitwise,BITB,Bitwise Bitcoin ETF,BTC-USD,2026-02-26,36.65,4000.0,0.2,65.235,333.6,2.5245,63.004,177.692
1729,BITB,Bitwise Bitcoin ETF,Bitwise,BITB,Bitwise Bitcoin ETF,BTC-USD,2026-02-27,35.63,4000.0,0.2,65.315,712.0,2.8531,63.004,176.408
1730,BITB,Bitwise Bitcoin ETF,Bitwise,BITB,Bitwise Bitcoin ETF,BTC-USD,2026-03-02,37.56,4000.0,0.2,65.235,243.2,2.3877,63.004,177.189
1731,BITB,Bitwise Bitcoin ETF,Bitwise,BITB,Bitwise Bitcoin ETF,BTC-USD,2026-03-03,37.06,4000.0,0.2,79.284,381.9,2.5831,77.053,179.353
1732,BITB,Bitwise Bitcoin ETF,Bitwise,BITB,Bitwise Bitcoin ETF,BTC-USD,2026-03-04,39.72,4000.0,0.2,79.284,215.5,2.3354,77.053,176.799
1733,BITB,Bitwise Bitcoin ETF,Bitwise,BITB,Bitwise Bitcoin ETF,BTC-USD,2026-03-05,38.7,4000.0,0.2,80.688,406.0,2.6096,78.457,166.984
1734,BITB,Bitwise Bitcoin ETF,Bitwise,BITB,Bitwise Bitcoin ETF,BTC-USD,2026-03-06,36.98,4000.0,0.2,77.294,288.5,2.4617,74.82,163.828
1735,BITB,Bitwise Bitcoin ETF,Bitwise,BITB,Bitwise Bitcoin ETF,BTC-USD,2026-03-09,37.5,4000.0,0.2,77.824,426.1,2.6306,75.743,153.66
1736,BITB,Bitwise Bitcoin ETF,Bitwise,BITB,Bitwise Bitcoin ETF,BTC-USD,2026-03-10,38.05,4000.0,0.2,72.069,409.9,2.6138,70.042,154.415
1737,BITB,Bitwise Bitcoin ETF,Bitwise,BITB,Bitwise Bitcoin ETF,BTC-USD,2026-03-11,38.37,4000.0,0.2,67.76,276.7,2.4436,65.733,152.386
1738,BITB,Bitwise Bitcoin ETF,Bitwise,BITB,Bitwise Bitcoin ETF,BTC-USD,2026-03-12,38.27,4000.0,0.2,66.491,404.2,2.6077,64.851,151.365
1739,BITB,Bitwise Bitcoin ETF,Bitwise,BITB,Bitwise Bitcoin ETF,BTC-USD,2026-03-13,38.67,4000.0,0.2,66.394,229.2,2.3621,64.851,157.153
1740,BITB,Bitwise Bitcoin ETF,Bitwise,BITB,Bitwise Bitcoin ETF,BTC-USD,2026-03-16,40.18,4000.0,0.2,51.444,804.4,2.906,49.902,158.952
1741,BITB,Bitwise Bitcoin ETF,Bitwise,BITB,Bitwise Bitcoin ETF,BTC-USD,2026-03-17,40.51,4000.0,0.2,55.353,229.7,2.3631,53.865,159.365
1742,BITB,Bitwise Bitcoin ETF,Bitwise,BITB,Bitwise Bitcoin ETF,BTC-USD,2026-03-18,38.58,4000.0,0.2,51.573,537.9,2.7315,50.03,158.699
1743,BITB,Bitwise Bitcoin ETF,Bitwise,BITB,Bitwise Bitcoin ETF,BTC-USD,2026-03-19,38.16,4000.0,0.2,43.099,249.2,2.3983,41.612,159.247
1744,BITB,Bitwise Bitcoin ETF,Bitwise,BITB,Bitwise Bitcoin ETF,BTC-USD,2026-03-20,38.13,4000.0,0.2,44.302,645.4,2.8105,43.108,159.585
1745,BITB,Bitwise Bitcoin ETF,Bitwise,BITB,Bitwise Bitcoin ETF,BTC-USD,2026-03-23,38.38,4000.0,0.2,44.302,439.5,2.6439,43.108,154.448
1746,BITB,Bitwise Bitcoin ETF,Bitwise,BITB,Bitwise Bitcoin ETF,BTC-USD,2026-03-24,37.65,4000.0,0.2,44.302,691.6,2.8405,43.108,151.898
1747,BITB,Bitwise Bitcoin ETF,Bitwise,BITB,Bitwise Bitcoin ETF,BTC-USD,2026-03-25,38.47,4000.0,0.2,44.302,508.3,2.7069,43.108,151.117
1748,BITB,Bitwise Bitcoin ETF,Bitwise,BITB,Bitwise Bitcoin ETF,BTC-USD,2026-03-26,37.21,4000.0,0.2,44.302,584.7,2.7677,43.108,148.712
1749,BITB,Bitwise Bitcoin ETF,Bitwise,BITB,Bitwise Bitcoin ETF,BTC-USD,2026-03-27,35.84,4000.0,0.2,36.828,635.4,2.8037,35.634,144.591
1750,BITB,Bitwise Bitcoin ETF,Bitwise,BITB,Bitwise Bitcoin ETF,BTC-USD,2026-03-30,36.11,4000.0,0.2,36.689,442.8,2.6471,35.634,144.814
1751,BITB,Bitwise Bitcoin ETF,Bitwise,BITB,Bitwise Bitcoin ETF,BTC-USD,2026-03-31,36.81,4000.0,0.2,44.452,639.5,2.8065,43.397,137.61
1752,BITB,Bitwise Bitcoin ETF,Bitwise,BITB,Bitwise Bitcoin ETF,BTC-USD,2026-04-01,37.01,4000.0,0.2,30.403,539.0,2.7324,29.348,128.53
1753,BITB,Bitwise Bitcoin ETF,Bitwise,BITB,Bitwise Bitcoin ETF,BTC-USD,2026-04-02,36.39,4000.0,0.2,30.403,336.8,2.5287,29.348,119.58
1754,BITB,Bitwise Bitcoin ETF,Bitwise,BITB,Bitwise Bitcoin ETF,BTC-USD,2026-04-06,37.87,4000.0,0.2,28.999,358.2,2.5554,27.944,112.603
1755,BITB,Bitwise Bitcoin ETF,Bitwise,BITB,Bitwise Bitcoin ETF,BTC-USD,2026-04-07,37.47,4000.0,0.2,28.999,1437.2,3.1578,27.944,110.283
1756,BITB,Bitwise Bitcoin ETF,Bitwise,BITB,Bitwise Bitcoin ETF,BTC-USD,2026-04-08,38.74,4000.0,0.2,28.66,595.8,2.7758,27.02,104.274
1757,BITB,Bitwise Bitcoin ETF,Bitwise,BITB,Bitwise Bitcoin ETF,BTC-USD,2026-04-09,39.18,4000.0,0.2,40.577,431.2,2.6357,38.905,98.835
1758,BITB,Bitwise Bitcoin ETF,Bitwise,BITB,Bitwise Bitcoin ETF,BTC-USD,2026-04-10,39.82,4000.0,0.2,32.776,410.9,2.6148,31.014,95.727
1759,BITB,Bitwise Bitcoin ETF,Bitwise,BITB,Bitwise Bitcoin ETF,BTC-USD,2026-04-13,39.85,4000.0,0.2,36.911,646.6,2.8113,35.149,93.179
1760,BITB,Bitwise Bitcoin ETF,Bitwise,BITB,Bitwise Bitcoin ETF,BTC-USD,2026-04-14,40.35,4000.0,0.2,36.911,858.5,2.9342,35.149,87.119
1761,BITB,Bitwise Bitcoin ETF,Bitwise,BITB,Bitwise Bitcoin ETF,BTC-USD,2026-04-15,40.76,4000.0,0.2,41.674,384.9,2.5864,39.911,81.87
1762,BITB,Bitwise Bitcoin ETF,Bitwise,BITB,Bitwise Bitcoin ETF,BTC-USD,2026-04-16,40.94,4000.0,0.2,46.139,136.4,2.1378,44.377,78.368
1763,BITB,Bitwise Bitcoin ETF,Bitwise,BITB,Bitwise Bitcoin ETF,BTC-USD,2026-04-17,42.09,4000.0,0.2,46.049,191.6,2.2847,44.377,82.231
1764,BITB,Bitwise Bitcoin ETF,Bitwise,BITB,Bitwise Bitcoin ETF,BTC-USD,2026-04-20,41.46,4000.0,0.2,46.139,49.8,1.7055,44.377,80.131
1765,BITB,Bitwise Bitcoin ETF,Bitwise,BITB,Bitwise Bitcoin ETF,BTC-USD,2026-04-21,40.76,4000.0,0.2,50.349,454.8,2.6588,48.559,78.58
1766,BITB,Bitwise Bitcoin ETF,Bitwise,BITB,Bitwise Bitcoin ETF,BTC-USD,2026-04-22,42.84,4000.0,0.2,50.783,47.5,1.6855,48.559,77.94
1767,BITB,Bitwise Bitcoin ETF,Bitwise,BITB,Bitwise Bitcoin ETF,BTC-USD,2026-04-23,42.23,4000.0,0.2,50.36,869.2,2.9396,48.559,77.62
1768,BITB,Bitwise Bitcoin ETF,Bitwise,BITB,Bitwise Bitcoin ETF,BTC-USD,2026-04-24,42.18,4000.0,0.2,54.034,75.8,1.8854,52.244,77.935
1769,BITB,Bitwise Bitcoin ETF,Bitwise,BITB,Bitwise Bitcoin ETF,BTC-USD,2026-04-27,41.75,4000.0,0.2,56.696,325.1,2.5133,54.934,76.911
1770,BITB,Bitwise Bitcoin ETF,Bitwise,BITB,Bitwise Bitcoin ETF,BTC-USD,2026-04-28,41.45,4000.0,0.2,56.696,141.8,2.1547,54.934,74.404
1771,BITB,Bitwise Bitcoin ETF,Bitwise,BITB,Bitwise Bitcoin ETF,BTC-USD,2026-04-29,40.98,4000.0,0.2,58.858,510.2,2.7086,57.069,73.065
1772,BITB,Bitwise Bitcoin ETF,Bitwise,BITB,Bitwise Bitcoin ETF,BTC-USD,2026-04-30,41.48,4000.0,0.2,52.43,351.7,2.5474,50.629,69.795
1773,BITB,Bitwise Bitcoin ETF,Bitwise,BITB,Bitwise Bitcoin ETF,BTC-USD,2026-05-01,42.59,4000.0,0.2,52.441,186.0,2.2719,50.629,70.518
1774,BITB,Bitwise Bitcoin ETF,Bitwise,BITB,Bitwise Bitcoin ETF,BTC-USD,2026-05-04,43.48,4000.0,0.2,52.441,-328.0,-2.5171,50.629,70.153
1775,BITB,Bitwise Bitcoin ETF,Bitwise,BITB,Bitwise Bitcoin ETF,BTC-USD,2026-05-05,44.32,4000.0,0.2,52.441,-28.9,-1.4751,50.629,69.258
1776,BITB,Bitwise Bitcoin ETF,Bitwise,BITB,Bitwise Bitcoin ETF,BTC-USD,2026-05-06,44.22,4000.0,0.2,53.82,72.3,1.8651,52.009,68.291
1777,BITB,Bitwise Bitcoin ETF,Bitwise,BITB,Bitwise Bitcoin ETF,BTC-USD,2026-05-07,43.52,4000.0,0.2,53.82,-200.6,-2.3046,52.009,68.011
1778,BITB,Bitwise Bitcoin ETF,Bitwise,BITB,Bitwise Bitcoin ETF,BTC-USD,2026-05-08,43.54,4000.0,0.2,45.457,26.9,1.445,43.645,66.19
1779,BITB,Bitwise Bitcoin ETF,Bitwise,BITB,Bitwise Bitcoin ETF,BTC-USD,2026-05-11,44.51,4000.0,0.2,45.457,-156.5,-2.1973,43.645,66.052
1780,BITB,Bitwise Bitcoin ETF,Bitwise,BITB,Bitwise Bitcoin ETF,BTC-USD,2026-05-12,43.87,4000.0,0.2,40.171,11.1,1.083,37.851,65.543
1781,BITB,Bitwise Bitcoin ETF,Bitwise,BITB,Bitwise Bitcoin ETF,BTC-USD,2026-05-13,43.22,4000.0,0.2,40.171,-15.0,-1.2048,37.851,63.947
1782,BITB,Bitwise Bitcoin ETF,Bitwise,BITB,Bitwise Bitcoin ETF,BTC-USD,2026-05-14,44.22,4000.0,0.2,35.617,-125.0,-2.1004,33.089,65.075
1783,BITB,Bitwise Bitcoin ETF,Bitwise,BITB,Bitwise Bitcoin ETF,BTC-USD,2026-05-15,42.95,4000.0,0.2,27.245,-13.5,-1.1607,24.659,65.059
1784,BITB,Bitwise Bitcoin ETF,Bitwise,BITB,Bitwise Bitcoin ETF,BTC-USD,2026-05-18,41.73,4000.0,0.2,27.395,-302.4,-2.482,24.659,60.311
1785,BITB,Bitwise Bitcoin ETF,Bitwise,BITB,Bitwise Bitcoin ETF,BTC-USD,2026-05-19,41.68,4000.0,0.2,32.13,-76.8,-1.8909,29.395,58.993
1786,BITB,Bitwise Bitcoin ETF,Bitwise,BITB,Bitwise Bitcoin ETF,BTC-USD,2026-05-20,42.15,4000.0,0.2,22.222,-186.1,-2.272,19.469,57.783
1787,BITB,Bitwise Bitcoin ETF,Bitwise,BITB,Bitwise Bitcoin ETF,BTC-USD,2026-05-21,42.14,4000.0,0.2,26.726,-128.2,-2.1114,24.14,56.248
1788,BITB,Bitwise Bitcoin ETF,Bitwise,BITB,Bitwise Bitcoin ETF,BTC-USD,2026-05-22,41.14,4000.0,0.2,26.893,-571.3,-2.7576,24.14,55.027
1789,BITB,Bitwise Bitcoin ETF,Bitwise,BITB,Bitwise Bitcoin ETF,BTC-USD,2026-05-26,41.21,4000.0,0.2,30.509,-227.9,-2.3596,27.756,56.493
1790,BITB,Bitwise Bitcoin ETF,Bitwise,BITB,Bitwise Bitcoin ETF,BTC-USD,2026-05-27,40.66,4000.0,0.2,27.919,-388.3,-2.5902,25.066,55.784
1791,BITB,Bitwise Bitcoin ETF,Bitwise,BITB,Bitwise Bitcoin ETF,BTC-USD,2026-05-28,39.82,4000.0,0.2,28.078,187.7,2.2757,25.066,57.404
1792,BITB,Bitwise Bitcoin ETF,Bitwise,BITB,Bitwise Bitcoin ETF,BTC-USD,2026-05-29,39.87,4000.0,0.2,31.222,-76.4,-1.8887,28.211,57.444
1793,BITB,Bitwise Bitcoin ETF,Bitwise,BITB,Bitwise Bitcoin ETF,BTC-USD,2026-06-01,38.81,4000.0,0.2,29.914,-134.7,-2.1327,26.888,59.316
1794,BITB,Bitwise Bitcoin ETF,Bitwise,BITB,Bitwise Bitcoin ETF,BTC-USD,2026-06-02,36.49,4000.0,0.2,29.914,61.6,1.7964,26.888,60.383
1795,BITB,Bitwise Bitcoin ETF,Bitwise,BITB,Bitwise Bitcoin ETF,BTC-USD,2026-06-03,35.49,4000.0,0.2,29.914,-261.5,-2.4191,26.888,60.636
1796,BITB,Bitwise Bitcoin ETF,Bitwise,BITB,Bitwise Bitcoin ETF,BTC-USD,2026-06-04,34.51,4000.0,0.2,29.741,394.4,2.5971,26.888,62.988
1797,BITB,Bitwise Bitcoin ETF,Bitwise,BITB,Bitwise Bitcoin ETF,BTC-USD,2026-06-05,32.74,4000.0,0.2,28.535,596.5,2.7764,25.508,68.283
1798,BITB,Bitwise Bitcoin ETF,Bitwise,BITB,Bitwise Bitcoin ETF,BTC-USD,2026-06-08,34.4,4000.0,0.2,28.553,433.6,2.638,25.508,68.462
1799,BITB,Bitwise Bitcoin ETF,Bitwise,BITB,Bitwise Bitcoin ETF,BTC-USD,2026-06-09,33.68,4000.0,0.2,25.032,332.9,2.5237,21.987,70.919
1800,BITB,Bitwise Bitcoin ETF,Bitwise,BITB,Bitwise Bitcoin ETF,BTC-USD,2026-06-10,33.61,4000.0,0.2,27.526,379.3,2.5801,24.5,71.208
1801,BITB,Bitwise Bitcoin ETF,Bitwise,BITB,Bitwise Bitcoin ETF,BTC-USD,2026-06-11,34.51,4000.0,0.2,27.545,516.9,2.7143,24.5,71.486
1802,BITB,Bitwise Bitcoin ETF,Bitwise,BITB,Bitwise Bitcoin ETF,BTC-USD,2026-06-12,34.52,4000.0,0.2,28.12,525.8,2.7216,25.075,71.511
1803,BITB,Bitwise Bitcoin ETF,Bitwise,BITB,Bitwise Bitcoin ETF,BTC-USD,2026-06-15,36.15,4000.0,0.2,28.281,105.6,2.028,25.075,69.948
1804,BITB,Bitwise Bitcoin ETF,Bitwise,BITB,Bitwise Bitcoin ETF,BTC-USD,2026-06-16,35.63,4000.0,0.2,28.281,338.9,2.5313,25.075,67.899
1805,BITB,Bitwise Bitcoin ETF,Bitwise,BITB,Bitwise Bitcoin ETF,BTC-USD,2026-06-17,34.86,4000.0,0.2,31.278,280.8,2.4499,28.072,67.174
1806,BITB,Bitwise Bitcoin ETF,Bitwise,BITB,Bitwise Bitcoin ETF,BTC-USD,2026-06-18,34.13,4000.0,0.2,26.542,364.2,2.5626,23.337,68.967
1807,BITB,Bitwise Bitcoin ETF,Bitwise,BITB,Bitwise Bitcoin ETF,BTC-USD,2026-06-22,34.97,4000.0,0.2,26.72,157.2,2.1993,23.337,69.076
1808,BITB,Bitwise Bitcoin ETF,Bitwise,BITB,Bitwise Bitcoin ETF,BTC-USD,2026-06-23,33.84,4000.0,0.2,22.051,294.1,2.47,18.666,68.848
1809,BITB,Bitwise Bitcoin ETF,Bitwise,BITB,Bitwise Bitcoin ETF,BTC-USD,2026-06-24,32.48,4000.0,0.2,22.051,808.1,2.908,18.666,71.171
1810,BITB,Bitwise Bitcoin ETF,Bitwise,BITB,Bitwise Bitcoin ETF,BTC-USD,2026-06-25,32.12,4000.0,0.2,21.67,625.9,2.7972,18.285,71.705
1811,BITB,Bitwise Bitcoin ETF,Bitwise,BITB,Bitwise Bitcoin ETF,BTC-USD,2026-06-26,32.37,4000.0,0.2,30.155,651.8,2.8148,26.77,72.395
1812,BITB,Bitwise Bitcoin ETF,Bitwise,BITB,Bitwise Bitcoin ETF,BTC-USD,2026-06-29,32.74,4000.0,0.2,41.696,329.3,2.5189,38.311,72.01
1813,BITB,Bitwise Bitcoin ETF,Bitwise,BITB,Bitwise Bitcoin ETF,BTC-USD,2026-06-30,31.86,4000.0,0.2,36.497,509.6,2.7081,33.031,71.749
1814,BITB,Bitwise Bitcoin ETF,Bitwise,BITB,Bitwise Bitcoin ETF,BTC-USD,2026-07-01,32.55,4000.0,0.2,36.527,466.1,2.6694,33.031,70.876
1815,BITB,Bitwise Bitcoin ETF,Bitwise,BITB,Bitwise Bitcoin ETF,BTC-USD,2026-07-02,33.35,4000.0,0.2,36.527,356.6,2.5534,33.031,68.897
1816,BITB,Bitwise Bitcoin ETF,Bitwise,BITB,Bitwise Bitcoin ETF,BTC-USD,2026-07-06,34.58,4000.0,0.2,38.086,575.2,2.7605,34.59,68.49
1817,BITB,Bitwise Bitcoin ETF,Bitwise,BITB,Bitwise Bitcoin ETF,BTC-USD,2026-07-07,34.63,4000.0,0.2,41.423,303.4,2.4835,37.926,65.881
1818,BITB,Bitwise Bitcoin ETF,Bitwise,BITB,Bitwise Bitcoin ETF,BTC-USD,2026-07-08,33.77,4000.0,0.2,41.918,591.2,2.7725,37.926,60.379
1819,BITB,Bitwise Bitcoin ETF,Bitwise,BITB,Bitwise Bitcoin ETF,BTC-USD,2026-07-09,34.31,4000.0,0.2,41.918,234.1,2.3712,37.926,58.82
1820,BITB,Bitwise Bitcoin ETF,Bitwise,BITB,Bitwise Bitcoin ETF,BTC-USD,2026-07-10,34.7,4000.0,0.2,42.018,515.2,2.7128,37.926,56.264
1821,BITB,Bitwise Bitcoin ETF,Bitwise,BITB,Bitwise Bitcoin ETF,BTC-USD,2026-07-13,33.78,4000.0,0.2,39.567,482.5,2.6844,35.414,55.097
1822,BITB,Bitwise Bitcoin ETF,Bitwise,BITB,Bitwise Bitcoin ETF,BTC-USD,2026-07-14,35.05,4000.0,0.2,39.567,585.5,2.7683,35.414,54.94
1823,BITB,Bitwise Bitcoin ETF,Bitwise,BITB,Bitwise Bitcoin ETF,BTC-USD,2026-07-15,35.25,4000.0,0.2,38.991,517.6,2.7148,34.838,52.781
1824,BITB,Bitwise Bitcoin ETF,Bitwise,BITB,Bitwise Bitcoin ETF,BTC-USD,2026-07-16,34.88,4000.0,0.2,38.991,174.3,2.2437,34.838,51.536
1825,BITB,Bitwise Bitcoin ETF,Bitwise,BITB,Bitwise Bitcoin ETF,BTC-USD,2026-07-17,34.82,4000.0,0.2,38.93,561.3,2.75,34.838,52.03
1826,BITB,Bitwise Bitcoin ETF,Bitwise,BITB,Bitwise Bitcoin ETF,BTC-USD,2026-07-20,35.35,4000.0,0.2,35.933,447.1,2.6513,31.841,51.145
1827,BITB,Bitwise Bitcoin ETF,Bitwise,BITB,Bitwise Bitcoin ETF,BTC-USD,2026-07-21,36.07,4000.0,0.2,35.994,502.8,2.7022,31.841,49.646
1828,BITB,Bitwise Bitcoin ETF,Bitwise,BITB,Bitwise Bitcoin ETF,BTC-USD,2026-07-22,35.78,4000.0,0.2,35.933,851.0,2.9304,31.841,48.73
1829,BITB,Bitwise Bitcoin ETF,Bitwise,BITB,Bitwise Bitcoin ETF,BTC-USD,2026-07-23,35.15,4000.0,0.2,35.933,771.5,2.8879,31.841,48.474
1830,BITB,Bitwise Bitcoin ETF,Bitwise,BITB,Bitwise Bitcoin ETF,BTC-USD,2026-07-24,34.84,4000.0,0.2,35.933,473.5,2.6762,31.841,45.354
1831,BITB,Bitwise Bitcoin ETF,Bitwise,BITB,Bitwise Bitcoin ETF,BTC-USD,2026-07-27,35.23,4000.0,0.2,29.074,141.9,2.155,24.921,41.494
1832,BITB,Bitwise Bitcoin ETF,Bitwise,BITB,Bitwise Bitcoin ETF,BTC-USD,2026-07-28,34.63,4000.0,0.2,20.831,381.1,2.5822,16.437,40.241
1833,BITB,Bitwise Bitcoin ETF,Bitwise,BITB,Bitwise Bitcoin ETF,BTC-USD,2026-07-29,34.48,4000.0,0.2,9.289,686.9,2.8375,4.895,40.09
1834,BITB,Bitwise Bitcoin ETF,Bitwise,BITB,Bitwise Bitcoin ETF,BTC-USD,2026-07-30,35.14,4000.0,0.2,9.289,486.4,2.6879,4.895,39.27
1835,BITB,Bitwise Bitcoin ETF,Bitwise,BITB,Bitwise Bitcoin ETF,BTC-USD,2026-07-31,34.13,4000.0,0.2,9.512,402.1,2.6055,4.895,39.067
1836,BITB,Bitwise Bitcoin ETF,Bitwise,BITB,Bitwise Bitcoin ETF,BTC-USD,2026-08-03,34.65,4000.0,0.2,16.911,336.0,2.5276,12.294,38.184
1837,BITB,Bitwise Bitcoin ETF,Bitwise,BITB,Bitwise Bitcoin ETF,BTC-USD,2026-08-04,34.86,4000.0,0.2,15.129,302.9,2.4828,10.735,36.858
1838,BITB,Bitwise Bitcoin ETF,Bitwise,BITB,Bitwise Bitcoin ETF,BTC-USD,2026-08-05,35.18,4000.0,0.2,11.916,654.3,2.8165,7.522,36.42
1839,BITB,Bitwise Bitcoin ETF,Bitwise,BITB,Bitwise Bitcoin ETF,BTC-USD,2026-08-06,34.95,4000.0,0.2,16.065,577.2,2.7621,11.912,35.284
1840,BITB,Bitwise Bitcoin ETF,Bitwise,BITB,Bitwise Bitcoin ETF,BTC-USD,2026-08-07,35.24,4000.0,0.2,15.974,707.2,2.8501,11.912,34.952
1841,BITB,Bitwise Bitcoin ETF,Bitwise,BITB,Bitwise Bitcoin ETF,BTC-USD,2026-08-10,34.71,4000.0,0.2,15.955,410.7,2.6145,11.912,36.138
1842,BITB,Bitwise Bitcoin ETF,Bitwise,BITB,Bitwise Bitcoin ETF,BTC-USD,2026-08-11,34.43,4000.0,0.2,15.619,787.1,2.8966,11.912,35.72
1843,BITB,Bitwise Bitcoin ETF,Bitwise,BITB,Bitwise Bitcoin ETF,BTC-USD,2026-08-12,34.38,4000.0,0.2,20.008,554.5,2.7447,16.61,34.256
1844,BITB,Bitwise Bitcoin ETF,Bitwise,BITB,Bitwise Bitcoin ETF,BTC-USD,2026-08-13,34.39,4000.0,0.2,22.846,689.7,2.8393,19.449,34.319
1845,BITB,Bitwise Bitcoin ETF,Bitwise,BITB,Bitwise Bitcoin ETF,BTC-USD,2026-08-14,34.13,4000.0,0.2,22.846,268.6,2.4307,19.449,34.233
1846,BITB,Bitwise Bitcoin ETF,Bitwise,BITB,Bitwise Bitcoin ETF,BTC-USD,2026-08-17,34.9,4000.0,0.2,23.155,563.5,2.7517,19.449,33.885
1847,BITB,Bitwise Bitcoin ETF,Bitwise,BITB,Bitwise Bitcoin ETF,BTC-USD,2026-08-18,35.07,4000.0,0.2,23.155,598.4,2.7777,19.449,33.465
1848,BITB,Bitwise Bitcoin ETF,Bitwise,BITB,Bitwise Bitcoin ETF,BTC-USD,2026-08-19,37.16,4000.0,0.2,22.994,605.3,2.7827,19.449,39.423
1849,BITB,Bitwise Bitcoin ETF,Bitwise,BITB,Bitwise Bitcoin ETF,BTC-USD,2026-08-20,39.45,4000.0,0.2,22.994,559.8,2.7488,19.449,43.726
1850,BITB,Bitwise Bitcoin ETF,Bitwise,BITB,Bitwise Bitcoin ETF,BTC-USD,2026-08-21,41.82,4000.0,0.2,22.994,628.5,2.799,19.449,47.427
1851,BITB,Bitwise Bitcoin ETF,Bitwise,BITB,Bitwise Bitcoin ETF,BTC-USD,2026-08-24,42.74,4000.0,0.2,22.994,327.5,2.5165,19.449,50.735
1852,BITB,Bitwise Bitcoin ETF,Bitwise,BITB,Bitwise Bitcoin ETF,BTC-USD,2026-08-25,42.84,4000.0,0.2,29.38,341.8,2.535,26.173,52.698
1853,BITB,Bitwise Bitcoin ETF,Bitwise,BITB,Bitwise Bitcoin ETF,BTC-USD,2026-08-26,42.59,4000.0,0.2,29.097,859.3,2.9347,26.173,52.725
1854,BITB,Bitwise Bitcoin ETF,Bitwise,BITB,Bitwise Bitcoin ETF,BTC-USD,2026-08-27,43.39,4000.0,0.2,29.38,357.6,2.5546,26.173,52.833
1855,HODL,VanEck Bitcoin Trust,VanEck,HODL,VanEck Bitcoin Trust,BTC-USD,2025-03-07,24.6,1300.0,0.2,94.962,-404.3,-2.6078,85.812,26.695
1856,HODL,VanEck Bitcoin Trust,VanEck,HODL,VanEck Bitcoin Trust,BTC-USD,2025-03-10,22.4,1300.0,0.2,87.223,-505.5,-2.7046,76.83,26.108
1857,HODL,VanEck Bitcoin Trust,VanEck,HODL,VanEck Bitcoin Trust,BTC-USD,2025-03-11,23.48,1300.0,0.2,88.26,-388.0,-2.5899,77.52,25.331
1858,HODL,VanEck Bitcoin Trust,VanEck,HODL,VanEck Bitcoin Trust,BTC-USD,2025-03-12,23.45,1300.0,0.2,97.875,-160.4,-2.208,87.483,25.31
1859,HODL,VanEck Bitcoin Trust,VanEck,HODL,VanEck Bitcoin Trust,BTC-USD,2025-03-13,22.68,1300.0,0.2,107.246,-123.7,-2.0958,94.922,24.404
1860,HODL,VanEck Bitcoin Trust,VanEck,HODL,VanEck Bitcoin Trust,BTC-USD,2025-03-14,23.93,1300.0,0.2,96.761,-483.4,-2.6852,84.436,24.394
1861,HODL,VanEck Bitcoin Trust,VanEck,HODL,VanEck Bitcoin Trust,BTC-USD,2025-03-17,23.92,1300.0,0.2,102.763,-482.1,-2.684,90.439,24.144
1862,HODL,VanEck Bitcoin Trust,VanEck,HODL,VanEck Bitcoin Trust,BTC-USD,2025-03-18,23.3,1300.0,0.2,105.003,-626.6,-2.7977,90.439,23.146
1863,HODL,VanEck Bitcoin Trust,VanEck,HODL,VanEck Bitcoin Trust,BTC-USD,2025-03-19,24.18,1300.0,0.2,102.808,-256.3,-2.4105,90.439,23.475
1864,HODL,VanEck Bitcoin Trust,VanEck,HODL,VanEck Bitcoin Trust,BTC-USD,2025-03-20,23.8,1300.0,0.2,112.349,-560.1,-2.7491,99.98,23.623
1865,HODL,VanEck Bitcoin Trust,VanEck,HODL,VanEck Bitcoin Trust,BTC-USD,2025-03-21,23.75,1300.0,0.2,112.304,-925.9,-2.967,99.98,23.424
1866,HODL,VanEck Bitcoin Trust,VanEck,HODL,VanEck Bitcoin Trust,BTC-USD,2025-03-24,24.96,1300.0,0.2,107.638,-478.3,-2.6806,95.314,23.049
1867,HODL,VanEck Bitcoin Trust,VanEck,HODL,VanEck Bitcoin Trust,BTC-USD,2025-03-25,24.93,1300.0,0.2,111.629,-657.9,-2.8188,99.305,22.56
1868,HODL,VanEck Bitcoin Trust,VanEck,HODL,VanEck Bitcoin Trust,BTC-USD,2025-03-26,24.47,1300.0,0.2,111.674,-315.5,-2.5003,99.305,20.57
1869,HODL,VanEck Bitcoin Trust,VanEck,HODL,VanEck Bitcoin Trust,BTC-USD,2025-03-27,24.63,1300.0,0.2,119.014,-389.6,-2.5918,106.645,18.93
1870,HODL,VanEck Bitcoin Trust,VanEck,HODL,VanEck Bitcoin Trust,BTC-USD,2025-03-28,23.69,1300.0,0.2,108.07,-215.3,-2.335,91.821,15.935
1871,HODL,VanEck Bitcoin Trust,VanEck,HODL,VanEck Bitcoin Trust,BTC-USD,2025-03-31,23.31,1300.0,0.2,102.907,-445.6,-2.6499,86.658,16.083
1872,HODL,VanEck Bitcoin Trust,VanEck,HODL,VanEck Bitcoin Trust,BTC-USD,2025-04-01,24.04,1300.0,0.2,102.939,-343.8,-2.5375,86.658,15.683
1873,HODL,VanEck Bitcoin Trust,VanEck,HODL,VanEck Bitcoin Trust,BTC-USD,2025-04-02,24.57,1300.0,0.2,102.939,-1335.3,-3.1259,86.658,15.307
1874,HODL,VanEck Bitcoin Trust,VanEck,HODL,VanEck Bitcoin Trust,BTC-USD,2025-04-03,23.18,1300.0,0.2,102.939,152.8,2.1871,86.658,15.617
1875,HODL,VanEck Bitcoin Trust,VanEck,HODL,VanEck Bitcoin Trust,BTC-USD,2025-04-04,23.75,1300.0,0.2,92.173,-621.9,-2.7944,75.893,16.108
1876,HODL,VanEck Bitcoin Trust,VanEck,HODL,VanEck Bitcoin Trust,BTC-USD,2025-04-07,22.08,1300.0,0.2,80.195,9.7,1.0286,63.914,17.414
1877,HODL,VanEck Bitcoin Trust,VanEck,HODL,VanEck Bitcoin Trust,BTC-USD,2025-04-08,21.71,1300.0,0.2,100.044,-304.8,-2.4855,83.795,17.682
1878,HODL,VanEck Bitcoin Trust,VanEck,HODL,VanEck Bitcoin Trust,BTC-USD,2025-04-09,23.25,1300.0,0.2,98.774,65.8,1.8251,82.525,18.273
1879,HODL,VanEck Bitcoin Trust,VanEck,HODL,VanEck Bitcoin Trust,BTC-USD,2025-04-10,22.5,1300.0,0.2,99.33,-291.3,-2.4658,83.05,18.489
1880,HODL,VanEck Bitcoin Trust,VanEck,HODL,VanEck Bitcoin Trust,BTC-USD,2025-04-11,23.71,1300.0,0.2,91.892,-426.3,-2.6307,75.611,18.984
1881,HODL,VanEck Bitcoin Trust,VanEck,HODL,VanEck Bitcoin Trust,BTC-USD,2025-04-14,24.03,1300.0,0.2,91.86,-786.0,-2.896,75.611,19.374
1882,HODL,VanEck Bitcoin Trust,VanEck,HODL,VanEck Bitcoin Trust,BTC-USD,2025-04-15,23.78,1300.0,0.2,90.743,-320.3,-2.5069,74.494,19.854
1883,HODL,VanEck Bitcoin Trust,VanEck,HODL,VanEck Bitcoin Trust,BTC-USD,2025-04-16,23.87,1300.0,0.2,89.775,-503.8,-2.7031,77.405,20.05
1884,HODL,VanEck Bitcoin Trust,VanEck,HODL,VanEck Bitcoin Trust,BTC-USD,2025-04-17,24.04,1300.0,0.2,96.884,-426.7,-2.6312,84.977,19.208
1885,HODL,VanEck Bitcoin Trust,VanEck,HODL,VanEck Bitcoin Trust,BTC-USD,2025-04-21,24.75,1300.0,0.2,82.501,-370.0,-2.5694,73.415,20.27
1886,HODL,VanEck Bitcoin Trust,VanEck,HODL,VanEck Bitcoin Trust,BTC-USD,2025-04-22,25.92,1300.0,0.2,82.501,-326.5,-2.5152,73.415,22.89
1887,HODL,VanEck Bitcoin Trust,VanEck,HODL,VanEck Bitcoin Trust,BTC-USD,2025-04-23,26.48,1300.0,0.2,82.097,-472.2,-2.6751,73.415,23.349
1888,HODL,VanEck Bitcoin Trust,VanEck,HODL,VanEck Bitcoin Trust,BTC-USD,2025-04-24,26.49,1300.0,0.2,80.846,-382.9,-2.5842,72.163,23.909
1889,HODL,VanEck Bitcoin Trust,VanEck,HODL,VanEck Bitcoin Trust,BTC-USD,2025-04-25,26.99,1300.0,0.2,80.022,-697.5,-2.8442,72.163,24.496
1890,HODL,VanEck Bitcoin Trust,VanEck,HODL,VanEck Bitcoin Trust,BTC-USD,2025-04-28,26.82,1300.0,0.2,71.938,-567.3,-2.7546,64.08,24.834
1891,HODL,VanEck Bitcoin Trust,VanEck,HODL,VanEck Bitcoin Trust,BTC-USD,2025-04-29,26.98,1300.0,0.2,71.537,-755.4,-2.8788,64.08,25.021
1892,HODL,VanEck Bitcoin Trust,VanEck,HODL,VanEck Bitcoin Trust,BTC-USD,2025-04-30,26.63,1300.0,0.2,71.938,-528.2,-2.7237,64.08,23.996
1893,HODL,VanEck Bitcoin Trust,VanEck,HODL,VanEck Bitcoin Trust,BTC-USD,2025-05-01,27.34,1300.0,0.2,71.938,-673.9,-2.8292,64.08,24.294
1894,HODL,VanEck Bitcoin Trust,VanEck,HODL,VanEck Bitcoin Trust,BTC-USD,2025-05-02,27.45,1300.0,0.2,71.537,-600.6,-2.7793,64.08,24.028
1895,HODL,VanEck Bitcoin Trust,VanEck,HODL,VanEck Bitcoin Trust,BTC-USD,2025-05-05,26.7,1300.0,0.2,71.537,-601.7,-2.7801,64.08,23.722
1896,HODL,VanEck Bitcoin Trust,VanEck,HODL,VanEck Bitcoin Trust,BTC-USD,2025-05-06,26.86,1300.0,0.2,76.993,-277.5,-2.4448,69.556,22.914
1897,HODL,VanEck Bitcoin Trust,VanEck,HODL,VanEck Bitcoin Trust,BTC-USD,2025-05-07,27.21,1300.0,0.2,76.993,-518.0,-2.7152,69.556,21.455
1898,HODL,VanEck Bitcoin Trust,VanEck,HODL,VanEck Bitcoin Trust,BTC-USD,2025-05-08,28.66,1300.0,0.2,57.533,-540.3,-2.7334,49.675,21.031
1899,HODL,VanEck Bitcoin Trust,VanEck,HODL,VanEck Bitcoin Trust,BTC-USD,2025-05-09,29.2,1300.0,0.2,46.133,-778.4,-2.8917,38.274,20.481
1900,HODL,VanEck Bitcoin Trust,VanEck,HODL,VanEck Bitcoin Trust,BTC-USD,2025-05-12,28.82,1300.0,0.2,36.402,-360.4,-2.558,28.964,20.378
1901,HODL,VanEck Bitcoin Trust,VanEck,HODL,VanEck Bitcoin Trust,BTC-USD,2025-05-13,29.67,1300.0,0.2,37.652,-683.6,-2.8355,30.214,20.333
1902,HODL,VanEck Bitcoin Trust,VanEck,HODL,VanEck Bitcoin Trust,BTC-USD,2025-05-14,29.23,1300.0,0.2,41.939,-644.6,-2.81,34.081,19.788
1903,HODL,VanEck Bitcoin Trust,VanEck,HODL,VanEck Bitcoin Trust,BTC-USD,2025-05-15,29.21,1300.0,0.2,38.448,-850.2,-2.93,30.589,19.468
1904,HODL,VanEck Bitcoin Trust,VanEck,HODL,VanEck Bitcoin Trust,BTC-USD,2025-05-16,29.43,1300.0,0.2,35.537,-313.9,-2.4981,27.678,19.415
1905,HODL,VanEck Bitcoin Trust,VanEck,HODL,VanEck Bitcoin Trust,BTC-USD,2025-05-19,29.87,1300.0,0.2,30.505,-785.7,-2.8958,22.647,20.319
1906,HODL,VanEck Bitcoin Trust,VanEck,HODL,VanEck Bitcoin Trust,BTC-USD,2025-05-20,30.29,1300.0,0.2,30.505,-670.3,-2.8269,22.647,19.458
1907,HODL,VanEck Bitcoin Trust,VanEck,HODL,VanEck Bitcoin Trust,BTC-USD,2025-05-21,30.72,1300.0,0.2,30.505,-365.9,-2.5645,22.647,18.172
1908,HODL,VanEck Bitcoin Trust,VanEck,HODL,VanEck Bitcoin Trust,BTC-USD,2025-05-22,31.46,1300.0,0.2,30.022,-376.6,-2.5771,22.647,18.748
1909,HODL,VanEck Bitcoin Trust,VanEck,HODL,VanEck Bitcoin Trust,BTC-USD,2025-05-23,30.77,1300.0,0.2,27.766,-788.5,-2.8974,19.907,19.19
1910,HODL,VanEck Bitcoin Trust,VanEck,HODL,VanEck Bitcoin Trust,BTC-USD,2025-05-27,31.14,1300.0,0.2,28.846,-822.7,-2.9158,21.471,19.038
1911,HODL,VanEck Bitcoin Trust,VanEck,HODL,VanEck Bitcoin Trust,BTC-USD,2025-05-28,30.27,1300.0,0.2,29.546,-408.3,-2.612,21.471,19.152
1912,HODL,VanEck Bitcoin Trust,VanEck,HODL,VanEck Bitcoin Trust,BTC-USD,2025-05-29,29.9,1300.0,0.2,30.077,-384.0,-2.5854,22.001,19.754
1913,HODL,VanEck Bitcoin Trust,VanEck,HODL,VanEck Bitcoin Trust,BTC-USD,2025-05-30,29.6,1300.0,0.2,29.376,-267.5,-2.429,22.001,19.829
1914,HODL,VanEck Bitcoin Trust,VanEck,HODL,VanEck Bitcoin Trust,BTC-USD,2025-06-02,29.56,1300.0,0.2,31.16,-544.2,-2.7366,24.678,19.569
1915,HODL,VanEck Bitcoin Trust,VanEck,HODL,VanEck Bitcoin Trust,BTC-USD,2025-06-03,30.08,1300.0,0.2,32.052,-540.2,-2.7333,24.678,19.864
1916,HODL,VanEck Bitcoin Trust,VanEck,HODL,VanEck Bitcoin Trust,BTC-USD,2025-06-04,29.71,1300.0,0.2,32.052,-618.8,-2.7923,24.678,19.675
1917,HODL,VanEck Bitcoin Trust,VanEck,HODL,VanEck Bitcoin Trust,BTC-USD,2025-06-05,28.83,1300.0,0.2,29.664,-506.5,-2.7054,21.589,20.05
1918,HODL,VanEck Bitcoin Trust,VanEck,HODL,VanEck Bitcoin Trust,BTC-USD,2025-06-06,29.52,1300.0,0.2,32.559,-529.5,-2.7247,24.484,20.389
1919,HODL,VanEck Bitcoin Trust,VanEck,HODL,VanEck Bitcoin Trust,BTC-USD,2025-06-09,30.77,1300.0,0.2,32.559,-269.3,-2.4319,24.484,20.648
1920,HODL,VanEck Bitcoin Trust,VanEck,HODL,VanEck Bitcoin Trust,BTC-USD,2025-06-10,31.0,1300.0,0.2,31.859,-32.5,-1.5254,24.484,21.025
1921,HODL,VanEck Bitcoin Trust,VanEck,HODL,VanEck Bitcoin Trust,BTC-USD,2025-06-11,30.79,1300.0,0.2,36.452,-234.6,-2.3722,29.969,21.32
1922,HODL,VanEck Bitcoin Trust,VanEck,HODL,VanEck Bitcoin Trust,BTC-USD,2025-06-12,30.23,1300.0,0.2,35.202,-897.4,-2.9535,28.72,21.323
1923,HODL,VanEck Bitcoin Trust,VanEck,HODL,VanEck Bitcoin Trust,BTC-USD,2025-06-13,29.76,1300.0,0.2,31.336,-390.2,-2.5925,24.853,21.772
1924,HODL,VanEck Bitcoin Trust,VanEck,HODL,VanEck Bitcoin Trust,BTC-USD,2025-06-16,30.74,1300.0,0.2,28.249,-759.4,-2.881,20.915,22.303
1925,HODL,VanEck Bitcoin Trust,VanEck,HODL,VanEck Bitcoin Trust,BTC-USD,2025-06-17,29.63,1300.0,0.2,28.99,-395.1,-2.5978,20.915,22.789
1926,HODL,VanEck Bitcoin Trust,VanEck,HODL,VanEck Bitcoin Trust,BTC-USD,2025-06-18,29.38,1300.0,0.2,32.8,-137.8,-2.1424,24.725,22.712
1927,HODL,VanEck Bitcoin Trust,VanEck,HODL,VanEck Bitcoin Trust,BTC-USD,2025-06-20,29.25,1300.0,0.2,36.34,-352.7,-2.5486,29.005,23.792
1928,HODL,VanEck Bitcoin Trust,VanEck,HODL,VanEck Bitcoin Trust,BTC-USD,2025-06-23,29.21,1300.0,0.2,36.34,195.1,2.2925,29.005,23.566
1929,HODL,VanEck Bitcoin Trust,VanEck,HODL,VanEck Bitcoin Trust,BTC-USD,2025-06-24,29.91,1300.0,0.2,37.081,-268.3,-2.4303,29.005,22.485
1930,HODL,VanEck Bitcoin Trust,VanEck,HODL,VanEck Bitcoin Trust,BTC-USD,2025-06-25,30.5,1300.0,0.2,37.726,-867.3,-2.9387,29.005,21.92
1931,HODL,VanEck Bitcoin Trust,VanEck,HODL,VanEck Bitcoin Trust,BTC-USD,2025-06-26,30.45,1300.0,0.2,38.281,-944.5,-2.9756,29.56,22.058
1932,HODL,VanEck Bitcoin Trust,VanEck,HODL,VanEck Bitcoin Trust,BTC-USD,2025-06-27,30.23,1300.0,0.2,41.661,-857.6,-2.9338,34.326,22.023
1933,HODL,VanEck Bitcoin Trust,VanEck,HODL,VanEck Bitcoin Trust,BTC-USD,2025-06-30,30.47,1300.0,0.2,44.757,-617.1,-2.7911,37.423,21.951
1934,HODL,VanEck Bitcoin Trust,VanEck,HODL,VanEck Bitcoin Trust,BTC-USD,2025-07-01,29.83,1300.0,0.2,46.013,-501.6,-2.7012,37.423,22.382
1935,HODL,VanEck Bitcoin Trust,VanEck,HODL,VanEck Bitcoin Trust,BTC-USD,2025-07-02,31.04,1300.0,0.2,43.467,-671.6,-2.8277,34.747,23.317
1936,HODL,VanEck Bitcoin Trust,VanEck,HODL,VanEck Bitcoin Trust,BTC-USD,2025-07-03,30.93,1300.0,0.2,43.337,-217.9,-2.3402,34.747,23.556
1937,HODL,VanEck Bitcoin Trust,VanEck,HODL,VanEck Bitcoin Trust,BTC-USD,2025-07-07,30.57,1300.0,0.2,42.081,-538.9,-2.7323,34.747,23.802
1938,HODL,VanEck Bitcoin Trust,VanEck,HODL,VanEck Bitcoin Trust,BTC-USD,2025-07-08,30.78,1300.0,0.2,38.405,-438.6,-2.6431,32.359,23.456
1939,HODL,VanEck Bitcoin Trust,VanEck,HODL,VanEck Bitcoin Trust,BTC-USD,2025-07-09,31.65,1300.0,0.2,35.51,-658.1,-2.819,29.464,24.119
1940,HODL,VanEck Bitcoin Trust,VanEck,HODL,VanEck Bitcoin Trust,BTC-USD,2025-07-10,32.11,1300.0,0.2,33.688,-299.5,-2.4778,29.464,24.819
1941,HODL,VanEck Bitcoin Trust,VanEck,HODL,VanEck Bitcoin Trust,BTC-USD,2025-07-11,33.44,1300.0,0.2,35.51,-1082.4,-3.0348,29.464,25.688
1942,HODL,VanEck Bitcoin Trust,VanEck,HODL,VanEck Bitcoin Trust,BTC-USD,2025-07-14,33.93,1300.0,0.2,27.19,-1197.0,-3.0785,21.143,26.557
1943,HODL,VanEck Bitcoin Trust,VanEck,HODL,VanEck Bitcoin Trust,BTC-USD,2025-07-15,32.96,1300.0,0.2,26.768,-678.6,-2.8322,21.143,28.123
1944,HODL,VanEck Bitcoin Trust,VanEck,HODL,VanEck Bitcoin Trust,BTC-USD,2025-07-16,33.76,1300.0,0.2,26.701,-1185.2,-3.0742,21.143,29.16
1945,HODL,VanEck Bitcoin Trust,VanEck,HODL,VanEck Bitcoin Trust,BTC-USD,2025-07-17,33.68,1300.0,0.2,31.159,-913.7,-2.9613,26.935,29.383
1946,HODL,VanEck Bitcoin Trust,VanEck,HODL,VanEck Bitcoin Trust,BTC-USD,2025-07-18,33.21,1300.0,0.2,35.428,-923.6,-2.966,31.204,29.897
1947,HODL,VanEck Bitcoin Trust,VanEck,HODL,VanEck Bitcoin Trust,BTC-USD,2025-07-21,33.05,1300.0,0.2,36.227,-622.8,-2.795,32.003,30.733
1948,HODL,VanEck Bitcoin Trust,VanEck,HODL,VanEck Bitcoin Trust,BTC-USD,2025-07-22,33.77,1300.0,0.2,33.523,-732.2,-2.8652,29.212,30.53
1949,HODL,VanEck Bitcoin Trust,VanEck,HODL,VanEck Bitcoin Trust,BTC-USD,2025-07-23,33.53,1300.0,0.2,35.155,-781.9,-2.8937,30.844,30.718
1950,HODL,VanEck Bitcoin Trust,VanEck,HODL,VanEck Bitcoin Trust,BTC-USD,2025-07-24,33.7,1300.0,0.2,35.068,-839.4,-2.9245,30.844,32.655
1951,HODL,VanEck Bitcoin Trust,VanEck,HODL,VanEck Bitcoin Trust,BTC-USD,2025-07-25,33.06,1300.0,0.2,35.068,-775.8,-2.8903,30.844,33.608
1952,HODL,VanEck Bitcoin Trust,VanEck,HODL,VanEck Bitcoin Trust,BTC-USD,2025-07-28,33.41,1300.0,0.2,32.949,-834.3,-2.9218,28.726,33.896
1953,HODL,VanEck Bitcoin Trust,VanEck,HODL,VanEck Bitcoin Trust,BTC-USD,2025-07-29,33.25,1300.0,0.2,33.165,-928.7,-2.9684,28.941,35.03
1954,HODL,VanEck Bitcoin Trust,VanEck,HODL,VanEck Bitcoin Trust,BTC-USD,2025-07-30,33.07,1300.0,0.2,34.339,-715.3,-2.8551,30.116,35.662
1955,HODL,VanEck Bitcoin Trust,VanEck,HODL,VanEck Bitcoin Trust,BTC-USD,2025-07-31,33.04,1300.0,0.2,40.228,-826.6,-2.9178,36.523,35.658
1956,HODL,VanEck Bitcoin Trust,VanEck,HODL,VanEck Bitcoin Trust,BTC-USD,2025-08-01,32.01,1300.0,0.2,40.228,-614.5,-2.7892,36.523,35.406
1957,HODL,VanEck Bitcoin Trust,VanEck,HODL,VanEck Bitcoin Trust,BTC-USD,2025-08-04,32.47,1300.0,0.2,45.048,-886.3,-2.9481,40.825,35.437
1958,HODL,VanEck Bitcoin Trust,VanEck,HODL,VanEck Bitcoin Trust,BTC-USD,2025-08-05,32.16,1300.0,0.2,45.048,-677.1,-2.8313,40.825,35.567
1959,HODL,VanEck Bitcoin Trust,VanEck,HODL,VanEck Bitcoin Trust,BTC-USD,2025-08-06,32.63,1300.0,0.2,45.136,-682.7,-2.8349,40.825,35.929
1960,HODL,VanEck Bitcoin Trust,VanEck,HODL,VanEck Bitcoin Trust,BTC-USD,2025-08-07,33.27,1300.0,0.2,45.136,-730.0,-2.8639,40.825,35.449
1961,HODL,VanEck Bitcoin Trust,VanEck,HODL,VanEck Bitcoin Trust,BTC-USD,2025-08-08,32.95,1300.0,0.2,50.19,-734.9,-2.8668,45.88,35.367
1962,HODL,VanEck Bitcoin Trust,VanEck,HODL,VanEck Bitcoin Trust,BTC-USD,2025-08-11,33.67,1300.0,0.2,50.19,-1111.4,-3.0463,45.88,34.498
1963,HODL,VanEck Bitcoin Trust,VanEck,HODL,VanEck Bitcoin Trust,BTC-USD,2025-08-12,33.86,1300.0,0.2,55.171,-863.1,-2.9366,50.86,33.493
1964,HODL,VanEck Bitcoin Trust,VanEck,HODL,VanEck Bitcoin Trust,BTC-USD,2025-08-13,34.77,1300.0,0.2,55.171,-1058.7,-3.0252,50.86,32.202
1965,HODL,VanEck Bitcoin Trust,VanEck,HODL,VanEck Bitcoin Trust,BTC-USD,2025-08-14,33.4,1300.0,0.2,55.171,-1035.2,-3.0155,50.86,31.627
1966,HODL,VanEck Bitcoin Trust,VanEck,HODL,VanEck Bitcoin Trust,BTC-USD,2025-08-15,33.1,1300.0,0.2,51.492,-885.2,-2.9475,47.151,30.809
1967,HODL,VanEck Bitcoin Trust,VanEck,HODL,VanEck Bitcoin Trust,BTC-USD,2025-08-18,32.91,1300.0,0.2,47.222,-899.5,-2.9545,42.882,29.949
1968,HODL,VanEck Bitcoin Trust,VanEck,HODL,VanEck Bitcoin Trust,BTC-USD,2025-08-19,31.99,1300.0,0.2,41.115,-1107.6,-3.0448,35.732,28.929
1969,HODL,VanEck Bitcoin Trust,VanEck,HODL,VanEck Bitcoin Trust,BTC-USD,2025-08-20,32.35,1300.0,0.2,41.687,-907.2,-2.9582,37.346,29.961
1970,HODL,VanEck Bitcoin Trust,VanEck,HODL,VanEck Bitcoin Trust,BTC-USD,2025-08-21,31.73,1300.0,0.2,46.177,-692.4,-2.841,40.793,28.854
1971,HODL,VanEck Bitcoin Trust,VanEck,HODL,VanEck Bitcoin Trust,BTC-USD,2025-08-22,33.01,1300.0,0.2,50.603,-1078.7,-3.0333,44.81,27.352
1972,HODL,VanEck Bitcoin Trust,VanEck,HODL,VanEck Bitcoin Trust,BTC-USD,2025-08-25,31.35,1300.0,0.2,50.906,-292.7,-2.4679,44.81,26.818
1973,HODL,VanEck Bitcoin Trust,VanEck,HODL,VanEck Bitcoin Trust,BTC-USD,2025-08-26,31.44,1300.0,0.2,50.906,-766.9,-2.8853,44.81,26.48
1974,HODL,VanEck Bitcoin Trust,VanEck,HODL,VanEck Bitcoin Trust,BTC-USD,2025-08-27,31.71,1300.0,0.2,45.925,-883.2,-2.9465,39.828,25.85
1975,HODL,VanEck Bitcoin Trust,VanEck,HODL,VanEck Bitcoin Trust,BTC-USD,2025-08-28,31.67,1300.0,0.2,41.123,-947.7,-2.9771,35.026,24.918
1976,HODL,VanEck Bitcoin Trust,VanEck,HODL,VanEck Bitcoin Trust,BTC-USD,2025-08-29,30.61,1300.0,0.2,34.797,-663.5,-2.8225,28.619,25.168
1977,HODL,VanEck Bitcoin Trust,VanEck,HODL,VanEck Bitcoin Trust,BTC-USD,2025-09-02,31.33,1300.0,0.2,34.797,-623.5,-2.7955,28.619,25.353
1978,HODL,VanEck Bitcoin Trust,VanEck,HODL,VanEck Bitcoin Trust,BTC-USD,2025-09-03,31.74,1300.0,0.2,30.496,-889.0,-2.9494,24.317,25.281
1979,HODL,VanEck Bitcoin Trust,VanEck,HODL,VanEck Bitcoin Trust,BTC-USD,2025-09-04,31.06,1300.0,0.2,30.935,-568.6,-2.7556,24.317,25.497
1980,HODL,VanEck Bitcoin Trust,VanEck,HODL,VanEck Bitcoin Trust,BTC-USD,2025-09-05,31.58,1300.0,0.2,31.437,-1069.7,-3.0297,24.317,25.474
1981,HODL,VanEck Bitcoin Trust,VanEck,HODL,VanEck Bitcoin Trust,BTC-USD,2025-09-08,31.71,1300.0,0.2,33.026,-659.2,-2.8197,26.409,25.553
1982,HODL,VanEck Bitcoin Trust,VanEck,HODL,VanEck Bitcoin Trust,BTC-USD,2025-09-09,31.49,1300.0,0.2,30.329,-510.0,-2.7084,23.711,25.094
1983,HODL,VanEck Bitcoin Trust,VanEck,HODL,VanEck Bitcoin Trust,BTC-USD,2025-09-10,32.15,1300.0,0.2,29.89,-636.6,-2.8046,23.711,25.902
1984,HODL,VanEck Bitcoin Trust,VanEck,HODL,VanEck Bitcoin Trust,BTC-USD,2025-09-11,32.41,1300.0,0.2,25.372,-772.6,-2.8885,19.194,26.031
1985,HODL,VanEck Bitcoin Trust,VanEck,HODL,VanEck Bitcoin Trust,BTC-USD,2025-09-12,33.08,1300.0,0.2,25.372,-1124.5,-3.0513,19.194,26.023
1986,HODL,VanEck Bitcoin Trust,VanEck,HODL,VanEck Bitcoin Trust,BTC-USD,2025-09-15,32.63,1300.0,0.2,24.818,-580.5,-2.7645,19.194,26.495
1987,HODL,VanEck Bitcoin Trust,VanEck,HODL,VanEck Bitcoin Trust,BTC-USD,2025-09-16,33.07,1300.0,0.2,22.123,-658.1,-2.8189,17.111,27.234
1988,HODL,VanEck Bitcoin Trust,VanEck,HODL,VanEck Bitcoin Trust,BTC-USD,2025-09-17,32.73,1300.0,0.2,27.06,-712.6,-2.8534,22.048,28.478
1989,HODL,VanEck Bitcoin Trust,VanEck,HODL,VanEck Bitcoin Trust,BTC-USD,2025-09-18,33.22,1300.0,0.2,26.493,-1124.0,-3.0511,22.048,29.859
1990,HODL,VanEck Bitcoin Trust,VanEck,HODL,VanEck Bitcoin Trust,BTC-USD,2025-09-19,32.56,1300.0,0.2,23.434,-666.9,-2.8247,18.945,29.415
1991,HODL,VanEck Bitcoin Trust,VanEck,HODL,VanEck Bitcoin Trust,BTC-USD,2025-09-22,31.72,1300.0,0.2,18.354,-650.3,-2.8138,13.865,31.058
1992,HODL,VanEck Bitcoin Trust,VanEck,HODL,VanEck Bitcoin Trust,BTC-USD,2025-09-23,31.58,1300.0,0.2,17.833,-480.7,-2.6828,13.388,31.461
1993,HODL,VanEck Bitcoin Trust,VanEck,HODL,VanEck Bitcoin Trust,BTC-USD,2025-09-24,32.11,1300.0,0.2,17.833,-607.9,-2.7845,13.388,31.742
1994,HODL,VanEck Bitcoin Trust,VanEck,HODL,VanEck Bitcoin Trust,BTC-USD,2025-09-25,30.93,1300.0,0.2,17.833,-841.1,-2.9253,13.388,34.782
1995,HODL,VanEck Bitcoin Trust,VanEck,HODL,VanEck Bitcoin Trust,BTC-USD,2025-09-26,30.88,1300.0,0.2,21.987,-625.7,-2.7971,17.542,35.506
1996,HODL,VanEck Bitcoin Trust,VanEck,HODL,VanEck Bitcoin Trust,BTC-USD,2025-09-29,32.36,1300.0,0.2,22.031,-902.6,-2.956,17.542,37.313
1997,HODL,VanEck Bitcoin Trust,VanEck,HODL,VanEck Bitcoin Trust,BTC-USD,2025-09-30,32.37,1300.0,0.2,26.552,-869.1,-2.9396,22.107,37.995
1998,HODL,VanEck Bitcoin Trust,VanEck,HODL,VanEck Bitcoin Trust,BTC-USD,2025-10-01,33.24,1300.0,0.2,26.552,-648.9,-2.8129,22.107,38.493
1999,HODL,VanEck Bitcoin Trust,VanEck,HODL,VanEck Bitcoin Trust,BTC-USD,2025-10-02,34.23,1300.0,0.2,26.552,118.3,2.0767,22.107,40.488
2000,HODL,VanEck Bitcoin Trust,VanEck,HODL,VanEck Bitcoin Trust,BTC-USD,2025-10-03,34.76,1300.0,0.2,26.446,-1234.6,-3.0919,22.107,43.698
2001,HODL,VanEck Bitcoin Trust,VanEck,HODL,VanEck Bitcoin Trust,BTC-USD,2025-10-06,35.49,1300.0,0.2,25.489,-936.7,-2.9721,22.107,46.228
2002,HODL,VanEck Bitcoin Trust,VanEck,HODL,VanEck Bitcoin Trust,BTC-USD,2025-10-07,34.41,1300.0,0.2,23.567,-1244.9,-3.0955,20.015,49.236
2003,HODL,VanEck Bitcoin Trust,VanEck,HODL,VanEck Bitcoin Trust,BTC-USD,2025-10-08,34.92,1300.0,0.2,27.452,-874.1,-2.9421,23.899,50.114
2004,HODL,VanEck Bitcoin Trust,VanEck,HODL,VanEck Bitcoin Trust,BTC-USD,2025-10-09,34.24,1300.0,0.2,27.587,-822.3,-2.9155,24.204,51.296
2005,HODL,VanEck Bitcoin Trust,VanEck,HODL,VanEck Bitcoin Trust,BTC-USD,2025-10-10,32.99,1300.0,0.2,28.174,-1353.2,-3.1317,24.622,54.696
2006,HODL,VanEck Bitcoin Trust,VanEck,HODL,VanEck Bitcoin Trust,BTC-USD,2025-10-13,32.77,1300.0,0.2,27.963,-713.6,-2.8541,24.622,59.538
2007,HODL,VanEck Bitcoin Trust,VanEck,HODL,VanEck Bitcoin Trust,BTC-USD,2025-10-14,31.86,1300.0,0.2,28.174,-462.7,-2.6662,24.622,60.805
2008,HODL,VanEck Bitcoin Trust,VanEck,HODL,VanEck Bitcoin Trust,BTC-USD,2025-10-15,31.47,1300.0,0.2,33.772,-596.7,-2.7765,30.577,62.577
2009,HODL,VanEck Bitcoin Trust,VanEck,HODL,VanEck Bitcoin Trust,BTC-USD,2025-10-16,30.62,1300.0,0.2,28.835,-469.3,-2.6724,25.64,66.325
2010,HODL,VanEck Bitcoin Trust,VanEck,HODL,VanEck Bitcoin Trust,BTC-USD,2025-10-17,30.12,1300.0,0.2,28.835,-467.7,-2.6709,25.64,70.981
2011,HODL,VanEck Bitcoin Trust,VanEck,HODL,VanEck Bitcoin Trust,BTC-USD,2025-10-20,31.35,1300.0,0.2,28.835,-578.7,-2.7632,25.64,72.056
2012,HODL,VanEck Bitcoin Trust,VanEck,HODL,VanEck Bitcoin Trust,BTC-USD,2025-10-21,31.64,1300.0,0.2,31.7,-1364.5,-3.1353,28.73,72.923
2013,HODL,VanEck Bitcoin Trust,VanEck,HODL,VanEck Bitcoin Trust,BTC-USD,2025-10-22,30.48,1300.0,0.2,28.387,-367.2,-2.5661,25.191,75.612
2014,HODL,VanEck Bitcoin Trust,VanEck,HODL,VanEck Bitcoin Trust,BTC-USD,2025-10-23,31.19,1300.0,0.2,28.387,-484.0,-2.6857,25.191,76.401
2015,HODL,VanEck Bitcoin Trust,VanEck,HODL,VanEck Bitcoin Trust,BTC-USD,2025-10-24,31.27,1300.0,0.2,32.603,-156.2,-2.1964,29.633,73.775
2016,HODL,VanEck Bitcoin Trust,VanEck,HODL,VanEck Bitcoin Trust,BTC-USD,2025-10-27,32.51,1300.0,0.2,28.674,-623.1,-2.7952,25.479,73.327
2017,HODL,VanEck Bitcoin Trust,VanEck,HODL,VanEck Bitcoin Trust,BTC-USD,2025-10-28,32.14,1300.0,0.2,31.531,-325.4,-2.5138,28.554,72.474
2018,HODL,VanEck Bitcoin Trust,VanEck,HODL,VanEck Bitcoin Trust,BTC-USD,2025-10-29,31.28,1300.0,0.2,27.184,-492.8,-2.6935,23.989,73.944
2019,HODL,VanEck Bitcoin Trust,VanEck,HODL,VanEck Bitcoin Trust,BTC-USD,2025-10-30,30.08,1300.0,0.2,27.184,93.7,1.9763,23.989,77.556
2020,HODL,VanEck Bitcoin Trust,VanEck,HODL,VanEck Bitcoin Trust,BTC-USD,2025-10-31,31.03,1300.0,0.2,27.184,-317.6,-2.5032,23.989,77.243
2021,HODL,VanEck Bitcoin Trust,VanEck,HODL,VanEck Bitcoin Trust,BTC-USD,2025-11-03,30.14,1300.0,0.2,27.21,-387.2,-2.589,23.989,75.496
2022,HODL,VanEck Bitcoin Trust,VanEck,HODL,VanEck Bitcoin Trust,BTC-USD,2025-11-04,28.49,1300.0,0.2,27.541,-408.7,-2.6125,23.989,76.721
2023,HODL,VanEck Bitcoin Trust,VanEck,HODL,VanEck Bitcoin Trust,BTC-USD,2025-11-05,29.35,1300.0,0.2,33.529,-369.6,-2.5689,29.917,75.017
2024,HODL,VanEck Bitcoin Trust,VanEck,HODL,VanEck Bitcoin Trust,BTC-USD,2025-11-06,28.52,1300.0,0.2,27.582,-339.6,-2.5322,23.676,75.218
2025,HODL,VanEck Bitcoin Trust,VanEck,HODL,VanEck Bitcoin Trust,BTC-USD,2025-11-07,29.34,1300.0,0.2,35.635,-106.4,-2.0311,31.469,74.832
2026,HODL,VanEck Bitcoin Trust,VanEck,HODL,VanEck Bitcoin Trust,BTC-USD,2025-11-10,29.98,1300.0,0.2,34.828,-302.9,-2.4827,30.588,72.644
2027,HODL,VanEck Bitcoin Trust,VanEck,HODL,VanEck Bitcoin Trust,BTC-USD,2025-11-11,29.06,1300.0,0.2,34.969,126.2,2.1045,30.588,67.847
2028,HODL,VanEck Bitcoin Trust,VanEck,HODL,VanEck Bitcoin Trust,BTC-USD,2025-11-12,28.72,1300.0,0.2,40.042,-73.9,-1.8744,35.661,66.717
2029,HODL,VanEck Bitcoin Trust,VanEck,HODL,VanEck Bitcoin Trust,BTC-USD,2025-11-13,27.73,1300.0,0.2,34.584,208.1,2.3205,29.706,65.913
2030,HODL,VanEck Bitcoin Trust,VanEck,HODL,VanEck Bitcoin Trust,BTC-USD,2025-11-14,26.66,1300.0,0.2,34.621,173.5,2.2418,29.706,62.834
2031,HODL,VanEck Bitcoin Trust,VanEck,HODL,VanEck Bitcoin Trust,BTC-USD,2025-11-17,25.97,1300.0,0.2,34.621,179.9,2.2574,29.706,61.803
2032,HODL,VanEck Bitcoin Trust,VanEck,HODL,VanEck Bitcoin Trust,BTC-USD,2025-11-18,26.23,1300.0,0.2,42.24,228.7,2.3611,37.362,60.892
2033,HODL,VanEck Bitcoin Trust,VanEck,HODL,VanEck Bitcoin Trust,BTC-USD,2025-11-19,25.26,1300.0,0.2,39.149,485.5,2.6871,34.271,61.616
2034,HODL,VanEck Bitcoin Trust,VanEck,HODL,VanEck Bitcoin Trust,BTC-USD,2025-11-20,24.4,1300.0,0.2,44.275,329.4,2.519,39.397,61.412
2035,HODL,VanEck Bitcoin Trust,VanEck,HODL,VanEck Bitcoin Trust,BTC-USD,2025-11-21,23.9,1300.0,0.2,44.168,669.6,2.8265,39.397,63.662
2036,HODL,VanEck Bitcoin Trust,VanEck,HODL,VanEck Bitcoin Trust,BTC-USD,2025-11-24,25.21,1300.0,0.2,39.834,264.3,2.4237,34.956,64.009
2037,HODL,VanEck Bitcoin Trust,VanEck,HODL,VanEck Bitcoin Trust,BTC-USD,2025-11-25,24.68,1300.0,0.2,45.685,114.3,2.062,40.915,69.185
2038,HODL,VanEck Bitcoin Trust,VanEck,HODL,VanEck Bitcoin Trust,BTC-USD,2025-11-26,25.42,1300.0,0.2,42.719,314.2,2.4986,37.841,69.053
2039,HODL,VanEck Bitcoin Trust,VanEck,HODL,VanEck Bitcoin Trust,BTC-USD,2025-11-28,25.65,1300.0,0.2,42.719,291.2,2.4657,37.841,67.013
2040,HODL,VanEck Bitcoin Trust,VanEck,HODL,VanEck Bitcoin Trust,BTC-USD,2025-12-01,24.2,1300.0,0.2,42.914,120.0,2.0827,37.841,63.443
2041,HODL,VanEck Bitcoin Trust,VanEck,HODL,VanEck Bitcoin Trust,BTC-USD,2025-12-02,25.75,1300.0,0.2,42.914,404.4,2.6079,37.841,62.879
2042,HODL,VanEck Bitcoin Trust,VanEck,HODL,VanEck Bitcoin Trust,BTC-USD,2025-12-03,26.3,1300.0,0.2,43.351,306.8,2.4882,37.841,61.774
2043,HODL,VanEck Bitcoin Trust,VanEck,HODL,VanEck Bitcoin Trust,BTC-USD,2025-12-04,26.16,1300.0,0.2,45.53,48.1,1.6911,40.652,58.589
2044,HODL,VanEck Bitcoin Trust,VanEck,HODL,VanEck Bitcoin Trust,BTC-USD,2025-12-05,25.26,1300.0,0.2,39.602,158.6,2.203,34.724,58.849
2045,HODL,VanEck Bitcoin Trust,VanEck,HODL,VanEck Bitcoin Trust,BTC-USD,2025-12-08,25.68,1300.0,0.2,43.939,-3.5,-0.6574,39.168,58.656
2046,HODL,VanEck Bitcoin Trust,VanEck,HODL,VanEck Bitcoin Trust,BTC-USD,2025-12-09,26.33,1300.0,0.2,36.455,87.7,1.948,32.074,58.908
2047,HODL,VanEck Bitcoin Trust,VanEck,HODL,VanEck Bitcoin Trust,BTC-USD,2025-12-10,26.16,1300.0,0.2,46.854,177.4,2.2514,42.72,58.495
2048,HODL,VanEck Bitcoin Trust,VanEck,HODL,VanEck Bitcoin Trust,BTC-USD,2025-12-11,25.95,1300.0,0.2,46.663,496.6,2.6969,42.72,60.899
2049,HODL,VanEck Bitcoin Trust,VanEck,HODL,VanEck Bitcoin Trust,BTC-USD,2025-12-12,25.53,1300.0,0.2,50.293,10.3,1.0539,46.35,61.131
2050,HODL,VanEck Bitcoin Trust,VanEck,HODL,VanEck Bitcoin Trust,BTC-USD,2025-12-15,24.26,1300.0,0.2,49.921,720.0,2.8579,46.35,65.531
2051,HODL,VanEck Bitcoin Trust,VanEck,HODL,VanEck Bitcoin Trust,BTC-USD,2025-12-16,24.78,1300.0,0.2,52.249,231.0,2.3655,48.682,69.416
2052,HODL,VanEck Bitcoin Trust,VanEck,HODL,VanEck Bitcoin Trust,BTC-USD,2025-12-17,24.28,1300.0,0.2,54.46,43.1,1.6442,50.893,67.178
2053,HODL,VanEck Bitcoin Trust,VanEck,HODL,VanEck Bitcoin Trust,BTC-USD,2025-12-18,23.94,1300.0,0.2,61.255,332.7,2.5234,57.688,68.746
2054,HODL,VanEck Bitcoin Trust,VanEck,HODL,VanEck Bitcoin Trust,BTC-USD,2025-12-19,24.88,1300.0,0.2,68.39,-222.9,-2.3501,64.822,66.489
2055,HODL,VanEck Bitcoin Trust,VanEck,HODL,VanEck Bitcoin Trust,BTC-USD,2025-12-22,24.98,1300.0,0.2,63.097,184.2,2.2676,59.749,63.867
2056,HODL,VanEck Bitcoin Trust,VanEck,HODL,VanEck Bitcoin Trust,BTC-USD,2025-12-23,24.79,1300.0,0.2,63.097,289.6,2.4633,59.749,61.025
2057,HODL,VanEck Bitcoin Trust,VanEck,HODL,VanEck Bitcoin Trust,BTC-USD,2025-12-24,24.67,1300.0,0.2,64.986,458.4,2.6622,62.193,60.198
2058,HODL,VanEck Bitcoin Trust,VanEck,HODL,VanEck Bitcoin Trust,BTC-USD,2025-12-26,24.74,1300.0,0.2,60.1,167.3,2.2261,57.308,54.955
2059,HODL,VanEck Bitcoin Trust,VanEck,HODL,VanEck Bitcoin Trust,BTC-USD,2025-12-29,24.62,1300.0,0.2,62.98,378.5,2.5792,60.551,54.315
2060,HODL,VanEck Bitcoin Trust,VanEck,HODL,VanEck Bitcoin Trust,BTC-USD,2025-12-30,24.85,1300.0,0.2,62.855,288.3,2.4614,60.551,55.124
2061,HODL,VanEck Bitcoin Trust,VanEck,HODL,VanEck Bitcoin Trust,BTC-USD,2025-12-31,24.73,1300.0,0.2,64.458,463.7,2.6672,62.241,55.515
2062,HODL,VanEck Bitcoin Trust,VanEck,HODL,VanEck Bitcoin Trust,BTC-USD,2026-01-02,25.37,1300.0,0.2,64.429,296.4,2.4733,62.241,59.209
2063,HODL,VanEck Bitcoin Trust,VanEck,HODL,VanEck Bitcoin Trust,BTC-USD,2026-01-05,26.66,1300.0,0.2,64.429,119.6,2.0815,62.241,60.387
2064,HODL,VanEck Bitcoin Trust,VanEck,HODL,VanEck Bitcoin Trust,BTC-USD,2026-01-06,26.14,1300.0,0.2,66.328,517.7,2.7149,64.111,61.453
2065,HODL,VanEck Bitcoin Trust,VanEck,HODL,VanEck Bitcoin Trust,BTC-USD,2026-01-07,25.71,1300.0,0.2,66.328,502.6,2.7021,64.111,59.87
2066,HODL,VanEck Bitcoin Trust,VanEck,HODL,VanEck Bitcoin Trust,BTC-USD,2026-01-08,25.69,1300.0,0.2,61.855,93.2,1.974,59.667,58.888
2067,HODL,VanEck Bitcoin Trust,VanEck,HODL,VanEck Bitcoin Trust,BTC-USD,2026-01-09,25.51,1300.0,0.2,64.934,717.7,2.8565,62.876,58.128
2068,HODL,VanEck Bitcoin Trust,VanEck,HODL,VanEck Bitcoin Trust,BTC-USD,2026-01-12,25.85,1300.0,0.2,61.484,588.0,2.7701,59.296,58.638
2069,HODL,VanEck Bitcoin Trust,VanEck,HODL,VanEck Bitcoin Trust,BTC-USD,2026-01-13,26.72,1300.0,0.2,61.513,543.7,2.7362,59.296,56.853
2070,HODL,VanEck Bitcoin Trust,VanEck,HODL,VanEck Bitcoin Trust,BTC-USD,2026-01-14,27.62,1300.0,0.2,52.81,576.6,2.7616,50.593,57.09
2071,HODL,VanEck Bitcoin Trust,VanEck,HODL,VanEck Bitcoin Trust,BTC-USD,2026-01-15,26.94,1300.0,0.2,56.884,653.9,2.8162,54.668,52.342
2072,HODL,VanEck Bitcoin Trust,VanEck,HODL,VanEck Bitcoin Trust,BTC-USD,2026-01-16,27.03,1300.0,0.2,54.553,481.9,2.6839,52.336,48.702
2073,HODL,VanEck Bitcoin Trust,VanEck,HODL,VanEck Bitcoin Trust,BTC-USD,2026-01-20,25.32,1300.0,0.2,52.342,166.2,2.2233,50.125,47.504
2074,HODL,VanEck Bitcoin Trust,VanEck,HODL,VanEck Bitcoin Trust,BTC-USD,2026-01-21,25.47,1300.0,0.2,37.89,361.8,2.5596,35.673,47.012
2075,HODL,VanEck Bitcoin Trust,VanEck,HODL,VanEck Bitcoin Trust,BTC-USD,2026-01-22,25.26,1300.0,0.2,34.798,578.4,2.763,32.61,47.747
2076,HODL,VanEck Bitcoin Trust,VanEck,HODL,VanEck Bitcoin Trust,BTC-USD,2026-01-23,25.3,1300.0,0.2,39.201,711.8,2.853,37.012,47.728
2077,HODL,VanEck Bitcoin Trust,VanEck,HODL,VanEck Bitcoin Trust,BTC-USD,2026-01-26,24.75,1300.0,0.2,39.201,590.8,2.7721,37.012,47.536
2078,HODL,VanEck Bitcoin Trust,VanEck,HODL,VanEck Bitcoin Trust,BTC-USD,2026-01-27,25.26,1300.0,0.2,42.613,543.8,2.7363,40.425,48.168
2079,HODL,VanEck Bitcoin Trust,VanEck,HODL,VanEck Bitcoin Trust,BTC-USD,2026-01-28,25.18,1300.0,0.2,41.539,530.2,2.7253,39.351,48.276
2080,HODL,VanEck Bitcoin Trust,VanEck,HODL,VanEck Bitcoin Trust,BTC-USD,2026-01-29,23.76,1300.0,0.2,38.69,521.7,2.7182,36.108,49.911
2081,HODL,VanEck Bitcoin Trust,VanEck,HODL,VanEck Bitcoin Trust,BTC-USD,2026-01-30,23.7,1300.0,0.2,38.69,740.4,2.87,36.108,52.044
2082,HODL,VanEck Bitcoin Trust,VanEck,HODL,VanEck Bitcoin Trust,BTC-USD,2026-02-02,22.05,1300.0,0.2,37.0,563.7,2.7518,34.418,63.789
2083,HODL,VanEck Bitcoin Trust,VanEck,HODL,VanEck Bitcoin Trust,BTC-USD,2026-02-03,21.6,1300.0,0.2,37.0,219.7,2.3437,34.418,66.356
2084,HODL,VanEck Bitcoin Trust,VanEck,HODL,VanEck Bitcoin Trust,BTC-USD,2026-02-04,20.75,1300.0,0.2,40.517,272.5,2.4369,37.935,66.984
2085,HODL,VanEck Bitcoin Trust,VanEck,HODL,VanEck Bitcoin Trust,BTC-USD,2026-02-05,18.01,1300.0,0.2,35.835,316.9,2.5023,33.253,69.651
2086,HODL,VanEck Bitcoin Trust,VanEck,HODL,VanEck Bitcoin Trust,BTC-USD,2026-02-06,19.82,1300.0,0.2,41.346,644.2,2.8097,38.764,71.477
2087,HODL,VanEck Bitcoin Trust,VanEck,HODL,VanEck Bitcoin Trust,BTC-USD,2026-02-09,20.02,1300.0,0.2,53.606,251.1,2.4016,51.024,72.765
2088,HODL,VanEck Bitcoin Trust,VanEck,HODL,VanEck Bitcoin Trust,BTC-USD,2026-02-10,19.45,1300.0,0.2,54.714,607.2,2.784,49.145,72.386
2089,HODL,VanEck Bitcoin Trust,VanEck,HODL,VanEck Bitcoin Trust,BTC-USD,2026-02-11,19.09,1300.0,0.2,47.648,392.1,2.5946,42.079,71.962
2090,HODL,VanEck Bitcoin Trust,VanEck,HODL,VanEck Bitcoin Trust,BTC-USD,2026-02-12,18.48,1300.0,0.2,62.625,908.8,2.9589,57.056,72.134
2091,HODL,VanEck Bitcoin Trust,VanEck,HODL,VanEck Bitcoin Trust,BTC-USD,2026-02-13,19.44,1300.0,0.2,62.625,550.9,2.7418,57.056,71.166
2092,HODL,VanEck Bitcoin Trust,VanEck,HODL,VanEck Bitcoin Trust,BTC-USD,2026-02-17,19.15,1300.0,0.2,61.279,431.7,2.6362,56.868,70.884
2093,HODL,VanEck Bitcoin Trust,VanEck,HODL,VanEck Bitcoin Trust,BTC-USD,2026-02-18,18.72,1300.0,0.2,70.984,639.7,2.8067,65.415,69.308
2094,HODL,VanEck Bitcoin Trust,VanEck,HODL,VanEck Bitcoin Trust,BTC-USD,2026-02-19,18.96,1300.0,0.2,74.816,493.1,2.6938,69.364,67.623
2095,HODL,VanEck Bitcoin Trust,VanEck,HODL,VanEck Bitcoin Trust,BTC-USD,2026-02-20,19.15,1300.0,0.2,74.816,586.3,2.7689,69.364,66.092
2096,HODL,VanEck Bitcoin Trust,VanEck,HODL,VanEck Bitcoin Trust,BTC-USD,2026-02-23,18.23,1300.0,0.2,70.863,510.2,2.7086,65.294,66.567
2097,HODL,VanEck Bitcoin Trust,VanEck,HODL,VanEck Bitcoin Trust,BTC-USD,2026-02-24,18.24,1300.0,0.2,66.408,429.6,2.634,60.838,66.714
2098,HODL,VanEck Bitcoin Trust,VanEck,HODL,VanEck Bitcoin Trust,BTC-USD,2026-02-25,19.57,1300.0,0.2,66.408,196.5,2.2956,60.838,67.197
2099,HODL,VanEck Bitcoin Trust,VanEck,HODL,VanEck Bitcoin Trust,BTC-USD,2026-02-26,19.07,1300.0,0.2,67.821,355.3,2.5518,62.369,68.642
2100,HODL,VanEck Bitcoin Trust,VanEck,HODL,VanEck Bitcoin Trust,BTC-USD,2026-02-27,18.55,1300.0,0.2,67.938,722.0,2.8591,62.369,68.928
2101,HODL,VanEck Bitcoin Trust,VanEck,HODL,VanEck Bitcoin Trust,BTC-USD,2026-03-02,19.55,1300.0,0.2,67.938,256.4,2.4106,62.369,69.751
2102,HODL,VanEck Bitcoin Trust,VanEck,HODL,VanEck Bitcoin Trust,BTC-USD,2026-03-03,19.3,1300.0,0.2,81.694,376.5,2.577,76.124,68.442
2103,HODL,VanEck Bitcoin Trust,VanEck,HODL,VanEck Bitcoin Trust,BTC-USD,2026-03-04,20.68,1300.0,0.2,82.935,214.8,2.334,76.124,58.063
2104,HODL,VanEck Bitcoin Trust,VanEck,HODL,VanEck Bitcoin Trust,BTC-USD,2026-03-05,20.15,1300.0,0.2,84.443,405.4,2.609,77.632,52.002
2105,HODL,VanEck Bitcoin Trust,VanEck,HODL,VanEck Bitcoin Trust,BTC-USD,2026-03-06,19.27,1300.0,0.2,81.226,279.0,2.4472,74.115,50.162
2106,HODL,VanEck Bitcoin Trust,VanEck,HODL,VanEck Bitcoin Trust,BTC-USD,2026-03-09,19.52,1300.0,0.2,81.72,441.0,2.6454,74.909,46.891
2107,HODL,VanEck Bitcoin Trust,VanEck,HODL,VanEck Bitcoin Trust,BTC-USD,2026-03-10,19.82,1300.0,0.2,74.85,406.1,2.6097,69.398,46.216
2108,HODL,VanEck Bitcoin Trust,VanEck,HODL,VanEck Bitcoin Trust,BTC-USD,2026-03-11,19.97,1300.0,0.2,70.521,284.1,2.455,65.069,45.909
2109,HODL,VanEck Bitcoin Trust,VanEck,HODL,VanEck Bitcoin Trust,BTC-USD,2026-03-12,19.92,1300.0,0.2,69.395,423.0,2.6273,64.285,45.853
2110,HODL,VanEck Bitcoin Trust,VanEck,HODL,VanEck Bitcoin Trust,BTC-USD,2026-03-13,20.135,1300.0,0.2,69.395,246.4,2.3935,64.285,45.859
2111,HODL,VanEck Bitcoin Trust,VanEck,HODL,VanEck Bitcoin Trust,BTC-USD,2026-03-16,20.93,1300.0,0.2,54.418,808.5,2.9082,49.308,46.446
2112,HODL,VanEck Bitcoin Trust,VanEck,HODL,VanEck Bitcoin Trust,BTC-USD,2026-03-17,21.1,1300.0,0.2,56.538,236.6,2.3759,52.502,46.458
2113,HODL,VanEck Bitcoin Trust,VanEck,HODL,VanEck Bitcoin Trust,BTC-USD,2026-03-18,20.09,1300.0,0.2,53.724,554.3,2.7445,48.615,46.325
2114,HODL,VanEck Bitcoin Trust,VanEck,HODL,VanEck Bitcoin Trust,BTC-USD,2026-03-19,19.86,1300.0,0.2,44.07,279.0,2.4471,40.069,46.58
2115,HODL,VanEck Bitcoin Trust,VanEck,HODL,VanEck Bitcoin Trust,BTC-USD,2026-03-20,19.84,1300.0,0.2,44.926,652.6,2.8153,41.341,46.584
2116,HODL,VanEck Bitcoin Trust,VanEck,HODL,VanEck Bitcoin Trust,BTC-USD,2026-03-23,19.98,1300.0,0.2,44.926,453.9,2.6579,41.341,46.458
2117,HODL,VanEck Bitcoin Trust,VanEck,HODL,VanEck Bitcoin Trust,BTC-USD,2026-03-24,19.6,1300.0,0.2,44.926,700.8,2.8462,41.341,45.47
2118,HODL,VanEck Bitcoin Trust,VanEck,HODL,VanEck Bitcoin Trust,BTC-USD,2026-03-25,20.05,1300.0,0.2,45.342,496.8,2.6971,41.341,45.372
2119,HODL,VanEck Bitcoin Trust,VanEck,HODL,VanEck Bitcoin Trust,BTC-USD,2026-03-26,19.36,1300.0,0.2,45.342,618.7,2.7922,41.341,44.77
2120,HODL,VanEck Bitcoin Trust,VanEck,HODL,VanEck Bitcoin Trust,BTC-USD,2026-03-27,18.66,1300.0,0.2,39.063,645.9,2.8108,33.954,43.837
2121,HODL,VanEck Bitcoin Trust,VanEck,HODL,VanEck Bitcoin Trust,BTC-USD,2026-03-30,18.81,1300.0,0.2,37.539,441.5,2.6459,33.954,43.257
2122,HODL,VanEck Bitcoin Trust,VanEck,HODL,VanEck Bitcoin Trust,BTC-USD,2026-03-31,19.16,1300.0,0.2,45.266,648.7,2.8127,41.681,42.051
2123,HODL,VanEck Bitcoin Trust,VanEck,HODL,VanEck Bitcoin Trust,BTC-USD,2026-04-01,19.28,1300.0,0.2,31.51,544.2,2.7366,27.925,41.867
2124,HODL,VanEck Bitcoin Trust,VanEck,HODL,VanEck Bitcoin Trust,BTC-USD,2026-04-02,18.95,1300.0,0.2,31.51,344.8,2.5389,27.925,39.197
2125,HODL,VanEck Bitcoin Trust,VanEck,HODL,VanEck Bitcoin Trust,BTC-USD,2026-04-06,19.725,1300.0,0.2,30.003,369.9,2.5692,26.417,38.746
2126,HODL,VanEck Bitcoin Trust,VanEck,HODL,VanEck Bitcoin Trust,BTC-USD,2026-04-07,19.51,1300.0,0.2,29.62,1455.4,3.1633,26.417,39.171
2127,HODL,VanEck Bitcoin Trust,VanEck,HODL,VanEck Bitcoin Trust,BTC-USD,2026-04-08,20.18,1300.0,0.2,29.208,594.0,2.7745,25.623,38.022
2128,HODL,VanEck Bitcoin Trust,VanEck,HODL,VanEck Bitcoin Trust,BTC-USD,2026-04-09,20.41,1300.0,0.2,40.645,441.0,2.6455,37.059,37.323
2129,HODL,VanEck Bitcoin Trust,VanEck,HODL,VanEck Bitcoin Trust,BTC-USD,2026-04-10,20.75,1300.0,0.2,32.929,415.7,2.6198,29.129,36.204
2130,HODL,VanEck Bitcoin Trust,VanEck,HODL,VanEck Bitcoin Trust,BTC-USD,2026-04-13,20.76,1300.0,0.2,37.173,649.7,2.8134,33.373,35.579
2131,HODL,VanEck Bitcoin Trust,VanEck,HODL,VanEck Bitcoin Trust,BTC-USD,2026-04-14,21.02,1300.0,0.2,37.173,862.6,2.9363,33.373,35.25
2132,HODL,VanEck Bitcoin Trust,VanEck,HODL,VanEck Bitcoin Trust,BTC-USD,2026-04-15,21.225,1300.0,0.2,41.445,376.0,2.5763,37.645,33.327
2133,HODL,VanEck Bitcoin Trust,VanEck,HODL,VanEck Bitcoin Trust,BTC-USD,2026-04-16,21.32,1300.0,0.2,46.813,139.6,2.1481,43.013,32.903
2134,HODL,VanEck Bitcoin Trust,VanEck,HODL,VanEck Bitcoin Trust,BTC-USD,2026-04-17,21.92,1300.0,0.2,46.813,183.8,2.2668,43.013,33.232
2135,HODL,VanEck Bitcoin Trust,VanEck,HODL,VanEck Bitcoin Trust,BTC-USD,2026-04-20,21.57,1300.0,0.2,48.308,68.3,1.8406,43.013,32.543
2136,HODL,VanEck Bitcoin Trust,VanEck,HODL,VanEck Bitcoin Trust,BTC-USD,2026-04-21,21.21,1300.0,0.2,53.87,473.6,2.6763,47.539,32.518
2137,HODL,VanEck Bitcoin Trust,VanEck,HODL,VanEck Bitcoin Trust,BTC-USD,2026-04-22,22.31,1300.0,0.2,54.251,40.0,1.6132,47.539,32.232
2138,HODL,VanEck Bitcoin Trust,VanEck,HODL,VanEck Bitcoin Trust,BTC-USD,2026-04-23,21.985,1300.0,0.2,54.251,868.1,2.9391,47.539,32.134
2139,HODL,VanEck Bitcoin Trust,VanEck,HODL,VanEck Bitcoin Trust,BTC-USD,2026-04-24,21.97,1300.0,0.2,57.374,67.1,1.833,51.042,31.535
2140,HODL,VanEck Bitcoin Trust,VanEck,HODL,VanEck Bitcoin Trust,BTC-USD,2026-04-27,21.74,1300.0,0.2,58.366,333.3,2.5242,53.766,31.296
2141,HODL,VanEck Bitcoin Trust,VanEck,HODL,VanEck Bitcoin Trust,BTC-USD,2026-04-28,21.59,1300.0,0.2,58.366,123.9,2.0967,53.766,29.658
2142,HODL,VanEck Bitcoin Trust,VanEck,HODL,VanEck Bitcoin Trust,BTC-USD,2026-04-29,21.34,1300.0,0.2,60.459,509.4,2.7079,55.859,29.645
2143,HODL,VanEck Bitcoin Trust,VanEck,HODL,VanEck Bitcoin Trust,BTC-USD,2026-04-30,21.6,1300.0,0.2,55.777,349.1,2.5442,49.446,28.029
2144,HODL,VanEck Bitcoin Trust,VanEck,HODL,VanEck Bitcoin Trust,BTC-USD,2026-05-01,22.19,1300.0,0.2,55.923,180.3,2.2583,49.446,26.576
2145,HODL,VanEck Bitcoin Trust,VanEck,HODL,VanEck Bitcoin Trust,BTC-USD,2026-05-04,22.63,1300.0,0.2,56.005,-321.0,-2.5079,49.446,26.703
2146,HODL,VanEck Bitcoin Trust,VanEck,HODL,VanEck Bitcoin Trust,BTC-USD,2026-05-05,23.09,1300.0,0.2,56.005,-44.7,-1.6602,49.446,26.193
2147,HODL,VanEck Bitcoin Trust,VanEck,HODL,VanEck Bitcoin Trust,BTC-USD,2026-05-06,23.04,1300.0,0.2,57.624,43.6,1.6492,51.065,24.866
2148,HODL,VanEck Bitcoin Trust,VanEck,HODL,VanEck Bitcoin Trust,BTC-USD,2026-05-07,22.67,1300.0,0.2,57.624,-218.0,-2.3404,51.065,24.907
2149,HODL,VanEck Bitcoin Trust,VanEck,HODL,VanEck Bitcoin Trust,BTC-USD,2026-05-08,22.68,1300.0,0.2,49.96,-6.8,-0.893,43.4,23.963
2150,HODL,VanEck Bitcoin Trust,VanEck,HODL,VanEck Bitcoin Trust,BTC-USD,2026-05-11,23.18,1300.0,0.2,49.877,-178.0,-2.2528,43.4,24.937
2151,HODL,VanEck Bitcoin Trust,VanEck,HODL,VanEck Bitcoin Trust,BTC-USD,2026-05-12,22.85,1300.0,0.2,44.166,2.9,0.5886,37.606,24.427
2152,HODL,VanEck Bitcoin Trust,VanEck,HODL,VanEck Bitcoin Trust,BTC-USD,2026-05-13,22.5,1300.0,0.2,44.166,-13.0,-1.1453,37.606,24.074
2153,HODL,VanEck Bitcoin Trust,VanEck,HODL,VanEck Bitcoin Trust,BTC-USD,2026-05-14,23.03,1300.0,0.2,39.894,-141.5,-2.1539,33.334,24.323
2154,HODL,VanEck Bitcoin Trust,VanEck,HODL,VanEck Bitcoin Trust,BTC-USD,2026-05-15,22.36,1300.0,0.2,31.339,-14.7,-1.1953,24.772,24.029
2155,HODL,VanEck Bitcoin Trust,VanEck,HODL,VanEck Bitcoin Trust,BTC-USD,2026-05-18,21.72,1300.0,0.2,31.339,-284.3,-2.4553,24.772,23.107
2156,HODL,VanEck Bitcoin Trust,VanEck,HODL,VanEck Bitcoin Trust,BTC-USD,2026-05-19,21.71,1300.0,0.2,35.803,-97.2,-1.9922,29.244,22.781
2157,HODL,VanEck Bitcoin Trust,VanEck,HODL,VanEck Bitcoin Trust,BTC-USD,2026-05-20,21.96,1300.0,0.2,26.056,-216.1,-2.3367,19.496,22.316
2158,HODL,VanEck Bitcoin Trust,VanEck,HODL,VanEck Bitcoin Trust,BTC-USD,2026-05-21,21.95,1300.0,0.2,30.464,-160.9,-2.2091,23.987,21.356
2159,HODL,VanEck Bitcoin Trust,VanEck,HODL,VanEck Bitcoin Trust,BTC-USD,2026-05-22,21.44,1300.0,0.2,30.546,-635.3,-2.8037,23.987,20.273
2160,HODL,VanEck Bitcoin Trust,VanEck,HODL,VanEck Bitcoin Trust,BTC-USD,2026-05-26,21.46,1300.0,0.2,34.428,-260.2,-2.417,27.868,20.72
2161,HODL,VanEck Bitcoin Trust,VanEck,HODL,VanEck Bitcoin Trust,BTC-USD,2026-05-27,21.18,1300.0,0.2,31.705,-430.6,-2.6351,25.145,20.745
2162,HODL,VanEck Bitcoin Trust,VanEck,HODL,VanEck Bitcoin Trust,BTC-USD,2026-05-28,20.74,1300.0,0.2,31.712,159.3,2.2049,25.145,21.175
2163,HODL,VanEck Bitcoin Trust,VanEck,HODL,VanEck Bitcoin Trust,BTC-USD,2026-05-29,20.76,1300.0,0.2,34.758,-120.9,-2.0859,28.191,20.737
2164,HODL,VanEck Bitcoin Trust,VanEck,HODL,VanEck Bitcoin Trust,BTC-USD,2026-06-01,20.21,1300.0,0.2,33.444,-162.1,-2.2123,26.877,21.403
2165,HODL,VanEck Bitcoin Trust,VanEck,HODL,VanEck Bitcoin Trust,BTC-USD,2026-06-02,19.01,1300.0,0.2,33.444,14.1,1.1789,26.877,21.615
2166,HODL,VanEck Bitcoin Trust,VanEck,HODL,VanEck Bitcoin Trust,BTC-USD,2026-06-03,18.48,1300.0,0.2,34.326,-282.5,-2.4525,26.877,21.869
2167,HODL,VanEck Bitcoin Trust,VanEck,HODL,VanEck Bitcoin Trust,BTC-USD,2026-06-04,17.97,1300.0,0.2,34.893,359.3,2.5567,26.877,21.998
2168,HODL,VanEck Bitcoin Trust,VanEck,HODL,VanEck Bitcoin Trust,BTC-USD,2026-06-05,17.05,1300.0,0.2,33.275,574.0,2.7597,25.259,25.112
2169,HODL,VanEck Bitcoin Trust,VanEck,HODL,VanEck Bitcoin Trust,BTC-USD,2026-06-08,17.92,1300.0,0.2,33.647,386.0,2.5877,25.259,25.285
2170,HODL,VanEck Bitcoin Trust,VanEck,HODL,VanEck Bitcoin Trust,BTC-USD,2026-06-09,17.54,1300.0,0.2,30.193,293.1,2.4686,21.487,25.65
2171,HODL,VanEck Bitcoin Trust,VanEck,HODL,VanEck Bitcoin Trust,BTC-USD,2026-06-10,17.5,1300.0,0.2,32.153,340.1,2.5329,23.447,25.352
2172,HODL,VanEck Bitcoin Trust,VanEck,HODL,VanEck Bitcoin Trust,BTC-USD,2026-06-11,17.97,1300.0,0.2,32.153,489.1,2.6903,23.447,25.602
2173,HODL,VanEck Bitcoin Trust,VanEck,HODL,VanEck Bitcoin Trust,BTC-USD,2026-06-12,17.97,1300.0,0.2,33.112,496.1,2.6965,23.715,25.441
2174,HODL,VanEck Bitcoin Trust,VanEck,HODL,VanEck Bitcoin Trust,BTC-USD,2026-06-15,18.84,1300.0,0.2,33.112,56.0,1.7559,23.715,25.274
2175,HODL,VanEck Bitcoin Trust,VanEck,HODL,VanEck Bitcoin Trust,BTC-USD,2026-06-16,18.56,1300.0,0.2,33.112,312.1,2.4956,23.715,24.918
2176,HODL,VanEck Bitcoin Trust,VanEck,HODL,VanEck Bitcoin Trust,BTC-USD,2026-06-17,18.15,1300.0,0.2,36.029,252.7,2.4043,26.632,24.824
2177,HODL,VanEck Bitcoin Trust,VanEck,HODL,VanEck Bitcoin Trust,BTC-USD,2026-06-18,17.8,1300.0,0.2,31.558,310.7,2.4937,22.161,26.447
2178,HODL,VanEck Bitcoin Trust,VanEck,HODL,VanEck Bitcoin Trust,BTC-USD,2026-06-22,18.21,1300.0,0.2,31.558,132.7,2.1261,22.161,27.239
2179,HODL,VanEck Bitcoin Trust,VanEck,HODL,VanEck Bitcoin Trust,BTC-USD,2026-06-23,17.62,1300.0,0.2,27.992,290.9,2.4652,17.67,27.479
2180,HODL,VanEck Bitcoin Trust,VanEck,HODL,VanEck Bitcoin Trust,BTC-USD,2026-06-24,16.92,1300.0,0.2,27.992,771.8,2.8881,17.67,28.267
2181,HODL,VanEck Bitcoin Trust,VanEck,HODL,VanEck Bitcoin Trust,BTC-USD,2026-06-25,16.74,1300.0,0.2,26.98,590.5,2.772,16.658,30.668
2182,HODL,VanEck Bitcoin Trust,VanEck,HODL,VanEck Bitcoin Trust,BTC-USD,2026-06-26,16.87,1300.0,0.2,35.485,613.0,2.7881,25.164,30.492
2183,HODL,VanEck Bitcoin Trust,VanEck,HODL,VanEck Bitcoin Trust,BTC-USD,2026-06-29,17.07,1300.0,0.2,45.28,273.8,2.4389,35.882,31.664
2184,HODL,VanEck Bitcoin Trust,VanEck,HODL,VanEck Bitcoin Trust,BTC-USD,2026-06-30,16.61,1300.0,0.2,41.065,452.4,2.6565,30.743,31.673
2185,HODL,VanEck Bitcoin Trust,VanEck,HODL,VanEck Bitcoin Trust,BTC-USD,2026-07-01,16.96,1300.0,0.2,41.905,419.7,2.624,30.743,30.86
2186,HODL,VanEck Bitcoin Trust,VanEck,HODL,VanEck Bitcoin Trust,BTC-USD,2026-07-02,17.37,1300.0,0.2,41.102,329.4,2.519,30.743,30.214
2187,HODL,VanEck Bitcoin Trust,VanEck,HODL,VanEck Bitcoin Trust,BTC-USD,2026-07-06,18.01,1300.0,0.2,42.913,521.8,2.7183,31.75,29.603
2188,HODL,VanEck Bitcoin Trust,VanEck,HODL,VanEck Bitcoin Trust,BTC-USD,2026-07-07,18.05,1300.0,0.2,45.346,234.4,2.3718,34.184,28.695
2189,HODL,VanEck Bitcoin Trust,VanEck,HODL,VanEck Bitcoin Trust,BTC-USD,2026-07-08,17.59,1300.0,0.2,45.346,567.3,2.7546,34.184,26.136
2190,HODL,VanEck Bitcoin Trust,VanEck,HODL,VanEck Bitcoin Trust,BTC-USD,2026-07-09,17.88,1300.0,0.2,45.346,184.9,2.2694,34.184,25.434
2191,HODL,VanEck Bitcoin Trust,VanEck,HODL,VanEck Bitcoin Trust,BTC-USD,2026-07-10,18.08,1300.0,0.2,45.346,472.7,2.6755,34.184,25.028
2192,HODL,VanEck Bitcoin Trust,VanEck,HODL,VanEck Bitcoin Trust,BTC-USD,2026-07-13,17.59,1300.0,0.2,43.399,460.0,2.6637,32.223,24.443
2193,HODL,VanEck Bitcoin Trust,VanEck,HODL,VanEck Bitcoin Trust,BTC-USD,2026-07-14,18.26,1300.0,0.2,43.399,556.2,2.746,32.223,24.651
2194,HODL,VanEck Bitcoin Trust,VanEck,HODL,VanEck Bitcoin Trust,BTC-USD,2026-07-15,18.36,1300.0,0.2,43.118,478.5,2.6808,31.956,24.173
2195,HODL,VanEck Bitcoin Trust,VanEck,HODL,VanEck Bitcoin Trust,BTC-USD,2026-07-16,18.16,1300.0,0.2,42.364,154.3,2.1912,31.956,23.933
2196,HODL,VanEck Bitcoin Trust,VanEck,HODL,VanEck Bitcoin Trust,BTC-USD,2026-07-17,18.13,1300.0,0.2,42.315,537.0,2.7308,31.956,23.945
2197,HODL,VanEck Bitcoin Trust,VanEck,HODL,VanEck Bitcoin Trust,BTC-USD,2026-07-20,18.42,1300.0,0.2,38.918,427.8,2.6322,29.039,23.793
2198,HODL,VanEck Bitcoin Trust,VanEck,HODL,VanEck Bitcoin Trust,BTC-USD,2026-07-21,18.795,1300.0,0.2,39.398,481.4,2.6834,29.039,22.278
2199,HODL,VanEck Bitcoin Trust,VanEck,HODL,VanEck Bitcoin Trust,BTC-USD,2026-07-22,18.65,1300.0,0.2,39.398,814.4,2.9114,29.039,21.479
2200,HODL,VanEck Bitcoin Trust,VanEck,HODL,VanEck Bitcoin Trust,BTC-USD,2026-07-23,18.325,1300.0,0.2,39.398,718.4,2.857,29.039,21.344
2201,HODL,VanEck Bitcoin Trust,VanEck,HODL,VanEck Bitcoin Trust,BTC-USD,2026-07-24,18.15,1300.0,0.2,38.918,433.2,2.6377,29.039,20.519
2202,HODL,VanEck Bitcoin Trust,VanEck,HODL,VanEck Bitcoin Trust,BTC-USD,2026-07-27,18.36,1300.0,0.2,32.544,109.2,2.0422,22.665,17.574
2203,HODL,VanEck Bitcoin Trust,VanEck,HODL,VanEck Bitcoin Trust,BTC-USD,2026-07-28,18.045,1300.0,0.2,24.039,343.6,2.5373,14.16,17.513
2204,HODL,VanEck Bitcoin Trust,VanEck,HODL,VanEck Bitcoin Trust,BTC-USD,2026-07-29,17.96,1300.0,0.2,13.32,665.5,2.8238,3.441,16.471
2205,HODL,VanEck Bitcoin Trust,VanEck,HODL,VanEck Bitcoin Trust,BTC-USD,2026-07-30,18.31,1300.0,0.2,12.872,449.0,2.6532,3.441,16.592
2206,HODL,VanEck Bitcoin Trust,VanEck,HODL,VanEck Bitcoin Trust,BTC-USD,2026-07-31,17.78,1300.0,0.2,12.872,358.5,2.5557,3.441,17.334
2207,HODL,VanEck Bitcoin Trust,VanEck,HODL,VanEck Bitcoin Trust,BTC-USD,2026-08-03,18.05,1300.0,0.2,20.527,313.1,2.4971,11.128,17.754
2208,HODL,VanEck Bitcoin Trust,VanEck,HODL,VanEck Bitcoin Trust,BTC-USD,2026-08-04,18.16,1300.0,0.2,19.202,279.2,2.4474,10.121,18.214
2209,HODL,VanEck Bitcoin Trust,VanEck,HODL,VanEck Bitcoin Trust,BTC-USD,2026-08-05,18.33,1300.0,0.2,17.281,629.8,2.7999,8.2,18.749
2210,HODL,VanEck Bitcoin Trust,VanEck,HODL,VanEck Bitcoin Trust,BTC-USD,2026-08-06,18.21,1300.0,0.2,21.733,551.6,2.7424,12.754,18.373
2211,HODL,VanEck Bitcoin Trust,VanEck,HODL,VanEck Bitcoin Trust,BTC-USD,2026-08-07,18.35,1300.0,0.2,21.665,700.6,2.8461,12.754,18.799
2212,HODL,VanEck Bitcoin Trust,VanEck,HODL,VanEck Bitcoin Trust,BTC-USD,2026-08-10,18.09,1300.0,0.2,20.555,386.0,2.5877,12.754,19.25
2213,HODL,VanEck Bitcoin Trust,VanEck,HODL,VanEck Bitcoin Trust,BTC-USD,2026-08-11,17.95,1300.0,0.2,19.324,747.1,2.874,12.754,18.669
2214,HODL,VanEck Bitcoin Trust,VanEck,HODL,VanEck Bitcoin Trust,BTC-USD,2026-08-12,17.92,1300.0,0.2,23.699,516.0,2.7135,17.423,17.941
2215,HODL,VanEck Bitcoin Trust,VanEck,HODL,VanEck Bitcoin Trust,BTC-USD,2026-08-13,17.91,1300.0,0.2,26.6,650.5,2.8139,20.324,17.657
2216,HODL,VanEck Bitcoin Trust,VanEck,HODL,VanEck Bitcoin Trust,BTC-USD,2026-08-14,17.785,1300.0,0.2,26.288,227.2,2.3583,20.324,17.734
2217,HODL,VanEck Bitcoin Trust,VanEck,HODL,VanEck Bitcoin Trust,BTC-USD,2026-08-17,18.16,1300.0,0.2,26.288,548.5,2.74,20.324,19.976
2218,HODL,VanEck Bitcoin Trust,VanEck,HODL,VanEck Bitcoin Trust,BTC-USD,2026-08-18,18.27,1300.0,0.2,26.098,560.6,2.7494,20.324,19.789
2219,HODL,VanEck Bitcoin Trust,VanEck,HODL,VanEck Bitcoin Trust,BTC-USD,2026-08-19,19.37,1300.0,0.2,26.098,558.2,2.7476,20.324,21.343
2220,HODL,VanEck Bitcoin Trust,VanEck,HODL,VanEck Bitcoin Trust,BTC-USD,2026-08-20,20.57,1300.0,0.2,26.098,492.0,2.6928,20.324,22.29
2221,HODL,VanEck Bitcoin Trust,VanEck,HODL,VanEck Bitcoin Trust,BTC-USD,2026-08-21,21.78,1300.0,0.2,26.098,597.1,2.7768,20.324,23.274
2222,HODL,VanEck Bitcoin Trust,VanEck,HODL,VanEck Bitcoin Trust,BTC-USD,2026-08-24,22.28,1300.0,0.2,26.098,282.7,2.4529,20.324,24.326
2223,HODL,VanEck Bitcoin Trust,VanEck,HODL,VanEck Bitcoin Trust,BTC-USD,2026-08-25,22.33,1300.0,0.2,31.884,309.7,2.4924,27.157,24.623
2224,HODL,VanEck Bitcoin Trust,VanEck,HODL,VanEck Bitcoin Trust,BTC-USD,2026-08-26,22.2,1300.0,0.2,31.884,815.5,2.912,27.157,24.329
2225,HODL,VanEck Bitcoin Trust,VanEck,HODL,VanEck Bitcoin Trust,BTC-USD,2026-08-27,22.59,1300.0,0.2,31.884,326.0,2.5146,27.157,26.675
2226,BTCO,Invesco Galaxy Bitcoin ETF,Invesco / Galaxy,BTCO,Invesco Galaxy Bitcoin ETF,BTC-USD,2025-03-07,86.82,800.0,0.25,93.355,-526.8,-2.7224,84.987,32.381
2227,BTCO,Invesco Galaxy Bitcoin ETF,Invesco / Galaxy,BTCO,Invesco Galaxy Bitcoin ETF,BTC-USD,2025-03-10,79.1,800.0,0.25,85.719,-631.4,-2.801,76.6,32.545
2228,BTCO,Invesco Galaxy Bitcoin ETF,Invesco / Galaxy,BTCO,Invesco Galaxy Bitcoin ETF,BTC-USD,2025-03-11,82.88,800.0,0.25,84.63,-510.0,-2.7085,75.511,34.042
2229,BTCO,Invesco Galaxy Bitcoin ETF,Invesco / Galaxy,BTCO,Invesco Galaxy Bitcoin ETF,BTC-USD,2025-03-12,82.77,800.0,0.25,93.509,-282.2,-2.4521,84.39,30.372
2230,BTCO,Invesco Galaxy Bitcoin ETF,Invesco / Galaxy,BTCO,Invesco Galaxy Bitcoin ETF,BTC-USD,2025-03-13,79.97,800.0,0.25,98.937,-222.9,-2.3501,89.818,29.892
2231,BTCO,Invesco Galaxy Bitcoin ETF,Invesco / Galaxy,BTCO,Invesco Galaxy Bitcoin ETF,BTC-USD,2025-03-14,84.46,800.0,0.25,88.503,-603.4,-2.7813,79.009,28.991
2232,BTCO,Invesco Galaxy Bitcoin ETF,Invesco / Galaxy,BTCO,Invesco Galaxy Bitcoin ETF,BTC-USD,2025-03-17,84.4,800.0,0.25,94.073,-591.5,-2.7727,84.579,29.114
2233,BTCO,Invesco Galaxy Bitcoin ETF,Invesco / Galaxy,BTCO,Invesco Galaxy Bitcoin ETF,BTC-USD,2025-03-18,82.14,800.0,0.25,94.661,-696.6,-2.8436,84.579,29.622
2234,BTCO,Invesco Galaxy Bitcoin ETF,Invesco / Galaxy,BTCO,Invesco Galaxy Bitcoin ETF,BTC-USD,2025-03-19,85.32,800.0,0.25,94.661,-352.9,-2.5489,84.579,29.178
2235,BTCO,Invesco Galaxy Bitcoin ETF,Invesco / Galaxy,BTCO,Invesco Galaxy Bitcoin ETF,BTC-USD,2025-03-20,84.02,800.0,0.25,103.781,-669.7,-2.8265,93.698,29.167
2236,BTCO,Invesco Galaxy Bitcoin ETF,Invesco / Galaxy,BTCO,Invesco Galaxy Bitcoin ETF,BTC-USD,2025-03-21,83.8,800.0,0.25,103.192,-1008.7,-3.0042,93.698,28.893
2237,BTCO,Invesco Galaxy Bitcoin ETF,Invesco / Galaxy,BTCO,Invesco Galaxy Bitcoin ETF,BTC-USD,2025-03-24,88.08,800.0,0.25,98.805,-550.9,-2.7419,89.311,27.46
2238,BTCO,Invesco Galaxy Bitcoin ETF,Invesco / Galaxy,BTCO,Invesco Galaxy Bitcoin ETF,BTC-USD,2025-03-25,88.01,800.0,0.25,102.883,-736.9,-2.868,93.708,27.264
2239,BTCO,Invesco Galaxy Bitcoin ETF,Invesco / Galaxy,BTCO,Invesco Galaxy Bitcoin ETF,BTC-USD,2025-03-26,86.4,800.0,0.25,103.791,-407.0,-2.6106,93.708,21.167
2240,BTCO,Invesco Galaxy Bitcoin ETF,Invesco / Galaxy,BTCO,Invesco Galaxy Bitcoin ETF,BTC-USD,2025-03-27,86.85,800.0,0.25,110.389,-417.3,-2.6215,100.306,19.52
2241,BTCO,Invesco Galaxy Bitcoin ETF,Invesco / Galaxy,BTCO,Invesco Galaxy Bitcoin ETF,BTC-USD,2025-03-28,83.71,800.0,0.25,96.663,-323.2,-2.5108,85.562,18.625
2242,BTCO,Invesco Galaxy Bitcoin ETF,Invesco / Galaxy,BTCO,Invesco Galaxy Bitcoin ETF,BTC-USD,2025-03-31,82.22,800.0,0.25,91.847,-502.2,-2.7017,80.546,18.136
2243,BTCO,Invesco Galaxy Bitcoin ETF,Invesco / Galaxy,BTCO,Invesco Galaxy Bitcoin ETF,BTC-USD,2025-04-01,84.82,800.0,0.25,92.414,-400.5,-2.6036,80.546,17.846
2244,BTCO,Invesco Galaxy Bitcoin ETF,Invesco / Galaxy,BTCO,Invesco Galaxy Bitcoin ETF,BTC-USD,2025-04-02,86.73,800.0,0.25,94.181,-1394.3,-3.1447,80.546,16.192
2245,BTCO,Invesco Galaxy Bitcoin ETF,Invesco / Galaxy,BTCO,Invesco Galaxy Bitcoin ETF,BTC-USD,2025-04-03,81.78,800.0,0.25,94.786,79.9,1.9081,80.546,15.277
2246,BTCO,Invesco Galaxy Bitcoin ETF,Invesco / Galaxy,BTCO,Invesco Galaxy Bitcoin ETF,BTC-USD,2025-04-04,83.77,800.0,0.25,84.994,-696.4,-2.8435,70.754,15.87
2247,BTCO,Invesco Galaxy Bitcoin ETF,Invesco / Galaxy,BTCO,Invesco Galaxy Bitcoin ETF,BTC-USD,2025-04-07,77.93,800.0,0.25,74.707,-66.7,-1.8303,59.223,16.868
2248,BTCO,Invesco Galaxy Bitcoin ETF,Invesco / Galaxy,BTCO,Invesco Galaxy Bitcoin ETF,BTC-USD,2025-04-08,76.6,800.0,0.25,93.741,-366.9,-2.5658,79.502,16.53
2249,BTCO,Invesco Galaxy Bitcoin ETF,Invesco / Galaxy,BTCO,Invesco Galaxy Bitcoin ETF,BTC-USD,2025-04-09,82.07,800.0,0.25,93.241,-34.3,-1.5478,77.758,14.916
2250,BTCO,Invesco Galaxy Bitcoin ETF,Invesco / Galaxy,BTCO,Invesco Galaxy Bitcoin ETF,BTC-USD,2025-04-10,79.4,800.0,0.25,99.633,-361.4,-2.5592,79.704,14.984
2251,BTCO,Invesco Galaxy Bitcoin ETF,Invesco / Galaxy,BTCO,Invesco Galaxy Bitcoin ETF,BTC-USD,2025-04-11,83.68,800.0,0.25,94.204,-501.9,-2.7015,74.276,14.987
2252,BTCO,Invesco Galaxy Bitcoin ETF,Invesco / Galaxy,BTCO,Invesco Galaxy Bitcoin ETF,BTC-USD,2025-04-14,84.74,800.0,0.25,94.204,-841.2,-2.9254,74.276,14.65
2253,BTCO,Invesco Galaxy Bitcoin ETF,Invesco / Galaxy,BTCO,Invesco Galaxy Bitcoin ETF,BTC-USD,2025-04-15,83.91,800.0,0.25,93.419,-407.2,-2.6108,73.195,14.191
2254,BTCO,Invesco Galaxy Bitcoin ETF,Invesco / Galaxy,BTCO,Invesco Galaxy Bitcoin ETF,BTC-USD,2025-04-16,84.23,800.0,0.25,96.001,-572.3,-2.7584,75.776,13.504
2255,BTCO,Invesco Galaxy Bitcoin ETF,Invesco / Galaxy,BTCO,Invesco Galaxy Bitcoin ETF,BTC-USD,2025-04-17,84.79,800.0,0.25,103.548,-471.9,-2.6748,83.62,13.058
2256,BTCO,Invesco Galaxy Bitcoin ETF,Invesco / Galaxy,BTCO,Invesco Galaxy Bitcoin ETF,BTC-USD,2025-04-21,87.3,800.0,0.25,88.983,-435.4,-2.6399,71.942,13.506
2257,BTCO,Invesco Galaxy Bitcoin ETF,Invesco / Galaxy,BTCO,Invesco Galaxy Bitcoin ETF,BTC-USD,2025-04-22,91.41,800.0,0.25,88.983,-367.1,-2.566,71.942,15.115
2258,BTCO,Invesco Galaxy Bitcoin ETF,Invesco / Galaxy,BTCO,Invesco Galaxy Bitcoin ETF,BTC-USD,2025-04-23,93.21,800.0,0.25,87.425,-486.4,-2.6879,71.942,15.569
2259,BTCO,Invesco Galaxy Bitcoin ETF,Invesco / Galaxy,BTCO,Invesco Galaxy Bitcoin ETF,BTC-USD,2025-04-24,93.49,800.0,0.25,85.901,-456.2,-2.6601,70.417,15.748
2260,BTCO,Invesco Galaxy Bitcoin ETF,Invesco / Galaxy,BTCO,Invesco Galaxy Bitcoin ETF,BTC-USD,2025-04-25,95.27,800.0,0.25,84.657,-786.7,-2.8963,70.417,16.061
2261,BTCO,Invesco Galaxy Bitcoin ETF,Invesco / Galaxy,BTCO,Invesco Galaxy Bitcoin ETF,BTC-USD,2025-04-28,94.63,800.0,0.25,78.479,-635.7,-2.804,64.239,16.524
2262,BTCO,Invesco Galaxy Bitcoin ETF,Invesco / Galaxy,BTCO,Invesco Galaxy Bitcoin ETF,BTC-USD,2025-04-29,95.21,800.0,0.25,77.874,-830.4,-2.9198,64.239,16.445
2263,BTCO,Invesco Galaxy Bitcoin ETF,Invesco / Galaxy,BTCO,Invesco Galaxy Bitcoin ETF,BTC-USD,2025-04-30,94.01,800.0,0.25,77.874,-604.8,-2.7823,64.239,16.228
2264,BTCO,Invesco Galaxy Bitcoin ETF,Invesco / Galaxy,BTCO,Invesco Galaxy Bitcoin ETF,BTC-USD,2025-05-01,96.38,800.0,0.25,79.723,-726.7,-2.862,64.239,15.83
2265,BTCO,Invesco Galaxy Bitcoin ETF,Invesco / Galaxy,BTCO,Invesco Galaxy Bitcoin ETF,BTC-USD,2025-05-02,96.84,800.0,0.25,77.326,-671.6,-2.8278,64.663,15.918
2266,BTCO,Invesco Galaxy Bitcoin ETF,Invesco / Galaxy,BTCO,Invesco Galaxy Bitcoin ETF,BTC-USD,2025-05-05,94.18,800.0,0.25,77.326,-633.2,-2.8023,64.663,15.556
2267,BTCO,Invesco Galaxy Bitcoin ETF,Invesco / Galaxy,BTCO,Invesco Galaxy Bitcoin ETF,BTC-USD,2025-05-06,94.77,800.0,0.25,82.375,-339.7,-2.5324,69.711,14.577
2268,BTCO,Invesco Galaxy Bitcoin ETF,Invesco / Galaxy,BTCO,Invesco Galaxy Bitcoin ETF,BTC-USD,2025-05-07,96.01,800.0,0.25,82.375,-570.6,-2.7571,69.711,12.718
2269,BTCO,Invesco Galaxy Bitcoin ETF,Invesco / Galaxy,BTCO,Invesco Galaxy Bitcoin ETF,BTC-USD,2025-05-08,101.15,800.0,0.25,65.158,-615.3,-2.7898,49.433,12.573
2270,BTCO,Invesco Galaxy Bitcoin ETF,Invesco / Galaxy,BTCO,Invesco Galaxy Bitcoin ETF,BTC-USD,2025-05-09,103.08,800.0,0.25,55.607,-855.8,-2.9329,39.882,12.039
2271,BTCO,Invesco Galaxy Bitcoin ETF,Invesco / Galaxy,BTCO,Invesco Galaxy Bitcoin ETF,BTC-USD,2025-05-12,101.66,800.0,0.25,43.18,-436.8,-2.6413,30.271,11.84
2272,BTCO,Invesco Galaxy Bitcoin ETF,Invesco / Galaxy,BTCO,Invesco Galaxy Bitcoin ETF,BTC-USD,2025-05-13,104.7,800.0,0.25,43.18,-768.1,-2.886,30.271,11.687
2273,BTCO,Invesco Galaxy Bitcoin ETF,Invesco / Galaxy,BTCO,Invesco Galaxy Bitcoin ETF,BTC-USD,2025-05-14,103.16,800.0,0.25,45.672,-664.5,-2.8231,32.763,11.915
2274,BTCO,Invesco Galaxy Bitcoin ETF,Invesco / Galaxy,BTCO,Invesco Galaxy Bitcoin ETF,BTC-USD,2025-05-15,103.04,800.0,0.25,41.283,-864.3,-2.9372,28.619,12.162
2275,BTCO,Invesco Galaxy Bitcoin ETF,Invesco / Galaxy,BTCO,Invesco Galaxy Bitcoin ETF,BTC-USD,2025-05-16,103.88,800.0,0.25,38.947,-334.5,-2.5257,26.038,11.949
2276,BTCO,Invesco Galaxy Bitcoin ETF,Invesco / Galaxy,BTCO,Invesco Galaxy Bitcoin ETF,BTC-USD,2025-05-19,105.32,800.0,0.25,35.42,-750.4,-2.8759,20.332,11.871
2277,BTCO,Invesco Galaxy Bitcoin ETF,Invesco / Galaxy,BTCO,Invesco Galaxy Bitcoin ETF,BTC-USD,2025-05-20,106.88,800.0,0.25,35.42,-681.1,-2.8339,20.332,11.45
2278,BTCO,Invesco Galaxy Bitcoin ETF,Invesco / Galaxy,BTCO,Invesco Galaxy Bitcoin ETF,BTC-USD,2025-05-21,108.41,800.0,0.25,35.42,-375.6,-2.5758,20.332,11.137
2279,BTCO,Invesco Galaxy Bitcoin ETF,Invesco / Galaxy,BTCO,Invesco Galaxy Bitcoin ETF,BTC-USD,2025-05-22,111.02,800.0,0.25,36.056,-380.9,-2.5819,20.332,11.119
2280,BTCO,Invesco Galaxy Bitcoin ETF,Invesco / Galaxy,BTCO,Invesco Galaxy Bitcoin ETF,BTC-USD,2025-05-23,108.57,800.0,0.25,33.184,-798.2,-2.9026,17.459,12.125
2281,BTCO,Invesco Galaxy Bitcoin ETF,Invesco / Galaxy,BTCO,Invesco Galaxy Bitcoin ETF,BTC-USD,2025-05-27,109.82,800.0,0.25,35.019,-740.9,-2.8704,19.294,12.06
2282,BTCO,Invesco Galaxy Bitcoin ETF,Invesco / Galaxy,BTCO,Invesco Galaxy Bitcoin ETF,BTC-USD,2025-05-28,106.76,800.0,0.25,33.79,-378.0,-2.5787,18.065,12.298
2283,BTCO,Invesco Galaxy Bitcoin ETF,Invesco / Galaxy,BTCO,Invesco Galaxy Bitcoin ETF,BTC-USD,2025-05-29,105.39,800.0,0.25,34.37,-339.9,-2.5327,18.645,14.825
2284,BTCO,Invesco Galaxy Bitcoin ETF,Invesco / Galaxy,BTCO,Invesco Galaxy Bitcoin ETF,BTC-USD,2025-05-30,104.47,800.0,0.25,33.733,-242.5,-2.3865,18.645,15.179
2285,BTCO,Invesco Galaxy Bitcoin ETF,Invesco / Galaxy,BTCO,Invesco Galaxy Bitcoin ETF,BTC-USD,2025-06-02,104.28,800.0,0.25,36.365,-542.1,-2.7349,21.561,15.18
2286,BTCO,Invesco Galaxy Bitcoin ETF,Invesco / Galaxy,BTCO,Invesco Galaxy Bitcoin ETF,BTC-USD,2025-06-03,106.11,800.0,0.25,36.226,-519.4,-2.7163,21.138,15.111
2287,BTCO,Invesco Galaxy Bitcoin ETF,Invesco / Galaxy,BTCO,Invesco Galaxy Bitcoin ETF,BTC-USD,2025-06-04,104.95,800.0,0.25,35.942,-612.1,-2.7875,21.138,15.115
2288,BTCO,Invesco Galaxy Bitcoin ETF,Invesco / Galaxy,BTCO,Invesco Galaxy Bitcoin ETF,BTC-USD,2025-06-05,101.71,800.0,0.25,33.705,-492.8,-2.6936,18.616,15.301
2289,BTCO,Invesco Galaxy Bitcoin ETF,Invesco / Galaxy,BTCO,Invesco Galaxy Bitcoin ETF,BTC-USD,2025-06-06,104.07,800.0,0.25,36.484,-516.8,-2.7141,21.396,15.353
2290,BTCO,Invesco Galaxy Bitcoin ETF,Invesco / Galaxy,BTCO,Invesco Galaxy Bitcoin ETF,BTC-USD,2025-06-09,108.44,800.0,0.25,36.484,-233.2,-2.3696,21.396,15.088
2291,BTCO,Invesco Galaxy Bitcoin ETF,Invesco / Galaxy,BTCO,Invesco Galaxy Bitcoin ETF,BTC-USD,2025-06-10,109.34,800.0,0.25,36.247,-22.1,-1.3642,21.396,14.847
2292,BTCO,Invesco Galaxy Bitcoin ETF,Invesco / Galaxy,BTCO,Invesco Galaxy Bitcoin ETF,BTC-USD,2025-06-11,108.64,800.0,0.25,41.257,-223.6,-2.3514,26.406,14.628
2293,BTCO,Invesco Galaxy Bitcoin ETF,Invesco / Galaxy,BTCO,Invesco Galaxy Bitcoin ETF,BTC-USD,2025-06-12,106.59,800.0,0.25,41.257,-885.6,-2.9477,26.406,14.637
2294,BTCO,Invesco Galaxy Bitcoin ETF,Invesco / Galaxy,BTCO,Invesco Galaxy Bitcoin ETF,BTC-USD,2025-06-13,104.98,800.0,0.25,38.766,-367.0,-2.5658,23.915,14.451
2295,BTCO,Invesco Galaxy Bitcoin ETF,Invesco / Galaxy,BTCO,Invesco Galaxy Bitcoin ETF,BTC-USD,2025-06-16,108.5,800.0,0.25,36.393,-755.4,-2.8787,20.556,14.153
2296,BTCO,Invesco Galaxy Bitcoin ETF,Invesco / Galaxy,BTCO,Invesco Galaxy Bitcoin ETF,BTC-USD,2025-06-17,104.54,800.0,0.25,36.393,-417.0,-2.6212,20.556,14.336
2297,BTCO,Invesco Galaxy Bitcoin ETF,Invesco / Galaxy,BTCO,Invesco Galaxy Bitcoin ETF,BTC-USD,2025-06-18,103.76,800.0,0.25,39.223,-154.2,-2.1908,24.372,14.564
2298,BTCO,Invesco Galaxy Bitcoin ETF,Invesco / Galaxy,BTCO,Invesco Galaxy Bitcoin ETF,BTC-USD,2025-06-20,103.02,800.0,0.25,43.289,-296.6,-2.4737,28.485,14.632
2299,BTCO,Invesco Galaxy Bitcoin ETF,Invesco / Galaxy,BTCO,Invesco Galaxy Bitcoin ETF,BTC-USD,2025-06-23,103.08,800.0,0.25,43.289,188.1,2.2768,28.485,13.809
2300,BTCO,Invesco Galaxy Bitcoin ETF,Invesco / Galaxy,BTCO,Invesco Galaxy Bitcoin ETF,BTC-USD,2025-06-24,105.46,800.0,0.25,43.289,-257.0,-2.4117,28.485,13.292
2301,BTCO,Invesco Galaxy Bitcoin ETF,Invesco / Galaxy,BTCO,Invesco Galaxy Bitcoin ETF,BTC-USD,2025-06-25,107.59,800.0,0.25,43.336,-856.1,-2.933,28.485,12.033
2302,BTCO,Invesco Galaxy Bitcoin ETF,Invesco / Galaxy,BTCO,Invesco Galaxy Bitcoin ETF,BTC-USD,2025-06-26,107.44,800.0,0.25,43.463,-920.9,-2.9647,28.612,11.702
2303,BTCO,Invesco Galaxy Bitcoin ETF,Invesco / Galaxy,BTCO,Invesco Galaxy Bitcoin ETF,BTC-USD,2025-06-27,106.65,800.0,0.25,47.37,-853.0,-2.9315,32.519,11.208
2304,BTCO,Invesco Galaxy Bitcoin ETF,Invesco / Galaxy,BTCO,Invesco Galaxy Bitcoin ETF,BTC-USD,2025-06-30,107.53,800.0,0.25,49.997,-613.8,-2.7887,35.146,8.687
2305,BTCO,Invesco Galaxy Bitcoin ETF,Invesco / Galaxy,BTCO,Invesco Galaxy Bitcoin ETF,BTC-USD,2025-07-01,105.14,800.0,0.25,50.97,-484.9,-2.6866,35.146,8.626
2306,BTCO,Invesco Galaxy Bitcoin ETF,Invesco / Galaxy,BTCO,Invesco Galaxy Bitcoin ETF,BTC-USD,2025-07-02,109.55,800.0,0.25,48.055,-711.4,-2.8527,32.231,9.21
2307,BTCO,Invesco Galaxy Bitcoin ETF,Invesco / Galaxy,BTCO,Invesco Galaxy Bitcoin ETF,BTC-USD,2025-07-03,109.1,800.0,0.25,47.596,-197.6,-2.2981,32.231,9.203
2308,BTCO,Invesco Galaxy Bitcoin ETF,Invesco / Galaxy,BTCO,Invesco Galaxy Bitcoin ETF,BTC-USD,2025-07-07,107.85,800.0,0.25,48.055,-533.7,-2.7281,32.231,8.978
2309,BTCO,Invesco Galaxy Bitcoin ETF,Invesco / Galaxy,BTCO,Invesco Galaxy Bitcoin ETF,BTC-USD,2025-07-08,108.59,800.0,0.25,45.527,-428.8,-2.6333,29.703,8.62
2310,BTCO,Invesco Galaxy Bitcoin ETF,Invesco / Galaxy,BTCO,Invesco Galaxy Bitcoin ETF,BTC-USD,2025-07-09,111.62,800.0,0.25,42.748,-656.0,-2.8176,26.924,8.509
2311,BTCO,Invesco Galaxy Bitcoin ETF,Invesco / Galaxy,BTCO,Invesco Galaxy Bitcoin ETF,BTC-USD,2025-07-10,113.23,800.0,0.25,42.289,-262.7,-2.4211,26.924,8.426
2312,BTCO,Invesco Galaxy Bitcoin ETF,Invesco / Galaxy,BTCO,Invesco Galaxy Bitcoin ETF,BTC-USD,2025-07-11,117.93,800.0,0.25,42.748,-1059.5,-3.0255,26.924,8.544
2313,BTCO,Invesco Galaxy Bitcoin ETF,Invesco / Galaxy,BTCO,Invesco Galaxy Bitcoin ETF,BTC-USD,2025-07-14,119.69,800.0,0.25,34.967,-1181.4,-3.0728,19.143,8.722
2314,BTCO,Invesco Galaxy Bitcoin ETF,Invesco / Galaxy,BTCO,Invesco Galaxy Bitcoin ETF,BTC-USD,2025-07-15,116.23,800.0,0.25,34.967,-661.5,-2.8212,19.143,8.783
2315,BTCO,Invesco Galaxy Bitcoin ETF,Invesco / Galaxy,BTCO,Invesco Galaxy Bitcoin ETF,BTC-USD,2025-07-16,119.07,800.0,0.25,34.967,-1165.2,-3.0668,19.143,8.76
2316,BTCO,Invesco Galaxy Bitcoin ETF,Invesco / Galaxy,BTCO,Invesco Galaxy Bitcoin ETF,BTC-USD,2025-07-17,118.8,800.0,0.25,39.68,-889.8,-2.9498,24.314,8.887
2317,BTCO,Invesco Galaxy Bitcoin ETF,Invesco / Galaxy,BTCO,Invesco Galaxy Bitcoin ETF,BTC-USD,2025-07-18,117.11,800.0,0.25,42.846,-907.1,-2.9581,27.481,8.851
2318,BTCO,Invesco Galaxy Bitcoin ETF,Invesco / Galaxy,BTCO,Invesco Galaxy Bitcoin ETF,BTC-USD,2025-07-21,116.51,800.0,0.25,42.439,-583.0,-2.7664,27.074,8.89
2319,BTCO,Invesco Galaxy Bitcoin ETF,Invesco / Galaxy,BTCO,Invesco Galaxy Bitcoin ETF,BTC-USD,2025-07-22,119.06,800.0,0.25,38.785,-673.3,-2.8289,22.961,8.712
2320,BTCO,Invesco Galaxy Bitcoin ETF,Invesco / Galaxy,BTCO,Invesco Galaxy Bitcoin ETF,BTC-USD,2025-07-23,118.23,800.0,0.25,39.679,-747.3,-2.8741,23.151,8.305
2321,BTCO,Invesco Galaxy Bitcoin ETF,Invesco / Galaxy,BTCO,Invesco Galaxy Bitcoin ETF,BTC-USD,2025-07-24,118.85,800.0,0.25,39.679,-802.2,-2.9048,23.151,8.251
2322,BTCO,Invesco Galaxy Bitcoin ETF,Invesco / Galaxy,BTCO,Invesco Galaxy Bitcoin ETF,BTC-USD,2025-07-25,116.61,800.0,0.25,39.679,-774.6,-2.8896,23.151,8.513
2323,BTCO,Invesco Galaxy Bitcoin ETF,Invesco / Galaxy,BTCO,Invesco Galaxy Bitcoin ETF,BTC-USD,2025-07-28,117.87,800.0,0.25,38.515,-805.9,-2.9068,21.189,8.455
2324,BTCO,Invesco Galaxy Bitcoin ETF,Invesco / Galaxy,BTCO,Invesco Galaxy Bitcoin ETF,BTC-USD,2025-07-29,117.24,800.0,0.25,39.513,-886.2,-2.948,22.187,8.463
2325,BTCO,Invesco Galaxy Bitcoin ETF,Invesco / Galaxy,BTCO,Invesco Galaxy Bitcoin ETF,BTC-USD,2025-07-30,116.63,800.0,0.25,40.263,-691.1,-2.8402,22.937,8.503
2326,BTCO,Invesco Galaxy Bitcoin ETF,Invesco / Galaxy,BTCO,Invesco Galaxy Bitcoin ETF,BTC-USD,2025-07-31,116.46,800.0,0.25,46.146,-785.3,-2.8956,28.821,8.02
2327,BTCO,Invesco Galaxy Bitcoin ETF,Invesco / Galaxy,BTCO,Invesco Galaxy Bitcoin ETF,BTC-USD,2025-08-01,112.8,800.0,0.25,46.274,-566.4,-2.7539,28.821,7.449
2328,BTCO,Invesco Galaxy Bitcoin ETF,Invesco / Galaxy,BTCO,Invesco Galaxy Bitcoin ETF,BTC-USD,2025-08-04,114.43,800.0,0.25,50.67,-833.3,-2.9213,33.217,7.403
2329,BTCO,Invesco Galaxy Bitcoin ETF,Invesco / Galaxy,BTCO,Invesco Galaxy Bitcoin ETF,BTC-USD,2025-08-05,113.37,800.0,0.25,50.543,-640.8,-2.8074,33.217,7.485
2330,BTCO,Invesco Galaxy Bitcoin ETF,Invesco / Galaxy,BTCO,Invesco Galaxy Bitcoin ETF,BTC-USD,2025-08-06,115.03,800.0,0.25,50.543,-639.7,-2.8067,33.217,7.679
2331,BTCO,Invesco Galaxy Bitcoin ETF,Invesco / Galaxy,BTCO,Invesco Galaxy Bitcoin ETF,BTC-USD,2025-08-07,117.33,800.0,0.25,50.543,-714.9,-2.8549,33.217,7.749
2332,BTCO,Invesco Galaxy Bitcoin ETF,Invesco / Galaxy,BTCO,Invesco Galaxy Bitcoin ETF,BTC-USD,2025-08-08,116.14,800.0,0.25,54.808,-695.0,-2.8426,37.482,7.739
2333,BTCO,Invesco Galaxy Bitcoin ETF,Invesco / Galaxy,BTCO,Invesco Galaxy Bitcoin ETF,BTC-USD,2025-08-11,118.77,800.0,0.25,54.808,-1082.0,-3.0346,37.482,7.708
2334,BTCO,Invesco Galaxy Bitcoin ETF,Invesco / Galaxy,BTCO,Invesco Galaxy Bitcoin ETF,BTC-USD,2025-08-12,119.4,800.0,0.25,58.631,-854.1,-2.932,41.305,7.436
2335,BTCO,Invesco Galaxy Bitcoin ETF,Invesco / Galaxy,BTCO,Invesco Galaxy Bitcoin ETF,BTC-USD,2025-08-13,122.63,800.0,0.25,58.631,-1026.3,-3.0117,41.305,7.452
2336,BTCO,Invesco Galaxy Bitcoin ETF,Invesco / Galaxy,BTCO,Invesco Galaxy Bitcoin ETF,BTC-USD,2025-08-14,117.72,800.0,0.25,58.631,-1007.5,-3.0037,41.305,7.717
2337,BTCO,Invesco Galaxy Bitcoin ETF,Invesco / Galaxy,BTCO,Invesco Galaxy Bitcoin ETF,BTC-USD,2025-08-15,116.7,800.0,0.25,55.583,-861.8,-2.9359,38.13,7.64
2338,BTCO,Invesco Galaxy Bitcoin ETF,Invesco / Galaxy,BTCO,Invesco Galaxy Bitcoin ETF,BTC-USD,2025-08-18,116.02,800.0,0.25,52.288,-880.7,-2.9453,34.963,7.605
2339,BTCO,Invesco Galaxy Bitcoin ETF,Invesco / Galaxy,BTCO,Invesco Galaxy Bitcoin ETF,BTC-USD,2025-08-19,112.8,800.0,0.25,47.385,-1109.9,-3.0457,29.416,7.691
2340,BTCO,Invesco Galaxy Bitcoin ETF,Invesco / Galaxy,BTCO,Invesco Galaxy Bitcoin ETF,BTC-USD,2025-08-20,114.03,800.0,0.25,50.019,-911.2,-2.9601,32.693,7.774
2341,BTCO,Invesco Galaxy Bitcoin ETF,Invesco / Galaxy,BTCO,Invesco Galaxy Bitcoin ETF,BTC-USD,2025-08-21,111.89,800.0,0.25,53.839,-694.7,-2.8424,35.87,7.853
2342,BTCO,Invesco Galaxy Bitcoin ETF,Invesco / Galaxy,BTCO,Invesco Galaxy Bitcoin ETF,BTC-USD,2025-08-22,116.4,800.0,0.25,58.08,-1054.9,-3.0236,39.551,8.514
2343,BTCO,Invesco Galaxy Bitcoin ETF,Invesco / Galaxy,BTCO,Invesco Galaxy Bitcoin ETF,BTC-USD,2025-08-25,110.52,800.0,0.25,58.08,-296.4,-2.4733,39.551,8.717
2344,BTCO,Invesco Galaxy Bitcoin ETF,Invesco / Galaxy,BTCO,Invesco Galaxy Bitcoin ETF,BTC-USD,2025-08-26,110.9,800.0,0.25,57.52,-751.2,-2.8763,39.551,8.693
2345,BTCO,Invesco Galaxy Bitcoin ETF,Invesco / Galaxy,BTCO,Invesco Galaxy Bitcoin ETF,BTC-USD,2025-08-27,111.79,800.0,0.25,53.175,-852.5,-2.9312,34.646,8.436
2346,BTCO,Invesco Galaxy Bitcoin ETF,Invesco / Galaxy,BTCO,Invesco Galaxy Bitcoin ETF,BTC-USD,2025-08-28,111.67,800.0,0.25,49.218,-923.6,-2.966,30.689,8.403
2347,BTCO,Invesco Galaxy Bitcoin ETF,Invesco / Galaxy,BTCO,Invesco Galaxy Bitcoin ETF,BTC-USD,2025-08-29,107.94,800.0,0.25,46.448,-645.1,-2.8103,24.805,8.833
2348,BTCO,Invesco Galaxy Bitcoin ETF,Invesco / Galaxy,BTCO,Invesco Galaxy Bitcoin ETF,BTC-USD,2025-09-02,110.53,800.0,0.25,46.674,-627.4,-2.7983,24.805,8.518
2349,BTCO,Invesco Galaxy Bitcoin ETF,Invesco / Galaxy,BTCO,Invesco Galaxy Bitcoin ETF,BTC-USD,2025-09-03,111.99,800.0,0.25,43.18,-891.0,-2.9504,20.409,8.32
2350,BTCO,Invesco Galaxy Bitcoin ETF,Invesco / Galaxy,BTCO,Invesco Galaxy Bitcoin ETF,BTC-USD,2025-09-04,109.51,800.0,0.25,43.774,-569.9,-2.7566,20.409,8.429
2351,BTCO,Invesco Galaxy Bitcoin ETF,Invesco / Galaxy,BTCO,Invesco Galaxy Bitcoin ETF,BTC-USD,2025-09-05,111.295,800.0,0.25,43.774,-1068.3,-3.0291,20.409,8.421
2352,BTCO,Invesco Galaxy Bitcoin ETF,Invesco / Galaxy,BTCO,Invesco Galaxy Bitcoin ETF,BTC-USD,2025-09-08,111.83,800.0,0.25,45.01,-649.6,-2.8133,22.238,8.851
2353,BTCO,Invesco Galaxy Bitcoin ETF,Invesco / Galaxy,BTCO,Invesco Galaxy Bitcoin ETF,BTC-USD,2025-09-09,111.05,800.0,0.25,43.249,-497.4,-2.6976,20.478,8.789
2354,BTCO,Invesco Galaxy Bitcoin ETF,Invesco / Galaxy,BTCO,Invesco Galaxy Bitcoin ETF,BTC-USD,2025-09-10,113.31,800.0,0.25,42.346,-610.9,-2.7867,20.478,9.055
2355,BTCO,Invesco Galaxy Bitcoin ETF,Invesco / Galaxy,BTCO,Invesco Galaxy Bitcoin ETF,BTC-USD,2025-09-11,114.24,800.0,0.25,38.913,-746.4,-2.8736,17.044,9.171
2356,BTCO,Invesco Galaxy Bitcoin ETF,Invesco / Galaxy,BTCO,Invesco Galaxy Bitcoin ETF,BTC-USD,2025-09-12,116.63,800.0,0.25,38.129,-1124.5,-3.0513,17.044,9.239
2357,BTCO,Invesco Galaxy Bitcoin ETF,Invesco / Galaxy,BTCO,Invesco Galaxy Bitcoin ETF,BTC-USD,2025-09-15,115.05,800.0,0.25,35.95,-561.5,-2.7501,17.044,9.164
2358,BTCO,Invesco Galaxy Bitcoin ETF,Invesco / Galaxy,BTCO,Invesco Galaxy Bitcoin ETF,BTC-USD,2025-09-16,116.59,800.0,0.25,33.955,-640.7,-2.8073,15.049,9.346
2359,BTCO,Invesco Galaxy Bitcoin ETF,Invesco / Galaxy,BTCO,Invesco Galaxy Bitcoin ETF,BTC-USD,2025-09-17,115.37,800.0,0.25,39.55,-710.6,-2.8522,20.644,9.759
2360,BTCO,Invesco Galaxy Bitcoin ETF,Invesco / Galaxy,BTCO,Invesco Galaxy Bitcoin ETF,BTC-USD,2025-09-18,117.27,800.0,0.25,36.173,-1130.9,-3.0538,20.644,11.083
2361,BTCO,Invesco Galaxy Bitcoin ETF,Invesco / Galaxy,BTCO,Invesco Galaxy Bitcoin ETF,BTC-USD,2025-09-19,114.88,800.0,0.25,32.896,-656.5,-2.8179,17.368,11.835
2362,BTCO,Invesco Galaxy Bitcoin ETF,Invesco / Galaxy,BTCO,Invesco Galaxy Bitcoin ETF,BTC-USD,2025-09-22,111.9,800.0,0.25,29.528,-651.6,-2.8146,13.999,12.036
2363,BTCO,Invesco Galaxy Bitcoin ETF,Invesco / Galaxy,BTCO,Invesco Galaxy Bitcoin ETF,BTC-USD,2025-09-23,111.37,800.0,0.25,29.199,-472.6,-2.6754,13.87,11.504
2364,BTCO,Invesco Galaxy Bitcoin ETF,Invesco / Galaxy,BTCO,Invesco Galaxy Bitcoin ETF,BTC-USD,2025-09-24,113.15,800.0,0.25,29.199,-574.1,-2.7597,13.87,11.239
2365,BTCO,Invesco Galaxy Bitcoin ETF,Invesco / Galaxy,BTCO,Invesco Galaxy Bitcoin ETF,BTC-USD,2025-09-25,109.04,800.0,0.25,29.399,-817.4,-2.913,13.87,11.711
2366,BTCO,Invesco Galaxy Bitcoin ETF,Invesco / Galaxy,BTCO,Invesco Galaxy Bitcoin ETF,BTC-USD,2025-09-26,108.87,800.0,0.25,33.256,-629.1,-2.7994,17.927,12.048
2367,BTCO,Invesco Galaxy Bitcoin ETF,Invesco / Galaxy,BTCO,Invesco Galaxy Bitcoin ETF,BTC-USD,2025-09-29,114.1,800.0,0.25,33.256,-865.1,-2.9376,17.927,13.845
2368,BTCO,Invesco Galaxy Bitcoin ETF,Invesco / Galaxy,BTCO,Invesco Galaxy Bitcoin ETF,BTC-USD,2025-09-30,114.01,800.0,0.25,37.757,-846.7,-2.9283,23.317,14.419
2369,BTCO,Invesco Galaxy Bitcoin ETF,Invesco / Galaxy,BTCO,Invesco Galaxy Bitcoin ETF,BTC-USD,2025-10-01,117.2,800.0,0.25,35.675,-636.1,-2.8042,23.317,15.13
2370,BTCO,Invesco Galaxy Bitcoin ETF,Invesco / Galaxy,BTCO,Invesco Galaxy Bitcoin ETF,BTC-USD,2025-10-02,120.72,800.0,0.25,35.304,136.3,2.1376,23.317,16.085
2371,BTCO,Invesco Galaxy Bitcoin ETF,Invesco / Galaxy,BTCO,Invesco Galaxy Bitcoin ETF,BTC-USD,2025-10-03,122.55,800.0,0.25,35.269,-1218.6,-3.0862,23.317,16.839
2372,BTCO,Invesco Galaxy Bitcoin ETF,Invesco / Galaxy,BTCO,Invesco Galaxy Bitcoin ETF,BTC-USD,2025-10-06,125.14,800.0,0.25,34.11,-924.9,-2.9666,23.317,17.802
2373,BTCO,Invesco Galaxy Bitcoin ETF,Invesco / Galaxy,BTCO,Invesco Galaxy Bitcoin ETF,BTC-USD,2025-10-07,121.35,800.0,0.25,32.281,-1231.6,-3.0908,21.488,18.749
2374,BTCO,Invesco Galaxy Bitcoin ETF,Invesco / Galaxy,BTCO,Invesco Galaxy Bitcoin ETF,BTC-USD,2025-10-08,123.12,800.0,0.25,35.938,-863.7,-2.9369,25.145,19.24
2375,BTCO,Invesco Galaxy Bitcoin ETF,Invesco / Galaxy,BTCO,Invesco Galaxy Bitcoin ETF,BTC-USD,2025-10-09,120.66,800.0,0.25,36.459,-789.6,-2.898,25.784,19.523
2376,BTCO,Invesco Galaxy Bitcoin ETF,Invesco / Galaxy,BTCO,Invesco Galaxy Bitcoin ETF,BTC-USD,2025-10-10,116.24,800.0,0.25,34.434,-1333.3,-3.1252,25.682,21.395
2377,BTCO,Invesco Galaxy Bitcoin ETF,Invesco / Galaxy,BTCO,Invesco Galaxy Bitcoin ETF,BTC-USD,2025-10-13,115.535,800.0,0.25,34.04,-699.6,-2.8455,25.682,22.14
2378,BTCO,Invesco Galaxy Bitcoin ETF,Invesco / Galaxy,BTCO,Invesco Galaxy Bitcoin ETF,BTC-USD,2025-10-14,112.29,800.0,0.25,34.04,-460.0,-2.6637,25.682,22.557
2379,BTCO,Invesco Galaxy Bitcoin ETF,Invesco / Galaxy,BTCO,Invesco Galaxy Bitcoin ETF,BTC-USD,2025-10-15,110.95,800.0,0.25,40.138,-590.8,-2.7722,31.876,23.823
2380,BTCO,Invesco Galaxy Bitcoin ETF,Invesco / Galaxy,BTCO,Invesco Galaxy Bitcoin ETF,BTC-USD,2025-10-16,107.93,800.0,0.25,34.543,-460.9,-2.6646,26.281,24.877
2381,BTCO,Invesco Galaxy Bitcoin ETF,Invesco / Galaxy,BTCO,Invesco Galaxy Bitcoin ETF,BTC-USD,2025-10-17,106.15,800.0,0.25,34.543,-466.6,-2.6699,26.281,24.869
2382,BTCO,Invesco Galaxy Bitcoin ETF,Invesco / Galaxy,BTCO,Invesco Galaxy Bitcoin ETF,BTC-USD,2025-10-20,110.56,800.0,0.25,34.543,-583.9,-2.7671,26.281,25.604
2383,BTCO,Invesco Galaxy Bitcoin ETF,Invesco / Galaxy,BTCO,Invesco Galaxy Bitcoin ETF,BTC-USD,2025-10-21,111.62,800.0,0.25,37.291,-1379.1,-3.1399,29.165,27.232
2384,BTCO,Invesco Galaxy Bitcoin ETF,Invesco / Galaxy,BTCO,Invesco Galaxy Bitcoin ETF,BTC-USD,2025-10-22,107.48,800.0,0.25,33.74,-411.2,-2.6151,25.614,28.17
2385,BTCO,Invesco Galaxy Bitcoin ETF,Invesco / Galaxy,BTCO,Invesco Galaxy Bitcoin ETF,BTC-USD,2025-10-23,109.96,800.0,0.25,33.74,-468.6,-2.6717,25.614,28.392
2386,BTCO,Invesco Galaxy Bitcoin ETF,Invesco / Galaxy,BTCO,Invesco Galaxy Bitcoin ETF,BTC-USD,2025-10-24,110.31,800.0,0.25,38.083,-148.5,-2.1745,30.236,28.124
2387,BTCO,Invesco Galaxy Bitcoin ETF,Invesco / Galaxy,BTCO,Invesco Galaxy Bitcoin ETF,BTC-USD,2025-10-27,114.65,800.0,0.25,34.305,-614.9,-2.7895,26.179,28.176
2388,BTCO,Invesco Galaxy Bitcoin ETF,Invesco / Galaxy,BTCO,Invesco Galaxy Bitcoin ETF,BTC-USD,2025-10-28,113.36,800.0,0.25,37.149,-318.0,-2.5038,29.024,26.596
2389,BTCO,Invesco Galaxy Bitcoin ETF,Invesco / Galaxy,BTCO,Invesco Galaxy Bitcoin ETF,BTC-USD,2025-10-29,110.2,800.0,0.25,31.992,-458.0,-2.6618,23.634,26.431
2390,BTCO,Invesco Galaxy Bitcoin ETF,Invesco / Galaxy,BTCO,Invesco Galaxy Bitcoin ETF,BTC-USD,2025-10-30,106.11,800.0,0.25,31.992,73.8,1.8741,23.634,25.91
2391,BTCO,Invesco Galaxy Bitcoin ETF,Invesco / Galaxy,BTCO,Invesco Galaxy Bitcoin ETF,BTC-USD,2025-10-31,109.4,800.0,0.25,31.992,-309.9,-2.4926,23.634,25.379
2392,BTCO,Invesco Galaxy Bitcoin ETF,Invesco / Galaxy,BTCO,Invesco Galaxy Bitcoin ETF,BTC-USD,2025-11-03,106.28,800.0,0.25,34.081,-389.8,-2.5919,23.634,24.698
2393,BTCO,Invesco Galaxy Bitcoin ETF,Invesco / Galaxy,BTCO,Invesco Galaxy Bitcoin ETF,BTC-USD,2025-11-04,100.39,800.0,0.25,34.308,-395.0,-2.5977,23.634,24.545
2394,BTCO,Invesco Galaxy Bitcoin ETF,Invesco / Galaxy,BTCO,Invesco Galaxy Bitcoin ETF,BTC-USD,2025-11-05,103.53,800.0,0.25,40.151,-373.4,-2.5733,29.146,23.602
2395,BTCO,Invesco Galaxy Bitcoin ETF,Invesco / Galaxy,BTCO,Invesco Galaxy Bitcoin ETF,BTC-USD,2025-11-06,100.59,800.0,0.25,36.033,-336.7,-2.5285,22.984,23.14
2396,BTCO,Invesco Galaxy Bitcoin ETF,Invesco / Galaxy,BTCO,Invesco Galaxy Bitcoin ETF,BTC-USD,2025-11-07,103.45,800.0,0.25,45.389,-90.8,-1.9627,30.526,22.775
2397,BTCO,Invesco Galaxy Bitcoin ETF,Invesco / Galaxy,BTCO,Invesco Galaxy Bitcoin ETF,BTC-USD,2025-11-10,105.67,800.0,0.25,45.102,-293.5,-2.4691,30.239,22.496
2398,BTCO,Invesco Galaxy Bitcoin ETF,Invesco / Galaxy,BTCO,Invesco Galaxy Bitcoin ETF,BTC-USD,2025-11-11,102.43,800.0,0.25,45.9,140.9,2.1519,30.239,21.525
2399,BTCO,Invesco Galaxy Bitcoin ETF,Invesco / Galaxy,BTCO,Invesco Galaxy Bitcoin ETF,BTC-USD,2025-11-12,101.21,800.0,0.25,49.781,-53.9,-1.74,34.919,21.295
2400,BTCO,Invesco Galaxy Bitcoin ETF,Invesco / Galaxy,BTCO,Invesco Galaxy Bitcoin ETF,BTC-USD,2025-11-13,97.69,800.0,0.25,43.587,223.0,2.3502,28.724,20.852
2401,BTCO,Invesco Galaxy Bitcoin ETF,Invesco / Galaxy,BTCO,Invesco Galaxy Bitcoin ETF,BTC-USD,2025-11-14,93.99,800.0,0.25,45.645,181.6,2.2615,28.724,19.871
2402,BTCO,Invesco Galaxy Bitcoin ETF,Invesco / Galaxy,BTCO,Invesco Galaxy Bitcoin ETF,BTC-USD,2025-11-17,91.53,800.0,0.25,45.645,171.2,2.2361,28.724,19.177
2403,BTCO,Invesco Galaxy Bitcoin ETF,Invesco / Galaxy,BTCO,Invesco Galaxy Bitcoin ETF,BTC-USD,2025-11-18,92.47,800.0,0.25,52.981,231.1,2.3657,36.06,20.247
2404,BTCO,Invesco Galaxy Bitcoin ETF,Invesco / Galaxy,BTCO,Invesco Galaxy Bitcoin ETF,BTC-USD,2025-11-19,89.14,800.0,0.25,50.617,470.2,2.6732,33.176,19.139
2405,BTCO,Invesco Galaxy Bitcoin ETF,Invesco / Galaxy,BTCO,Invesco Galaxy Bitcoin ETF,BTC-USD,2025-11-20,86.06,800.0,0.25,55.212,320.6,2.5073,37.771,18.973
2406,BTCO,Invesco Galaxy Bitcoin ETF,Invesco / Galaxy,BTCO,Invesco Galaxy Bitcoin ETF,BTC-USD,2025-11-21,84.31,800.0,0.25,55.212,652.0,2.8149,37.771,19.78
2407,BTCO,Invesco Galaxy Bitcoin ETF,Invesco / Galaxy,BTCO,Invesco Galaxy Bitcoin ETF,BTC-USD,2025-11-24,88.84,800.0,0.25,51.265,259.7,2.4161,33.148,20.065
2408,BTCO,Invesco Galaxy Bitcoin ETF,Invesco / Galaxy,BTCO,Invesco Galaxy Bitcoin ETF,BTC-USD,2025-11-25,87.07,800.0,0.25,56.256,88.0,1.9495,38.814,20.241
2409,BTCO,Invesco Galaxy Bitcoin ETF,Invesco / Galaxy,BTCO,Invesco Galaxy Bitcoin ETF,BTC-USD,2025-11-26,89.62,800.0,0.25,54.087,289.5,2.4632,35.97,20.322
2410,BTCO,Invesco Galaxy Bitcoin ETF,Invesco / Galaxy,BTCO,Invesco Galaxy Bitcoin ETF,BTC-USD,2025-11-28,90.41,800.0,0.25,54.087,297.1,2.4743,35.97,19.698
2411,BTCO,Invesco Galaxy Bitcoin ETF,Invesco / Galaxy,BTCO,Invesco Galaxy Bitcoin ETF,BTC-USD,2025-12-01,85.28,800.0,0.25,54.087,120.1,2.0831,35.97,19.644
2412,BTCO,Invesco Galaxy Bitcoin ETF,Invesco / Galaxy,BTCO,Invesco Galaxy Bitcoin ETF,BTC-USD,2025-12-02,90.79,800.0,0.25,54.087,395.1,2.5978,35.97,19.711
2413,BTCO,Invesco Galaxy Bitcoin ETF,Invesco / Galaxy,BTCO,Invesco Galaxy Bitcoin ETF,BTC-USD,2025-12-03,92.69,800.0,0.25,54.087,334.3,2.5254,35.97,19.601
2414,BTCO,Invesco Galaxy Bitcoin ETF,Invesco / Galaxy,BTCO,Invesco Galaxy Bitcoin ETF,BTC-USD,2025-12-04,92.22,800.0,0.25,55.663,45.1,1.6633,38.221,18.719
2415,BTCO,Invesco Galaxy Bitcoin ETF,Invesco / Galaxy,BTCO,Invesco Galaxy Bitcoin ETF,BTC-USD,2025-12-05,89.08,800.0,0.25,50.151,132.4,2.1253,32.709,18.325
2416,BTCO,Invesco Galaxy Bitcoin ETF,Invesco / Galaxy,BTCO,Invesco Galaxy Bitcoin ETF,BTC-USD,2025-12-08,90.52,800.0,0.25,55.111,-26.8,-1.4439,37.669,18.166
2417,BTCO,Invesco Galaxy Bitcoin ETF,Invesco / Galaxy,BTCO,Invesco Galaxy Bitcoin ETF,BTC-USD,2025-12-09,92.84,800.0,0.25,46.929,75.3,1.8823,29.488,18.23
2418,BTCO,Invesco Galaxy Bitcoin ETF,Invesco / Galaxy,BTCO,Invesco Galaxy Bitcoin ETF,BTC-USD,2025-12-10,92.23,800.0,0.25,57.054,174.2,2.2435,39.613,16.748
2419,BTCO,Invesco Galaxy Bitcoin ETF,Invesco / Galaxy,BTCO,Invesco Galaxy Bitcoin ETF,BTC-USD,2025-12-11,91.53,800.0,0.25,55.636,470.2,2.6732,39.613,16.768
2420,BTCO,Invesco Galaxy Bitcoin ETF,Invesco / Galaxy,BTCO,Invesco Galaxy Bitcoin ETF,BTC-USD,2025-12-12,89.95,800.0,0.25,60.721,14.1,1.1787,43.279,16.331
2421,BTCO,Invesco Galaxy Bitcoin ETF,Invesco / Galaxy,BTCO,Invesco Galaxy Bitcoin ETF,BTC-USD,2025-12-15,85.47,800.0,0.25,63.411,735.4,2.8671,43.279,15.661
2422,BTCO,Invesco Galaxy Bitcoin ETF,Invesco / Galaxy,BTCO,Invesco Galaxy Bitcoin ETF,BTC-USD,2025-12-16,87.3,800.0,0.25,65.446,238.7,2.3797,45.315,15.209
2423,BTCO,Invesco Galaxy Bitcoin ETF,Invesco / Galaxy,BTCO,Invesco Galaxy Bitcoin ETF,BTC-USD,2025-12-17,85.57,800.0,0.25,67.31,62.7,1.8039,47.178,14.795
2424,BTCO,Invesco Galaxy Bitcoin ETF,Invesco / Galaxy,BTCO,Invesco Galaxy Bitcoin ETF,BTC-USD,2025-12-18,84.3,800.0,0.25,74.212,314.4,2.4989,54.08,12.412
2425,BTCO,Invesco Galaxy Bitcoin ETF,Invesco / Galaxy,BTCO,Invesco Galaxy Bitcoin ETF,BTC-USD,2025-12-19,87.63,800.0,0.25,85.6,-205.6,-2.3151,61.492,11.997
2426,BTCO,Invesco Galaxy Bitcoin ETF,Invesco / Galaxy,BTCO,Invesco Galaxy Bitcoin ETF,BTC-USD,2025-12-22,87.98,800.0,0.25,81.006,185.1,2.2697,56.897,11.391
2427,BTCO,Invesco Galaxy Bitcoin ETF,Invesco / Galaxy,BTCO,Invesco Galaxy Bitcoin ETF,BTC-USD,2025-12-23,87.3,800.0,0.25,81.006,301.0,2.4801,56.897,10.49
2428,BTCO,Invesco Galaxy Bitcoin ETF,Invesco / Galaxy,BTCO,Invesco Galaxy Bitcoin ETF,BTC-USD,2025-12-24,86.91,800.0,0.25,78.909,467.5,2.6707,58.777,9.954
2429,BTCO,Invesco Galaxy Bitcoin ETF,Invesco / Galaxy,BTCO,Invesco Galaxy Bitcoin ETF,BTC-USD,2025-12-26,87.14,800.0,0.25,73.679,177.5,2.2516,53.548,9.659
2430,BTCO,Invesco Galaxy Bitcoin ETF,Invesco / Galaxy,BTCO,Invesco Galaxy Bitcoin ETF,BTC-USD,2025-12-29,86.73,800.0,0.25,69.949,391.9,2.5943,56.8,9.418
2431,BTCO,Invesco Galaxy Bitcoin ETF,Invesco / Galaxy,BTCO,Invesco Galaxy Bitcoin ETF,BTC-USD,2025-12-30,87.49,800.0,0.25,69.949,289.1,2.4626,56.8,9.864
2432,BTCO,Invesco Galaxy Bitcoin ETF,Invesco / Galaxy,BTCO,Invesco Galaxy Bitcoin ETF,BTC-USD,2025-12-31,87.17,800.0,0.25,69.968,465.5,2.6689,58.382,10.923
2433,BTCO,Invesco Galaxy Bitcoin ETF,Invesco / Galaxy,BTCO,Invesco Galaxy Bitcoin ETF,BTC-USD,2026-01-02,89.42,800.0,0.25,69.895,287.9,2.4608,58.382,11.654
2434,BTCO,Invesco Galaxy Bitcoin ETF,Invesco / Galaxy,BTCO,Invesco Galaxy Bitcoin ETF,BTC-USD,2026-01-05,93.91,800.0,0.25,69.895,128.3,2.1115,58.382,12.507
2435,BTCO,Invesco Galaxy Bitcoin ETF,Invesco / Galaxy,BTCO,Invesco Galaxy Bitcoin ETF,BTC-USD,2026-01-06,92.085,800.0,0.25,72.598,524.2,2.7204,61.085,13.575
2436,BTCO,Invesco Galaxy Bitcoin ETF,Invesco / Galaxy,BTCO,Invesco Galaxy Bitcoin ETF,BTC-USD,2026-01-07,90.585,800.0,0.25,72.598,497.3,2.6975,61.085,13.412
2437,BTCO,Invesco Galaxy Bitcoin ETF,Invesco / Galaxy,BTCO,Invesco Galaxy Bitcoin ETF,BTC-USD,2026-01-08,90.46,800.0,0.25,66.682,95.2,1.9832,56.125,13.451
2438,BTCO,Invesco Galaxy Bitcoin ETF,Invesco / Galaxy,BTCO,Invesco Galaxy Bitcoin ETF,BTC-USD,2026-01-09,89.84,800.0,0.25,70.732,717.4,2.8564,60.175,13.082
2439,BTCO,Invesco Galaxy Bitcoin ETF,Invesco / Galaxy,BTCO,Invesco Galaxy Bitcoin ETF,BTC-USD,2026-01-12,91.11,800.0,0.25,67.371,575.5,2.7608,55.858,13.112
2440,BTCO,Invesco Galaxy Bitcoin ETF,Invesco / Galaxy,BTCO,Invesco Galaxy Bitcoin ETF,BTC-USD,2026-01-13,94.06,800.0,0.25,67.444,549.3,2.7406,55.858,13.49
2441,BTCO,Invesco Galaxy Bitcoin ETF,Invesco / Galaxy,BTCO,Invesco Galaxy Bitcoin ETF,BTC-USD,2026-01-14,97.365,800.0,0.25,59.097,556.1,2.7459,47.512,14.004
2442,BTCO,Invesco Galaxy Bitcoin ETF,Invesco / Galaxy,BTCO,Invesco Galaxy Bitcoin ETF,BTC-USD,2026-01-15,94.91,800.0,0.25,62.648,647.7,2.812,51.063,14.014
2443,BTCO,Invesco Galaxy Bitcoin ETF,Invesco / Galaxy,BTCO,Invesco Galaxy Bitcoin ETF,BTC-USD,2026-01-16,95.2,800.0,0.25,59.584,477.2,2.6796,49.027,15.416
2444,BTCO,Invesco Galaxy Bitcoin ETF,Invesco / Galaxy,BTCO,Invesco Galaxy Bitcoin ETF,BTC-USD,2026-01-20,89.27,800.0,0.25,57.721,140.4,2.1504,47.164,15.151
2445,BTCO,Invesco Galaxy Bitcoin ETF,Invesco / Galaxy,BTCO,Invesco Galaxy Bitcoin ETF,BTC-USD,2026-01-21,89.77,800.0,0.25,41.335,340.9,2.5339,32.926,15.259
2446,BTCO,Invesco Galaxy Bitcoin ETF,Invesco / Galaxy,BTCO,Invesco Galaxy Bitcoin ETF,BTC-USD,2026-01-22,89.0,800.0,0.25,37.803,568.2,2.7552,29.393,15.112
2447,BTCO,Invesco Galaxy Bitcoin ETF,Invesco / Galaxy,BTCO,Invesco Galaxy Bitcoin ETF,BTC-USD,2026-01-23,89.11,800.0,0.25,40.233,712.3,2.8533,31.824,15.071
2448,BTCO,Invesco Galaxy Bitcoin ETF,Invesco / Galaxy,BTCO,Invesco Galaxy Bitcoin ETF,BTC-USD,2026-01-26,87.19,800.0,0.25,41.176,591.9,2.773,31.824,14.975
2449,BTCO,Invesco Galaxy Bitcoin ETF,Invesco / Galaxy,BTCO,Invesco Galaxy Bitcoin ETF,BTC-USD,2026-01-27,88.98,800.0,0.25,44.822,549.8,2.741,35.47,15.085
2450,BTCO,Invesco Galaxy Bitcoin ETF,Invesco / Galaxy,BTCO,Invesco Galaxy Bitcoin ETF,BTC-USD,2026-01-28,88.68,800.0,0.25,44.385,529.0,2.7243,35.033,14.981
2451,BTCO,Invesco Galaxy Bitcoin ETF,Invesco / Galaxy,BTCO,Invesco Galaxy Bitcoin ETF,BTC-USD,2026-01-29,83.7,800.0,0.25,46.063,523.7,2.7199,31.781,15.666
2452,BTCO,Invesco Galaxy Bitcoin ETF,Invesco / Galaxy,BTCO,Invesco Galaxy Bitcoin ETF,BTC-USD,2026-01-30,83.44,800.0,0.25,46.063,746.3,2.8735,31.781,15.881
2453,BTCO,Invesco Galaxy Bitcoin ETF,Invesco / Galaxy,BTCO,Invesco Galaxy Bitcoin ETF,BTC-USD,2026-02-02,77.68,800.0,0.25,44.816,561.8,2.7504,30.198,16.478
2454,BTCO,Invesco Galaxy Bitcoin ETF,Invesco / Galaxy,BTCO,Invesco Galaxy Bitcoin ETF,BTC-USD,2026-02-03,76.11,800.0,0.25,44.816,217.5,2.3395,30.198,16.433
2455,BTCO,Invesco Galaxy Bitcoin ETF,Invesco / Galaxy,BTCO,Invesco Galaxy Bitcoin ETF,BTC-USD,2026-02-04,73.04,800.0,0.25,46.579,301.5,2.4808,31.961,16.055
2456,BTCO,Invesco Galaxy Bitcoin ETF,Invesco / Galaxy,BTCO,Invesco Galaxy Bitcoin ETF,BTC-USD,2026-02-05,63.41,800.0,0.25,42.633,352.8,2.5487,27.007,16.314
2457,BTCO,Invesco Galaxy Bitcoin ETF,Invesco / Galaxy,BTCO,Invesco Galaxy Bitcoin ETF,BTC-USD,2026-02-06,69.72,800.0,0.25,47.406,691.3,2.8403,31.78,17.1
2458,BTCO,Invesco Galaxy Bitcoin ETF,Invesco / Galaxy,BTCO,Invesco Galaxy Bitcoin ETF,BTC-USD,2026-02-09,70.49,800.0,0.25,58.499,270.5,2.4338,42.873,17.233
2459,BTCO,Invesco Galaxy Bitcoin ETF,Invesco / Galaxy,BTCO,Invesco Galaxy Bitcoin ETF,BTC-USD,2026-02-10,68.48,800.0,0.25,60.039,641.5,2.8079,38.968,17.476
2460,BTCO,Invesco Galaxy Bitcoin ETF,Invesco / Galaxy,BTCO,Invesco Galaxy Bitcoin ETF,BTC-USD,2026-02-11,67.26,800.0,0.25,54.231,406.0,2.6096,33.16,17.663
2461,BTCO,Invesco Galaxy Bitcoin ETF,Invesco / Galaxy,BTCO,Invesco Galaxy Bitcoin ETF,BTC-USD,2026-02-12,65.05,800.0,0.25,66.265,941.0,2.9741,46.766,17.787
2462,BTCO,Invesco Galaxy Bitcoin ETF,Invesco / Galaxy,BTCO,Invesco Galaxy Bitcoin ETF,BTC-USD,2026-02-13,68.51,800.0,0.25,66.265,552.2,2.7429,46.766,17.658
2463,BTCO,Invesco Galaxy Bitcoin ETF,Invesco / Galaxy,BTCO,Invesco Galaxy Bitcoin ETF,BTC-USD,2026-02-17,67.47,800.0,0.25,65.476,447.9,2.6522,45.977,17.379
2464,BTCO,Invesco Galaxy Bitcoin ETF,Invesco / Galaxy,BTCO,Invesco Galaxy Bitcoin ETF,BTC-USD,2026-02-18,65.95,800.0,0.25,75.488,658.8,2.8194,53.26,15.854
2465,BTCO,Invesco Galaxy Bitcoin ETF,Invesco / Galaxy,BTCO,Invesco Galaxy Bitcoin ETF,BTC-USD,2026-02-19,66.82,800.0,0.25,79.533,514.2,2.712,57.305,15.535
2466,BTCO,Invesco Galaxy Bitcoin ETF,Invesco / Galaxy,BTCO,Invesco Galaxy Bitcoin ETF,BTC-USD,2026-02-20,67.44,800.0,0.25,79.533,611.4,2.787,57.305,15.213
2467,BTCO,Invesco Galaxy Bitcoin ETF,Invesco / Galaxy,BTCO,Invesco Galaxy Bitcoin ETF,BTC-USD,2026-02-23,64.18,800.0,0.25,76.325,556.3,2.7461,53.426,15.067
2468,BTCO,Invesco Galaxy Bitcoin ETF,Invesco / Galaxy,BTCO,Invesco Galaxy Bitcoin ETF,BTC-USD,2026-02-24,64.23,800.0,0.25,73.894,463.7,2.6672,50.996,14.997
2469,BTCO,Invesco Galaxy Bitcoin ETF,Invesco / Galaxy,BTCO,Invesco Galaxy Bitcoin ETF,BTC-USD,2026-02-25,68.94,800.0,0.25,75.427,224.9,2.3539,50.996,14.877
2470,BTCO,Invesco Galaxy Bitcoin ETF,Invesco / Galaxy,BTCO,Invesco Galaxy Bitcoin ETF,BTC-USD,2026-02-26,67.16,800.0,0.25,74.06,398.0,2.601,51.833,15.747
2471,BTCO,Invesco Galaxy Bitcoin ETF,Invesco / Galaxy,BTCO,Invesco Galaxy Bitcoin ETF,BTC-USD,2026-02-27,65.34,800.0,0.25,76.263,752.4,2.877,51.833,15.774
2472,BTCO,Invesco Galaxy Bitcoin ETF,Invesco / Galaxy,BTCO,Invesco Galaxy Bitcoin ETF,BTC-USD,2026-03-02,68.87,800.0,0.25,76.263,283.4,2.4539,51.833,15.529
2473,BTCO,Invesco Galaxy Bitcoin ETF,Invesco / Galaxy,BTCO,Invesco Galaxy Bitcoin ETF,BTC-USD,2026-03-03,67.95,800.0,0.25,90.399,424.2,2.6286,65.969,14.904
2474,BTCO,Invesco Galaxy Bitcoin ETF,Invesco / Galaxy,BTCO,Invesco Galaxy Bitcoin ETF,BTC-USD,2026-03-04,72.83,800.0,0.25,92.19,258.2,2.4136,65.969,13.169
2475,BTCO,Invesco Galaxy Bitcoin ETF,Invesco / Galaxy,BTCO,Invesco Galaxy Bitcoin ETF,BTC-USD,2026-03-05,70.96,800.0,0.25,95.635,452.6,2.6566,66.421,12.17
2476,BTCO,Invesco Galaxy Bitcoin ETF,Invesco / Galaxy,BTCO,Invesco Galaxy Bitcoin ETF,BTC-USD,2026-03-06,67.79,800.0,0.25,95.697,336.0,2.5276,64.658,11.474
2477,BTCO,Invesco Galaxy Bitcoin ETF,Invesco / Galaxy,BTCO,Invesco Galaxy Bitcoin ETF,BTC-USD,2026-03-09,68.77,800.0,0.25,94.366,460.1,2.6638,65.152,10.115
2478,BTCO,Invesco Galaxy Bitcoin ETF,Invesco / Galaxy,BTCO,Invesco Galaxy Bitcoin ETF,BTC-USD,2026-03-10,69.79,800.0,0.25,86.599,445.3,2.6496,60.378,9.433
2479,BTCO,Invesco Galaxy Bitcoin ETF,Invesco / Galaxy,BTCO,Invesco Galaxy Bitcoin ETF,BTC-USD,2026-03-11,70.39,800.0,0.25,82.576,303.2,2.4831,56.355,9.275
2480,BTCO,Invesco Galaxy Bitcoin ETF,Invesco / Galaxy,BTCO,Invesco Galaxy Bitcoin ETF,BTC-USD,2026-03-12,70.18,800.0,0.25,82.364,434.5,2.639,56.21,8.942
2481,BTCO,Invesco Galaxy Bitcoin ETF,Invesco / Galaxy,BTCO,Invesco Galaxy Bitcoin ETF,BTC-USD,2026-03-13,70.9,800.0,0.25,82.364,267.5,2.4289,56.21,8.696
2482,BTCO,Invesco Galaxy Bitcoin ETF,Invesco / Galaxy,BTCO,Invesco Galaxy Bitcoin ETF,BTC-USD,2026-03-16,73.68,800.0,0.25,68.825,835.8,2.9226,42.604,8.187
2483,BTCO,Invesco Galaxy Bitcoin ETF,Invesco / Galaxy,BTCO,Invesco Galaxy Bitcoin ETF,BTC-USD,2026-03-17,74.25,800.0,0.25,72.015,274.7,2.4404,45.861,7.812
2484,BTCO,Invesco Galaxy Bitcoin ETF,Invesco / Galaxy,BTCO,Invesco Galaxy Bitcoin ETF,BTC-USD,2026-03-18,70.73,800.0,0.25,69.321,580.4,2.7645,43.1,7.798
2485,BTCO,Invesco Galaxy Bitcoin ETF,Invesco / Galaxy,BTCO,Invesco Galaxy Bitcoin ETF,BTC-USD,2026-03-19,69.98,800.0,0.25,61.971,285.8,2.4576,35.817,7.732
2486,BTCO,Invesco Galaxy Bitcoin ETF,Invesco / Galaxy,BTCO,Invesco Galaxy Bitcoin ETF,BTC-USD,2026-03-20,69.91,800.0,0.25,62.271,687.4,2.8379,36.882,7.63
2487,BTCO,Invesco Galaxy Bitcoin ETF,Invesco / Galaxy,BTCO,Invesco Galaxy Bitcoin ETF,BTC-USD,2026-03-23,70.34,800.0,0.25,62.271,497.9,2.698,36.882,7.494
2488,BTCO,Invesco Galaxy Bitcoin ETF,Invesco / Galaxy,BTCO,Invesco Galaxy Bitcoin ETF,BTC-USD,2026-03-24,69.0,800.0,0.25,62.271,747.0,2.8739,36.882,7.315
2489,BTCO,Invesco Galaxy Bitcoin ETF,Invesco / Galaxy,BTCO,Invesco Galaxy Bitcoin ETF,BTC-USD,2026-03-25,70.545,800.0,0.25,63.035,548.0,2.7396,36.882,7.143
2490,BTCO,Invesco Galaxy Bitcoin ETF,Invesco / Galaxy,BTCO,Invesco Galaxy Bitcoin ETF,BTC-USD,2026-03-26,68.21,800.0,0.25,63.035,627.7,2.7984,36.882,7.022
2491,BTCO,Invesco Galaxy Bitcoin ETF,Invesco / Galaxy,BTCO,Invesco Galaxy Bitcoin ETF,BTC-USD,2026-03-27,65.64,800.0,0.25,61.557,701.6,2.8467,30.518,6.347
2492,BTCO,Invesco Galaxy Bitcoin ETF,Invesco / Galaxy,BTCO,Invesco Galaxy Bitcoin ETF,BTC-USD,2026-03-30,66.17,800.0,0.25,56.672,496.9,2.6971,30.518,7.06
2493,BTCO,Invesco Galaxy Bitcoin ETF,Invesco / Galaxy,BTCO,Invesco Galaxy Bitcoin ETF,BTC-USD,2026-03-31,67.47,800.0,0.25,62.128,681.4,2.834,36.739,6.736
2494,BTCO,Invesco Galaxy Bitcoin ETF,Invesco / Galaxy,BTCO,Invesco Galaxy Bitcoin ETF,BTC-USD,2026-04-01,67.85,800.0,0.25,47.992,567.8,2.755,22.603,6.461
2495,BTCO,Invesco Galaxy Bitcoin ETF,Invesco / Galaxy,BTCO,Invesco Galaxy Bitcoin ETF,BTC-USD,2026-04-02,66.71,800.0,0.25,43.84,379.6,2.5805,22.603,6.396
2496,BTCO,Invesco Galaxy Bitcoin ETF,Invesco / Galaxy,BTCO,Invesco Galaxy Bitcoin ETF,BTC-USD,2026-04-06,69.43,800.0,0.25,43.388,408.5,2.6123,22.151,6.412
2497,BTCO,Invesco Galaxy Bitcoin ETF,Invesco / Galaxy,BTCO,Invesco Galaxy Bitcoin ETF,BTC-USD,2026-04-07,68.69,800.0,0.25,42.971,1479.4,3.1704,22.151,6.471
2498,BTCO,Invesco Galaxy Bitcoin ETF,Invesco / Galaxy,BTCO,Invesco Galaxy Bitcoin ETF,BTC-USD,2026-04-08,71.05,800.0,0.25,42.478,618.0,2.7917,21.657,6.591
2499,BTCO,Invesco Galaxy Bitcoin ETF,Invesco / Galaxy,BTCO,Invesco Galaxy Bitcoin ETF,BTC-USD,2026-04-09,71.84,800.0,0.25,54.893,476.5,2.6789,33.655,6.423
2500,BTCO,Invesco Galaxy Bitcoin ETF,Invesco / Galaxy,BTCO,Invesco Galaxy Bitcoin ETF,BTC-USD,2026-04-10,73.03,800.0,0.25,48.092,446.0,2.6504,26.586,6.514
2501,BTCO,Invesco Galaxy Bitcoin ETF,Invesco / Galaxy,BTCO,Invesco Galaxy Bitcoin ETF,BTC-USD,2026-04-13,73.07,800.0,0.25,53.226,669.3,2.8262,31.719,6.617
2502,BTCO,Invesco Galaxy Bitcoin ETF,Invesco / Galaxy,BTCO,Invesco Galaxy Bitcoin ETF,BTC-USD,2026-04-14,74.0,800.0,0.25,53.226,883.3,2.9466,31.719,6.752
2503,BTCO,Invesco Galaxy Bitcoin ETF,Invesco / Galaxy,BTCO,Invesco Galaxy Bitcoin ETF,BTC-USD,2026-04-15,74.73,800.0,0.25,55.634,404.3,2.6078,34.127,6.595
2504,BTCO,Invesco Galaxy Bitcoin ETF,Invesco / Galaxy,BTCO,Invesco Galaxy Bitcoin ETF,BTC-USD,2026-04-16,75.07,800.0,0.25,59.832,162.0,2.2122,38.325,6.572
2505,BTCO,Invesco Galaxy Bitcoin ETF,Invesco / Galaxy,BTCO,Invesco Galaxy Bitcoin ETF,BTC-USD,2026-04-17,77.19,800.0,0.25,59.563,212.4,2.3291,38.325,7.437
2506,BTCO,Invesco Galaxy Bitcoin ETF,Invesco / Galaxy,BTCO,Invesco Galaxy Bitcoin ETF,BTC-USD,2026-04-20,76.02,800.0,0.25,59.563,79.0,1.9029,38.325,7.443
2507,BTCO,Invesco Galaxy Bitcoin ETF,Invesco / Galaxy,BTCO,Invesco Galaxy Bitcoin ETF,BTC-USD,2026-04-21,74.7,800.0,0.25,64.314,496.3,2.6966,42.807,7.457
2508,BTCO,Invesco Galaxy Bitcoin ETF,Invesco / Galaxy,BTCO,Invesco Galaxy Bitcoin ETF,BTC-USD,2026-04-22,78.5,800.0,0.25,70.843,90.0,1.9588,42.807,7.459
2509,BTCO,Invesco Galaxy Bitcoin ETF,Invesco / Galaxy,BTCO,Invesco Galaxy Bitcoin ETF,BTC-USD,2026-04-23,77.38,800.0,0.25,68.672,920.8,2.9646,42.807,7.61
2510,BTCO,Invesco Galaxy Bitcoin ETF,Invesco / Galaxy,BTCO,Invesco Galaxy Bitcoin ETF,BTC-USD,2026-04-24,77.29,800.0,0.25,67.791,121.7,2.0888,46.285,7.701
2511,BTCO,Invesco Galaxy Bitcoin ETF,Invesco / Galaxy,BTCO,Invesco Galaxy Bitcoin ETF,BTC-USD,2026-04-27,76.51,800.0,0.25,68.298,373.6,2.5735,47.061,7.786
2512,BTCO,Invesco Galaxy Bitcoin ETF,Invesco / Galaxy,BTCO,Invesco Galaxy Bitcoin ETF,BTC-USD,2026-04-28,75.99,800.0,0.25,68.298,173.7,2.2423,47.061,7.425
2513,BTCO,Invesco Galaxy Bitcoin ETF,Invesco / Galaxy,BTCO,Invesco Galaxy Bitcoin ETF,BTC-USD,2026-04-29,75.12,800.0,0.25,70.242,547.9,2.7395,49.004,6.861
2514,BTCO,Invesco Galaxy Bitcoin ETF,Invesco / Galaxy,BTCO,Invesco Galaxy Bitcoin ETF,BTC-USD,2026-04-30,76.05,800.0,0.25,65.349,387.3,2.5891,43.842,6.555
2515,BTCO,Invesco Galaxy Bitcoin ETF,Invesco / Galaxy,BTCO,Invesco Galaxy Bitcoin ETF,BTC-USD,2026-05-01,78.04,800.0,0.25,66.001,220.2,2.3449,43.842,6.613
2516,BTCO,Invesco Galaxy Bitcoin ETF,Invesco / Galaxy,BTCO,Invesco Galaxy Bitcoin ETF,BTC-USD,2026-05-04,79.72,800.0,0.25,66.001,-286.9,-2.4593,43.842,6.691
2517,BTCO,Invesco Galaxy Bitcoin ETF,Invesco / Galaxy,BTCO,Invesco Galaxy Bitcoin ETF,BTC-USD,2026-05-05,81.26,800.0,0.25,66.001,-2.6,-0.5609,43.842,6.547
2518,BTCO,Invesco Galaxy Bitcoin ETF,Invesco / Galaxy,BTCO,Invesco Galaxy Bitcoin ETF,BTC-USD,2026-05-06,81.09,800.0,0.25,67.792,90.4,1.9608,45.633,6.656
2519,BTCO,Invesco Galaxy Bitcoin ETF,Invesco / Galaxy,BTCO,Invesco Galaxy Bitcoin ETF,BTC-USD,2026-05-07,79.73,800.0,0.25,67.787,-167.3,-2.2261,45.633,6.91
2520,BTCO,Invesco Galaxy Bitcoin ETF,Invesco / Galaxy,BTCO,Invesco Galaxy Bitcoin ETF,BTC-USD,2026-05-08,79.74,800.0,0.25,58.266,69.0,1.845,36.76,6.896
2521,BTCO,Invesco Galaxy Bitcoin ETF,Invesco / Galaxy,BTCO,Invesco Galaxy Bitcoin ETF,BTC-USD,2026-05-11,81.59,800.0,0.25,53.086,-123.0,-2.0935,36.76,7.268
2522,BTCO,Invesco Galaxy Bitcoin ETF,Invesco / Galaxy,BTCO,Invesco Galaxy Bitcoin ETF,BTC-USD,2026-05-12,80.4,800.0,0.25,53.779,56.0,1.7559,31.626,7.236
2523,BTCO,Invesco Galaxy Bitcoin ETF,Invesco / Galaxy,BTCO,Invesco Galaxy Bitcoin ETF,BTC-USD,2026-05-13,79.19,800.0,0.25,53.779,24.9,1.4132,31.626,7.042
2524,BTCO,Invesco Galaxy Bitcoin ETF,Invesco / Galaxy,BTCO,Invesco Galaxy Bitcoin ETF,BTC-USD,2026-05-14,81.03,800.0,0.25,51.372,-93.5,-1.9755,29.218,7.246
2525,BTCO,Invesco Galaxy Bitcoin ETF,Invesco / Galaxy,BTCO,Invesco Galaxy Bitcoin ETF,BTC-USD,2026-05-15,78.685,800.0,0.25,43.922,26.4,1.4375,21.763,7.269
2526,BTCO,Invesco Galaxy Bitcoin ETF,Invesco / Galaxy,BTCO,Invesco Galaxy Bitcoin ETF,BTC-USD,2026-05-18,76.43,800.0,0.25,43.922,-247.9,-2.3961,21.763,6.88
2527,BTCO,Invesco Galaxy Bitcoin ETF,Invesco / Galaxy,BTCO,Invesco Galaxy Bitcoin ETF,BTC-USD,2026-05-19,76.35,800.0,0.25,47.483,-30.3,-1.4949,25.33,6.8
2528,BTCO,Invesco Galaxy Bitcoin ETF,Invesco / Galaxy,BTCO,Invesco Galaxy Bitcoin ETF,BTC-USD,2026-05-20,77.25,800.0,0.25,37.015,-158.1,-2.2018,15.738,6.912
2529,BTCO,Invesco Galaxy Bitcoin ETF,Invesco / Galaxy,BTCO,Invesco Galaxy Bitcoin ETF,BTC-USD,2026-05-21,77.29,800.0,0.25,41.308,-118.0,-2.0755,20.062,6.964
2530,BTCO,Invesco Galaxy Bitcoin ETF,Invesco / Galaxy,BTCO,Invesco Galaxy Bitcoin ETF,BTC-USD,2026-05-22,75.4,800.0,0.25,41.308,-547.4,-2.7391,20.062,6.902
2531,BTCO,Invesco Galaxy Bitcoin ETF,Invesco / Galaxy,BTCO,Invesco Galaxy Bitcoin ETF,BTC-USD,2026-05-26,75.52,800.0,0.25,44.717,-191.4,-2.2842,23.47,6.992
2532,BTCO,Invesco Galaxy Bitcoin ETF,Invesco / Galaxy,BTCO,Invesco Galaxy Bitcoin ETF,BTC-USD,2026-05-27,74.57,800.0,0.25,43.97,-367.4,-2.5664,22.694,6.898
2533,BTCO,Invesco Galaxy Bitcoin ETF,Invesco / Galaxy,BTCO,Invesco Galaxy Bitcoin ETF,BTC-USD,2026-05-28,72.99,800.0,0.25,43.97,207.9,2.32,22.694,6.988
2534,BTCO,Invesco Galaxy Bitcoin ETF,Invesco / Galaxy,BTCO,Invesco Galaxy Bitcoin ETF,BTC-USD,2026-05-29,73.03,800.0,0.25,46.833,-41.1,-1.6241,25.556,6.784
2535,BTCO,Invesco Galaxy Bitcoin ETF,Invesco / Galaxy,BTCO,Invesco Galaxy Bitcoin ETF,BTC-USD,2026-06-01,71.1,800.0,0.25,45.774,-98.9,-1.9997,24.498,7.116
2536,BTCO,Invesco Galaxy Bitcoin ETF,Invesco / Galaxy,BTCO,Invesco Galaxy Bitcoin ETF,BTC-USD,2026-06-02,66.86,800.0,0.25,45.774,77.5,1.8946,24.498,7.265
2537,BTCO,Invesco Galaxy Bitcoin ETF,Invesco / Galaxy,BTCO,Invesco Galaxy Bitcoin ETF,BTC-USD,2026-06-03,65.03,800.0,0.25,45.774,-232.1,-2.3675,24.498,7.159
2538,BTCO,Invesco Galaxy Bitcoin ETF,Invesco / Galaxy,BTCO,Invesco Galaxy Bitcoin ETF,BTC-USD,2026-06-04,63.21,800.0,0.25,45.774,426.2,2.6307,24.498,7.398
2539,BTCO,Invesco Galaxy Bitcoin ETF,Invesco / Galaxy,BTCO,Invesco Galaxy Bitcoin ETF,BTC-USD,2026-06-05,60.01,800.0,0.25,49.201,621.1,2.7938,22.706,7.857
2540,BTCO,Invesco Galaxy Bitcoin ETF,Invesco / Galaxy,BTCO,Invesco Galaxy Bitcoin ETF,BTC-USD,2026-06-08,63.07,800.0,0.25,49.807,438.5,2.6429,22.706,7.47
2541,BTCO,Invesco Galaxy Bitcoin ETF,Invesco / Galaxy,BTCO,Invesco Galaxy Bitcoin ETF,BTC-USD,2026-06-09,61.75,800.0,0.25,46.682,348.8,2.5438,19.582,7.787
2542,BTCO,Invesco Galaxy Bitcoin ETF,Invesco / Galaxy,BTCO,Invesco Galaxy Bitcoin ETF,BTC-USD,2026-06-10,61.6,800.0,0.25,50.477,389.3,2.5914,23.377,7.239
2543,BTCO,Invesco Galaxy Bitcoin ETF,Invesco / Galaxy,BTCO,Invesco Galaxy Bitcoin ETF,BTC-USD,2026-06-11,63.25,800.0,0.25,50.477,544.5,2.7368,23.377,7.259
2544,BTCO,Invesco Galaxy Bitcoin ETF,Invesco / Galaxy,BTCO,Invesco Galaxy Bitcoin ETF,BTC-USD,2026-06-12,63.25,800.0,0.25,53.212,549.5,2.7408,23.377,7.145
2545,BTCO,Invesco Galaxy Bitcoin ETF,Invesco / Galaxy,BTCO,Invesco Galaxy Bitcoin ETF,BTC-USD,2026-06-15,66.25,800.0,0.25,53.212,135.7,2.1358,23.377,7.053
2546,BTCO,Invesco Galaxy Bitcoin ETF,Invesco / Galaxy,BTCO,Invesco Galaxy Bitcoin ETF,BTC-USD,2026-06-16,65.32,800.0,0.25,53.212,354.3,2.5506,23.377,6.968
2547,BTCO,Invesco Galaxy Bitcoin ETF,Invesco / Galaxy,BTCO,Invesco Galaxy Bitcoin ETF,BTC-USD,2026-06-17,63.89,800.0,0.25,53.774,291.6,2.4662,23.377,6.499
2548,BTCO,Invesco Galaxy Bitcoin ETF,Invesco / Galaxy,BTCO,Invesco Galaxy Bitcoin ETF,BTC-USD,2026-06-18,62.64,800.0,0.25,50.207,354.9,2.5514,19.809,7.696
2549,BTCO,Invesco Galaxy Bitcoin ETF,Invesco / Galaxy,BTCO,Invesco Galaxy Bitcoin ETF,BTC-USD,2026-06-22,64.12,800.0,0.25,56.05,173.0,2.2406,19.809,7.73
2550,BTCO,Invesco Galaxy Bitcoin ETF,Invesco / Galaxy,BTCO,Invesco Galaxy Bitcoin ETF,BTC-USD,2026-06-23,62.02,800.0,0.25,52.955,321.3,2.5083,15.486,7.751
2551,BTCO,Invesco Galaxy Bitcoin ETF,Invesco / Galaxy,BTCO,Invesco Galaxy Bitcoin ETF,BTC-USD,2026-06-24,59.55,800.0,0.25,51.727,807.8,2.9078,15.486,8.219
2552,BTCO,Invesco Galaxy Bitcoin ETF,Invesco / Galaxy,BTCO,Invesco Galaxy Bitcoin ETF,BTC-USD,2026-06-25,58.91,800.0,0.25,50.994,628.3,2.7988,14.754,10.122
2553,BTCO,Invesco Galaxy Bitcoin ETF,Invesco / Galaxy,BTCO,Invesco Galaxy Bitcoin ETF,BTC-USD,2026-06-26,59.36,800.0,0.25,59.495,651.1,2.8143,23.255,10.209
2554,BTCO,Invesco Galaxy Bitcoin ETF,Invesco / Galaxy,BTCO,Invesco Galaxy Bitcoin ETF,BTC-USD,2026-06-29,60.05,800.0,0.25,65.341,323.8,2.5117,34.944,10.225
2555,BTCO,Invesco Galaxy Bitcoin ETF,Invesco / Galaxy,BTCO,Invesco Galaxy Bitcoin ETF,BTC-USD,2026-06-30,58.4,800.0,0.25,66.379,510.1,2.7085,30.138,10.127
2556,BTCO,Invesco Galaxy Bitcoin ETF,Invesco / Galaxy,BTCO,Invesco Galaxy Bitcoin ETF,BTC-USD,2026-07-01,59.67,800.0,0.25,67.607,467.1,2.6704,30.138,9.861
2557,BTCO,Invesco Galaxy Bitcoin ETF,Invesco / Galaxy,BTCO,Invesco Galaxy Bitcoin ETF,BTC-USD,2026-07-02,61.16,800.0,0.25,67.582,349.6,2.5448,30.138,9.798
2558,BTCO,Invesco Galaxy Bitcoin ETF,Invesco / Galaxy,BTCO,Invesco Galaxy Bitcoin ETF,BTC-USD,2026-07-06,63.38,800.0,0.25,67.77,575.7,2.7609,30.326,9.597
2559,BTCO,Invesco Galaxy Bitcoin ETF,Invesco / Galaxy,BTCO,Invesco Galaxy Bitcoin ETF,BTC-USD,2026-07-07,63.5,800.0,0.25,70.729,293.2,2.4686,33.285,9.247
2560,BTCO,Invesco Galaxy Bitcoin ETF,Invesco / Galaxy,BTCO,Invesco Galaxy Bitcoin ETF,BTC-USD,2026-07-08,61.9,800.0,0.25,70.754,608.1,2.7847,33.285,8.561
2561,BTCO,Invesco Galaxy Bitcoin ETF,Invesco / Galaxy,BTCO,Invesco Galaxy Bitcoin ETF,BTC-USD,2026-07-09,62.9,800.0,0.25,70.754,233.4,2.37,33.285,8.392
2562,BTCO,Invesco Galaxy Bitcoin ETF,Invesco / Galaxy,BTCO,Invesco Galaxy Bitcoin ETF,BTC-USD,2026-07-10,63.56,800.0,0.25,78.777,537.8,2.7314,33.285,8.01
2563,BTCO,Invesco Galaxy Bitcoin ETF,Invesco / Galaxy,BTCO,Invesco Galaxy Bitcoin ETF,BTC-USD,2026-07-13,61.86,800.0,0.25,79.705,506.6,2.7055,29.49,8.016
2564,BTCO,Invesco Galaxy Bitcoin ETF,Invesco / Galaxy,BTCO,Invesco Galaxy Bitcoin ETF,BTC-USD,2026-07-14,64.18,800.0,0.25,79.705,615.1,2.7897,29.49,7.94
2565,BTCO,Invesco Galaxy Bitcoin ETF,Invesco / Galaxy,BTCO,Invesco Galaxy Bitcoin ETF,BTC-USD,2026-07-15,64.615,800.0,0.25,74.982,527.7,2.7232,29.49,7.829
2566,BTCO,Invesco Galaxy Bitcoin ETF,Invesco / Galaxy,BTCO,Invesco Galaxy Bitcoin ETF,BTC-USD,2026-07-16,63.89,800.0,0.25,74.982,187.6,2.2756,29.49,7.638
2567,BTCO,Invesco Galaxy Bitcoin ETF,Invesco / Galaxy,BTCO,Invesco Galaxy Bitcoin ETF,BTC-USD,2026-07-17,63.8,800.0,0.25,66.959,594.0,2.7745,29.49,7.643
2568,BTCO,Invesco Galaxy Bitcoin ETF,Invesco / Galaxy,BTCO,Invesco Galaxy Bitcoin ETF,BTC-USD,2026-07-20,64.78,800.0,0.25,72.667,483.9,2.6857,29.49,7.521
2569,BTCO,Invesco Galaxy Bitcoin ETF,Invesco / Galaxy,BTCO,Invesco Galaxy Bitcoin ETF,BTC-USD,2026-07-21,66.11,800.0,0.25,74.982,527.9,2.7234,29.49,6.333
2570,BTCO,Invesco Galaxy Bitcoin ETF,Invesco / Galaxy,BTCO,Invesco Galaxy Bitcoin ETF,BTC-USD,2026-07-22,65.58,800.0,0.25,74.982,882.8,2.9463,29.49,6.14
2571,BTCO,Invesco Galaxy Bitcoin ETF,Invesco / Galaxy,BTCO,Invesco Galaxy Bitcoin ETF,BTC-USD,2026-07-23,64.42,800.0,0.25,74.982,786.9,2.8965,29.49,6.015
2572,BTCO,Invesco Galaxy Bitcoin ETF,Invesco / Galaxy,BTCO,Invesco Galaxy Bitcoin ETF,BTC-USD,2026-07-24,63.82,800.0,0.25,74.982,490.7,2.6917,29.49,5.461
2573,BTCO,Invesco Galaxy Bitcoin ETF,Invesco / Galaxy,BTCO,Invesco Galaxy Bitcoin ETF,BTC-USD,2026-07-27,64.56,800.0,0.25,68.829,159.4,2.2053,23.337,3.373
2574,BTCO,Invesco Galaxy Bitcoin ETF,Invesco / Galaxy,BTCO,Invesco Galaxy Bitcoin ETF,BTC-USD,2026-07-28,63.48,800.0,0.25,65.051,388.0,2.5899,14.836,3.155
2575,BTCO,Invesco Galaxy Bitcoin ETF,Invesco / Galaxy,BTCO,Invesco Galaxy Bitcoin ETF,BTC-USD,2026-07-29,63.18,800.0,0.25,53.361,709.5,2.8516,3.147,3.034
2576,BTCO,Invesco Galaxy Bitcoin ETF,Invesco / Galaxy,BTCO,Invesco Galaxy Bitcoin ETF,BTC-USD,2026-07-30,64.41,800.0,0.25,53.361,488.9,2.6901,3.147,2.9
2577,BTCO,Invesco Galaxy Bitcoin ETF,Invesco / Galaxy,BTCO,Invesco Galaxy Bitcoin ETF,BTC-USD,2026-07-31,62.55,800.0,0.25,63.372,398.8,2.6018,3.147,2.914
2578,BTCO,Invesco Galaxy Bitcoin ETF,Invesco / Galaxy,BTCO,Invesco Galaxy Bitcoin ETF,BTC-USD,2026-08-03,63.51,800.0,0.25,70.604,337.9,2.5301,10.379,3.191
2579,BTCO,Invesco Galaxy Bitcoin ETF,Invesco / Galaxy,BTCO,Invesco Galaxy Bitcoin ETF,BTC-USD,2026-08-04,63.89,800.0,0.25,55.683,311.8,2.4953,10.192,3.114
2580,BTCO,Invesco Galaxy Bitcoin ETF,Invesco / Galaxy,BTCO,Invesco Galaxy Bitcoin ETF,BTC-USD,2026-08-05,64.49,800.0,0.25,52.724,661.0,2.8209,7.233,3.069
2581,BTCO,Invesco Galaxy Bitcoin ETF,Invesco / Galaxy,BTCO,Invesco Galaxy Bitcoin ETF,BTC-USD,2026-08-06,64.05,800.0,0.25,56.812,564.5,2.7525,11.32,2.989
2582,BTCO,Invesco Galaxy Bitcoin ETF,Invesco / Galaxy,BTCO,Invesco Galaxy Bitcoin ETF,BTC-USD,2026-08-07,64.6,800.0,0.25,56.812,687.8,2.8381,11.32,2.962
2583,BTCO,Invesco Galaxy Bitcoin ETF,Invesco / Galaxy,BTCO,Invesco Galaxy Bitcoin ETF,BTC-USD,2026-08-10,63.62,800.0,0.25,54.497,386.6,2.5883,11.32,3.282
2584,BTCO,Invesco Galaxy Bitcoin ETF,Invesco / Galaxy,BTCO,Invesco Galaxy Bitcoin ETF,BTC-USD,2026-08-11,63.14,800.0,0.25,50.179,762.3,2.8827,11.32,3.268
2585,BTCO,Invesco Galaxy Bitcoin ETF,Invesco / Galaxy,BTCO,Invesco Galaxy Bitcoin ETF,BTC-USD,2026-08-12,63.03,800.0,0.25,54.626,530.0,2.7251,16.043,3.168
2586,BTCO,Invesco Galaxy Bitcoin ETF,Invesco / Galaxy,BTCO,Invesco Galaxy Bitcoin ETF,BTC-USD,2026-08-13,62.98,800.0,0.25,57.086,680.8,2.8336,18.502,3.155
2587,BTCO,Invesco Galaxy Bitcoin ETF,Invesco / Galaxy,BTCO,Invesco Galaxy Bitcoin ETF,BTC-USD,2026-08-14,62.57,800.0,0.25,57.086,228.6,2.3609,18.502,3.157
2588,BTCO,Invesco Galaxy Bitcoin ETF,Invesco / Galaxy,BTCO,Invesco Galaxy Bitcoin ETF,BTC-USD,2026-08-17,63.95,800.0,0.25,57.361,557.1,2.7467,18.502,3.146
2589,BTCO,Invesco Galaxy Bitcoin ETF,Invesco / Galaxy,BTCO,Invesco Galaxy Bitcoin ETF,BTC-USD,2026-08-18,64.27,800.0,0.25,57.086,583.3,2.7666,18.502,3.064
2590,BTCO,Invesco Galaxy Bitcoin ETF,Invesco / Galaxy,BTCO,Invesco Galaxy Bitcoin ETF,BTC-USD,2026-08-19,68.1,800.0,0.25,57.086,585.9,2.7686,18.502,3.312
2591,BTCO,Invesco Galaxy Bitcoin ETF,Invesco / Galaxy,BTCO,Invesco Galaxy Bitcoin ETF,BTC-USD,2026-08-20,72.3,800.0,0.25,57.361,529.5,2.7247,18.502,3.474
2592,BTCO,Invesco Galaxy Bitcoin ETF,Invesco / Galaxy,BTCO,Invesco Galaxy Bitcoin ETF,BTC-USD,2026-08-21,76.67,800.0,0.25,57.361,590.7,2.7721,18.502,3.714
2593,BTCO,Invesco Galaxy Bitcoin ETF,Invesco / Galaxy,BTCO,Invesco Galaxy Bitcoin ETF,BTC-USD,2026-08-24,78.35,800.0,0.25,61.636,287.2,2.4596,18.502,3.828
2594,BTCO,Invesco Galaxy Bitcoin ETF,Invesco / Galaxy,BTCO,Invesco Galaxy Bitcoin ETF,BTC-USD,2026-08-25,78.52,800.0,0.25,68.442,319.7,2.5062,25.308,3.858
2595,BTCO,Invesco Galaxy Bitcoin ETF,Invesco / Galaxy,BTCO,Invesco Galaxy Bitcoin ETF,BTC-USD,2026-08-26,78.08,800.0,0.25,64.167,831.8,2.9205,25.308,3.867
2596,BTCO,Invesco Galaxy Bitcoin ETF,Invesco / Galaxy,BTCO,Invesco Galaxy Bitcoin ETF,BTC-USD,2026-08-27,79.51,800.0,0.25,68.442,321.6,2.5086,25.308,3.843
2597,BRRR,CoinShares Valkyrie Bitcoin,CoinShares,BRRR,CoinShares Valkyrie Bitcoin,BTC-USD,2025-03-07,24.58,600.0,0.25,102.158,-486.5,-2.688,81.397,17.183
2598,BRRR,CoinShares Valkyrie Bitcoin,CoinShares,BRRR,CoinShares Valkyrie Bitcoin,BTC-USD,2025-03-10,22.34,600.0,0.25,96.25,-567.7,-2.7549,72.914,17.162
2599,BRRR,CoinShares Valkyrie Bitcoin,CoinShares,BRRR,CoinShares Valkyrie Bitcoin,BTC-USD,2025-03-11,23.48,600.0,0.25,96.388,-491.6,-2.6925,73.052,19.59
2600,BRRR,CoinShares Valkyrie Bitcoin,CoinShares,BRRR,CoinShares Valkyrie Bitcoin,BTC-USD,2025-03-12,23.44,600.0,0.25,105.526,-252.9,-2.4046,82.19,18.392
2601,BRRR,CoinShares Valkyrie Bitcoin,CoinShares,BRRR,CoinShares Valkyrie Bitcoin,BTC-USD,2025-03-13,22.66,600.0,0.25,113.509,-215.1,-2.3346,90.173,18.484
2602,BRRR,CoinShares Valkyrie Bitcoin,CoinShares,BRRR,CoinShares Valkyrie Bitcoin,BTC-USD,2025-03-14,23.93,600.0,0.25,103.67,-582.9,-2.7663,80.253,17.38
2603,BRRR,CoinShares Valkyrie Bitcoin,CoinShares,BRRR,CoinShares Valkyrie Bitcoin,BTC-USD,2025-03-17,23.91,600.0,0.25,111.286,-573.3,-2.7591,87.87,17.489
2604,BRRR,CoinShares Valkyrie Bitcoin,CoinShares,BRRR,CoinShares Valkyrie Bitcoin,BTC-USD,2025-03-18,23.27,600.0,0.25,114.49,-690.1,-2.8396,87.87,17.62
2605,BRRR,CoinShares Valkyrie Bitcoin,CoinShares,BRRR,CoinShares Valkyrie Bitcoin,BTC-USD,2025-03-19,24.17,600.0,0.25,114.49,-337.6,-2.5297,87.87,17.554
2606,BRRR,CoinShares Valkyrie Bitcoin,CoinShares,BRRR,CoinShares Valkyrie Bitcoin,BTC-USD,2025-03-20,23.81,600.0,0.25,121.885,-651.0,-2.8142,96.765,17.743
2607,BRRR,CoinShares Valkyrie Bitcoin,CoinShares,BRRR,CoinShares Valkyrie Bitcoin,BTC-USD,2025-03-21,23.74,600.0,0.25,120.181,-994.7,-2.9981,96.765,17.646
2608,BRRR,CoinShares Valkyrie Bitcoin,CoinShares,BRRR,CoinShares Valkyrie Bitcoin,BTC-USD,2025-03-24,24.96,600.0,0.25,117.127,-540.3,-2.7334,92.006,16.54
2609,BRRR,CoinShares Valkyrie Bitcoin,CoinShares,BRRR,CoinShares Valkyrie Bitcoin,BTC-USD,2025-03-25,24.94,600.0,0.25,120.771,-740.8,-2.8703,95.651,16.699
2610,BRRR,CoinShares Valkyrie Bitcoin,CoinShares,BRRR,CoinShares Valkyrie Bitcoin,BTC-USD,2025-03-26,24.47,600.0,0.25,120.771,-393.8,-2.5964,95.651,12.853
2611,BRRR,CoinShares Valkyrie Bitcoin,CoinShares,BRRR,CoinShares Valkyrie Bitcoin,BTC-USD,2025-03-27,24.61,600.0,0.25,125.747,-415.3,-2.6194,102.33,12.757
2612,BRRR,CoinShares Valkyrie Bitcoin,CoinShares,BRRR,CoinShares Valkyrie Bitcoin,BTC-USD,2025-03-28,23.68,600.0,0.25,112.888,-286.5,-2.4586,87.768,11.741
2613,BRRR,CoinShares Valkyrie Bitcoin,CoinShares,BRRR,CoinShares Valkyrie Bitcoin,BTC-USD,2025-03-31,23.3,600.0,0.25,108.462,-508.1,-2.7068,85.046,11.941
2614,BRRR,CoinShares Valkyrie Bitcoin,CoinShares,BRRR,CoinShares Valkyrie Bitcoin,BTC-USD,2025-04-01,24.04,600.0,0.25,108.462,-416.7,-2.6208,85.046,12.123
2615,BRRR,CoinShares Valkyrie Bitcoin,CoinShares,BRRR,CoinShares Valkyrie Bitcoin,BTC-USD,2025-04-02,24.57,600.0,0.25,110.166,-1412.6,-3.1503,85.046,10.925
2616,BRRR,CoinShares Valkyrie Bitcoin,CoinShares,BRRR,CoinShares Valkyrie Bitcoin,BTC-USD,2025-04-03,23.17,600.0,0.25,111.666,68.2,1.8401,85.046,10.042
2617,BRRR,CoinShares Valkyrie Bitcoin,CoinShares,BRRR,CoinShares Valkyrie Bitcoin,BTC-USD,2025-04-04,23.75,600.0,0.25,99.297,-711.0,-2.8525,74.177,10.483
2618,BRRR,CoinShares Valkyrie Bitcoin,CoinShares,BRRR,CoinShares Valkyrie Bitcoin,BTC-USD,2025-04-07,22.06,600.0,0.25,89.083,-58.6,-1.7749,62.463,10.576
2619,BRRR,CoinShares Valkyrie Bitcoin,CoinShares,BRRR,CoinShares Valkyrie Bitcoin,BTC-USD,2025-04-08,21.72,600.0,0.25,107.982,-401.5,-2.6047,81.362,10.24
2620,BRRR,CoinShares Valkyrie Bitcoin,CoinShares,BRRR,CoinShares Valkyrie Bitcoin,BTC-USD,2025-04-09,23.27,600.0,0.25,108.825,-53.9,-1.7393,79.347,7.763
2621,BRRR,CoinShares Valkyrie Bitcoin,CoinShares,BRRR,CoinShares Valkyrie Bitcoin,BTC-USD,2025-04-10,22.51,600.0,0.25,113.842,-384.2,-2.5857,79.873,7.629
2622,BRRR,CoinShares Valkyrie Bitcoin,CoinShares,BRRR,CoinShares Valkyrie Bitcoin,BTC-USD,2025-04-11,23.7,600.0,0.25,105.858,-500.9,-2.7006,71.89,7.461
2623,BRRR,CoinShares Valkyrie Bitcoin,CoinShares,BRRR,CoinShares Valkyrie Bitcoin,BTC-USD,2025-04-14,24.02,600.0,0.25,105.858,-856.1,-2.933,71.89,7.17
2624,BRRR,CoinShares Valkyrie Bitcoin,CoinShares,BRRR,CoinShares Valkyrie Bitcoin,BTC-USD,2025-04-15,23.77,600.0,0.25,106.525,-397.9,-2.6009,69.393,7.013
2625,BRRR,CoinShares Valkyrie Bitcoin,CoinShares,BRRR,CoinShares Valkyrie Bitcoin,BTC-USD,2025-04-16,23.86,600.0,0.25,109.295,-574.6,-2.7601,72.162,6.647
2626,BRRR,CoinShares Valkyrie Bitcoin,CoinShares,BRRR,CoinShares Valkyrie Bitcoin,BTC-USD,2025-04-17,24.03,600.0,0.25,118.231,-490.4,-2.6914,79.348,6.185
2627,BRRR,CoinShares Valkyrie Bitcoin,CoinShares,BRRR,CoinShares Valkyrie Bitcoin,BTC-USD,2025-04-21,24.75,600.0,0.25,111.675,-463.9,-2.6674,67.982,6.222
2628,BRRR,CoinShares Valkyrie Bitcoin,CoinShares,BRRR,CoinShares Valkyrie Bitcoin,BTC-USD,2025-04-22,25.91,600.0,0.25,111.675,-375.0,-2.5752,67.982,7.155
2629,BRRR,CoinShares Valkyrie Bitcoin,CoinShares,BRRR,CoinShares Valkyrie Bitcoin,BTC-USD,2025-04-23,26.48,600.0,0.25,106.865,-535.2,-2.7293,67.982,7.384
2630,BRRR,CoinShares Valkyrie Bitcoin,CoinShares,BRRR,CoinShares Valkyrie Bitcoin,BTC-USD,2025-04-24,26.49,600.0,0.25,105.449,-439.0,-2.6435,66.566,7.123
2631,BRRR,CoinShares Valkyrie Bitcoin,CoinShares,BRRR,CoinShares Valkyrie Bitcoin,BTC-USD,2025-04-25,26.99,600.0,0.25,105.449,-776.3,-2.8906,66.566,6.933
2632,BRRR,CoinShares Valkyrie Bitcoin,CoinShares,BRRR,CoinShares Valkyrie Bitcoin,BTC-USD,2025-04-28,26.81,600.0,0.25,98.77,-623.8,-2.7957,59.887,6.796
2633,BRRR,CoinShares Valkyrie Bitcoin,CoinShares,BRRR,CoinShares Valkyrie Bitcoin,BTC-USD,2025-04-29,26.97,600.0,0.25,98.77,-820.8,-2.9147,59.887,6.389
2634,BRRR,CoinShares Valkyrie Bitcoin,CoinShares,BRRR,CoinShares Valkyrie Bitcoin,BTC-USD,2025-04-30,26.62,600.0,0.25,98.77,-582.9,-2.7663,59.887,6.305
2635,BRRR,CoinShares Valkyrie Bitcoin,CoinShares,BRRR,CoinShares Valkyrie Bitcoin,BTC-USD,2025-05-01,27.31,600.0,0.25,98.77,-727.8,-2.8626,59.887,6.194
2636,BRRR,CoinShares Valkyrie Bitcoin,CoinShares,BRRR,CoinShares Valkyrie Bitcoin,BTC-USD,2025-05-02,27.42,600.0,0.25,93.126,-676.2,-2.8307,60.385,6.198
2637,BRRR,CoinShares Valkyrie Bitcoin,CoinShares,BRRR,CoinShares Valkyrie Bitcoin,BTC-USD,2025-05-05,26.68,600.0,0.25,93.126,-626.4,-2.7975,60.385,5.873
2638,BRRR,CoinShares Valkyrie Bitcoin,CoinShares,BRRR,CoinShares Valkyrie Bitcoin,BTC-USD,2025-05-06,26.85,600.0,0.25,98.27,-344.2,-2.538,65.53,5.33
2639,BRRR,CoinShares Valkyrie Bitcoin,CoinShares,BRRR,CoinShares Valkyrie Bitcoin,BTC-USD,2025-05-07,27.19,600.0,0.25,98.27,-556.0,-2.7459,65.53,4.84
2640,BRRR,CoinShares Valkyrie Bitcoin,CoinShares,BRRR,CoinShares Valkyrie Bitcoin,BTC-USD,2025-05-08,28.66,600.0,0.25,79.371,-594.2,-2.7747,46.631,4.96
2641,BRRR,CoinShares Valkyrie Bitcoin,CoinShares,BRRR,CoinShares Valkyrie Bitcoin,BTC-USD,2025-05-09,29.2,600.0,0.25,69.38,-829.6,-2.9194,36.64,4.829
2642,BRRR,CoinShares Valkyrie Bitcoin,CoinShares,BRRR,CoinShares Valkyrie Bitcoin,BTC-USD,2025-05-12,28.8,600.0,0.25,60.773,-416.1,-2.6202,28.033,4.843
2643,BRRR,CoinShares Valkyrie Bitcoin,CoinShares,BRRR,CoinShares Valkyrie Bitcoin,BTC-USD,2025-05-13,29.65,600.0,0.25,60.773,-737.3,-2.8682,28.033,4.831
2644,BRRR,CoinShares Valkyrie Bitcoin,CoinShares,BRRR,CoinShares Valkyrie Bitcoin,BTC-USD,2025-05-14,29.23,600.0,0.25,64.028,-671.6,-2.8278,31.287,4.784
2645,BRRR,CoinShares Valkyrie Bitcoin,CoinShares,BRRR,CoinShares Valkyrie Bitcoin,BTC-USD,2025-05-15,29.18,600.0,0.25,58.923,-851.1,-2.9305,26.431,4.72
2646,BRRR,CoinShares Valkyrie Bitcoin,CoinShares,BRRR,CoinShares Valkyrie Bitcoin,BTC-USD,2025-05-16,29.43,600.0,0.25,56.401,-317.6,-2.5032,23.661,4.7
2647,BRRR,CoinShares Valkyrie Bitcoin,CoinShares,BRRR,CoinShares Valkyrie Bitcoin,BTC-USD,2025-05-19,29.84,600.0,0.25,50.771,-767.1,-2.8854,18.031,4.77
2648,BRRR,CoinShares Valkyrie Bitcoin,CoinShares,BRRR,CoinShares Valkyrie Bitcoin,BTC-USD,2025-05-20,30.3,600.0,0.25,50.771,-679.9,-2.8331,18.031,4.581
2649,BRRR,CoinShares Valkyrie Bitcoin,CoinShares,BRRR,CoinShares Valkyrie Bitcoin,BTC-USD,2025-05-21,30.74,600.0,0.25,50.771,-365.4,-2.564,18.031,3.949
2650,BRRR,CoinShares Valkyrie Bitcoin,CoinShares,BRRR,CoinShares Valkyrie Bitcoin,BTC-USD,2025-05-22,31.47,600.0,0.25,51.523,-406.1,-2.6097,18.031,3.795
2651,BRRR,CoinShares Valkyrie Bitcoin,CoinShares,BRRR,CoinShares Valkyrie Bitcoin,BTC-USD,2025-05-23,30.77,600.0,0.25,56.92,-803.3,-2.9054,15.803,3.871
2652,BRRR,CoinShares Valkyrie Bitcoin,CoinShares,BRRR,CoinShares Valkyrie Bitcoin,BTC-USD,2025-05-27,31.11,600.0,0.25,63.947,-754.0,-2.8779,17.066,3.596
2653,BRRR,CoinShares Valkyrie Bitcoin,CoinShares,BRRR,CoinShares Valkyrie Bitcoin,BTC-USD,2025-05-28,30.25,600.0,0.25,63.947,-376.0,-2.5764,17.066,3.762
2654,BRRR,CoinShares Valkyrie Bitcoin,CoinShares,BRRR,CoinShares Valkyrie Bitcoin,BTC-USD,2025-05-29,29.86,600.0,0.25,64.626,-367.6,-2.5665,17.746,4.259
2655,BRRR,CoinShares Valkyrie Bitcoin,CoinShares,BRRR,CoinShares Valkyrie Bitcoin,BTC-USD,2025-05-30,29.58,600.0,0.25,64.626,-249.2,-2.3983,17.746,4.347
2656,BRRR,CoinShares Valkyrie Bitcoin,CoinShares,BRRR,CoinShares Valkyrie Bitcoin,BTC-USD,2025-06-02,29.54,600.0,0.25,67.209,-538.2,-2.7317,20.328,4.125
2657,BRRR,CoinShares Valkyrie Bitcoin,CoinShares,BRRR,CoinShares Valkyrie Bitcoin,BTC-USD,2025-06-03,30.07,600.0,0.25,66.71,-518.0,-2.7152,19.829,4.262
2658,BRRR,CoinShares Valkyrie Bitcoin,CoinShares,BRRR,CoinShares Valkyrie Bitcoin,BTC-USD,2025-06-04,29.69,600.0,0.25,60.946,-584.2,-2.7673,19.829,4.192
2659,BRRR,CoinShares Valkyrie Bitcoin,CoinShares,BRRR,CoinShares Valkyrie Bitcoin,BTC-USD,2025-06-05,28.8,600.0,0.25,64.197,-486.8,-2.6883,17.317,4.29
2660,BRRR,CoinShares Valkyrie Bitcoin,CoinShares,BRRR,CoinShares Valkyrie Bitcoin,BTC-USD,2025-06-06,29.48,600.0,0.25,62.352,-507.5,-2.7063,20.356,4.452
2661,BRRR,CoinShares Valkyrie Bitcoin,CoinShares,BRRR,CoinShares Valkyrie Bitcoin,BTC-USD,2025-06-09,30.74,600.0,0.25,62.352,-234.0,-2.3711,20.356,4.285
2662,BRRR,CoinShares Valkyrie Bitcoin,CoinShares,BRRR,CoinShares Valkyrie Bitcoin,BTC-USD,2025-06-10,30.99,600.0,0.25,62.352,-9.7,-1.0287,20.356,4.27
2663,BRRR,CoinShares Valkyrie Bitcoin,CoinShares,BRRR,CoinShares Valkyrie Bitcoin,BTC-USD,2025-06-11,30.78,600.0,0.25,67.119,-216.8,-2.3381,25.123,4.186
2664,BRRR,CoinShares Valkyrie Bitcoin,CoinShares,BRRR,CoinShares Valkyrie Bitcoin,BTC-USD,2025-06-12,30.19,600.0,0.25,67.119,-883.6,-2.9467,25.123,4.161
2665,BRRR,CoinShares Valkyrie Bitcoin,CoinShares,BRRR,CoinShares Valkyrie Bitcoin,BTC-USD,2025-06-13,29.74,600.0,0.25,63.864,-341.0,-2.534,21.868,4.189
2666,BRRR,CoinShares Valkyrie Bitcoin,CoinShares,BRRR,CoinShares Valkyrie Bitcoin,BTC-USD,2025-06-16,30.74,600.0,0.25,62.605,-739.1,-2.8693,19.116,4.293
2667,BRRR,CoinShares Valkyrie Bitcoin,CoinShares,BRRR,CoinShares Valkyrie Bitcoin,BTC-USD,2025-06-17,29.61,600.0,0.25,65.996,-407.8,-2.6115,19.116,4.302
2668,BRRR,CoinShares Valkyrie Bitcoin,CoinShares,BRRR,CoinShares Valkyrie Bitcoin,BTC-USD,2025-06-18,29.36,600.0,0.25,74.798,-116.6,-2.0705,22.481,4.238
2669,BRRR,CoinShares Valkyrie Bitcoin,CoinShares,BRRR,CoinShares Valkyrie Bitcoin,BTC-USD,2025-06-20,29.19,600.0,0.25,69.229,-287.6,-2.4603,25.739,4.543
2670,BRRR,CoinShares Valkyrie Bitcoin,CoinShares,BRRR,CoinShares Valkyrie Bitcoin,BTC-USD,2025-06-23,29.18,600.0,0.25,69.229,249.2,2.3984,25.739,4.343
2671,BRRR,CoinShares Valkyrie Bitcoin,CoinShares,BRRR,CoinShares Valkyrie Bitcoin,BTC-USD,2025-06-24,29.88,600.0,0.25,69.229,-255.2,-2.4087,25.739,4.232
2672,BRRR,CoinShares Valkyrie Bitcoin,CoinShares,BRRR,CoinShares Valkyrie Bitcoin,BTC-USD,2025-06-25,30.49,600.0,0.25,69.229,-851.8,-2.9309,25.739,4.127
2673,BRRR,CoinShares Valkyrie Bitcoin,CoinShares,BRRR,CoinShares Valkyrie Bitcoin,BTC-USD,2025-06-26,30.43,600.0,0.25,68.491,-924.2,-2.9662,26.496,4.103
2674,BRRR,CoinShares Valkyrie Bitcoin,CoinShares,BRRR,CoinShares Valkyrie Bitcoin,BTC-USD,2025-06-27,30.22,600.0,0.25,70.656,-860.3,-2.9352,28.661,3.877
2675,BRRR,CoinShares Valkyrie Bitcoin,CoinShares,BRRR,CoinShares Valkyrie Bitcoin,BTC-USD,2025-06-30,30.47,600.0,0.25,72.791,-574.4,-2.76,30.796,3.499
2676,BRRR,CoinShares Valkyrie Bitcoin,CoinShares,BRRR,CoinShares Valkyrie Bitcoin,BTC-USD,2025-07-01,29.79,600.0,0.25,74.285,-483.6,-2.6854,30.796,3.367
2677,BRRR,CoinShares Valkyrie Bitcoin,CoinShares,BRRR,CoinShares Valkyrie Bitcoin,BTC-USD,2025-07-02,31.04,600.0,0.25,71.702,-676.7,-2.831,28.213,3.732
2678,BRRR,CoinShares Valkyrie Bitcoin,CoinShares,BRRR,CoinShares Valkyrie Bitcoin,BTC-USD,2025-07-03,30.91,600.0,0.25,71.702,-214.3,-2.333,28.213,3.491
2679,BRRR,CoinShares Valkyrie Bitcoin,CoinShares,BRRR,CoinShares Valkyrie Bitcoin,BTC-USD,2025-07-07,30.55,600.0,0.25,71.702,-509.8,-2.7082,28.213,3.489
2680,BRRR,CoinShares Valkyrie Bitcoin,CoinShares,BRRR,CoinShares Valkyrie Bitcoin,BTC-USD,2025-07-08,30.77,600.0,0.25,67.577,-433.4,-2.6379,25.581,3.409
2681,BRRR,CoinShares Valkyrie Bitcoin,CoinShares,BRRR,CoinShares Valkyrie Bitcoin,BTC-USD,2025-07-09,31.65,600.0,0.25,61.929,-661.4,-2.8211,22.542,3.485
2682,BRRR,CoinShares Valkyrie Bitcoin,CoinShares,BRRR,CoinShares Valkyrie Bitcoin,BTC-USD,2025-07-10,32.08,600.0,0.25,59.052,-255.5,-2.4091,22.542,3.761
2683,BRRR,CoinShares Valkyrie Bitcoin,CoinShares,BRRR,CoinShares Valkyrie Bitcoin,BTC-USD,2025-07-11,33.42,600.0,0.25,59.052,-1066.7,-3.0285,22.542,4.101
2684,BRRR,CoinShares Valkyrie Bitcoin,CoinShares,BRRR,CoinShares Valkyrie Bitcoin,BTC-USD,2025-07-14,33.92,600.0,0.25,51.689,-1185.9,-3.0744,15.179,4.505
2685,BRRR,CoinShares Valkyrie Bitcoin,CoinShares,BRRR,CoinShares Valkyrie Bitcoin,BTC-USD,2025-07-15,32.93,600.0,0.25,49.633,-651.9,-2.8149,15.179,4.862
2686,BRRR,CoinShares Valkyrie Bitcoin,CoinShares,BRRR,CoinShares Valkyrie Bitcoin,BTC-USD,2025-07-16,33.74,600.0,0.25,45.191,-1184.6,-3.074,15.179,5.404
2687,BRRR,CoinShares Valkyrie Bitcoin,CoinShares,BRRR,CoinShares Valkyrie Bitcoin,BTC-USD,2025-07-17,33.67,600.0,0.25,50.145,-873.2,-2.9416,20.835,5.605
2688,BRRR,CoinShares Valkyrie Bitcoin,CoinShares,BRRR,CoinShares Valkyrie Bitcoin,BTC-USD,2025-07-18,33.19,600.0,0.25,53.441,-903.1,-2.9562,24.138,6.287
2689,BRRR,CoinShares Valkyrie Bitcoin,CoinShares,BRRR,CoinShares Valkyrie Bitcoin,BTC-USD,2025-07-21,33.0,600.0,0.25,45.523,-571.1,-2.7575,26.509,6.953
2690,BRRR,CoinShares Valkyrie Bitcoin,CoinShares,BRRR,CoinShares Valkyrie Bitcoin,BTC-USD,2025-07-22,33.74,600.0,0.25,52.554,-669.6,-2.8265,23.25,6.875
2691,BRRR,CoinShares Valkyrie Bitcoin,CoinShares,BRRR,CoinShares Valkyrie Bitcoin,BTC-USD,2025-07-23,33.49,600.0,0.25,52.554,-735.2,-2.867,23.25,6.813
2692,BRRR,CoinShares Valkyrie Bitcoin,CoinShares,BRRR,CoinShares Valkyrie Bitcoin,BTC-USD,2025-07-24,33.68,600.0,0.25,48.543,-805.7,-2.9067,23.25,6.962
2693,BRRR,CoinShares Valkyrie Bitcoin,CoinShares,BRRR,CoinShares Valkyrie Bitcoin,BTC-USD,2025-07-25,33.03,600.0,0.25,46.907,-776.3,-2.8906,23.25,7.308
2694,BRRR,CoinShares Valkyrie Bitcoin,CoinShares,BRRR,CoinShares Valkyrie Bitcoin,BTC-USD,2025-07-28,33.39,600.0,0.25,46.523,-802.8,-2.9052,21.23,7.351
2695,BRRR,CoinShares Valkyrie Bitcoin,CoinShares,BRRR,CoinShares Valkyrie Bitcoin,BTC-USD,2025-07-29,33.2,600.0,0.25,47.614,-873.8,-2.9419,23.957,7.522
2696,BRRR,CoinShares Valkyrie Bitcoin,CoinShares,BRRR,CoinShares Valkyrie Bitcoin,BTC-USD,2025-07-30,33.03,600.0,0.25,49.515,-676.7,-2.8311,25.858,7.681
2697,BRRR,CoinShares Valkyrie Bitcoin,CoinShares,BRRR,CoinShares Valkyrie Bitcoin,BTC-USD,2025-07-31,33.0,600.0,0.25,50.996,-791.0,-2.8987,32.15,7.877
2698,BRRR,CoinShares Valkyrie Bitcoin,CoinShares,BRRR,CoinShares Valkyrie Bitcoin,BTC-USD,2025-08-01,31.97,600.0,0.25,50.623,-576.1,-2.7612,32.15,8.158
2699,BRRR,CoinShares Valkyrie Bitcoin,CoinShares,BRRR,CoinShares Valkyrie Bitcoin,BTC-USD,2025-08-04,32.44,600.0,0.25,53.892,-834.9,-2.9221,35.045,8.218
2700,BRRR,CoinShares Valkyrie Bitcoin,CoinShares,BRRR,CoinShares Valkyrie Bitcoin,BTC-USD,2025-08-05,32.12,600.0,0.25,53.519,-650.6,-2.814,35.045,8.369
2701,BRRR,CoinShares Valkyrie Bitcoin,CoinShares,BRRR,CoinShares Valkyrie Bitcoin,BTC-USD,2025-08-06,32.59,600.0,0.25,53.519,-631.7,-2.8012,35.045,8.386
2702,BRRR,CoinShares Valkyrie Bitcoin,CoinShares,BRRR,CoinShares Valkyrie Bitcoin,BTC-USD,2025-08-07,33.23,600.0,0.25,53.519,-697.5,-2.8442,35.045,8.403
2703,BRRR,CoinShares Valkyrie Bitcoin,CoinShares,BRRR,CoinShares Valkyrie Bitcoin,BTC-USD,2025-08-08,32.93,600.0,0.25,57.782,-710.3,-2.8521,40.008,8.539
2704,BRRR,CoinShares Valkyrie Bitcoin,CoinShares,BRRR,CoinShares Valkyrie Bitcoin,BTC-USD,2025-08-11,33.67,600.0,0.25,57.782,-1085.9,-3.0362,40.008,8.357
2705,BRRR,CoinShares Valkyrie Bitcoin,CoinShares,BRRR,CoinShares Valkyrie Bitcoin,BTC-USD,2025-08-12,33.83,600.0,0.25,62.365,-837.1,-2.9233,44.591,8.126
2706,BRRR,CoinShares Valkyrie Bitcoin,CoinShares,BRRR,CoinShares Valkyrie Bitcoin,BTC-USD,2025-08-13,34.74,600.0,0.25,62.365,-1016.0,-3.0073,44.591,7.933
2707,BRRR,CoinShares Valkyrie Bitcoin,CoinShares,BRRR,CoinShares Valkyrie Bitcoin,BTC-USD,2025-08-14,33.35,600.0,0.25,63.064,-998.4,-2.9997,44.591,8.21
2708,BRRR,CoinShares Valkyrie Bitcoin,CoinShares,BRRR,CoinShares Valkyrie Bitcoin,BTC-USD,2025-08-15,33.06,600.0,0.25,61.756,-854.0,-2.932,40.805,8.007
2709,BRRR,CoinShares Valkyrie Bitcoin,CoinShares,BRRR,CoinShares Valkyrie Bitcoin,BTC-USD,2025-08-18,32.88,600.0,0.25,61.16,-886.8,-2.9483,37.502,7.325
2710,BRRR,CoinShares Valkyrie Bitcoin,CoinShares,BRRR,CoinShares Valkyrie Bitcoin,BTC-USD,2025-08-19,31.95,600.0,0.25,54.486,-1092.2,-3.0387,30.211,6.867
2711,BRRR,CoinShares Valkyrie Bitcoin,CoinShares,BRRR,CoinShares Valkyrie Bitcoin,BTC-USD,2025-08-20,32.29,600.0,0.25,58.127,-885.5,-2.9477,34.469,6.744
2712,BRRR,CoinShares Valkyrie Bitcoin,CoinShares,BRRR,CoinShares Valkyrie Bitcoin,BTC-USD,2025-08-21,31.71,600.0,0.25,61.285,-693.1,-2.8414,37.628,6.737
2713,BRRR,CoinShares Valkyrie Bitcoin,CoinShares,BRRR,CoinShares Valkyrie Bitcoin,BTC-USD,2025-08-22,32.97,600.0,0.25,65.443,-1050.3,-3.0217,41.168,6.835
2714,BRRR,CoinShares Valkyrie Bitcoin,CoinShares,BRRR,CoinShares Valkyrie Bitcoin,BTC-USD,2025-08-25,31.31,600.0,0.25,66.184,-264.5,-2.424,41.168,6.769
2715,BRRR,CoinShares Valkyrie Bitcoin,CoinShares,BRRR,CoinShares Valkyrie Bitcoin,BTC-USD,2025-08-26,31.43,600.0,0.25,65.443,-749.7,-2.8754,41.168,7.331
2716,BRRR,CoinShares Valkyrie Bitcoin,CoinShares,BRRR,CoinShares Valkyrie Bitcoin,BTC-USD,2025-08-27,31.7,600.0,0.25,61.292,-826.1,-2.9176,36.276,7.132
2717,BRRR,CoinShares Valkyrie Bitcoin,CoinShares,BRRR,CoinShares Valkyrie Bitcoin,BTC-USD,2025-08-28,31.65,600.0,0.25,56.578,-891.1,-2.9504,31.561,7.245
2718,BRRR,CoinShares Valkyrie Bitcoin,CoinShares,BRRR,CoinShares Valkyrie Bitcoin,BTC-USD,2025-08-29,30.588,600.0,0.25,51.165,-619.2,-2.7925,25.269,7.398
2719,BRRR,CoinShares Valkyrie Bitcoin,CoinShares,BRRR,CoinShares Valkyrie Bitcoin,BTC-USD,2025-09-02,31.33,600.0,0.25,53.432,-600.2,-2.779,25.269,6.843
2720,BRRR,CoinShares Valkyrie Bitcoin,CoinShares,BRRR,CoinShares Valkyrie Bitcoin,BTC-USD,2025-09-03,31.75,600.0,0.25,48.27,-872.8,-2.9414,22.374,6.974
2721,BRRR,CoinShares Valkyrie Bitcoin,CoinShares,BRRR,CoinShares Valkyrie Bitcoin,BTC-USD,2025-09-04,31.04,600.0,0.25,50.537,-531.8,-2.7266,22.374,6.896
2722,BRRR,CoinShares Valkyrie Bitcoin,CoinShares,BRRR,CoinShares Valkyrie Bitcoin,BTC-USD,2025-09-05,31.534,600.0,0.25,48.27,-1039.5,-3.0173,22.374,7.134
2723,BRRR,CoinShares Valkyrie Bitcoin,CoinShares,BRRR,CoinShares Valkyrie Bitcoin,BTC-USD,2025-09-08,31.71,600.0,0.25,49.102,-650.9,-2.8142,24.085,7.339
2724,BRRR,CoinShares Valkyrie Bitcoin,CoinShares,BRRR,CoinShares Valkyrie Bitcoin,BTC-USD,2025-09-09,31.46,600.0,0.25,46.427,-503.6,-2.703,21.411,7.293
2725,BRRR,CoinShares Valkyrie Bitcoin,CoinShares,BRRR,CoinShares Valkyrie Bitcoin,BTC-USD,2025-09-10,32.11,600.0,0.25,45.686,-578.9,-2.7634,21.411,7.756
2726,BRRR,CoinShares Valkyrie Bitcoin,CoinShares,BRRR,CoinShares Valkyrie Bitcoin,BTC-USD,2025-09-11,32.35,600.0,0.25,41.954,-711.6,-2.8528,16.938,7.577
2727,BRRR,CoinShares Valkyrie Bitcoin,CoinShares,BRRR,CoinShares Valkyrie Bitcoin,BTC-USD,2025-09-12,33.03,600.0,0.25,41.213,-1070.4,-3.0299,16.938,7.785
2728,BRRR,CoinShares Valkyrie Bitcoin,CoinShares,BRRR,CoinShares Valkyrie Bitcoin,BTC-USD,2025-09-15,32.59,600.0,0.25,41.954,-524.1,-2.7202,16.938,7.056
2729,BRRR,CoinShares Valkyrie Bitcoin,CoinShares,BRRR,CoinShares Valkyrie Bitcoin,BTC-USD,2025-09-16,33.03,600.0,0.25,39.342,-609.0,-2.7853,15.067,7.213
2730,BRRR,CoinShares Valkyrie Bitcoin,CoinShares,BRRR,CoinShares Valkyrie Bitcoin,BTC-USD,2025-09-17,32.68,600.0,0.25,41.085,-670.9,-2.8273,19.798,7.587
2731,BRRR,CoinShares Valkyrie Bitcoin,CoinShares,BRRR,CoinShares Valkyrie Bitcoin,BTC-USD,2025-09-18,33.22,600.0,0.25,41.085,-1105.8,-3.0441,19.798,7.549
2732,BRRR,CoinShares Valkyrie Bitcoin,CoinShares,BRRR,CoinShares Valkyrie Bitcoin,BTC-USD,2025-09-19,32.54,600.0,0.25,35.926,-614.3,-2.7891,15.539,7.94
2733,BRRR,CoinShares Valkyrie Bitcoin,CoinShares,BRRR,CoinShares Valkyrie Bitcoin,BTC-USD,2025-09-22,31.67,600.0,0.25,32.768,-598.9,-2.7781,12.38,7.929
2734,BRRR,CoinShares Valkyrie Bitcoin,CoinShares,BRRR,CoinShares Valkyrie Bitcoin,BTC-USD,2025-09-23,31.543,600.0,0.25,33.415,-439.1,-2.6435,13.027,7.675
2735,BRRR,CoinShares Valkyrie Bitcoin,CoinShares,BRRR,CoinShares Valkyrie Bitcoin,BTC-USD,2025-09-24,32.055,600.0,0.25,33.415,-545.6,-2.7377,13.027,7.502
2736,BRRR,CoinShares Valkyrie Bitcoin,CoinShares,BRRR,CoinShares Valkyrie Bitcoin,BTC-USD,2025-09-25,30.9,600.0,0.25,41.19,-804.1,-2.9059,13.027,7.423
2737,BRRR,CoinShares Valkyrie Bitcoin,CoinShares,BRRR,CoinShares Valkyrie Bitcoin,BTC-USD,2025-09-26,30.85,600.0,0.25,37.487,-605.2,-2.7826,17.1,7.939
2738,BRRR,CoinShares Valkyrie Bitcoin,CoinShares,BRRR,CoinShares Valkyrie Bitcoin,BTC-USD,2025-09-29,32.32,600.0,0.25,37.487,-861.8,-2.9359,17.1,8.577
2739,BRRR,CoinShares Valkyrie Bitcoin,CoinShares,BRRR,CoinShares Valkyrie Bitcoin,BTC-USD,2025-09-30,32.33,600.0,0.25,41.938,-825.4,-2.9172,21.957,9.448
2740,BRRR,CoinShares Valkyrie Bitcoin,CoinShares,BRRR,CoinShares Valkyrie Bitcoin,BTC-USD,2025-10-01,33.205,600.0,0.25,41.938,-603.6,-2.7815,21.957,9.566
2741,BRRR,CoinShares Valkyrie Bitcoin,CoinShares,BRRR,CoinShares Valkyrie Bitcoin,BTC-USD,2025-10-02,34.191,600.0,0.25,41.938,171.6,2.2371,21.957,10.297
2742,BRRR,CoinShares Valkyrie Bitcoin,CoinShares,BRRR,CoinShares Valkyrie Bitcoin,BTC-USD,2025-10-03,34.72,600.0,0.25,41.817,-1189.8,-3.0758,21.957,10.9
2743,BRRR,CoinShares Valkyrie Bitcoin,CoinShares,BRRR,CoinShares Valkyrie Bitcoin,BTC-USD,2025-10-06,35.461,600.0,0.25,41.705,-889.6,-2.9497,21.957,11.078
2744,BRRR,CoinShares Valkyrie Bitcoin,CoinShares,BRRR,CoinShares Valkyrie Bitcoin,BTC-USD,2025-10-07,34.37,600.0,0.25,39.993,-1202.4,-3.0804,20.245,11.76
2745,BRRR,CoinShares Valkyrie Bitcoin,CoinShares,BRRR,CoinShares Valkyrie Bitcoin,BTC-USD,2025-10-08,34.87,600.0,0.25,43.299,-792.6,-2.8996,23.551,11.796
2746,BRRR,CoinShares Valkyrie Bitcoin,CoinShares,BRRR,CoinShares Valkyrie Bitcoin,BTC-USD,2025-10-09,34.18,600.0,0.25,43.411,-737.6,-2.8684,23.551,11.286
2747,BRRR,CoinShares Valkyrie Bitcoin,CoinShares,BRRR,CoinShares Valkyrie Bitcoin,BTC-USD,2025-10-10,32.94,600.0,0.25,44.054,-1280.7,-3.1078,24.306,12.378
2748,BRRR,CoinShares Valkyrie Bitcoin,CoinShares,BRRR,CoinShares Valkyrie Bitcoin,BTC-USD,2025-10-13,32.736,600.0,0.25,42.715,-672.5,-2.8284,24.306,12.614
2749,BRRR,CoinShares Valkyrie Bitcoin,CoinShares,BRRR,CoinShares Valkyrie Bitcoin,BTC-USD,2025-10-14,31.823,600.0,0.25,40.868,-421.5,-2.6258,24.306,13.228
2750,BRRR,CoinShares Valkyrie Bitcoin,CoinShares,BRRR,CoinShares Valkyrie Bitcoin,BTC-USD,2025-10-15,31.44,600.0,0.25,45.728,-559.4,-2.7485,30.027,13.48
2751,BRRR,CoinShares Valkyrie Bitcoin,CoinShares,BRRR,CoinShares Valkyrie Bitcoin,BTC-USD,2025-10-16,30.57,600.0,0.25,41.857,-419.9,-2.6242,25.296,13.658
2752,BRRR,CoinShares Valkyrie Bitcoin,CoinShares,BRRR,CoinShares Valkyrie Bitcoin,BTC-USD,2025-10-17,30.1,600.0,0.25,40.997,-439.3,-2.6437,25.296,14.928
2753,BRRR,CoinShares Valkyrie Bitcoin,CoinShares,BRRR,CoinShares Valkyrie Bitcoin,BTC-USD,2025-10-20,31.33,600.0,0.25,41.857,-545.0,-2.7372,25.296,15.208
2754,BRRR,CoinShares Valkyrie Bitcoin,CoinShares,BRRR,CoinShares Valkyrie Bitcoin,BTC-USD,2025-10-21,31.61,600.0,0.25,43.035,-1339.3,-3.1272,28.306,15.6
2755,BRRR,CoinShares Valkyrie Bitcoin,CoinShares,BRRR,CoinShares Valkyrie Bitcoin,BTC-USD,2025-10-22,30.47,600.0,0.25,38.781,-347.2,-2.5419,24.119,16.896
2756,BRRR,CoinShares Valkyrie Bitcoin,CoinShares,BRRR,CoinShares Valkyrie Bitcoin,BTC-USD,2025-10-23,31.13,600.0,0.25,38.781,-432.1,-2.6366,24.119,17.396
2757,BRRR,CoinShares Valkyrie Bitcoin,CoinShares,BRRR,CoinShares Valkyrie Bitcoin,BTC-USD,2025-10-24,31.27,600.0,0.25,41.918,-143.5,-2.1597,28.657,17.233
2758,BRRR,CoinShares Valkyrie Bitcoin,CoinShares,BRRR,CoinShares Valkyrie Bitcoin,BTC-USD,2025-10-27,32.49,600.0,0.25,39.247,-605.5,-2.7829,24.584,16.877
2759,BRRR,CoinShares Valkyrie Bitcoin,CoinShares,BRRR,CoinShares Valkyrie Bitcoin,BTC-USD,2025-10-28,32.12,600.0,0.25,40.768,-307.0,-2.4885,27.508,16.327
2760,BRRR,CoinShares Valkyrie Bitcoin,CoinShares,BRRR,CoinShares Valkyrie Bitcoin,BTC-USD,2025-10-29,31.24,600.0,0.25,37.133,-461.6,-2.6652,22.651,15.792
2761,BRRR,CoinShares Valkyrie Bitcoin,CoinShares,BRRR,CoinShares Valkyrie Bitcoin,BTC-USD,2025-10-30,30.08,600.0,0.25,37.133,82.2,1.92,22.651,15.981
2762,BRRR,CoinShares Valkyrie Bitcoin,CoinShares,BRRR,CoinShares Valkyrie Bitcoin,BTC-USD,2025-10-31,31.02,600.0,0.25,37.313,-323.0,-2.5105,22.651,15.504
2763,BRRR,CoinShares Valkyrie Bitcoin,CoinShares,BRRR,CoinShares Valkyrie Bitcoin,BTC-USD,2025-11-03,30.12,600.0,0.25,37.38,-376.8,-2.5773,22.651,15.247
2764,BRRR,CoinShares Valkyrie Bitcoin,CoinShares,BRRR,CoinShares Valkyrie Bitcoin,BTC-USD,2025-11-04,28.44,600.0,0.25,37.38,-372.6,-2.5723,22.651,16.076
2765,BRRR,CoinShares Valkyrie Bitcoin,CoinShares,BRRR,CoinShares Valkyrie Bitcoin,BTC-USD,2025-11-05,29.33,600.0,0.25,43.881,-361.3,-2.5591,28.278,15.475
2766,BRRR,CoinShares Valkyrie Bitcoin,CoinShares,BRRR,CoinShares Valkyrie Bitcoin,BTC-USD,2025-11-06,28.5,600.0,0.25,39.246,-324.8,-2.5129,22.685,15.733
2767,BRRR,CoinShares Valkyrie Bitcoin,CoinShares,BRRR,CoinShares Valkyrie Bitcoin,BTC-USD,2025-11-07,29.292,600.0,0.25,47.368,-72.0,-1.8636,30.807,16.221
2768,BRRR,CoinShares Valkyrie Bitcoin,CoinShares,BRRR,CoinShares Valkyrie Bitcoin,BTC-USD,2025-11-10,29.95,600.0,0.25,48.811,-294.0,-2.4699,29.942,15.471
2769,BRRR,CoinShares Valkyrie Bitcoin,CoinShares,BRRR,CoinShares Valkyrie Bitcoin,BTC-USD,2025-11-11,29.04,600.0,0.25,48.942,126.7,2.1062,29.942,15.123
2770,BRRR,CoinShares Valkyrie Bitcoin,CoinShares,BRRR,CoinShares Valkyrie Bitcoin,BTC-USD,2025-11-12,28.68,600.0,0.25,54.105,-45.5,-1.6673,35.104,15.437
2771,BRRR,CoinShares Valkyrie Bitcoin,CoinShares,BRRR,CoinShares Valkyrie Bitcoin,BTC-USD,2025-11-13,27.68,600.0,0.25,48.384,223.2,2.3506,29.384,15.835
2772,BRRR,CoinShares Valkyrie Bitcoin,CoinShares,BRRR,CoinShares Valkyrie Bitcoin,BTC-USD,2025-11-14,26.607,600.0,0.25,48.384,210.2,2.3248,29.384,15.581
2773,BRRR,CoinShares Valkyrie Bitcoin,CoinShares,BRRR,CoinShares Valkyrie Bitcoin,BTC-USD,2025-11-17,25.94,600.0,0.25,48.384,176.1,2.2482,29.384,14.946
2774,BRRR,CoinShares Valkyrie Bitcoin,CoinShares,BRRR,CoinShares Valkyrie Bitcoin,BTC-USD,2025-11-18,26.19,600.0,0.25,55.523,258.1,2.4135,36.653,14.406
2775,BRRR,CoinShares Valkyrie Bitcoin,CoinShares,BRRR,CoinShares Valkyrie Bitcoin,BTC-USD,2025-11-19,25.26,600.0,0.25,52.644,486.8,2.6883,33.643,14.505
2776,BRRR,CoinShares Valkyrie Bitcoin,CoinShares,BRRR,CoinShares Valkyrie Bitcoin,BTC-USD,2025-11-20,24.39,600.0,0.25,58.156,326.8,2.5156,38.288,13.843
2777,BRRR,CoinShares Valkyrie Bitcoin,CoinShares,BRRR,CoinShares Valkyrie Bitcoin,BTC-USD,2025-11-21,23.86,600.0,0.25,58.156,691.6,2.8405,38.288,14.067
2778,BRRR,CoinShares Valkyrie Bitcoin,CoinShares,BRRR,CoinShares Valkyrie Bitcoin,BTC-USD,2025-11-24,25.16,600.0,0.25,56.524,272.4,2.4368,33.749,13.897
2779,BRRR,CoinShares Valkyrie Bitcoin,CoinShares,BRRR,CoinShares Valkyrie Bitcoin,BTC-USD,2025-11-25,24.67,600.0,0.25,60.976,98.4,1.9974,39.886,14.096
2780,BRRR,CoinShares Valkyrie Bitcoin,CoinShares,BRRR,CoinShares Valkyrie Bitcoin,BTC-USD,2025-11-26,25.39,600.0,0.25,59.737,304.1,2.4844,36.962,13.867
2781,BRRR,CoinShares Valkyrie Bitcoin,CoinShares,BRRR,CoinShares Valkyrie Bitcoin,BTC-USD,2025-11-28,25.62,600.0,0.25,59.737,296.6,2.4737,36.962,13.205
2782,BRRR,CoinShares Valkyrie Bitcoin,CoinShares,BRRR,CoinShares Valkyrie Bitcoin,BTC-USD,2025-12-01,24.16,600.0,0.25,59.737,131.2,2.1211,36.962,12.85
2783,BRRR,CoinShares Valkyrie Bitcoin,CoinShares,BRRR,CoinShares Valkyrie Bitcoin,BTC-USD,2025-12-02,25.73,600.0,0.25,59.737,407.5,2.6112,36.962,12.633
2784,BRRR,CoinShares Valkyrie Bitcoin,CoinShares,BRRR,CoinShares Valkyrie Bitcoin,BTC-USD,2025-12-03,26.27,600.0,0.25,59.737,311.7,2.4951,36.962,12.249
2785,BRRR,CoinShares Valkyrie Bitcoin,CoinShares,BRRR,CoinShares Valkyrie Bitcoin,BTC-USD,2025-12-04,26.13,600.0,0.25,62.65,47.0,1.6812,39.875,11.033
2786,BRRR,CoinShares Valkyrie Bitcoin,CoinShares,BRRR,CoinShares Valkyrie Bitcoin,BTC-USD,2025-12-05,25.23,600.0,0.25,57.757,149.4,2.1774,34.247,10.793
2787,BRRR,CoinShares Valkyrie Bitcoin,CoinShares,BRRR,CoinShares Valkyrie Bitcoin,BTC-USD,2025-12-08,25.65,600.0,0.25,64.726,-7.8,-0.9455,40.078,10.247
2788,BRRR,CoinShares Valkyrie Bitcoin,CoinShares,BRRR,CoinShares Valkyrie Bitcoin,BTC-USD,2025-12-09,26.32,600.0,0.25,56.96,81.7,1.9176,31.955,10.051
2789,BRRR,CoinShares Valkyrie Bitcoin,CoinShares,BRRR,CoinShares Valkyrie Bitcoin,BTC-USD,2025-12-10,26.13,600.0,0.25,66.577,186.9,2.274,41.572,9.786
2790,BRRR,CoinShares Valkyrie Bitcoin,CoinShares,BRRR,CoinShares Valkyrie Bitcoin,BTC-USD,2025-12-11,25.94,600.0,0.25,66.221,472.3,2.6751,41.572,9.628
2791,BRRR,CoinShares Valkyrie Bitcoin,CoinShares,BRRR,CoinShares Valkyrie Bitcoin,BTC-USD,2025-12-12,25.486,600.0,0.25,70.353,24.5,1.4057,45.348,8.76
2792,BRRR,CoinShares Valkyrie Bitcoin,CoinShares,BRRR,CoinShares Valkyrie Bitcoin,BTC-USD,2025-12-15,24.21,600.0,0.25,73.435,751.6,2.8766,45.348,8.376
2793,BRRR,CoinShares Valkyrie Bitcoin,CoinShares,BRRR,CoinShares Valkyrie Bitcoin,BTC-USD,2025-12-16,24.72,600.0,0.25,75.575,258.0,2.4134,47.487,8.246
2794,BRRR,CoinShares Valkyrie Bitcoin,CoinShares,BRRR,CoinShares Valkyrie Bitcoin,BTC-USD,2025-12-17,24.25,600.0,0.25,77.573,45.4,1.6668,49.486,7.933
2795,BRRR,CoinShares Valkyrie Bitcoin,CoinShares,BRRR,CoinShares Valkyrie Bitcoin,BTC-USD,2025-12-18,23.88,600.0,0.25,84.258,333.6,2.5245,56.171,7.923
2796,BRRR,CoinShares Valkyrie Bitcoin,CoinShares,BRRR,CoinShares Valkyrie Bitcoin,BTC-USD,2025-12-19,24.827,600.0,0.25,95.613,-208.6,-2.3215,63.193,7.671
2797,BRRR,CoinShares Valkyrie Bitcoin,CoinShares,BRRR,CoinShares Valkyrie Bitcoin,BTC-USD,2025-12-22,24.94,600.0,0.25,91.069,188.4,2.2773,58.649,7.217
2798,BRRR,CoinShares Valkyrie Bitcoin,CoinShares,BRRR,CoinShares Valkyrie Bitcoin,BTC-USD,2025-12-23,24.74,600.0,0.25,91.069,313.8,2.4981,58.649,6.572
2799,BRRR,CoinShares Valkyrie Bitcoin,CoinShares,BRRR,CoinShares Valkyrie Bitcoin,BTC-USD,2025-12-24,24.62,600.0,0.25,85.812,476.7,2.6792,60.807,6.409
2800,BRRR,CoinShares Valkyrie Bitcoin,CoinShares,BRRR,CoinShares Valkyrie Bitcoin,BTC-USD,2025-12-26,24.7,600.0,0.25,81.321,183.6,2.2662,56.316,6.563
2801,BRRR,CoinShares Valkyrie Bitcoin,CoinShares,BRRR,CoinShares Valkyrie Bitcoin,BTC-USD,2025-12-29,24.57,600.0,0.25,84.205,409.6,2.6134,59.854,6.628
2802,BRRR,CoinShares Valkyrie Bitcoin,CoinShares,BRRR,CoinShares Valkyrie Bitcoin,BTC-USD,2025-12-30,24.8,600.0,0.25,84.205,294.3,2.4703,59.854,7.304
2803,BRRR,CoinShares Valkyrie Bitcoin,CoinShares,BRRR,CoinShares Valkyrie Bitcoin,BTC-USD,2025-12-31,24.73,600.0,0.25,81.672,452.7,2.6567,61.173,8.394
2804,BRRR,CoinShares Valkyrie Bitcoin,CoinShares,BRRR,CoinShares Valkyrie Bitcoin,BTC-USD,2026-01-02,25.36,600.0,0.25,79.807,281.1,2.4504,61.173,9.508
2805,BRRR,CoinShares Valkyrie Bitcoin,CoinShares,BRRR,CoinShares Valkyrie Bitcoin,BTC-USD,2026-01-05,26.62,600.0,0.25,79.807,129.1,2.1142,61.173,10.304
2806,BRRR,CoinShares Valkyrie Bitcoin,CoinShares,BRRR,CoinShares Valkyrie Bitcoin,BTC-USD,2026-01-06,26.11,600.0,0.25,81.759,525.9,2.7217,63.125,10.991
2807,BRRR,CoinShares Valkyrie Bitcoin,CoinShares,BRRR,CoinShares Valkyrie Bitcoin,BTC-USD,2026-01-07,25.67,600.0,0.25,81.759,521.7,2.7183,63.125,10.956
2808,BRRR,CoinShares Valkyrie Bitcoin,CoinShares,BRRR,CoinShares Valkyrie Bitcoin,BTC-USD,2026-01-08,25.63,600.0,0.25,73.707,104.1,2.0216,57.295,11.126
2809,BRRR,CoinShares Valkyrie Bitcoin,CoinShares,BRRR,CoinShares Valkyrie Bitcoin,BTC-USD,2026-01-09,25.46,600.0,0.25,76.927,725.9,2.8615,60.864,11.069
2810,BRRR,CoinShares Valkyrie Bitcoin,CoinShares,BRRR,CoinShares Valkyrie Bitcoin,BTC-USD,2026-01-12,25.82,600.0,0.25,73.598,584.1,2.7672,58.224,11.672
2811,BRRR,CoinShares Valkyrie Bitcoin,CoinShares,BRRR,CoinShares Valkyrie Bitcoin,BTC-USD,2026-01-13,26.68,600.0,0.25,74.287,537.8,2.7314,58.224,12.228
2812,BRRR,CoinShares Valkyrie Bitcoin,CoinShares,BRRR,CoinShares Valkyrie Bitcoin,BTC-USD,2026-01-14,27.6,600.0,0.25,65.349,561.1,2.7498,49.286,12.97
2813,BRRR,CoinShares Valkyrie Bitcoin,CoinShares,BRRR,CoinShares Valkyrie Bitcoin,BTC-USD,2026-01-15,26.89,600.0,0.25,68.409,665.6,2.8239,52.346,12.719
2814,BRRR,CoinShares Valkyrie Bitcoin,CoinShares,BRRR,CoinShares Valkyrie Bitcoin,BTC-USD,2026-01-16,26.99,600.0,0.25,61.093,482.0,2.684,50.207,14.962
2815,BRRR,CoinShares Valkyrie Bitcoin,CoinShares,BRRR,CoinShares Valkyrie Bitcoin,BTC-USD,2026-01-20,25.29,600.0,0.25,59.094,140.6,2.1512,48.208,15.228
2816,BRRR,CoinShares Valkyrie Bitcoin,CoinShares,BRRR,CoinShares Valkyrie Bitcoin,BTC-USD,2026-01-21,25.43,600.0,0.25,43.94,352.7,2.5487,34.254,15.687
2817,BRRR,CoinShares Valkyrie Bitcoin,CoinShares,BRRR,CoinShares Valkyrie Bitcoin,BTC-USD,2026-01-22,25.22,600.0,0.25,39.754,565.7,2.7533,31.27,15.839
2818,BRRR,CoinShares Valkyrie Bitcoin,CoinShares,BRRR,CoinShares Valkyrie Bitcoin,BTC-USD,2026-01-23,25.25,600.0,0.25,43.003,719.6,2.8577,34.859,15.926
2819,BRRR,CoinShares Valkyrie Bitcoin,CoinShares,BRRR,CoinShares Valkyrie Bitcoin,BTC-USD,2026-01-26,24.72,600.0,0.25,43.003,577.6,2.7624,34.859,15.957
2820,BRRR,CoinShares Valkyrie Bitcoin,CoinShares,BRRR,CoinShares Valkyrie Bitcoin,BTC-USD,2026-01-27,25.2,600.0,0.25,46.793,559.9,2.7489,38.649,16.127
2821,BRRR,CoinShares Valkyrie Bitcoin,CoinShares,BRRR,CoinShares Valkyrie Bitcoin,BTC-USD,2026-01-28,25.13,600.0,0.25,45.488,520.4,2.7172,37.004,15.653
2822,BRRR,CoinShares Valkyrie Bitcoin,CoinShares,BRRR,CoinShares Valkyrie Bitcoin,BTC-USD,2026-01-29,23.72,600.0,0.25,44.12,510.3,2.7087,33.467,15.708
2823,BRRR,CoinShares Valkyrie Bitcoin,CoinShares,BRRR,CoinShares Valkyrie Bitcoin,BTC-USD,2026-01-30,23.64,600.0,0.25,44.12,749.9,2.8756,33.467,15.398
2824,BRRR,CoinShares Valkyrie Bitcoin,CoinShares,BRRR,CoinShares Valkyrie Bitcoin,BTC-USD,2026-02-02,22.02,600.0,0.25,43.033,555.5,2.7455,32.147,15.518
2825,BRRR,CoinShares Valkyrie Bitcoin,CoinShares,BRRR,CoinShares Valkyrie Bitcoin,BTC-USD,2026-02-03,21.57,600.0,0.25,43.033,216.8,2.338,32.147,14.993
2826,BRRR,CoinShares Valkyrie Bitcoin,CoinShares,BRRR,CoinShares Valkyrie Bitcoin,BTC-USD,2026-02-04,20.69,600.0,0.25,45.077,295.8,2.4725,34.191,14.403
2827,BRRR,CoinShares Valkyrie Bitcoin,CoinShares,BRRR,CoinShares Valkyrie Bitcoin,BTC-USD,2026-02-05,17.96,600.0,0.25,45.452,338.6,2.531,29.326,14.511
2828,BRRR,CoinShares Valkyrie Bitcoin,CoinShares,BRRR,CoinShares Valkyrie Bitcoin,BTC-USD,2026-02-06,19.76,600.0,0.25,50.473,664.2,2.823,34.347,14.46
2829,BRRR,CoinShares Valkyrie Bitcoin,CoinShares,BRRR,CoinShares Valkyrie Bitcoin,BTC-USD,2026-02-09,19.97,600.0,0.25,64.134,274.0,2.4393,46.268,14.394
2830,BRRR,CoinShares Valkyrie Bitcoin,CoinShares,BRRR,CoinShares Valkyrie Bitcoin,BTC-USD,2026-02-10,19.41,600.0,0.25,65.274,630.0,2.8,45.325,14.264
2831,BRRR,CoinShares Valkyrie Bitcoin,CoinShares,BRRR,CoinShares Valkyrie Bitcoin,BTC-USD,2026-02-11,19.05,600.0,0.25,62.068,396.1,2.5989,38.348,13.833
2832,BRRR,CoinShares Valkyrie Bitcoin,CoinShares,BRRR,CoinShares Valkyrie Bitcoin,BTC-USD,2026-02-12,18.44,600.0,0.25,77.946,909.5,2.9593,52.991,13.472
2833,BRRR,CoinShares Valkyrie Bitcoin,CoinShares,BRRR,CoinShares Valkyrie Bitcoin,BTC-USD,2026-02-13,19.41,600.0,0.25,87.585,535.6,2.7296,52.991,12.978
2834,BRRR,CoinShares Valkyrie Bitcoin,CoinShares,BRRR,CoinShares Valkyrie Bitcoin,BTC-USD,2026-02-17,19.11,600.0,0.25,77.595,435.2,2.6397,52.64,13.148
2835,BRRR,CoinShares Valkyrie Bitcoin,CoinShares,BRRR,CoinShares Valkyrie Bitcoin,BTC-USD,2026-02-18,18.69,600.0,0.25,95.671,641.7,2.808,61.076,10.796
2836,BRRR,CoinShares Valkyrie Bitcoin,CoinShares,BRRR,CoinShares Valkyrie Bitcoin,BTC-USD,2026-02-19,18.94,600.0,0.25,99.324,483.9,2.6856,64.73,10.084
2837,BRRR,CoinShares Valkyrie Bitcoin,CoinShares,BRRR,CoinShares Valkyrie Bitcoin,BTC-USD,2026-02-20,19.1,600.0,0.25,99.324,592.9,2.7737,64.73,9.538
2838,BRRR,CoinShares Valkyrie Bitcoin,CoinShares,BRRR,CoinShares Valkyrie Bitcoin,BTC-USD,2026-02-23,18.18,600.0,0.25,97.491,548.6,2.74,60.691,9.233
2839,BRRR,CoinShares Valkyrie Bitcoin,CoinShares,BRRR,CoinShares Valkyrie Bitcoin,BTC-USD,2026-02-24,18.2,600.0,0.25,93.802,438.3,2.6428,57.002,9.092
2840,BRRR,CoinShares Valkyrie Bitcoin,CoinShares,BRRR,CoinShares Valkyrie Bitcoin,BTC-USD,2026-02-25,19.53,600.0,0.25,93.802,209.4,2.3229,57.002,9.04
2841,BRRR,CoinShares Valkyrie Bitcoin,CoinShares,BRRR,CoinShares Valkyrie Bitcoin,BTC-USD,2026-02-26,19.05,600.0,0.25,94.433,364.8,2.5633,57.634,9.453
2842,BRRR,CoinShares Valkyrie Bitcoin,CoinShares,BRRR,CoinShares Valkyrie Bitcoin,BTC-USD,2026-02-27,18.53,600.0,0.25,102.039,733.4,2.8659,57.634,9.457
2843,BRRR,CoinShares Valkyrie Bitcoin,CoinShares,BRRR,CoinShares Valkyrie Bitcoin,BTC-USD,2026-03-02,19.52,600.0,0.25,102.039,267.2,2.4284,57.634,9.356
2844,BRRR,CoinShares Valkyrie Bitcoin,CoinShares,BRRR,CoinShares Valkyrie Bitcoin,BTC-USD,2026-03-03,19.246,600.0,0.25,115.736,417.1,2.6213,71.331,9.16
2845,BRRR,CoinShares Valkyrie Bitcoin,CoinShares,BRRR,CoinShares Valkyrie Bitcoin,BTC-USD,2026-03-04,20.64,600.0,0.25,119.546,247.2,2.3948,71.331,8.163
2846,BRRR,CoinShares Valkyrie Bitcoin,CoinShares,BRRR,CoinShares Valkyrie Bitcoin,BTC-USD,2026-03-05,20.11,600.0,0.25,120.882,444.7,2.649,72.667,7.645
2847,BRRR,CoinShares Valkyrie Bitcoin,CoinShares,BRRR,CoinShares Valkyrie Bitcoin,BTC-USD,2026-03-06,19.22,600.0,0.25,118.838,313.5,2.4976,70.623,7.414
2848,BRRR,CoinShares Valkyrie Bitcoin,CoinShares,BRRR,CoinShares Valkyrie Bitcoin,BTC-USD,2026-03-09,19.48,600.0,0.25,116.405,448.4,2.6526,72.0,6.762
2849,BRRR,CoinShares Valkyrie Bitcoin,CoinShares,BRRR,CoinShares Valkyrie Bitcoin,BTC-USD,2026-03-10,19.78,600.0,0.25,103.779,438.9,2.6434,66.979,6.849
2850,BRRR,CoinShares Valkyrie Bitcoin,CoinShares,BRRR,CoinShares Valkyrie Bitcoin,BTC-USD,2026-03-11,19.95,600.0,0.25,99.632,278.4,2.4462,62.833,6.887
2851,BRRR,CoinShares Valkyrie Bitcoin,CoinShares,BRRR,CoinShares Valkyrie Bitcoin,BTC-USD,2026-03-12,19.89,600.0,0.25,90.037,417.4,2.6215,61.027,6.851
2852,BRRR,CoinShares Valkyrie Bitcoin,CoinShares,BRRR,CoinShares Valkyrie Bitcoin,BTC-USD,2026-03-13,20.086,600.0,0.25,90.037,244.7,2.3904,61.027,6.849
2853,BRRR,CoinShares Valkyrie Bitcoin,CoinShares,BRRR,CoinShares Valkyrie Bitcoin,BTC-USD,2026-03-16,20.88,600.0,0.25,75.395,810.4,2.9092,46.385,6.596
2854,BRRR,CoinShares Valkyrie Bitcoin,CoinShares,BRRR,CoinShares Valkyrie Bitcoin,BTC-USD,2026-03-17,21.04,600.0,0.25,71.925,254.6,2.4075,49.667,6.253
2855,BRRR,CoinShares Valkyrie Bitcoin,CoinShares,BRRR,CoinShares Valkyrie Bitcoin,BTC-USD,2026-03-18,20.05,600.0,0.25,75.968,554.8,2.7449,46.957,5.867
2856,BRRR,CoinShares Valkyrie Bitcoin,CoinShares,BRRR,CoinShares Valkyrie Bitcoin,BTC-USD,2026-03-19,19.83,600.0,0.25,67.531,264.5,2.424,38.521,5.794
2857,BRRR,CoinShares Valkyrie Bitcoin,CoinShares,BRRR,CoinShares Valkyrie Bitcoin,BTC-USD,2026-03-20,19.8,600.0,0.25,61.513,677.7,2.8317,39.254,5.816
2858,BRRR,CoinShares Valkyrie Bitcoin,CoinShares,BRRR,CoinShares Valkyrie Bitcoin,BTC-USD,2026-03-23,19.94,600.0,0.25,66.582,467.9,2.6711,39.254,5.668
2859,BRRR,CoinShares Valkyrie Bitcoin,CoinShares,BRRR,CoinShares Valkyrie Bitcoin,BTC-USD,2026-03-24,19.56,600.0,0.25,66.582,700.5,2.8461,39.254,5.555
2860,BRRR,CoinShares Valkyrie Bitcoin,CoinShares,BRRR,CoinShares Valkyrie Bitcoin,BTC-USD,2026-03-25,20.0,600.0,0.25,68.264,514.3,2.7121,39.254,5.471
2861,BRRR,CoinShares Valkyrie Bitcoin,CoinShares,BRRR,CoinShares Valkyrie Bitcoin,BTC-USD,2026-03-26,19.33,600.0,0.25,68.264,606.3,2.7834,39.254,5.547
2862,BRRR,CoinShares Valkyrie Bitcoin,CoinShares,BRRR,CoinShares Valkyrie Bitcoin,BTC-USD,2026-03-27,18.62,600.0,0.25,89.046,665.3,2.8237,32.674,5.053
2863,BRRR,CoinShares Valkyrie Bitcoin,CoinShares,BRRR,CoinShares Valkyrie Bitcoin,BTC-USD,2026-03-30,18.76,600.0,0.25,61.684,470.6,2.6736,32.674,5.182
2864,BRRR,CoinShares Valkyrie Bitcoin,CoinShares,BRRR,CoinShares Valkyrie Bitcoin,BTC-USD,2026-03-31,19.13,600.0,0.25,67.858,647.9,2.8122,40.53,5.231
2865,BRRR,CoinShares Valkyrie Bitcoin,CoinShares,BRRR,CoinShares Valkyrie Bitcoin,BTC-USD,2026-04-01,19.24,600.0,0.25,54.161,553.8,2.7442,26.832,5.036
2866,BRRR,CoinShares Valkyrie Bitcoin,CoinShares,BRRR,CoinShares Valkyrie Bitcoin,BTC-USD,2026-04-02,18.91,600.0,0.25,54.161,357.1,2.554,26.832,4.868
2867,BRRR,CoinShares Valkyrie Bitcoin,CoinShares,BRRR,CoinShares Valkyrie Bitcoin,BTC-USD,2026-04-06,19.68,600.0,0.25,52.825,382.5,2.5838,25.496,4.654
2868,BRRR,CoinShares Valkyrie Bitcoin,CoinShares,BRRR,CoinShares Valkyrie Bitcoin,BTC-USD,2026-04-07,19.47,600.0,0.25,52.825,1461.4,3.1651,25.496,4.633
2869,BRRR,CoinShares Valkyrie Bitcoin,CoinShares,BRRR,CoinShares Valkyrie Bitcoin,BTC-USD,2026-04-08,20.14,600.0,0.25,55.722,603.9,2.7817,24.119,4.57
2870,BRRR,CoinShares Valkyrie Bitcoin,CoinShares,BRRR,CoinShares Valkyrie Bitcoin,BTC-USD,2026-04-09,20.35,600.0,0.25,63.838,465.2,2.6686,30.301,4.288
2871,BRRR,CoinShares Valkyrie Bitcoin,CoinShares,BRRR,CoinShares Valkyrie Bitcoin,BTC-USD,2026-04-10,20.675,600.0,0.25,62.918,446.6,2.6509,22.527,4.101
2872,BRRR,CoinShares Valkyrie Bitcoin,CoinShares,BRRR,CoinShares Valkyrie Bitcoin,BTC-USD,2026-04-13,20.71,600.0,0.25,67.477,650.5,2.8139,27.086,4.007
2873,BRRR,CoinShares Valkyrie Bitcoin,CoinShares,BRRR,CoinShares Valkyrie Bitcoin,BTC-USD,2026-04-14,20.97,600.0,0.25,67.477,870.9,2.9405,27.086,3.849
2874,BRRR,CoinShares Valkyrie Bitcoin,CoinShares,BRRR,CoinShares Valkyrie Bitcoin,BTC-USD,2026-04-15,21.17,600.0,0.25,64.794,397.1,2.5999,31.257,3.857
2875,BRRR,CoinShares Valkyrie Bitcoin,CoinShares,BRRR,CoinShares Valkyrie Bitcoin,BTC-USD,2026-04-16,21.27,600.0,0.25,70.134,154.1,2.1907,36.597,3.826
2876,BRRR,CoinShares Valkyrie Bitcoin,CoinShares,BRRR,CoinShares Valkyrie Bitcoin,BTC-USD,2026-04-17,21.87,600.0,0.25,68.2,201.5,2.3065,36.597,4.507
2877,BRRR,CoinShares Valkyrie Bitcoin,CoinShares,BRRR,CoinShares Valkyrie Bitcoin,BTC-USD,2026-04-20,21.54,600.0,0.25,68.2,55.9,1.7548,36.597,4.525
2878,BRRR,CoinShares Valkyrie Bitcoin,CoinShares,BRRR,CoinShares Valkyrie Bitcoin,BTC-USD,2026-04-21,21.15,600.0,0.25,75.602,509.8,2.7083,42.065,4.442
2879,BRRR,CoinShares Valkyrie Bitcoin,CoinShares,BRRR,CoinShares Valkyrie Bitcoin,BTC-USD,2026-04-22,22.268,600.0,0.25,82.456,56.3,1.7583,42.065,4.431
2880,BRRR,CoinShares Valkyrie Bitcoin,CoinShares,BRRR,CoinShares Valkyrie Bitcoin,BTC-USD,2026-04-23,21.92,600.0,0.25,81.919,900.3,2.9549,42.065,4.524
2881,BRRR,CoinShares Valkyrie Bitcoin,CoinShares,BRRR,CoinShares Valkyrie Bitcoin,BTC-USD,2026-04-24,21.9,600.0,0.25,78.542,116.7,2.0707,45.006,4.549
2882,BRRR,CoinShares Valkyrie Bitcoin,CoinShares,BRRR,CoinShares Valkyrie Bitcoin,BTC-USD,2026-04-27,21.68,600.0,0.25,78.984,342.3,2.5356,47.382,4.646
2883,BRRR,CoinShares Valkyrie Bitcoin,CoinShares,BRRR,CoinShares Valkyrie Bitcoin,BTC-USD,2026-04-28,21.53,600.0,0.25,78.984,171.6,2.2371,47.382,4.544
2884,BRRR,CoinShares Valkyrie Bitcoin,CoinShares,BRRR,CoinShares Valkyrie Bitcoin,BTC-USD,2026-04-29,21.29,600.0,0.25,80.931,535.7,2.7298,49.328,4.459
2885,BRRR,CoinShares Valkyrie Bitcoin,CoinShares,BRRR,CoinShares Valkyrie Bitcoin,BTC-USD,2026-04-30,21.54,600.0,0.25,76.199,384.2,2.5856,42.662,4.106
2886,BRRR,CoinShares Valkyrie Bitcoin,CoinShares,BRRR,CoinShares Valkyrie Bitcoin,BTC-USD,2026-05-01,22.132,600.0,0.25,82.517,199.3,2.3016,42.662,3.994
2887,BRRR,CoinShares Valkyrie Bitcoin,CoinShares,BRRR,CoinShares Valkyrie Bitcoin,BTC-USD,2026-05-04,22.59,600.0,0.25,83.022,-293.1,-2.4685,42.662,3.963
2888,BRRR,CoinShares Valkyrie Bitcoin,CoinShares,BRRR,CoinShares Valkyrie Bitcoin,BTC-USD,2026-05-05,23.03,600.0,0.25,83.022,-6.2,-0.8558,42.662,3.826
2889,BRRR,CoinShares Valkyrie Bitcoin,CoinShares,BRRR,CoinShares Valkyrie Bitcoin,BTC-USD,2026-05-06,22.98,600.0,0.25,84.597,75.8,1.8856,44.237,3.873
2890,BRRR,CoinShares Valkyrie Bitcoin,CoinShares,BRRR,CoinShares Valkyrie Bitcoin,BTC-USD,2026-05-07,22.61,600.0,0.25,84.092,-206.1,-2.3162,44.237,3.992
2891,BRRR,CoinShares Valkyrie Bitcoin,CoinShares,BRRR,CoinShares Valkyrie Bitcoin,BTC-USD,2026-05-08,22.599,600.0,0.25,72.131,44.1,1.6541,41.249,3.953
2892,BRRR,CoinShares Valkyrie Bitcoin,CoinShares,BRRR,CoinShares Valkyrie Bitcoin,BTC-USD,2026-05-11,23.12,600.0,0.25,72.131,-145.0,-2.1642,41.249,4.028
2893,BRRR,CoinShares Valkyrie Bitcoin,CoinShares,BRRR,CoinShares Valkyrie Bitcoin,BTC-USD,2026-05-12,22.8,600.0,0.25,66.751,8.2,0.9615,35.869,4.118
2894,BRRR,CoinShares Valkyrie Bitcoin,CoinShares,BRRR,CoinShares Valkyrie Bitcoin,BTC-USD,2026-05-13,22.44,600.0,0.25,75.603,13.3,1.1544,35.869,4.112
2895,BRRR,CoinShares Valkyrie Bitcoin,CoinShares,BRRR,CoinShares Valkyrie Bitcoin,BTC-USD,2026-05-14,22.97,600.0,0.25,71.553,-108.5,-2.0395,31.699,4.118
2896,BRRR,CoinShares Valkyrie Bitcoin,CoinShares,BRRR,CoinShares Valkyrie Bitcoin,BTC-USD,2026-05-15,22.307,600.0,0.25,63.436,-0.8,-0.2631,23.076,4.055
2897,BRRR,CoinShares Valkyrie Bitcoin,CoinShares,BRRR,CoinShares Valkyrie Bitcoin,BTC-USD,2026-05-18,21.66,600.0,0.25,65.466,-271.3,-2.4351,23.076,3.387
2898,BRRR,CoinShares Valkyrie Bitcoin,CoinShares,BRRR,CoinShares Valkyrie Bitcoin,BTC-USD,2026-05-19,21.64,600.0,0.25,68.121,-76.0,-1.8864,27.761,3.4
2899,BRRR,CoinShares Valkyrie Bitcoin,CoinShares,BRRR,CoinShares Valkyrie Bitcoin,BTC-USD,2026-05-20,21.88,600.0,0.25,57.761,-167.9,-2.2276,17.907,3.648
2900,BRRR,CoinShares Valkyrie Bitcoin,CoinShares,BRRR,CoinShares Valkyrie Bitcoin,BTC-USD,2026-05-21,21.894,600.0,0.25,61.618,-142.4,-2.1566,21.885,3.701
2901,BRRR,CoinShares Valkyrie Bitcoin,CoinShares,BRRR,CoinShares Valkyrie Bitcoin,BTC-USD,2026-05-22,21.373,600.0,0.25,61.618,-576.1,-2.7612,21.885,3.653
2902,BRRR,CoinShares Valkyrie Bitcoin,CoinShares,BRRR,CoinShares Valkyrie Bitcoin,BTC-USD,2026-05-26,21.4,600.0,0.25,65.785,-213.1,-2.3305,26.052,3.99
2903,BRRR,CoinShares Valkyrie Bitcoin,CoinShares,BRRR,CoinShares Valkyrie Bitcoin,BTC-USD,2026-05-27,21.13,600.0,0.25,63.409,-418.0,-2.6222,23.676,3.761
2904,BRRR,CoinShares Valkyrie Bitcoin,CoinShares,BRRR,CoinShares Valkyrie Bitcoin,BTC-USD,2026-05-28,20.67,600.0,0.25,62.369,183.4,2.2657,23.676,3.954
2905,BRRR,CoinShares Valkyrie Bitcoin,CoinShares,BRRR,CoinShares Valkyrie Bitcoin,BTC-USD,2026-05-29,20.7,600.0,0.25,65.793,-74.7,-1.879,27.1,4.212
2906,BRRR,CoinShares Valkyrie Bitcoin,CoinShares,BRRR,CoinShares Valkyrie Bitcoin,BTC-USD,2026-06-01,20.15,600.0,0.25,64.145,-131.5,-2.1221,25.909,4.555
2907,BRRR,CoinShares Valkyrie Bitcoin,CoinShares,BRRR,CoinShares Valkyrie Bitcoin,BTC-USD,2026-06-02,18.95,600.0,0.25,64.145,46.6,1.6775,25.909,4.802
2908,BRRR,CoinShares Valkyrie Bitcoin,CoinShares,BRRR,CoinShares Valkyrie Bitcoin,BTC-USD,2026-06-03,18.43,600.0,0.25,64.145,-268.1,-2.4299,25.909,4.81
2909,BRRR,CoinShares Valkyrie Bitcoin,CoinShares,BRRR,CoinShares Valkyrie Bitcoin,BTC-USD,2026-06-04,17.91,600.0,0.25,62.146,401.9,2.6052,25.909,5.111
2910,BRRR,CoinShares Valkyrie Bitcoin,CoinShares,BRRR,CoinShares Valkyrie Bitcoin,BTC-USD,2026-06-05,16.99,600.0,0.25,62.57,611.8,2.7873,24.335,5.455
2911,BRRR,CoinShares Valkyrie Bitcoin,CoinShares,BRRR,CoinShares Valkyrie Bitcoin,BTC-USD,2026-06-08,17.88,600.0,0.25,63.028,399.9,2.6031,24.335,5.398
2912,BRRR,CoinShares Valkyrie Bitcoin,CoinShares,BRRR,CoinShares Valkyrie Bitcoin,BTC-USD,2026-06-09,17.5,600.0,0.25,59.834,307.1,2.4887,21.141,5.627
2913,BRRR,CoinShares Valkyrie Bitcoin,CoinShares,BRRR,CoinShares Valkyrie Bitcoin,BTC-USD,2026-06-10,17.45,600.0,0.25,60.696,365.3,2.5639,22.461,5.559
2914,BRRR,CoinShares Valkyrie Bitcoin,CoinShares,BRRR,CoinShares Valkyrie Bitcoin,BTC-USD,2026-06-11,17.93,600.0,0.25,61.154,518.7,2.7158,22.461,5.46
2915,BRRR,CoinShares Valkyrie Bitcoin,CoinShares,BRRR,CoinShares Valkyrie Bitcoin,BTC-USD,2026-06-12,17.93,600.0,0.25,61.154,510.7,2.709,22.461,5.433
2916,BRRR,CoinShares Valkyrie Bitcoin,CoinShares,BRRR,CoinShares Valkyrie Bitcoin,BTC-USD,2026-06-15,18.78,600.0,0.25,61.154,107.5,2.0355,22.461,5.354
2917,BRRR,CoinShares Valkyrie Bitcoin,CoinShares,BRRR,CoinShares Valkyrie Bitcoin,BTC-USD,2026-06-16,18.51,600.0,0.25,61.154,327.6,2.5167,22.461,5.323
2918,BRRR,CoinShares Valkyrie Bitcoin,CoinShares,BRRR,CoinShares Valkyrie Bitcoin,BTC-USD,2026-06-17,18.11,600.0,0.25,63.158,253.0,2.4049,24.465,5.365
2919,BRRR,CoinShares Valkyrie Bitcoin,CoinShares,BRRR,CoinShares Valkyrie Bitcoin,BTC-USD,2026-06-18,17.73,600.0,0.25,58.473,335.8,2.5273,19.78,6.13
2920,BRRR,CoinShares Valkyrie Bitcoin,CoinShares,BRRR,CoinShares Valkyrie Bitcoin,BTC-USD,2026-06-22,18.16,600.0,0.25,65.975,160.1,2.2071,19.78,5.926
2921,BRRR,CoinShares Valkyrie Bitcoin,CoinShares,BRRR,CoinShares Valkyrie Bitcoin,BTC-USD,2026-06-23,17.56,600.0,0.25,71.45,303.7,2.4839,15.802,5.808
2922,BRRR,CoinShares Valkyrie Bitcoin,CoinShares,BRRR,CoinShares Valkyrie Bitcoin,BTC-USD,2026-06-24,16.87,600.0,0.25,71.45,778.2,2.8916,15.802,5.805
2923,BRRR,CoinShares Valkyrie Bitcoin,CoinShares,BRRR,CoinShares Valkyrie Bitcoin,BTC-USD,2026-06-25,16.7,600.0,0.25,71.451,593.6,2.7742,15.804,5.696
2924,BRRR,CoinShares Valkyrie Bitcoin,CoinShares,BRRR,CoinShares Valkyrie Bitcoin,BTC-USD,2026-06-26,16.83,600.0,0.25,79.903,608.7,2.7851,24.256,5.751
2925,BRRR,CoinShares Valkyrie Bitcoin,CoinShares,BRRR,CoinShares Valkyrie Bitcoin,BTC-USD,2026-06-29,17.02,600.0,0.25,89.996,280.5,2.4495,34.349,5.632
2926,BRRR,CoinShares Valkyrie Bitcoin,CoinShares,BRRR,CoinShares Valkyrie Bitcoin,BTC-USD,2026-06-30,16.55,600.0,0.25,87.34,478.7,2.6809,28.978,5.286
2927,BRRR,CoinShares Valkyrie Bitcoin,CoinShares,BRRR,CoinShares Valkyrie Bitcoin,BTC-USD,2026-07-01,16.9,600.0,0.25,106.949,438.9,2.6433,28.978,4.953
2928,BRRR,CoinShares Valkyrie Bitcoin,CoinShares,BRRR,CoinShares Valkyrie Bitcoin,BTC-USD,2026-07-02,17.33,600.0,0.25,106.949,326.2,2.5149,28.978,4.679
2929,BRRR,CoinShares Valkyrie Bitcoin,CoinShares,BRRR,CoinShares Valkyrie Bitcoin,BTC-USD,2026-07-06,17.97,600.0,0.25,109.883,562.8,2.7512,29.331,4.646
2930,BRRR,CoinShares Valkyrie Bitcoin,CoinShares,BRRR,CoinShares Valkyrie Bitcoin,BTC-USD,2026-07-07,17.99,600.0,0.25,112.574,286.8,2.459,32.022,4.391
2931,BRRR,CoinShares Valkyrie Bitcoin,CoinShares,BRRR,CoinShares Valkyrie Bitcoin,BTC-USD,2026-07-08,17.54,600.0,0.25,116.178,584.3,2.7674,32.022,3.917
2932,BRRR,CoinShares Valkyrie Bitcoin,CoinShares,BRRR,CoinShares Valkyrie Bitcoin,BTC-USD,2026-07-09,17.83,600.0,0.25,139.478,210.0,2.3243,32.022,3.664
2933,BRRR,CoinShares Valkyrie Bitcoin,CoinShares,BRRR,CoinShares Valkyrie Bitcoin,BTC-USD,2026-07-10,18.015,600.0,0.25,139.478,508.4,2.7071,32.022,3.491
2934,BRRR,CoinShares Valkyrie Bitcoin,CoinShares,BRRR,CoinShares Valkyrie Bitcoin,BTC-USD,2026-07-13,17.53,600.0,0.25,169.094,473.3,2.676,30.701,3.429
2935,BRRR,CoinShares Valkyrie Bitcoin,CoinShares,BRRR,CoinShares Valkyrie Bitcoin,BTC-USD,2026-07-14,18.19,600.0,0.25,169.573,589.4,2.7712,30.701,3.332
2936,BRRR,CoinShares Valkyrie Bitcoin,CoinShares,BRRR,CoinShares Valkyrie Bitcoin,BTC-USD,2026-07-15,18.3,600.0,0.25,169.094,515.7,2.7132,30.701,3.207
2937,BRRR,CoinShares Valkyrie Bitcoin,CoinShares,BRRR,CoinShares Valkyrie Bitcoin,BTC-USD,2026-07-16,18.1,600.0,0.25,138.157,183.0,2.2648,30.701,3.204
2938,BRRR,CoinShares Valkyrie Bitcoin,CoinShares,BRRR,CoinShares Valkyrie Bitcoin,BTC-USD,2026-07-17,18.075,600.0,0.25,114.857,575.3,2.7606,30.701,3.207
2939,BRRR,CoinShares Valkyrie Bitcoin,CoinShares,BRRR,CoinShares Valkyrie Bitcoin,BTC-USD,2026-07-20,18.36,600.0,0.25,136.154,450.3,2.6545,28.697,3.095
2940,BRRR,CoinShares Valkyrie Bitcoin,CoinShares,BRRR,CoinShares Valkyrie Bitcoin,BTC-USD,2026-07-21,18.73,600.0,0.25,140.669,517.1,2.7144,28.697,2.239
2941,BRRR,CoinShares Valkyrie Bitcoin,CoinShares,BRRR,CoinShares Valkyrie Bitcoin,BTC-USD,2026-07-22,18.57,600.0,0.25,140.669,874.7,2.9423,28.697,2.176
2942,BRRR,CoinShares Valkyrie Bitcoin,CoinShares,BRRR,CoinShares Valkyrie Bitcoin,BTC-USD,2026-07-23,18.26,600.0,0.25,140.669,754.2,2.8781,28.697,2.163
2943,BRRR,CoinShares Valkyrie Bitcoin,CoinShares,BRRR,CoinShares Valkyrie Bitcoin,BTC-USD,2026-07-24,18.086,600.0,0.25,129.728,467.2,2.6704,28.697,2.07
2944,BRRR,CoinShares Valkyrie Bitcoin,CoinShares,BRRR,CoinShares Valkyrie Bitcoin,BTC-USD,2026-07-27,18.31,600.0,0.25,133.56,118.7,2.0781,21.588,1.779
2945,BRRR,CoinShares Valkyrie Bitcoin,CoinShares,BRRR,CoinShares Valkyrie Bitcoin,BTC-USD,2026-07-28,17.99,600.0,0.25,136.487,375.6,2.5759,13.136,1.597
2946,BRRR,CoinShares Valkyrie Bitcoin,CoinShares,BRRR,CoinShares Valkyrie Bitcoin,BTC-USD,2026-07-29,17.92,600.0,0.25,126.394,657.6,2.8186,3.043,1.49
2947,BRRR,CoinShares Valkyrie Bitcoin,CoinShares,BRRR,CoinShares Valkyrie Bitcoin,BTC-USD,2026-07-30,18.25,600.0,0.25,126.394,470.6,2.6736,3.043,1.464
2948,BRRR,CoinShares Valkyrie Bitcoin,CoinShares,BRRR,CoinShares Valkyrie Bitcoin,BTC-USD,2026-07-31,17.72,600.0,0.25,126.394,387.7,2.5896,3.043,1.488
2949,BRRR,CoinShares Valkyrie Bitcoin,CoinShares,BRRR,CoinShares Valkyrie Bitcoin,BTC-USD,2026-08-03,17.99,600.0,0.25,126.974,325.1,2.5134,9.574,1.463
2950,BRRR,CoinShares Valkyrie Bitcoin,CoinShares,BRRR,CoinShares Valkyrie Bitcoin,BTC-USD,2026-08-04,18.1,600.0,0.25,126.621,313.0,2.4969,9.221,1.291
2951,BRRR,CoinShares Valkyrie Bitcoin,CoinShares,BRRR,CoinShares Valkyrie Bitcoin,BTC-USD,2026-08-05,18.27,600.0,0.25,123.931,661.4,2.8211,6.531,1.24
2952,BRRR,CoinShares Valkyrie Bitcoin,CoinShares,BRRR,CoinShares Valkyrie Bitcoin,BTC-USD,2026-08-06,18.15,600.0,0.25,122.698,552.5,2.7431,10.726,1.209
2953,BRRR,CoinShares Valkyrie Bitcoin,CoinShares,BRRR,CoinShares Valkyrie Bitcoin,BTC-USD,2026-08-07,18.307,600.0,0.25,122.698,683.4,2.8353,10.726,1.175
2954,BRRR,CoinShares Valkyrie Bitcoin,CoinShares,BRRR,CoinShares Valkyrie Bitcoin,BTC-USD,2026-08-10,18.03,600.0,0.25,128.127,384.9,2.5865,10.726,1.051
2955,BRRR,CoinShares Valkyrie Bitcoin,CoinShares,BRRR,CoinShares Valkyrie Bitcoin,BTC-USD,2026-08-11,17.88,600.0,0.25,128.127,767.8,2.8858,10.726,0.985
2956,BRRR,CoinShares Valkyrie Bitcoin,CoinShares,BRRR,CoinShares Valkyrie Bitcoin,BTC-USD,2026-08-12,17.86,600.0,0.25,125.705,533.8,2.7282,13.733,0.927
2957,BRRR,CoinShares Valkyrie Bitcoin,CoinShares,BRRR,CoinShares Valkyrie Bitcoin,BTC-USD,2026-08-13,17.85,600.0,0.25,128.341,666.9,2.8247,16.37,0.906
2958,BRRR,CoinShares Valkyrie Bitcoin,CoinShares,BRRR,CoinShares Valkyrie Bitcoin,BTC-USD,2026-08-14,17.723,600.0,0.25,133.77,244.1,2.3894,16.37,0.824
2959,BRRR,CoinShares Valkyrie Bitcoin,CoinShares,BRRR,CoinShares Valkyrie Bitcoin,BTC-USD,2026-08-17,18.11,600.0,0.25,139.721,566.0,2.7536,16.37,0.805
2960,BRRR,CoinShares Valkyrie Bitcoin,CoinShares,BRRR,CoinShares Valkyrie Bitcoin,BTC-USD,2026-08-18,18.21,600.0,0.25,139.721,577.8,2.7625,16.37,0.793
2961,BRRR,CoinShares Valkyrie Bitcoin,CoinShares,BRRR,CoinShares Valkyrie Bitcoin,BTC-USD,2026-08-19,19.28,600.0,0.25,139.721,612.9,2.7881,16.37,0.907
2962,BRRR,CoinShares Valkyrie Bitcoin,CoinShares,BRRR,CoinShares Valkyrie Bitcoin,BTC-USD,2026-08-20,20.49,600.0,0.25,162.337,544.1,2.7365,16.37,0.935
2963,BRRR,CoinShares Valkyrie Bitcoin,CoinShares,BRRR,CoinShares Valkyrie Bitcoin,BTC-USD,2026-08-21,21.72,600.0,0.25,162.337,600.6,2.7793,16.37,0.984
2964,BRRR,CoinShares Valkyrie Bitcoin,CoinShares,BRRR,CoinShares Valkyrie Bitcoin,BTC-USD,2026-08-24,22.21,600.0,0.25,178.629,290.8,2.4651,16.37,0.974
2965,BRRR,CoinShares Valkyrie Bitcoin,CoinShares,BRRR,CoinShares Valkyrie Bitcoin,BTC-USD,2026-08-25,22.26,600.0,0.25,179.168,328.2,2.5174,16.908,0.948
2966,BRRR,CoinShares Valkyrie Bitcoin,CoinShares,BRRR,CoinShares Valkyrie Bitcoin,BTC-USD,2026-08-26,22.13,600.0,0.25,179.168,838.2,2.9239,16.908,0.928
2967,BRRR,CoinShares Valkyrie Bitcoin,CoinShares,BRRR,CoinShares Valkyrie Bitcoin,BTC-USD,2026-08-27,22.53,600.0,0.25,187.195,359.5,2.5568,16.908,0.931
2968,BTCW,WisdomTree Bitcoin Fund,WisdomTree,BTCW,WisdomTree Bitcoin Fund,BTC-USD,2025-03-07,92.13,400.0,0.25,91.705,-426.5,-2.6309,83.538,29.86
2969,BTCW,WisdomTree Bitcoin Fund,WisdomTree,BTCW,WisdomTree Bitcoin Fund,BTC-USD,2025-03-10,83.67,400.0,0.25,83.62,-501.3,-2.701,75.031,29.983
2970,BTCW,WisdomTree Bitcoin Fund,WisdomTree,BTCW,WisdomTree Bitcoin Fund,BTC-USD,2025-03-11,88.06,400.0,0.25,83.465,-446.4,-2.6507,74.876,32.088
2971,BTCW,WisdomTree Bitcoin Fund,WisdomTree,BTCW,WisdomTree Bitcoin Fund,BTC-USD,2025-03-12,87.76,400.0,0.25,91.614,-172.3,-2.2389,83.025,28.545
2972,BTCW,WisdomTree Bitcoin Fund,WisdomTree,BTCW,WisdomTree Bitcoin Fund,BTC-USD,2025-03-13,84.86,400.0,0.25,99.589,-143.0,-2.1583,91.0,28.412
2973,BTCW,WisdomTree Bitcoin Fund,WisdomTree,BTCW,WisdomTree Bitcoin Fund,BTC-USD,2025-03-14,89.68,400.0,0.25,89.43,-535.1,-2.7292,80.841,28.309
2974,BTCW,WisdomTree Bitcoin Fund,WisdomTree,BTCW,WisdomTree Bitcoin Fund,BTC-USD,2025-03-17,89.6,400.0,0.25,94.813,-487.2,-2.6886,86.224,28.214
2975,BTCW,WisdomTree Bitcoin Fund,WisdomTree,BTCW,WisdomTree Bitcoin Fund,BTC-USD,2025-03-18,87.19,400.0,0.25,94.813,-651.8,-2.8148,86.224,28.323
2976,BTCW,WisdomTree Bitcoin Fund,WisdomTree,BTCW,WisdomTree Bitcoin Fund,BTC-USD,2025-03-19,90.62,400.0,0.25,96.971,-296.6,-2.4737,86.224,26.969
2977,BTCW,WisdomTree Bitcoin Fund,WisdomTree,BTCW,WisdomTree Bitcoin Fund,BTC-USD,2025-03-20,89.18,400.0,0.25,106.807,-589.3,-2.7711,96.06,26.79
2978,BTCW,WisdomTree Bitcoin Fund,WisdomTree,BTCW,WisdomTree Bitcoin Fund,BTC-USD,2025-03-21,88.92,400.0,0.25,104.649,-914.1,-2.9615,96.06,26.479
2979,BTCW,WisdomTree Bitcoin Fund,WisdomTree,BTCW,WisdomTree Bitcoin Fund,BTC-USD,2025-03-24,93.56,400.0,0.25,100.039,-493.6,-2.6943,91.45,25.274
2980,BTCW,WisdomTree Bitcoin Fund,WisdomTree,BTCW,WisdomTree Bitcoin Fund,BTC-USD,2025-03-25,93.36,400.0,0.25,104.558,-674.1,-2.8294,95.969,24.569
2981,BTCW,WisdomTree Bitcoin Fund,WisdomTree,BTCW,WisdomTree Bitcoin Fund,BTC-USD,2025-03-26,91.68,400.0,0.25,106.716,-327.6,-2.5167,95.969,19.602
2982,BTCW,WisdomTree Bitcoin Fund,WisdomTree,BTCW,WisdomTree Bitcoin Fund,BTC-USD,2025-03-27,92.19,400.0,0.25,111.583,-317.9,-2.5037,102.993,18.951
2983,BTCW,WisdomTree Bitcoin Fund,WisdomTree,BTCW,WisdomTree Bitcoin Fund,BTC-USD,2025-03-28,88.62,400.0,0.25,99.737,-189.9,-2.2808,88.99,17.833
2984,BTCW,WisdomTree Bitcoin Fund,WisdomTree,BTCW,WisdomTree Bitcoin Fund,BTC-USD,2025-03-31,87.265,400.0,0.25,96.246,-436.1,-2.6406,85.498,18.151
2985,BTCW,WisdomTree Bitcoin Fund,WisdomTree,BTCW,WisdomTree Bitcoin Fund,BTC-USD,2025-04-01,90.05,400.0,0.25,96.333,-319.0,-2.5051,85.498,17.836
2986,BTCW,WisdomTree Bitcoin Fund,WisdomTree,BTCW,WisdomTree Bitcoin Fund,BTC-USD,2025-04-02,92.14,400.0,0.25,99.467,-1411.0,-3.1498,85.498,16.321
2987,BTCW,WisdomTree Bitcoin Fund,WisdomTree,BTCW,WisdomTree Bitcoin Fund,BTC-USD,2025-04-03,86.76,400.0,0.25,103.488,155.6,2.1949,85.498,14.81
2988,BTCW,WisdomTree Bitcoin Fund,WisdomTree,BTCW,WisdomTree Bitcoin Fund,BTC-USD,2025-04-04,88.96,400.0,0.25,92.395,-647.4,-2.8118,74.405,15.365
2989,BTCW,WisdomTree Bitcoin Fund,WisdomTree,BTCW,WisdomTree Bitcoin Fund,BTC-USD,2025-04-07,82.54,400.0,0.25,83.745,65.8,1.825,61.841,15.466
2990,BTCW,WisdomTree Bitcoin Fund,WisdomTree,BTCW,WisdomTree Bitcoin Fund,BTC-USD,2025-04-08,81.29,400.0,0.25,98.625,-288.5,-2.4616,80.635,14.999
2991,BTCW,WisdomTree Bitcoin Fund,WisdomTree,BTCW,WisdomTree Bitcoin Fund,BTC-USD,2025-04-09,87.29,400.0,0.25,101.455,-4.4,-0.7333,79.55,12.84
2992,BTCW,WisdomTree Bitcoin Fund,WisdomTree,BTCW,WisdomTree Bitcoin Fund,BTC-USD,2025-04-10,84.17,400.0,0.25,104.072,-292.2,-2.4671,82.168,13.336
2993,BTCW,WisdomTree Bitcoin Fund,WisdomTree,BTCW,WisdomTree Bitcoin Fund,BTC-USD,2025-04-11,88.76,400.0,0.25,96.097,-422.6,-2.6269,74.193,13.433
2994,BTCW,WisdomTree Bitcoin Fund,WisdomTree,BTCW,WisdomTree Bitcoin Fund,BTC-USD,2025-04-14,89.93,400.0,0.25,92.182,-778.2,-2.8917,74.193,13.577
2995,BTCW,WisdomTree Bitcoin Fund,WisdomTree,BTCW,WisdomTree Bitcoin Fund,BTC-USD,2025-04-15,89.03,400.0,0.25,90.772,-315.8,-2.5007,72.782,13.273
2996,BTCW,WisdomTree Bitcoin Fund,WisdomTree,BTCW,WisdomTree Bitcoin Fund,BTC-USD,2025-04-16,89.33,400.0,0.25,91.498,-503.8,-2.7031,74.51,13.399
2997,BTCW,WisdomTree Bitcoin Fund,WisdomTree,BTCW,WisdomTree Bitcoin Fund,BTC-USD,2025-04-17,89.98,400.0,0.25,96.73,-411.0,-2.6149,80.619,13.002
2998,BTCW,WisdomTree Bitcoin Fund,WisdomTree,BTCW,WisdomTree Bitcoin Fund,BTC-USD,2025-04-21,92.69,400.0,0.25,85.289,-369.6,-2.5689,69.178,13.092
2999,BTCW,WisdomTree Bitcoin Fund,WisdomTree,BTCW,WisdomTree Bitcoin Fund,BTC-USD,2025-04-22,97.14,400.0,0.25,85.289,-338.3,-2.5306,69.178,14.475
3000,BTCW,WisdomTree Bitcoin Fund,WisdomTree,BTCW,WisdomTree Bitcoin Fund,BTC-USD,2025-04-23,99.18,400.0,0.25,85.289,-444.9,-2.6492,69.178,14.829
3001,BTCW,WisdomTree Bitcoin Fund,WisdomTree,BTCW,WisdomTree Bitcoin Fund,BTC-USD,2025-04-24,99.24,400.0,0.25,83.482,-370.0,-2.5694,67.371,14.786
3002,BTCW,WisdomTree Bitcoin Fund,WisdomTree,BTCW,WisdomTree Bitcoin Fund,BTC-USD,2025-04-25,101.17,400.0,0.25,83.482,-685.3,-2.8365,67.371,14.619
3003,BTCW,WisdomTree Bitcoin Fund,WisdomTree,BTCW,WisdomTree Bitcoin Fund,BTC-USD,2025-04-28,100.49,400.0,0.25,76.167,-583.4,-2.7667,60.056,14.305
3004,BTCW,WisdomTree Bitcoin Fund,WisdomTree,BTCW,WisdomTree Bitcoin Fund,BTC-USD,2025-04-29,101.1,400.0,0.25,75.293,-742.1,-2.871,60.056,14.029
3005,BTCW,WisdomTree Bitcoin Fund,WisdomTree,BTCW,WisdomTree Bitcoin Fund,BTC-USD,2025-04-30,99.74,400.0,0.25,76.167,-482.2,-2.6841,60.056,13.242
3006,BTCW,WisdomTree Bitcoin Fund,WisdomTree,BTCW,WisdomTree Bitcoin Fund,BTC-USD,2025-05-01,102.34,400.0,0.25,76.238,-659.5,-2.8199,60.056,12.305
3007,BTCW,WisdomTree Bitcoin Fund,WisdomTree,BTCW,WisdomTree Bitcoin Fund,BTC-USD,2025-05-02,102.81,400.0,0.25,76.167,-622.1,-2.7946,60.056,12.695
3008,BTCW,WisdomTree Bitcoin Fund,WisdomTree,BTCW,WisdomTree Bitcoin Fund,BTC-USD,2025-05-05,100.0,400.0,0.25,76.14,-600.1,-2.779,60.056,12.837
3009,BTCW,WisdomTree Bitcoin Fund,WisdomTree,BTCW,WisdomTree Bitcoin Fund,BTC-USD,2025-05-06,100.6,400.0,0.25,81.097,-287.6,-2.4602,65.013,11.801
3010,BTCW,WisdomTree Bitcoin Fund,WisdomTree,BTCW,WisdomTree Bitcoin Fund,BTC-USD,2025-05-07,101.93,400.0,0.25,81.097,-529.2,-2.7244,65.013,11.187
3011,BTCW,WisdomTree Bitcoin Fund,WisdomTree,BTCW,WisdomTree Bitcoin Fund,BTC-USD,2025-05-08,107.55,400.0,0.25,62.33,-551.1,-2.742,46.219,11.09
3012,BTCW,WisdomTree Bitcoin Fund,WisdomTree,BTCW,WisdomTree Bitcoin Fund,BTC-USD,2025-05-09,109.41,400.0,0.25,51.03,-726.1,-2.8616,34.919,10.655
3013,BTCW,WisdomTree Bitcoin Fund,WisdomTree,BTCW,WisdomTree Bitcoin Fund,BTC-USD,2025-05-12,107.93,400.0,0.25,41.299,-334.5,-2.5257,25.118,9.941
3014,BTCW,WisdomTree Bitcoin Fund,WisdomTree,BTCW,WisdomTree Bitcoin Fund,BTC-USD,2025-05-13,111.11,400.0,0.25,41.49,-648.7,-2.8127,25.309,9.383
3015,BTCW,WisdomTree Bitcoin Fund,WisdomTree,BTCW,WisdomTree Bitcoin Fund,BTC-USD,2025-05-14,109.52,400.0,0.25,44.574,-564.9,-2.7528,27.585,9.188
3016,BTCW,WisdomTree Bitcoin Fund,WisdomTree,BTCW,WisdomTree Bitcoin Fund,BTC-USD,2025-05-15,109.4,400.0,0.25,40.608,-792.5,-2.8996,24.427,9.108
3017,BTCW,WisdomTree Bitcoin Fund,WisdomTree,BTCW,WisdomTree Bitcoin Fund,BTC-USD,2025-05-16,110.3,400.0,0.25,38.881,-278.5,-2.4463,22.7,8.793
3018,BTCW,WisdomTree Bitcoin Fund,WisdomTree,BTCW,WisdomTree Bitcoin Fund,BTC-USD,2025-05-19,111.92,400.0,0.25,36.878,-725.5,-2.8612,18.954,8.715
3019,BTCW,WisdomTree Bitcoin Fund,WisdomTree,BTCW,WisdomTree Bitcoin Fund,BTC-USD,2025-05-20,113.48,400.0,0.25,36.878,-617.3,-2.7912,18.954,8.627
3020,BTCW,WisdomTree Bitcoin Fund,WisdomTree,BTCW,WisdomTree Bitcoin Fund,BTC-USD,2025-05-21,115.22,400.0,0.25,36.878,-307.4,-2.4891,18.954,7.736
3021,BTCW,WisdomTree Bitcoin Fund,WisdomTree,BTCW,WisdomTree Bitcoin Fund,BTC-USD,2025-05-22,117.94,400.0,0.25,37.807,-301.5,-2.4807,18.954,7.471
3022,BTCW,WisdomTree Bitcoin Fund,WisdomTree,BTCW,WisdomTree Bitcoin Fund,BTC-USD,2025-05-23,115.27,400.0,0.25,37.4,-740.0,-2.8698,16.242,7.789
3023,BTCW,WisdomTree Bitcoin Fund,WisdomTree,BTCW,WisdomTree Bitcoin Fund,BTC-USD,2025-05-27,116.65,400.0,0.25,35.095,-689.0,-2.8389,16.242,7.832
3024,BTCW,WisdomTree Bitcoin Fund,WisdomTree,BTCW,WisdomTree Bitcoin Fund,BTC-USD,2025-05-28,113.3,400.0,0.25,37.4,-291.9,-2.4667,16.242,8.015
3025,BTCW,WisdomTree Bitcoin Fund,WisdomTree,BTCW,WisdomTree Bitcoin Fund,BTC-USD,2025-05-29,112.05,400.0,0.25,37.652,-327.4,-2.5163,16.494,8.11
3026,BTCW,WisdomTree Bitcoin Fund,WisdomTree,BTCW,WisdomTree Bitcoin Fund,BTC-USD,2025-05-30,110.82,400.0,0.25,35.347,-221.4,-2.3471,16.494,8.204
3027,BTCW,WisdomTree Bitcoin Fund,WisdomTree,BTCW,WisdomTree Bitcoin Fund,BTC-USD,2025-06-02,110.675,400.0,0.25,36.196,-475.3,-2.6779,18.271,8.053
3028,BTCW,WisdomTree Bitcoin Fund,WisdomTree,BTCW,WisdomTree Bitcoin Fund,BTC-USD,2025-06-03,112.68,400.0,0.25,37.125,-471.5,-2.6744,18.271,7.459
3029,BTCW,WisdomTree Bitcoin Fund,WisdomTree,BTCW,WisdomTree Bitcoin Fund,BTC-USD,2025-06-04,111.08,400.0,0.25,39.43,-494.8,-2.6953,18.271,6.92
3030,BTCW,WisdomTree Bitcoin Fund,WisdomTree,BTCW,WisdomTree Bitcoin Fund,BTC-USD,2025-06-05,107.92,400.0,0.25,37.729,-436.2,-2.6407,15.867,7.258
3031,BTCW,WisdomTree Bitcoin Fund,WisdomTree,BTCW,WisdomTree Bitcoin Fund,BTC-USD,2025-06-06,110.51,400.0,0.25,43.006,-446.2,-2.6505,18.805,7.401
3032,BTCW,WisdomTree Bitcoin Fund,WisdomTree,BTCW,WisdomTree Bitcoin Fund,BTC-USD,2025-06-09,115.25,400.0,0.25,43.006,-195.6,-2.2936,18.805,7.16
3033,BTCW,WisdomTree Bitcoin Fund,WisdomTree,BTCW,WisdomTree Bitcoin Fund,BTC-USD,2025-06-10,116.18,400.0,0.25,43.006,72.4,1.8656,18.805,7.044
3034,BTCW,WisdomTree Bitcoin Fund,WisdomTree,BTCW,WisdomTree Bitcoin Fund,BTC-USD,2025-06-11,115.35,400.0,0.25,47.63,-112.1,-2.0536,23.429,6.824
3035,BTCW,WisdomTree Bitcoin Fund,WisdomTree,BTCW,WisdomTree Bitcoin Fund,BTC-USD,2025-06-12,113.17,400.0,0.25,47.439,-796.5,-2.9017,23.239,6.741
3036,BTCW,WisdomTree Bitcoin Fund,WisdomTree,BTCW,WisdomTree Bitcoin Fund,BTC-USD,2025-06-13,111.45,400.0,0.25,45.235,-251.8,-2.4028,20.962,6.688
3037,BTCW,WisdomTree Bitcoin Fund,WisdomTree,BTCW,WisdomTree Bitcoin Fund,BTC-USD,2025-06-16,115.3,400.0,0.25,42.595,-672.7,-2.8285,17.271,6.848
3038,BTCW,WisdomTree Bitcoin Fund,WisdomTree,BTCW,WisdomTree Bitcoin Fund,BTC-USD,2025-06-17,110.93,400.0,0.25,42.642,-311.2,-2.4945,17.271,7.17
3039,BTCW,WisdomTree Bitcoin Fund,WisdomTree,BTCW,WisdomTree Bitcoin Fund,BTC-USD,2025-06-18,109.95,400.0,0.25,47.015,-29.5,-1.4844,21.691,7.37
3040,BTCW,WisdomTree Bitcoin Fund,WisdomTree,BTCW,WisdomTree Bitcoin Fund,BTC-USD,2025-06-20,109.39,400.0,0.25,51.487,-190.4,-2.2819,26.163,7.532
3041,BTCW,WisdomTree Bitcoin Fund,WisdomTree,BTCW,WisdomTree Bitcoin Fund,BTC-USD,2025-06-23,109.39,400.0,0.25,51.534,316.0,2.501,26.163,7.325
3042,BTCW,WisdomTree Bitcoin Fund,WisdomTree,BTCW,WisdomTree Bitcoin Fund,BTC-USD,2025-06-24,112.045,400.0,0.25,51.487,-158.6,-2.203,26.163,7.459
3043,BTCW,WisdomTree Bitcoin Fund,WisdomTree,BTCW,WisdomTree Bitcoin Fund,BTC-USD,2025-06-25,114.25,400.0,0.25,51.487,-760.0,-2.8814,26.163,7.269
3044,BTCW,WisdomTree Bitcoin Fund,WisdomTree,BTCW,WisdomTree Bitcoin Fund,BTC-USD,2025-06-26,114.1,400.0,0.25,53.332,-831.2,-2.9202,28.007,7.46
3045,BTCW,WisdomTree Bitcoin Fund,WisdomTree,BTCW,WisdomTree Bitcoin Fund,BTC-USD,2025-06-27,113.19,400.0,0.25,54.848,-796.4,-2.9017,30.575,7.217
3046,BTCW,WisdomTree Bitcoin Fund,WisdomTree,BTCW,WisdomTree Bitcoin Fund,BTC-USD,2025-06-30,114.22,400.0,0.25,56.984,-527.5,-2.7231,32.711,7.27
3047,BTCW,WisdomTree Bitcoin Fund,WisdomTree,BTCW,WisdomTree Bitcoin Fund,BTC-USD,2025-07-01,111.59,400.0,0.25,58.035,-427.4,-2.6318,32.711,7.054
3048,BTCW,WisdomTree Bitcoin Fund,WisdomTree,BTCW,WisdomTree Bitcoin Fund,BTC-USD,2025-07-02,116.4,400.0,0.25,56.257,-639.8,-2.8067,30.933,8.089
3049,BTCW,WisdomTree Bitcoin Fund,WisdomTree,BTCW,WisdomTree Bitcoin Fund,BTC-USD,2025-07-03,115.75,400.0,0.25,55.206,-207.2,-2.3185,30.933,8.152
3050,BTCW,WisdomTree Bitcoin Fund,WisdomTree,BTCW,WisdomTree Bitcoin Fund,BTC-USD,2025-07-07,114.53,400.0,0.25,55.206,-551.6,-2.7424,30.933,8.634
3051,BTCW,WisdomTree Bitcoin Fund,WisdomTree,BTCW,WisdomTree Bitcoin Fund,BTC-USD,2025-07-08,115.33,400.0,0.25,52.472,-337.1,-2.5291,28.38,8.572
3052,BTCW,WisdomTree Bitcoin Fund,WisdomTree,BTCW,WisdomTree Bitcoin Fund,BTC-USD,2025-07-09,118.49,400.0,0.25,49.534,-579.2,-2.7636,25.442,8.418
3053,BTCW,WisdomTree Bitcoin Fund,WisdomTree,BTCW,WisdomTree Bitcoin Fund,BTC-USD,2025-07-10,120.3,400.0,0.25,49.223,-191.4,-2.2843,25.442,8.73
3054,BTCW,WisdomTree Bitcoin Fund,WisdomTree,BTCW,WisdomTree Bitcoin Fund,BTC-USD,2025-07-11,125.3,400.0,0.25,49.223,-935.3,-2.9714,25.442,8.736
3055,BTCW,WisdomTree Bitcoin Fund,WisdomTree,BTCW,WisdomTree Bitcoin Fund,BTC-USD,2025-07-14,127.21,400.0,0.25,37.543,-1079.2,-3.0335,18.055,9.043
3056,BTCW,WisdomTree Bitcoin Fund,WisdomTree,BTCW,WisdomTree Bitcoin Fund,BTC-USD,2025-07-15,123.46,400.0,0.25,37.543,-542.3,-2.735,18.055,9.241
3057,BTCW,WisdomTree Bitcoin Fund,WisdomTree,BTCW,WisdomTree Bitcoin Fund,BTC-USD,2025-07-16,126.55,400.0,0.25,37.543,-1051.6,-3.0222,18.055,9.314
3058,BTCW,WisdomTree Bitcoin Fund,WisdomTree,BTCW,WisdomTree Bitcoin Fund,BTC-USD,2025-07-17,126.23,400.0,0.25,39.51,-772.2,-2.8883,23.46,9.116
3059,BTCW,WisdomTree Bitcoin Fund,WisdomTree,BTCW,WisdomTree Bitcoin Fund,BTC-USD,2025-07-18,124.41,400.0,0.25,40.508,-796.7,-2.9018,24.459,8.694
3060,BTCW,WisdomTree Bitcoin Fund,WisdomTree,BTCW,WisdomTree Bitcoin Fund,BTC-USD,2025-07-21,123.84,400.0,0.25,40.121,-502.2,-2.7017,24.072,8.418
3061,BTCW,WisdomTree Bitcoin Fund,WisdomTree,BTCW,WisdomTree Bitcoin Fund,BTC-USD,2025-07-22,126.56,400.0,0.25,39.941,-582.8,-2.7662,20.453,8.085
3062,BTCW,WisdomTree Bitcoin Fund,WisdomTree,BTCW,WisdomTree Bitcoin Fund,BTC-USD,2025-07-23,125.46,400.0,0.25,40.673,-640.1,-2.8069,21.184,7.697
3063,BTCW,WisdomTree Bitcoin Fund,WisdomTree,BTCW,WisdomTree Bitcoin Fund,BTC-USD,2025-07-24,126.26,400.0,0.25,37.32,-725.8,-2.8614,21.184,7.405
3064,BTCW,WisdomTree Bitcoin Fund,WisdomTree,BTCW,WisdomTree Bitcoin Fund,BTC-USD,2025-07-25,123.85,400.0,0.25,37.32,-693.1,-2.8414,21.184,7.578
3065,BTCW,WisdomTree Bitcoin Fund,WisdomTree,BTCW,WisdomTree Bitcoin Fund,BTC-USD,2025-07-28,125.25,400.0,0.25,38.828,-758.0,-2.8802,19.339,7.163
3066,BTCW,WisdomTree Bitcoin Fund,WisdomTree,BTCW,WisdomTree Bitcoin Fund,BTC-USD,2025-07-29,124.48,400.0,0.25,36.019,-797.0,-2.902,19.883,7.516
3067,BTCW,WisdomTree Bitcoin Fund,WisdomTree,BTCW,WisdomTree Bitcoin Fund,BTC-USD,2025-07-30,123.8,400.0,0.25,39.228,-580.3,-2.7644,23.093,7.568
3068,BTCW,WisdomTree Bitcoin Fund,WisdomTree,BTCW,WisdomTree Bitcoin Fund,BTC-USD,2025-07-31,123.71,400.0,0.25,45.679,-715.1,-2.855,29.63,7.633
3069,BTCW,WisdomTree Bitcoin Fund,WisdomTree,BTCW,WisdomTree Bitcoin Fund,BTC-USD,2025-08-01,119.74,400.0,0.25,45.766,-497.3,-2.6975,29.63,7.095
3070,BTCW,WisdomTree Bitcoin Fund,WisdomTree,BTCW,WisdomTree Bitcoin Fund,BTC-USD,2025-08-04,121.66,400.0,0.25,53.868,-780.9,-2.8931,34.2,7.05
3071,BTCW,WisdomTree Bitcoin Fund,WisdomTree,BTCW,WisdomTree Bitcoin Fund,BTC-USD,2025-08-05,120.43,400.0,0.25,53.868,-570.7,-2.7572,34.2,6.538
3072,BTCW,WisdomTree Bitcoin Fund,WisdomTree,BTCW,WisdomTree Bitcoin Fund,BTC-USD,2025-08-06,122.18,400.0,0.25,56.398,-569.0,-2.7558,34.2,6.242
3073,BTCW,WisdomTree Bitcoin Fund,WisdomTree,BTCW,WisdomTree Bitcoin Fund,BTC-USD,2025-08-07,124.61,400.0,0.25,56.398,-591.3,-2.7725,34.2,6.241
3074,BTCW,WisdomTree Bitcoin Fund,WisdomTree,BTCW,WisdomTree Bitcoin Fund,BTC-USD,2025-08-08,123.35,400.0,0.25,60.657,-611.9,-2.7874,38.459,6.164
3075,BTCW,WisdomTree Bitcoin Fund,WisdomTree,BTCW,WisdomTree Bitcoin Fund,BTC-USD,2025-08-11,126.2,400.0,0.25,60.657,-1016.7,-3.0076,38.459,6.274
3076,BTCW,WisdomTree Bitcoin Fund,WisdomTree,BTCW,WisdomTree Bitcoin Fund,BTC-USD,2025-08-12,126.85,400.0,0.25,63.799,-759.2,-2.8809,41.601,5.964
3077,BTCW,WisdomTree Bitcoin Fund,WisdomTree,BTCW,WisdomTree Bitcoin Fund,BTC-USD,2025-08-13,130.29,400.0,0.25,63.799,-949.3,-2.9778,41.601,6.021
3078,BTCW,WisdomTree Bitcoin Fund,WisdomTree,BTCW,WisdomTree Bitcoin Fund,BTC-USD,2025-08-14,125.11,400.0,0.25,63.799,-929.0,-2.9685,41.601,5.952
3079,BTCW,WisdomTree Bitcoin Fund,WisdomTree,BTCW,WisdomTree Bitcoin Fund,BTC-USD,2025-08-15,123.96,400.0,0.25,68.39,-792.2,-2.8994,36.697,5.832
3080,BTCW,WisdomTree Bitcoin Fund,WisdomTree,BTCW,WisdomTree Bitcoin Fund,BTC-USD,2025-08-18,123.29,400.0,0.25,65.602,-837.2,-2.9233,35.698,5.703
3081,BTCW,WisdomTree Bitcoin Fund,WisdomTree,BTCW,WisdomTree Bitcoin Fund,BTC-USD,2025-08-19,119.81,400.0,0.25,60.995,-1035.6,-3.0156,29.303,5.662
3082,BTCW,WisdomTree Bitcoin Fund,WisdomTree,BTCW,WisdomTree Bitcoin Fund,BTC-USD,2025-08-20,121.12,400.0,0.25,62.63,-828.0,-2.9186,32.726,5.692
3083,BTCW,WisdomTree Bitcoin Fund,WisdomTree,BTCW,WisdomTree Bitcoin Fund,BTC-USD,2025-08-21,118.87,400.0,0.25,64.295,-620.3,-2.7933,34.392,5.712
3084,BTCW,WisdomTree Bitcoin Fund,WisdomTree,BTCW,WisdomTree Bitcoin Fund,BTC-USD,2025-08-22,123.63,400.0,0.25,68.871,-1002.7,-3.0016,37.178,5.96
3085,BTCW,WisdomTree Bitcoin Fund,WisdomTree,BTCW,WisdomTree Bitcoin Fund,BTC-USD,2025-08-25,117.36,400.0,0.25,70.172,-212.7,-2.3299,37.178,5.748
3086,BTCW,WisdomTree Bitcoin Fund,WisdomTree,BTCW,WisdomTree Bitcoin Fund,BTC-USD,2025-08-26,117.85,400.0,0.25,68.871,-687.1,-2.8376,37.178,5.732
3087,BTCW,WisdomTree Bitcoin Fund,WisdomTree,BTCW,WisdomTree Bitcoin Fund,BTC-USD,2025-08-27,118.85,400.0,0.25,65.759,-781.7,-2.8936,34.067,5.329
3088,BTCW,WisdomTree Bitcoin Fund,WisdomTree,BTCW,WisdomTree Bitcoin Fund,BTC-USD,2025-08-28,118.67,400.0,0.25,60.162,-853.5,-2.9317,28.47,5.031
3089,BTCW,WisdomTree Bitcoin Fund,WisdomTree,BTCW,WisdomTree Bitcoin Fund,BTC-USD,2025-08-29,114.63,400.0,0.25,54.926,-525.0,-2.721,21.932,4.935
3090,BTCW,WisdomTree Bitcoin Fund,WisdomTree,BTCW,WisdomTree Bitcoin Fund,BTC-USD,2025-09-02,117.44,400.0,0.25,55.373,-536.3,-2.7302,21.932,4.468
3091,BTCW,WisdomTree Bitcoin Fund,WisdomTree,BTCW,WisdomTree Bitcoin Fund,BTC-USD,2025-09-03,119.02,400.0,0.25,53.04,-789.7,-2.898,17.363,4.336
3092,BTCW,WisdomTree Bitcoin Fund,WisdomTree,BTCW,WisdomTree Bitcoin Fund,BTC-USD,2025-09-04,116.3,400.0,0.25,54.494,-491.6,-2.6925,17.363,4.293
3093,BTCW,WisdomTree Bitcoin Fund,WisdomTree,BTCW,WisdomTree Bitcoin Fund,BTC-USD,2025-09-05,118.26,400.0,0.25,53.04,-995.6,-2.9985,17.363,4.456
3094,BTCW,WisdomTree Bitcoin Fund,WisdomTree,BTCW,WisdomTree Bitcoin Fund,BTC-USD,2025-09-08,118.83,400.0,0.25,54.744,-570.2,-2.7568,19.066,4.448
3095,BTCW,WisdomTree Bitcoin Fund,WisdomTree,BTCW,WisdomTree Bitcoin Fund,BTC-USD,2025-09-09,118.03,400.0,0.25,52.723,-453.4,-2.6575,17.045,4.261
3096,BTCW,WisdomTree Bitcoin Fund,WisdomTree,BTCW,WisdomTree Bitcoin Fund,BTC-USD,2025-09-10,120.42,400.0,0.25,48.738,-495.2,-2.6957,17.045,4.525
3097,BTCW,WisdomTree Bitcoin Fund,WisdomTree,BTCW,WisdomTree Bitcoin Fund,BTC-USD,2025-09-11,121.38,400.0,0.25,46.262,-670.4,-2.827,14.57,4.546
3098,BTCW,WisdomTree Bitcoin Fund,WisdomTree,BTCW,WisdomTree Bitcoin Fund,BTC-USD,2025-09-12,123.82,400.0,0.25,50.247,-1002.0,-3.0013,14.57,4.373
3099,BTCW,WisdomTree Bitcoin Fund,WisdomTree,BTCW,WisdomTree Bitcoin Fund,BTC-USD,2025-09-15,122.2,400.0,0.25,49.675,-451.6,-2.6557,14.57,4.286
3100,BTCW,WisdomTree Bitcoin Fund,WisdomTree,BTCW,WisdomTree Bitcoin Fund,BTC-USD,2025-09-16,123.84,400.0,0.25,43.971,-534.0,-2.7283,14.068,4.467
3101,BTCW,WisdomTree Bitcoin Fund,WisdomTree,BTCW,WisdomTree Bitcoin Fund,BTC-USD,2025-09-17,122.55,400.0,0.25,47.553,-601.0,-2.7796,19.299,4.607
3102,BTCW,WisdomTree Bitcoin Fund,WisdomTree,BTCW,WisdomTree Bitcoin Fund,BTC-USD,2025-09-18,124.55,400.0,0.25,46.962,-1025.8,-3.0115,19.299,4.762
3103,BTCW,WisdomTree Bitcoin Fund,WisdomTree,BTCW,WisdomTree Bitcoin Fund,BTC-USD,2025-09-19,121.97,400.0,0.25,43.277,-547.0,-2.7388,15.022,4.777
3104,BTCW,WisdomTree Bitcoin Fund,WisdomTree,BTCW,WisdomTree Bitcoin Fund,BTC-USD,2025-09-22,118.75,400.0,0.25,40.88,-542.3,-2.7351,12.625,4.797
3105,BTCW,WisdomTree Bitcoin Fund,WisdomTree,BTCW,WisdomTree Bitcoin Fund,BTC-USD,2025-09-23,118.28,400.0,0.25,41.513,-374.8,-2.575,13.258,4.398
3106,BTCW,WisdomTree Bitcoin Fund,WisdomTree,BTCW,WisdomTree Bitcoin Fund,BTC-USD,2025-09-24,120.17,400.0,0.25,41.513,-501.1,-2.7008,13.258,4.349
3107,BTCW,WisdomTree Bitcoin Fund,WisdomTree,BTCW,WisdomTree Bitcoin Fund,BTC-USD,2025-09-25,115.85,400.0,0.25,48.363,-749.0,-2.875,13.258,4.605
3108,BTCW,WisdomTree Bitcoin Fund,WisdomTree,BTCW,WisdomTree Bitcoin Fund,BTC-USD,2025-09-26,115.66,400.0,0.25,51.185,-552.4,-2.743,16.08,4.548
3109,BTCW,WisdomTree Bitcoin Fund,WisdomTree,BTCW,WisdomTree Bitcoin Fund,BTC-USD,2025-09-29,121.23,400.0,0.25,51.185,-828.1,-2.9186,16.08,5.805
3110,BTCW,WisdomTree Bitcoin Fund,WisdomTree,BTCW,WisdomTree Bitcoin Fund,BTC-USD,2025-09-30,121.27,400.0,0.25,49.153,-774.7,-2.8897,20.898,5.983
3111,BTCW,WisdomTree Bitcoin Fund,WisdomTree,BTCW,WisdomTree Bitcoin Fund,BTC-USD,2025-10-01,124.51,400.0,0.25,49.153,-538.1,-2.7317,20.898,6.026
3112,BTCW,WisdomTree Bitcoin Fund,WisdomTree,BTCW,WisdomTree Bitcoin Fund,BTC-USD,2025-10-02,128.24,400.0,0.25,48.377,257.8,2.413,20.898,6.949
3113,BTCW,WisdomTree Bitcoin Fund,WisdomTree,BTCW,WisdomTree Bitcoin Fund,BTC-USD,2025-10-03,130.2,400.0,0.25,44.43,-1128.3,-3.0528,20.898,7.519
3114,BTCW,WisdomTree Bitcoin Fund,WisdomTree,BTCW,WisdomTree Bitcoin Fund,BTC-USD,2025-10-06,132.96,400.0,0.25,44.43,-817.3,-2.9129,20.898,7.684
3115,BTCW,WisdomTree Bitcoin Fund,WisdomTree,BTCW,WisdomTree Bitcoin Fund,BTC-USD,2025-10-07,128.87,400.0,0.25,42.727,-1150.8,-3.0614,19.195,8.384
3116,BTCW,WisdomTree Bitcoin Fund,WisdomTree,BTCW,WisdomTree Bitcoin Fund,BTC-USD,2025-10-08,130.79,400.0,0.25,44.944,-738.5,-2.8689,21.412,8.62
3117,BTCW,WisdomTree Bitcoin Fund,WisdomTree,BTCW,WisdomTree Bitcoin Fund,BTC-USD,2025-10-09,128.11,400.0,0.25,48.89,-634.8,-2.8033,21.412,8.329
3118,BTCW,WisdomTree Bitcoin Fund,WisdomTree,BTCW,WisdomTree Bitcoin Fund,BTC-USD,2025-10-10,123.42,400.0,0.25,51.653,-1236.1,-3.0924,24.174,8.906
3119,BTCW,WisdomTree Bitcoin Fund,WisdomTree,BTCW,WisdomTree Bitcoin Fund,BTC-USD,2025-10-13,122.75,400.0,0.25,48.253,-618.8,-2.7922,24.174,9.161
3120,BTCW,WisdomTree Bitcoin Fund,WisdomTree,BTCW,WisdomTree Bitcoin Fund,BTC-USD,2025-10-14,119.29,400.0,0.25,48.253,-372.9,-2.5727,24.174,9.299
3121,BTCW,WisdomTree Bitcoin Fund,WisdomTree,BTCW,WisdomTree Bitcoin Fund,BTC-USD,2025-10-15,117.85,400.0,0.25,52.466,-502.6,-2.7021,30.501,9.476
3122,BTCW,WisdomTree Bitcoin Fund,WisdomTree,BTCW,WisdomTree Bitcoin Fund,BTC-USD,2025-10-16,114.6,400.0,0.25,44.747,-377.0,-2.5775,25.27,10.434
3123,BTCW,WisdomTree Bitcoin Fund,WisdomTree,BTCW,WisdomTree Bitcoin Fund,BTC-USD,2025-10-17,112.77,400.0,0.25,42.021,-385.3,-2.5869,25.27,11.883
3124,BTCW,WisdomTree Bitcoin Fund,WisdomTree,BTCW,WisdomTree Bitcoin Fund,BTC-USD,2025-10-20,117.46,400.0,0.25,42.021,-502.7,-2.7022,25.27,11.894
3125,BTCW,WisdomTree Bitcoin Fund,WisdomTree,BTCW,WisdomTree Bitcoin Fund,BTC-USD,2025-10-21,118.54,400.0,0.25,44.845,-1296.7,-3.1132,28.385,12.02
3126,BTCW,WisdomTree Bitcoin Fund,WisdomTree,BTCW,WisdomTree Bitcoin Fund,BTC-USD,2025-10-22,114.17,400.0,0.25,41.426,-309.2,-2.4917,24.965,12.522
3127,BTCW,WisdomTree Bitcoin Fund,WisdomTree,BTCW,WisdomTree Bitcoin Fund,BTC-USD,2025-10-23,116.78,400.0,0.25,41.426,-410.4,-2.6143,24.965,12.663
3128,BTCW,WisdomTree Bitcoin Fund,WisdomTree,BTCW,WisdomTree Bitcoin Fund,BTC-USD,2025-10-24,117.2,400.0,0.25,45.243,-93.2,-1.974,29.645,12.415
3129,BTCW,WisdomTree Bitcoin Fund,WisdomTree,BTCW,WisdomTree Bitcoin Fund,BTC-USD,2025-10-27,121.84,400.0,0.25,43.284,-564.2,-2.7522,26.823,12.406
3130,BTCW,WisdomTree Bitcoin Fund,WisdomTree,BTCW,WisdomTree Bitcoin Fund,BTC-USD,2025-10-28,120.33,400.0,0.25,45.688,-242.9,-2.3872,28.936,11.302
3131,BTCW,WisdomTree Bitcoin Fund,WisdomTree,BTCW,WisdomTree Bitcoin Fund,BTC-USD,2025-10-29,117.07,400.0,0.25,43.595,-416.5,-2.6206,24.118,11.488
3132,BTCW,WisdomTree Bitcoin Fund,WisdomTree,BTCW,WisdomTree Bitcoin Fund,BTC-USD,2025-10-30,112.7,400.0,0.25,43.595,126.6,2.106,24.118,11.394
3133,BTCW,WisdomTree Bitcoin Fund,WisdomTree,BTCW,WisdomTree Bitcoin Fund,BTC-USD,2025-10-31,116.29,400.0,0.25,47.251,-278.5,-2.4465,24.118,10.626
3134,BTCW,WisdomTree Bitcoin Fund,WisdomTree,BTCW,WisdomTree Bitcoin Fund,BTC-USD,2025-11-03,112.89,400.0,0.25,48.197,-333.0,-2.5237,24.118,9.992
3135,BTCW,WisdomTree Bitcoin Fund,WisdomTree,BTCW,WisdomTree Bitcoin Fund,BTC-USD,2025-11-04,106.73,400.0,0.25,49.871,-370.7,-2.5702,24.118,9.675
3136,BTCW,WisdomTree Bitcoin Fund,WisdomTree,BTCW,WisdomTree Bitcoin Fund,BTC-USD,2025-11-05,110.02,400.0,0.25,61.91,-338.3,-2.5306,28.678,9.031
3137,BTCW,WisdomTree Bitcoin Fund,WisdomTree,BTCW,WisdomTree Bitcoin Fund,BTC-USD,2025-11-06,106.86,400.0,0.25,60.95,-289.4,-2.463,24.222,8.787
3138,BTCW,WisdomTree Bitcoin Fund,WisdomTree,BTCW,WisdomTree Bitcoin Fund,BTC-USD,2025-11-07,109.92,400.0,0.25,68.641,-81.0,-1.9139,31.914,8.749
3139,BTCW,WisdomTree Bitcoin Fund,WisdomTree,BTCW,WisdomTree Bitcoin Fund,BTC-USD,2025-11-10,112.33,400.0,0.25,68.709,-286.6,-2.4588,28.485,8.268
3140,BTCW,WisdomTree Bitcoin Fund,WisdomTree,BTCW,WisdomTree Bitcoin Fund,BTC-USD,2025-11-11,108.91,400.0,0.25,71.44,129.0,2.1141,28.485,7.854
3141,BTCW,WisdomTree Bitcoin Fund,WisdomTree,BTCW,WisdomTree Bitcoin Fund,BTC-USD,2025-11-12,107.525,400.0,0.25,75.0,-39.3,-1.6048,31.475,7.626
3142,BTCW,WisdomTree Bitcoin Fund,WisdomTree,BTCW,WisdomTree Bitcoin Fund,BTC-USD,2025-11-13,103.8,400.0,0.25,85.071,235.0,2.373,25.148,7.312
3143,BTCW,WisdomTree Bitcoin Fund,WisdomTree,BTCW,WisdomTree Bitcoin Fund,BTC-USD,2025-11-14,99.9,400.0,0.25,85.071,189.2,2.2791,25.148,6.476
3144,BTCW,WisdomTree Bitcoin Fund,WisdomTree,BTCW,WisdomTree Bitcoin Fund,BTC-USD,2025-11-17,97.22,400.0,0.25,85.071,200.1,2.3033,25.148,5.155
3145,BTCW,WisdomTree Bitcoin Fund,WisdomTree,BTCW,WisdomTree Bitcoin Fund,BTC-USD,2025-11-18,98.19,400.0,0.25,81.067,244.0,2.3892,28.839,5.244
3146,BTCW,WisdomTree Bitcoin Fund,WisdomTree,BTCW,WisdomTree Bitcoin Fund,BTC-USD,2025-11-19,94.76,400.0,0.25,85.647,469.4,2.6725,25.725,5.218
3147,BTCW,WisdomTree Bitcoin Fund,WisdomTree,BTCW,WisdomTree Bitcoin Fund,BTC-USD,2025-11-20,91.45,400.0,0.25,90.237,309.8,2.4924,30.315,5.006
3148,BTCW,WisdomTree Bitcoin Fund,WisdomTree,BTCW,WisdomTree Bitcoin Fund,BTC-USD,2025-11-21,89.57,400.0,0.25,90.237,651.3,2.8144,30.315,5.095
3149,BTCW,WisdomTree Bitcoin Fund,WisdomTree,BTCW,WisdomTree Bitcoin Fund,BTC-USD,2025-11-24,94.4,400.0,0.25,89.688,257.7,2.4128,25.635,5.133
3150,BTCW,WisdomTree Bitcoin Fund,WisdomTree,BTCW,WisdomTree Bitcoin Fund,BTC-USD,2025-11-25,92.52,400.0,0.25,89.149,73.3,1.8708,29.227,5.221
3151,BTCW,WisdomTree Bitcoin Fund,WisdomTree,BTCW,WisdomTree Bitcoin Fund,BTC-USD,2025-11-26,95.23,400.0,0.25,91.167,320.0,2.5064,27.114,5.152
3152,BTCW,WisdomTree Bitcoin Fund,WisdomTree,BTCW,WisdomTree Bitcoin Fund,BTC-USD,2025-11-28,95.93,400.0,0.25,91.167,318.6,2.5046,27.114,4.779
3153,BTCW,WisdomTree Bitcoin Fund,WisdomTree,BTCW,WisdomTree Bitcoin Fund,BTC-USD,2025-12-01,90.62,400.0,0.25,91.167,116.1,2.0687,27.114,4.631
3154,BTCW,WisdomTree Bitcoin Fund,WisdomTree,BTCW,WisdomTree Bitcoin Fund,BTC-USD,2025-12-02,96.48,400.0,0.25,93.881,401.1,2.6043,27.114,4.523
3155,BTCW,WisdomTree Bitcoin Fund,WisdomTree,BTCW,WisdomTree Bitcoin Fund,BTC-USD,2025-12-03,98.52,400.0,0.25,92.663,272.1,2.4363,27.114,4.53
3156,BTCW,WisdomTree Bitcoin Fund,WisdomTree,BTCW,WisdomTree Bitcoin Fund,BTC-USD,2025-12-04,98.07,400.0,0.25,92.585,33.5,1.5372,28.532,4.38
3157,BTCW,WisdomTree Bitcoin Fund,WisdomTree,BTCW,WisdomTree Bitcoin Fund,BTC-USD,2025-12-05,94.678,400.0,0.25,89.522,139.0,2.1462,23.972,4.099
3158,BTCW,WisdomTree Bitcoin Fund,WisdomTree,BTCW,WisdomTree Bitcoin Fund,BTC-USD,2025-12-08,96.21,400.0,0.25,90.452,-23.8,-1.3937,26.399,4.068
3159,BTCW,WisdomTree Bitcoin Fund,WisdomTree,BTCW,WisdomTree Bitcoin Fund,BTC-USD,2025-12-09,98.7,400.0,0.25,84.258,68.5,1.8418,18.708,3.975
3160,BTCW,WisdomTree Bitcoin Fund,WisdomTree,BTCW,WisdomTree Bitcoin Fund,BTC-USD,2025-12-10,98.04,400.0,0.25,93.642,160.3,2.2075,28.092,3.809
3161,BTCW,WisdomTree Bitcoin Fund,WisdomTree,BTCW,WisdomTree Bitcoin Fund,BTC-USD,2025-12-11,97.255,400.0,0.25,87.561,473.4,2.6761,28.092,3.804
3162,BTCW,WisdomTree Bitcoin Fund,WisdomTree,BTCW,WisdomTree Bitcoin Fund,BTC-USD,2025-12-12,95.605,400.0,0.25,93.663,9.4,1.015,34.194,3.739
3163,BTCW,WisdomTree Bitcoin Fund,WisdomTree,BTCW,WisdomTree Bitcoin Fund,BTC-USD,2025-12-15,90.79,400.0,0.25,93.663,760.3,2.8815,34.194,3.806
3164,BTCW,WisdomTree Bitcoin Fund,WisdomTree,BTCW,WisdomTree Bitcoin Fund,BTC-USD,2025-12-16,92.76,400.0,0.25,101.309,236.4,2.3756,35.759,3.546
3165,BTCW,WisdomTree Bitcoin Fund,WisdomTree,BTCW,WisdomTree Bitcoin Fund,BTC-USD,2025-12-17,90.97,400.0,0.25,104.072,21.5,1.3514,37.305,3.196
3166,BTCW,WisdomTree Bitcoin Fund,WisdomTree,BTCW,WisdomTree Bitcoin Fund,BTC-USD,2025-12-18,89.82,400.0,0.25,116.096,275.2,2.4411,42.69,2.94
3167,BTCW,WisdomTree Bitcoin Fund,WisdomTree,BTCW,WisdomTree Bitcoin Fund,BTC-USD,2025-12-19,93.12,400.0,0.25,132.336,-212.6,-2.3296,42.69,2.739
3168,BTCW,WisdomTree Bitcoin Fund,WisdomTree,BTCW,WisdomTree Bitcoin Fund,BTC-USD,2025-12-22,93.47,400.0,0.25,130.846,204.1,2.3119,41.201,2.491
3169,BTCW,WisdomTree Bitcoin Fund,WisdomTree,BTCW,WisdomTree Bitcoin Fund,BTC-USD,2025-12-23,92.74,400.0,0.25,145.588,308.5,2.4907,41.201,2.131
3170,BTCW,WisdomTree Bitcoin Fund,WisdomTree,BTCW,WisdomTree Bitcoin Fund,BTC-USD,2025-12-24,92.37,400.0,0.25,133.922,468.1,2.6713,44.277,2.087
3171,BTCW,WisdomTree Bitcoin Fund,WisdomTree,BTCW,WisdomTree Bitcoin Fund,BTC-USD,2025-12-26,92.59,400.0,0.25,132.273,170.6,2.2345,42.628,2.152
3172,BTCW,WisdomTree Bitcoin Fund,WisdomTree,BTCW,WisdomTree Bitcoin Fund,BTC-USD,2025-12-29,92.14,400.0,0.25,135.195,404.9,2.6084,45.55,2.052
3173,BTCW,WisdomTree Bitcoin Fund,WisdomTree,BTCW,WisdomTree Bitcoin Fund,BTC-USD,2025-12-30,92.99,400.0,0.25,135.195,281.1,2.4505,45.55,2.142
3174,BTCW,WisdomTree Bitcoin Fund,WisdomTree,BTCW,WisdomTree Bitcoin Fund,BTC-USD,2025-12-31,92.68,400.0,0.25,112.946,462.4,2.6659,47.396,2.422
3175,BTCW,WisdomTree Bitcoin Fund,WisdomTree,BTCW,WisdomTree Bitcoin Fund,BTC-USD,2026-01-02,95.08,400.0,0.25,106.864,250.0,2.3996,47.396,2.656
3176,BTCW,WisdomTree Bitcoin Fund,WisdomTree,BTCW,WisdomTree Bitcoin Fund,BTC-USD,2026-01-05,99.8,400.0,0.25,106.864,122.1,2.0903,47.396,2.742
3177,BTCW,WisdomTree Bitcoin Fund,WisdomTree,BTCW,WisdomTree Bitcoin Fund,BTC-USD,2026-01-06,97.92,400.0,0.25,108.515,506.4,2.7054,49.047,3.021
3178,BTCW,WisdomTree Bitcoin Fund,WisdomTree,BTCW,WisdomTree Bitcoin Fund,BTC-USD,2026-01-07,96.31,400.0,0.25,108.515,469.2,2.6723,49.047,3.023
3179,BTCW,WisdomTree Bitcoin Fund,WisdomTree,BTCW,WisdomTree Bitcoin Fund,BTC-USD,2026-01-08,96.14,400.0,0.25,106.089,81.3,1.9156,46.62,2.962
3180,BTCW,WisdomTree Bitcoin Fund,WisdomTree,BTCW,WisdomTree Bitcoin Fund,BTC-USD,2026-01-09,95.55,400.0,0.25,97.989,687.3,2.8378,51.305,2.908
3181,BTCW,WisdomTree Bitcoin Fund,WisdomTree,BTCW,WisdomTree Bitcoin Fund,BTC-USD,2026-01-12,96.84,400.0,0.25,89.505,558.7,2.7479,42.821,2.983
3182,BTCW,WisdomTree Bitcoin Fund,WisdomTree,BTCW,WisdomTree Bitcoin Fund,BTC-USD,2026-01-13,99.99,400.0,0.25,89.505,519.0,2.716,42.821,3.058
3183,BTCW,WisdomTree Bitcoin Fund,WisdomTree,BTCW,WisdomTree Bitcoin Fund,BTC-USD,2026-01-14,103.52,400.0,0.25,80.413,530.9,2.7258,33.729,3.144
3184,BTCW,WisdomTree Bitcoin Fund,WisdomTree,BTCW,WisdomTree Bitcoin Fund,BTC-USD,2026-01-15,100.83,400.0,0.25,83.298,632.9,2.802,36.614,3.103
3185,BTCW,WisdomTree Bitcoin Fund,WisdomTree,BTCW,WisdomTree Bitcoin Fund,BTC-USD,2026-01-16,101.21,400.0,0.25,73.73,447.0,2.6513,35.049,3.697
3186,BTCW,WisdomTree Bitcoin Fund,WisdomTree,BTCW,WisdomTree Bitcoin Fund,BTC-USD,2026-01-20,94.79,400.0,0.25,72.185,148.0,2.1733,33.503,3.767
3187,BTCW,WisdomTree Bitcoin Fund,WisdomTree,BTCW,WisdomTree Bitcoin Fund,BTC-USD,2026-01-21,95.44,400.0,0.25,56.901,319.9,2.5064,24.426,3.852
3188,BTCW,WisdomTree Bitcoin Fund,WisdomTree,BTCW,WisdomTree Bitcoin Fund,BTC-USD,2026-01-22,94.59,400.0,0.25,57.392,521.8,2.7183,27.271,3.941
3189,BTCW,WisdomTree Bitcoin Fund,WisdomTree,BTCW,WisdomTree Bitcoin Fund,BTC-USD,2026-01-23,94.71,400.0,0.25,57.499,688.6,2.8386,27.378,4.042
3190,BTCW,WisdomTree Bitcoin Fund,WisdomTree,BTCW,WisdomTree Bitcoin Fund,BTC-USD,2026-01-26,92.72,400.0,0.25,57.499,554.2,2.7445,27.378,4.107
3191,BTCW,WisdomTree Bitcoin Fund,WisdomTree,BTCW,WisdomTree Bitcoin Fund,BTC-USD,2026-01-27,94.52,400.0,0.25,62.911,543.0,2.7356,30.436,4.041
3192,BTCW,WisdomTree Bitcoin Fund,WisdomTree,BTCW,WisdomTree Bitcoin Fund,BTC-USD,2026-01-28,94.19,400.0,0.25,60.968,508.5,2.7071,28.493,3.883
3193,BTCW,WisdomTree Bitcoin Fund,WisdomTree,BTCW,WisdomTree Bitcoin Fund,BTC-USD,2026-01-29,88.96,400.0,0.25,64.253,487.0,2.6884,25.571,3.973
3194,BTCW,WisdomTree Bitcoin Fund,WisdomTree,BTCW,WisdomTree Bitcoin Fund,BTC-USD,2026-01-30,88.63,400.0,0.25,64.253,740.6,2.8701,25.571,4.166
3195,BTCW,WisdomTree Bitcoin Fund,WisdomTree,BTCW,WisdomTree Bitcoin Fund,BTC-USD,2026-02-02,82.56,400.0,0.25,70.409,539.0,2.7324,23.725,4.302
3196,BTCW,WisdomTree Bitcoin Fund,WisdomTree,BTCW,WisdomTree Bitcoin Fund,BTC-USD,2026-02-03,80.87,400.0,0.25,70.409,228.5,2.3608,23.725,4.346
3197,BTCW,WisdomTree Bitcoin Fund,WisdomTree,BTCW,WisdomTree Bitcoin Fund,BTC-USD,2026-02-04,77.69,400.0,0.25,69.334,277.9,2.4455,26.015,4.548
3198,BTCW,WisdomTree Bitcoin Fund,WisdomTree,BTCW,WisdomTree Bitcoin Fund,BTC-USD,2026-02-05,67.42,400.0,0.25,69.63,336.1,2.5278,22.946,4.619
3199,BTCW,WisdomTree Bitcoin Fund,WisdomTree,BTCW,WisdomTree Bitcoin Fund,BTC-USD,2026-02-06,74.14,400.0,0.25,73.517,663.5,2.8225,26.833,5.361
3200,BTCW,WisdomTree Bitcoin Fund,WisdomTree,BTCW,WisdomTree Bitcoin Fund,BTC-USD,2026-02-09,74.94,400.0,0.25,84.135,249.9,2.3995,37.451,5.439
3201,BTCW,WisdomTree Bitcoin Fund,WisdomTree,BTCW,WisdomTree Bitcoin Fund,BTC-USD,2026-02-10,72.8,400.0,0.25,89.597,627.2,2.7981,32.766,5.493
3202,BTCW,WisdomTree Bitcoin Fund,WisdomTree,BTCW,WisdomTree Bitcoin Fund,BTC-USD,2026-02-11,71.46,400.0,0.25,88.697,398.2,2.6012,31.866,5.677
3203,BTCW,WisdomTree Bitcoin Fund,WisdomTree,BTCW,WisdomTree Bitcoin Fund,BTC-USD,2026-02-12,69.19,400.0,0.25,101.989,906.4,2.9578,45.158,5.655
3204,BTCW,WisdomTree Bitcoin Fund,WisdomTree,BTCW,WisdomTree Bitcoin Fund,BTC-USD,2026-02-13,72.8,400.0,0.25,101.989,549.0,2.7404,45.158,5.77
3205,BTCW,WisdomTree Bitcoin Fund,WisdomTree,BTCW,WisdomTree Bitcoin Fund,BTC-USD,2026-02-17,71.72,400.0,0.25,90.276,429.1,2.6336,44.575,5.812
3206,BTCW,WisdomTree Bitcoin Fund,WisdomTree,BTCW,WisdomTree Bitcoin Fund,BTC-USD,2026-02-18,70.06,400.0,0.25,109.96,663.0,2.8222,53.129,5.215
3207,BTCW,WisdomTree Bitcoin Fund,WisdomTree,BTCW,WisdomTree Bitcoin Fund,BTC-USD,2026-02-19,71.04,400.0,0.25,110.531,498.1,2.6982,53.7,5.124
3208,BTCW,WisdomTree Bitcoin Fund,WisdomTree,BTCW,WisdomTree Bitcoin Fund,BTC-USD,2026-02-20,71.66,400.0,0.25,110.531,604.3,2.782,53.7,5.14
3209,BTCW,WisdomTree Bitcoin Fund,WisdomTree,BTCW,WisdomTree Bitcoin Fund,BTC-USD,2026-02-23,68.19,400.0,0.25,113.396,558.7,2.748,50.855,5.233
3210,BTCW,WisdomTree Bitcoin Fund,WisdomTree,BTCW,WisdomTree Bitcoin Fund,BTC-USD,2026-02-24,68.26,400.0,0.25,110.189,451.4,2.6555,47.648,5.202
3211,BTCW,WisdomTree Bitcoin Fund,WisdomTree,BTCW,WisdomTree Bitcoin Fund,BTC-USD,2026-02-25,73.27,400.0,0.25,110.189,214.8,2.3341,47.648,5.246
3212,BTCW,WisdomTree Bitcoin Fund,WisdomTree,BTCW,WisdomTree Bitcoin Fund,BTC-USD,2026-02-26,71.33,400.0,0.25,104.074,414.3,2.6184,47.243,5.734
3213,BTCW,WisdomTree Bitcoin Fund,WisdomTree,BTCW,WisdomTree Bitcoin Fund,BTC-USD,2026-02-27,69.47,400.0,0.25,109.784,757.6,2.88,47.243,5.743
3214,BTCW,WisdomTree Bitcoin Fund,WisdomTree,BTCW,WisdomTree Bitcoin Fund,BTC-USD,2026-03-02,73.2,400.0,0.25,109.784,284.1,2.455,47.243,5.717
3215,BTCW,WisdomTree Bitcoin Fund,WisdomTree,BTCW,WisdomTree Bitcoin Fund,BTC-USD,2026-03-03,72.27,400.0,0.25,122.576,402.8,2.6061,60.034,5.428
3216,BTCW,WisdomTree Bitcoin Fund,WisdomTree,BTCW,WisdomTree Bitcoin Fund,BTC-USD,2026-03-04,77.25,400.0,0.25,116.866,292.8,2.4681,60.034,5.527
3217,BTCW,WisdomTree Bitcoin Fund,WisdomTree,BTCW,WisdomTree Bitcoin Fund,BTC-USD,2026-03-05,75.4,400.0,0.25,116.866,457.6,2.6614,60.034,5.375
3218,BTCW,WisdomTree Bitcoin Fund,WisdomTree,BTCW,WisdomTree Bitcoin Fund,BTC-USD,2026-03-06,72.09,400.0,0.25,158.56,314.9,2.4995,57.744,5.019
3219,BTCW,WisdomTree Bitcoin Fund,WisdomTree,BTCW,WisdomTree Bitcoin Fund,BTC-USD,2026-03-09,73.07,400.0,0.25,114.575,466.6,2.6699,57.744,4.83
3220,BTCW,WisdomTree Bitcoin Fund,WisdomTree,BTCW,WisdomTree Bitcoin Fund,BTC-USD,2026-03-10,74.14,400.0,0.25,154.672,452.0,2.6561,53.857,4.099
3221,BTCW,WisdomTree Bitcoin Fund,WisdomTree,BTCW,WisdomTree Bitcoin Fund,BTC-USD,2026-03-11,74.79,400.0,0.25,152.778,311.9,2.4954,51.962,4.09
3222,BTCW,WisdomTree Bitcoin Fund,WisdomTree,BTCW,WisdomTree Bitcoin Fund,BTC-USD,2026-03-12,74.55,400.0,0.25,103.769,442.1,2.6465,54.164,4.102
3223,BTCW,WisdomTree Bitcoin Fund,WisdomTree,BTCW,WisdomTree Bitcoin Fund,BTC-USD,2026-03-13,75.34,400.0,0.25,103.769,261.2,2.4187,54.164,4.175
3224,BTCW,WisdomTree Bitcoin Fund,WisdomTree,BTCW,WisdomTree Bitcoin Fund,BTC-USD,2026-03-16,78.32,400.0,0.25,90.476,802.0,2.9047,40.872,4.154
3225,BTCW,WisdomTree Bitcoin Fund,WisdomTree,BTCW,WisdomTree Bitcoin Fund,BTC-USD,2026-03-17,78.92,400.0,0.25,92.989,253.4,2.4055,43.384,3.984
3226,BTCW,WisdomTree Bitcoin Fund,WisdomTree,BTCW,WisdomTree Bitcoin Fund,BTC-USD,2026-03-18,75.2,400.0,0.25,106.865,555.2,2.7452,41.082,4.025
3227,BTCW,WisdomTree Bitcoin Fund,WisdomTree,BTCW,WisdomTree Bitcoin Fund,BTC-USD,2026-03-19,74.35,400.0,0.25,98.312,277.3,2.4445,32.529,4.016
3228,BTCW,WisdomTree Bitcoin Fund,WisdomTree,BTCW,WisdomTree Bitcoin Fund,BTC-USD,2026-03-20,74.28,400.0,0.25,85.742,673.4,2.8289,36.137,4.009
3229,BTCW,WisdomTree Bitcoin Fund,WisdomTree,BTCW,WisdomTree Bitcoin Fund,BTC-USD,2026-03-23,74.71,400.0,0.25,94.669,486.0,2.6875,36.137,3.888
3230,BTCW,WisdomTree Bitcoin Fund,WisdomTree,BTCW,WisdomTree Bitcoin Fund,BTC-USD,2026-03-24,73.29,400.0,0.25,94.669,729.5,2.8636,36.137,3.696
3231,BTCW,WisdomTree Bitcoin Fund,WisdomTree,BTCW,WisdomTree Bitcoin Fund,BTC-USD,2026-03-25,74.99,400.0,0.25,101.92,530.9,2.7258,36.137,3.612
3232,BTCW,WisdomTree Bitcoin Fund,WisdomTree,BTCW,WisdomTree Bitcoin Fund,BTC-USD,2026-03-26,72.51,400.0,0.25,101.92,609.9,2.7859,36.137,3.536
3233,BTCW,WisdomTree Bitcoin Fund,WisdomTree,BTCW,WisdomTree Bitcoin Fund,BTC-USD,2026-03-27,69.788,400.0,0.25,100.865,695.7,2.843,30.408,3.031
3234,BTCW,WisdomTree Bitcoin Fund,WisdomTree,BTCW,WisdomTree Bitcoin Fund,BTC-USD,2026-03-30,70.34,400.0,0.25,100.865,491.7,2.6926,30.408,2.98
3235,BTCW,WisdomTree Bitcoin Fund,WisdomTree,BTCW,WisdomTree Bitcoin Fund,BTC-USD,2026-03-31,71.71,400.0,0.25,103.286,675.9,2.8305,37.502,2.985
3236,BTCW,WisdomTree Bitcoin Fund,WisdomTree,BTCW,WisdomTree Bitcoin Fund,BTC-USD,2026-04-01,72.069,400.0,0.25,92.644,597.6,2.7772,24.711,2.892
3237,BTCW,WisdomTree Bitcoin Fund,WisdomTree,BTCW,WisdomTree Bitcoin Fund,BTC-USD,2026-04-02,70.92,400.0,0.25,95.168,365.6,2.5642,24.711,2.303
3238,BTCW,WisdomTree Bitcoin Fund,WisdomTree,BTCW,WisdomTree Bitcoin Fund,BTC-USD,2026-04-06,73.82,400.0,0.25,95.168,387.8,2.5898,24.711,2.361
3239,BTCW,WisdomTree Bitcoin Fund,WisdomTree,BTCW,WisdomTree Bitcoin Fund,BTC-USD,2026-04-07,73.013,400.0,0.25,95.168,1463.5,3.1657,24.711,2.319
3240,BTCW,WisdomTree Bitcoin Fund,WisdomTree,BTCW,WisdomTree Bitcoin Fund,BTC-USD,2026-04-08,75.52,400.0,0.25,130.13,603.3,2.7812,24.711,2.197
3241,BTCW,WisdomTree Bitcoin Fund,WisdomTree,BTCW,WisdomTree Bitcoin Fund,BTC-USD,2026-04-09,76.38,400.0,0.25,150.428,447.8,2.6521,33.755,2.17
3242,BTCW,WisdomTree Bitcoin Fund,WisdomTree,BTCW,WisdomTree Bitcoin Fund,BTC-USD,2026-04-10,77.466,400.0,0.25,141.772,467.8,2.671,25.032,2.045
3243,BTCW,WisdomTree Bitcoin Fund,WisdomTree,BTCW,WisdomTree Bitcoin Fund,BTC-USD,2026-04-13,77.65,400.0,0.25,142.329,643.7,2.8094,25.589,1.947
3244,BTCW,WisdomTree Bitcoin Fund,WisdomTree,BTCW,WisdomTree Bitcoin Fund,BTC-USD,2026-04-14,78.63,400.0,0.25,142.329,863.9,2.937,25.589,1.592
3245,BTCW,WisdomTree Bitcoin Fund,WisdomTree,BTCW,WisdomTree Bitcoin Fund,BTC-USD,2026-04-15,79.4,400.0,0.25,145.27,397.7,2.6007,28.531,1.532
3246,BTCW,WisdomTree Bitcoin Fund,WisdomTree,BTCW,WisdomTree Bitcoin Fund,BTC-USD,2026-04-16,79.79,400.0,0.25,149.429,146.8,2.1696,32.69,1.515
3247,BTCW,WisdomTree Bitcoin Fund,WisdomTree,BTCW,WisdomTree Bitcoin Fund,BTC-USD,2026-04-17,81.96,400.0,0.25,149.362,213.2,2.3309,32.69,1.871
3248,BTCW,WisdomTree Bitcoin Fund,WisdomTree,BTCW,WisdomTree Bitcoin Fund,BTC-USD,2026-04-20,80.8,400.0,0.25,155.089,54.9,1.7477,32.69,1.822
3249,BTCW,WisdomTree Bitcoin Fund,WisdomTree,BTCW,WisdomTree Bitcoin Fund,BTC-USD,2026-04-21,79.336,400.0,0.25,165.204,498.4,2.6985,38.673,1.817
3250,BTCW,WisdomTree Bitcoin Fund,WisdomTree,BTCW,WisdomTree Bitcoin Fund,BTC-USD,2026-04-22,83.5,400.0,0.25,175.942,58.4,1.7734,38.673,1.815
3251,BTCW,WisdomTree Bitcoin Fund,WisdomTree,BTCW,WisdomTree Bitcoin Fund,BTC-USD,2026-04-23,82.14,400.0,0.25,165.204,923.3,2.9658,38.673,1.842
3252,BTCW,WisdomTree Bitcoin Fund,WisdomTree,BTCW,WisdomTree Bitcoin Fund,BTC-USD,2026-04-24,82.106,400.0,0.25,163.895,115.1,2.0649,41.496,1.837
3253,BTCW,WisdomTree Bitcoin Fund,WisdomTree,BTCW,WisdomTree Bitcoin Fund,BTC-USD,2026-04-27,81.29,400.0,0.25,160.394,358.9,2.5562,43.721,1.888
3254,BTCW,WisdomTree Bitcoin Fund,WisdomTree,BTCW,WisdomTree Bitcoin Fund,BTC-USD,2026-04-28,80.75,400.0,0.25,160.394,164.8,2.2197,43.721,1.857
3255,BTCW,WisdomTree Bitcoin Fund,WisdomTree,BTCW,WisdomTree Bitcoin Fund,BTC-USD,2026-04-29,79.89,400.0,0.25,158.603,526.9,2.7225,45.011,1.873
3256,BTCW,WisdomTree Bitcoin Fund,WisdomTree,BTCW,WisdomTree Bitcoin Fund,BTC-USD,2026-04-30,80.85,400.0,0.25,160.494,350.2,2.5455,38.095,1.726
3257,BTCW,WisdomTree Bitcoin Fund,WisdomTree,BTCW,WisdomTree Bitcoin Fund,BTC-USD,2026-05-01,82.96,400.0,0.25,164.625,199.3,2.3017,38.095,1.752
3258,BTCW,WisdomTree Bitcoin Fund,WisdomTree,BTCW,WisdomTree Bitcoin Fund,BTC-USD,2026-05-04,84.72,400.0,0.25,160.494,-308.8,-2.4911,38.095,1.872
3259,BTCW,WisdomTree Bitcoin Fund,WisdomTree,BTCW,WisdomTree Bitcoin Fund,BTC-USD,2026-05-05,86.37,400.0,0.25,160.494,-14.4,-1.1863,38.095,1.785
3260,BTCW,WisdomTree Bitcoin Fund,WisdomTree,BTCW,WisdomTree Bitcoin Fund,BTC-USD,2026-05-06,86.2,400.0,0.25,152.783,61.3,1.7947,39.191,1.781
3261,BTCW,WisdomTree Bitcoin Fund,WisdomTree,BTCW,WisdomTree Bitcoin Fund,BTC-USD,2026-05-07,84.79,400.0,0.25,143.899,-182.3,-2.2631,39.191,1.8
3262,BTCW,WisdomTree Bitcoin Fund,WisdomTree,BTCW,WisdomTree Bitcoin Fund,BTC-USD,2026-05-08,84.727,400.0,0.25,122.945,61.9,1.7986,33.838,1.771
3263,BTCW,WisdomTree Bitcoin Fund,WisdomTree,BTCW,WisdomTree Bitcoin Fund,BTC-USD,2026-05-11,86.71,400.0,0.25,122.945,-144.7,-2.1634,33.838,1.761
3264,BTCW,WisdomTree Bitcoin Fund,WisdomTree,BTCW,WisdomTree Bitcoin Fund,BTC-USD,2026-05-12,85.49,400.0,0.25,135.786,30.7,1.5006,31.079,1.753
3265,BTCW,WisdomTree Bitcoin Fund,WisdomTree,BTCW,WisdomTree Bitcoin Fund,BTC-USD,2026-05-13,84.22,400.0,0.25,135.786,7.2,0.9143,31.079,1.756
3266,BTCW,WisdomTree Bitcoin Fund,WisdomTree,BTCW,WisdomTree Bitcoin Fund,BTC-USD,2026-05-14,86.17,400.0,0.25,132.845,-109.3,-2.0425,28.137,1.75
3267,BTCW,WisdomTree Bitcoin Fund,WisdomTree,BTCW,WisdomTree Bitcoin Fund,BTC-USD,2026-05-15,83.66,400.0,0.25,135.058,3.7,0.6724,21.466,1.735
3268,BTCW,WisdomTree Bitcoin Fund,WisdomTree,BTCW,WisdomTree Bitcoin Fund,BTC-USD,2026-05-18,81.22,400.0,0.25,221.819,-251.7,-2.4026,21.466,1.225
3269,BTCW,WisdomTree Bitcoin Fund,WisdomTree,BTCW,WisdomTree Bitcoin Fund,BTC-USD,2026-05-19,81.13,400.0,0.25,138.197,-25.3,-1.42,24.605,1.214
3270,BTCW,WisdomTree Bitcoin Fund,WisdomTree,BTCW,WisdomTree Bitcoin Fund,BTC-USD,2026-05-20,82.1,400.0,0.25,128.034,-171.3,-2.2362,14.442,1.208
3271,BTCW,WisdomTree Bitcoin Fund,WisdomTree,BTCW,WisdomTree Bitcoin Fund,BTC-USD,2026-05-21,82.126,400.0,0.25,122.837,-133.3,-2.1281,18.13,1.174
3272,BTCW,WisdomTree Bitcoin Fund,WisdomTree,BTCW,WisdomTree Bitcoin Fund,BTC-USD,2026-05-22,80.161,400.0,0.25,122.837,-544.5,-2.7368,18.13,1.108
3273,BTCW,WisdomTree Bitcoin Fund,WisdomTree,BTCW,WisdomTree Bitcoin Fund,BTC-USD,2026-05-26,80.26,400.0,0.25,122.452,-189.4,-2.2797,17.745,1.067
3274,BTCW,WisdomTree Bitcoin Fund,WisdomTree,BTCW,WisdomTree Bitcoin Fund,BTC-USD,2026-05-27,79.28,400.0,0.25,215.873,-372.4,-2.5721,15.52,0.972
3275,BTCW,WisdomTree Bitcoin Fund,WisdomTree,BTCW,WisdomTree Bitcoin Fund,BTC-USD,2026-05-28,77.52,400.0,0.25,215.873,229.5,2.3626,15.52,0.99
3276,BTCW,WisdomTree Bitcoin Fund,WisdomTree,BTCW,WisdomTree Bitcoin Fund,BTC-USD,2026-05-29,77.58,400.0,0.25,220.433,-23.6,-1.3912,20.08,1.041
3277,BTCW,WisdomTree Bitcoin Fund,WisdomTree,BTCW,WisdomTree Bitcoin Fund,BTC-USD,2026-06-01,75.55,400.0,0.25,220.255,-84.4,-1.9316,19.902,1.056
3278,BTCW,WisdomTree Bitcoin Fund,WisdomTree,BTCW,WisdomTree Bitcoin Fund,BTC-USD,2026-06-02,71.01,400.0,0.25,321.263,74.3,1.8766,19.902,1.027
3279,BTCW,WisdomTree Bitcoin Fund,WisdomTree,BTCW,WisdomTree Bitcoin Fund,BTC-USD,2026-06-03,69.15,400.0,0.25,321.263,-230.0,-2.3637,19.902,0.975
3280,BTCW,WisdomTree Bitcoin Fund,WisdomTree,BTCW,WisdomTree Bitcoin Fund,BTC-USD,2026-06-04,67.21,400.0,0.25,321.497,433.1,2.6376,19.902,0.778
3281,BTCW,WisdomTree Bitcoin Fund,WisdomTree,BTCW,WisdomTree Bitcoin Fund,BTC-USD,2026-06-05,63.691,400.0,0.25,320.4,669.3,2.8263,18.806,0.865
3282,BTCW,WisdomTree Bitcoin Fund,WisdomTree,BTCW,WisdomTree Bitcoin Fund,BTC-USD,2026-06-08,67.01,400.0,0.25,326.966,476.1,2.6786,18.806,0.842
3283,BTCW,WisdomTree Bitcoin Fund,WisdomTree,BTCW,WisdomTree Bitcoin Fund,BTC-USD,2026-06-09,65.64,400.0,0.25,323.276,363.9,2.5622,15.115,0.891
3284,BTCW,WisdomTree Bitcoin Fund,WisdomTree,BTCW,WisdomTree Bitcoin Fund,BTC-USD,2026-06-10,65.46,400.0,0.25,316.709,411.4,2.6153,15.115,0.926
3285,BTCW,WisdomTree Bitcoin Fund,WisdomTree,BTCW,WisdomTree Bitcoin Fund,BTC-USD,2026-06-11,67.19,400.0,0.25,323.276,579.1,2.7635,15.115,0.926
3286,BTCW,WisdomTree Bitcoin Fund,WisdomTree,BTCW,WisdomTree Bitcoin Fund,BTC-USD,2026-06-12,67.24,400.0,0.25,323.276,566.7,2.7541,15.115,0.888
3287,BTCW,WisdomTree Bitcoin Fund,WisdomTree,BTCW,WisdomTree Bitcoin Fund,BTC-USD,2026-06-15,70.43,400.0,0.25,323.276,144.5,2.1628,15.115,0.876
3288,BTCW,WisdomTree Bitcoin Fund,WisdomTree,BTCW,WisdomTree Bitcoin Fund,BTC-USD,2026-06-16,69.43,400.0,0.25,323.276,371.7,2.5714,15.115,0.867
3289,BTCW,WisdomTree Bitcoin Fund,WisdomTree,BTCW,WisdomTree Bitcoin Fund,BTC-USD,2026-06-17,67.93,400.0,0.25,317.28,290.6,2.4649,15.686,0.898
3290,BTCW,WisdomTree Bitcoin Fund,WisdomTree,BTCW,WisdomTree Bitcoin Fund,BTC-USD,2026-06-18,66.55,400.0,0.25,314.141,374.9,2.5751,12.547,1.321
3291,BTCW,WisdomTree Bitcoin Fund,WisdomTree,BTCW,WisdomTree Bitcoin Fund,BTC-USD,2026-06-22,68.06,400.0,0.25,320.708,221.5,2.3473,12.547,1.316
3292,BTCW,WisdomTree Bitcoin Fund,WisdomTree,BTCW,WisdomTree Bitcoin Fund,BTC-USD,2026-06-23,65.82,400.0,0.25,342.238,417.5,2.6217,8.86,1.317
3293,BTCW,WisdomTree Bitcoin Fund,WisdomTree,BTCW,WisdomTree Bitcoin Fund,BTC-USD,2026-06-24,63.24,400.0,0.25,342.238,839.7,2.9247,8.86,1.346
3294,BTCW,WisdomTree Bitcoin Fund,WisdomTree,BTCW,WisdomTree Bitcoin Fund,BTC-USD,2026-06-25,62.58,400.0,0.25,346.12,649.8,2.8134,12.741,1.395
3295,BTCW,WisdomTree Bitcoin Fund,WisdomTree,BTCW,WisdomTree Bitcoin Fund,BTC-USD,2026-06-26,63.03,400.0,0.25,327.114,679.1,2.8326,18.954,1.4
3296,BTCW,WisdomTree Bitcoin Fund,WisdomTree,BTCW,WisdomTree Bitcoin Fund,BTC-USD,2026-06-29,63.76,400.0,0.25,247.509,362.3,2.5603,28.901,1.409
3297,BTCW,WisdomTree Bitcoin Fund,WisdomTree,BTCW,WisdomTree Bitcoin Fund,BTC-USD,2026-06-30,62.0,400.0,0.25,331.211,545.9,2.7379,23.05,1.332
3298,BTCW,WisdomTree Bitcoin Fund,WisdomTree,BTCW,WisdomTree Bitcoin Fund,BTC-USD,2026-07-01,63.39,400.0,0.25,331.211,486.7,2.6881,23.05,1.334
3299,BTCW,WisdomTree Bitcoin Fund,WisdomTree,BTCW,WisdomTree Bitcoin Fund,BTC-USD,2026-07-02,64.9,400.0,0.25,331.211,401.2,2.6044,23.05,1.316
3300,BTCW,WisdomTree Bitcoin Fund,WisdomTree,BTCW,WisdomTree Bitcoin Fund,BTC-USD,2026-07-06,67.23,400.0,0.25,331.211,640.5,2.8072,23.05,1.71
3301,BTCW,WisdomTree Bitcoin Fund,WisdomTree,BTCW,WisdomTree Bitcoin Fund,BTC-USD,2026-07-07,67.43,400.0,0.25,242.743,339.4,2.532,24.135,1.848
3302,BTCW,WisdomTree Bitcoin Fund,WisdomTree,BTCW,WisdomTree Bitcoin Fund,BTC-USD,2026-07-08,65.69,400.0,0.25,242.743,658.1,2.8189,24.135,1.819
3303,BTCW,WisdomTree Bitcoin Fund,WisdomTree,BTCW,WisdomTree Bitcoin Fund,BTC-USD,2026-07-09,66.77,400.0,0.25,242.743,289.7,2.4635,24.135,1.764
3304,BTCW,WisdomTree Bitcoin Fund,WisdomTree,BTCW,WisdomTree Bitcoin Fund,BTC-USD,2026-07-10,67.485,400.0,0.25,242.743,584.9,2.7678,24.135,1.737
3305,BTCW,WisdomTree Bitcoin Fund,WisdomTree,BTCW,WisdomTree Bitcoin Fund,BTC-USD,2026-07-13,65.68,400.0,0.25,242.743,546.1,2.7381,24.135,1.807
3306,BTCW,WisdomTree Bitcoin Fund,WisdomTree,BTCW,WisdomTree Bitcoin Fund,BTC-USD,2026-07-14,68.21,400.0,0.25,242.743,649.9,2.8135,24.135,1.828
3307,BTCW,WisdomTree Bitcoin Fund,WisdomTree,BTCW,WisdomTree Bitcoin Fund,BTC-USD,2026-07-15,68.604,400.0,0.25,242.743,570.3,2.7568,24.135,1.835
3308,BTCW,WisdomTree Bitcoin Fund,WisdomTree,BTCW,WisdomTree Bitcoin Fund,BTC-USD,2026-07-16,67.86,400.0,0.25,191.359,228.1,2.3601,24.135,1.854
3309,BTCW,WisdomTree Bitcoin Fund,WisdomTree,BTCW,WisdomTree Bitcoin Fund,BTC-USD,2026-07-17,67.774,400.0,0.25,178.875,636.1,2.8042,24.135,1.876
3310,BTCW,WisdomTree Bitcoin Fund,WisdomTree,BTCW,WisdomTree Bitcoin Fund,BTC-USD,2026-07-20,68.81,400.0,0.25,178.304,511.2,2.7094,23.563,1.882
3311,BTCW,WisdomTree Bitcoin Fund,WisdomTree,BTCW,WisdomTree Bitcoin Fund,BTC-USD,2026-07-21,70.21,400.0,0.25,190.788,573.5,2.7593,23.563,1.499
3312,BTCW,WisdomTree Bitcoin Fund,WisdomTree,BTCW,WisdomTree Bitcoin Fund,BTC-USD,2026-07-22,69.64,400.0,0.25,178.304,904.4,2.9568,23.563,1.52
3313,BTCW,WisdomTree Bitcoin Fund,WisdomTree,BTCW,WisdomTree Bitcoin Fund,BTC-USD,2026-07-23,68.45,400.0,0.25,167.031,821.0,2.9149,23.563,1.574
3314,BTCW,WisdomTree Bitcoin Fund,WisdomTree,BTCW,WisdomTree Bitcoin Fund,BTC-USD,2026-07-24,67.736,400.0,0.25,167.031,540.3,2.7334,23.563,1.561
3315,BTCW,WisdomTree Bitcoin Fund,WisdomTree,BTCW,WisdomTree Bitcoin Fund,BTC-USD,2026-07-27,68.61,400.0,0.25,171.984,183.6,2.2663,17.244,1.505
3316,BTCW,WisdomTree Bitcoin Fund,WisdomTree,BTCW,WisdomTree Bitcoin Fund,BTC-USD,2026-07-28,67.39,400.0,0.25,154.5,444.3,2.6487,11.032,1.611
3317,BTCW,WisdomTree Bitcoin Fund,WisdomTree,BTCW,WisdomTree Bitcoin Fund,BTC-USD,2026-07-29,67.1,400.0,0.25,129.465,735.7,2.8673,1.084,1.603
3318,BTCW,WisdomTree Bitcoin Fund,WisdomTree,BTCW,WisdomTree Bitcoin Fund,BTC-USD,2026-07-30,68.44,400.0,0.25,129.465,503.4,2.7028,1.084,1.585
3319,BTCW,WisdomTree Bitcoin Fund,WisdomTree,BTCW,WisdomTree Bitcoin Fund,BTC-USD,2026-07-31,66.42,400.0,0.25,125.737,436.1,2.6405,1.084,1.71
3320,BTCW,WisdomTree Bitcoin Fund,WisdomTree,BTCW,WisdomTree Bitcoin Fund,BTC-USD,2026-08-03,67.43,400.0,0.25,130.664,366.2,2.5649,6.011,1.736
3321,BTCW,WisdomTree Bitcoin Fund,WisdomTree,BTCW,WisdomTree Bitcoin Fund,BTC-USD,2026-08-04,67.82,400.0,0.25,130.664,353.2,2.5493,6.011,1.283
3322,BTCW,WisdomTree Bitcoin Fund,WisdomTree,BTCW,WisdomTree Bitcoin Fund,BTC-USD,2026-08-05,68.43,400.0,0.25,129.579,704.1,2.8482,4.926,1.298
3323,BTCW,WisdomTree Bitcoin Fund,WisdomTree,BTCW,WisdomTree Bitcoin Fund,BTC-USD,2026-08-06,68.09,400.0,0.25,119.021,589.3,2.7711,9.625,1.501
3324,BTCW,WisdomTree Bitcoin Fund,WisdomTree,BTCW,WisdomTree Bitcoin Fund,BTC-USD,2026-08-07,68.66,400.0,0.25,119.021,706.5,2.8497,9.625,1.509
3325,BTCW,WisdomTree Bitcoin Fund,WisdomTree,BTCW,WisdomTree Bitcoin Fund,BTC-USD,2026-08-10,67.54,400.0,0.25,114.924,432.2,2.6367,9.625,1.598
3326,BTCW,WisdomTree Bitcoin Fund,WisdomTree,BTCW,WisdomTree Bitcoin Fund,BTC-USD,2026-08-11,67.06,400.0,0.25,103.988,793.7,2.9002,9.625,1.519
3327,BTCW,WisdomTree Bitcoin Fund,WisdomTree,BTCW,WisdomTree Bitcoin Fund,BTC-USD,2026-08-12,66.93,400.0,0.25,100.288,564.0,2.7521,11.03,1.505
3328,BTCW,WisdomTree Bitcoin Fund,WisdomTree,BTCW,WisdomTree Bitcoin Fund,BTC-USD,2026-08-13,66.89,400.0,0.25,101.427,698.6,2.8448,12.169,1.474
3329,BTCW,WisdomTree Bitcoin Fund,WisdomTree,BTCW,WisdomTree Bitcoin Fund,BTC-USD,2026-08-14,66.47,400.0,0.25,101.427,263.8,2.4229,12.169,1.447
3330,BTCW,WisdomTree Bitcoin Fund,WisdomTree,BTCW,WisdomTree Bitcoin Fund,BTC-USD,2026-08-17,67.92,400.0,0.25,106.533,579.8,2.7641,12.169,1.425
3331,BTCW,WisdomTree Bitcoin Fund,WisdomTree,BTCW,WisdomTree Bitcoin Fund,BTC-USD,2026-08-18,68.265,400.0,0.25,121.565,611.1,2.7868,12.169,1.364
3332,BTCW,WisdomTree Bitcoin Fund,WisdomTree,BTCW,WisdomTree Bitcoin Fund,BTC-USD,2026-08-19,72.35,400.0,0.25,121.565,600.3,2.7791,12.169,1.342
3333,BTCW,WisdomTree Bitcoin Fund,WisdomTree,BTCW,WisdomTree Bitcoin Fund,BTC-USD,2026-08-20,76.86,400.0,0.25,131.879,551.4,2.7422,12.169,1.335
3334,BTCW,WisdomTree Bitcoin Fund,WisdomTree,BTCW,WisdomTree Bitcoin Fund,BTC-USD,2026-08-21,81.447,400.0,0.25,131.879,619.7,2.7929,12.169,1.319
3335,BTCW,WisdomTree Bitcoin Fund,WisdomTree,BTCW,WisdomTree Bitcoin Fund,BTC-USD,2026-08-24,83.23,400.0,0.25,131.879,313.8,2.498,12.169,1.373
3336,BTCW,WisdomTree Bitcoin Fund,WisdomTree,BTCW,WisdomTree Bitcoin Fund,BTC-USD,2026-08-25,83.4,400.0,0.25,111.117,353.4,2.5495,16.753,1.502
3337,BTCW,WisdomTree Bitcoin Fund,WisdomTree,BTCW,WisdomTree Bitcoin Fund,BTC-USD,2026-08-26,82.97,400.0,0.25,136.464,859.4,2.9347,16.753,1.393
3338,BTCW,WisdomTree Bitcoin Fund,WisdomTree,BTCW,WisdomTree Bitcoin Fund,BTC-USD,2026-08-27,84.46,400.0,0.25,143.23,342.9,2.5364,16.753,1.414
3339,EZBC,Franklin Bitcoin ETF,Franklin Templeton,EZBC,Franklin Bitcoin ETF,BTC-USD,2025-03-07,50.36,500.0,0.19,93.987,-375.0,-2.5752,82.54,22.691
3340,EZBC,Franklin Bitcoin ETF,Franklin Templeton,EZBC,Franklin Bitcoin ETF,BTC-USD,2025-03-10,45.76,500.0,0.19,85.942,-438.7,-2.6431,74.075,23.516
3341,EZBC,Franklin Bitcoin ETF,Franklin Templeton,EZBC,Franklin Bitcoin ETF,BTC-USD,2025-03-11,48.16,500.0,0.19,85.964,-394.5,-2.5972,74.517,25.705
3342,EZBC,Franklin Bitcoin ETF,Franklin Templeton,EZBC,Franklin Bitcoin ETF,BTC-USD,2025-03-12,48.03,500.0,0.19,95.041,-136.9,-2.1396,83.593,24.239
3343,EZBC,Franklin Bitcoin ETF,Franklin Templeton,EZBC,Franklin Bitcoin ETF,BTC-USD,2025-03-13,46.41,500.0,0.19,102.21,-86.6,-1.9427,90.763,24.353
3344,EZBC,Franklin Bitcoin ETF,Franklin Templeton,EZBC,Franklin Bitcoin ETF,BTC-USD,2025-03-14,49.01,500.0,0.19,92.069,-477.9,-2.6803,80.202,23.398
3345,EZBC,Franklin Bitcoin ETF,Franklin Templeton,EZBC,Franklin Bitcoin ETF,BTC-USD,2025-03-17,48.99,500.0,0.19,97.917,-467.9,-2.6711,86.049,23.46
3346,EZBC,Franklin Bitcoin ETF,Franklin Templeton,EZBC,Franklin Bitcoin ETF,BTC-USD,2025-03-18,47.66,500.0,0.19,97.917,-590.3,-2.7718,86.049,23.739
3347,EZBC,Franklin Bitcoin ETF,Franklin Templeton,EZBC,Franklin Bitcoin ETF,BTC-USD,2025-03-19,49.52,500.0,0.19,97.917,-241.9,-2.3854,86.049,23.14
3348,EZBC,Franklin Bitcoin ETF,Franklin Templeton,EZBC,Franklin Bitcoin ETF,BTC-USD,2025-03-20,48.75,500.0,0.19,107.231,-530.6,-2.7256,95.364,23.224
3349,EZBC,Franklin Bitcoin ETF,Franklin Templeton,EZBC,Franklin Bitcoin ETF,BTC-USD,2025-03-21,48.63,500.0,0.19,106.811,-881.0,-2.9455,95.364,23.17
3350,EZBC,Franklin Bitcoin ETF,Franklin Templeton,EZBC,Franklin Bitcoin ETF,BTC-USD,2025-03-24,51.16,500.0,0.19,102.317,-466.1,-2.6694,90.869,22.463
3351,EZBC,Franklin Bitcoin ETF,Franklin Templeton,EZBC,Franklin Bitcoin ETF,BTC-USD,2025-03-25,51.1,500.0,0.19,106.422,-667.3,-2.825,95.536,22.367
3352,EZBC,Franklin Bitcoin ETF,Franklin Templeton,EZBC,Franklin Bitcoin ETF,BTC-USD,2025-03-26,50.2,500.0,0.19,106.984,-316.1,-2.5012,95.536,16.984
3353,EZBC,Franklin Bitcoin ETF,Franklin Templeton,EZBC,Franklin Bitcoin ETF,BTC-USD,2025-03-27,50.48,500.0,0.19,113.652,-332.6,-2.5233,102.204,16.171
3354,EZBC,Franklin Bitcoin ETF,Franklin Templeton,EZBC,Franklin Bitcoin ETF,BTC-USD,2025-03-28,48.55,500.0,0.19,107.674,-212.5,-2.3294,87.194,14.582
3355,EZBC,Franklin Bitcoin ETF,Franklin Templeton,EZBC,Franklin Bitcoin ETF,BTC-USD,2025-03-31,47.76,500.0,0.19,105.134,-421.0,-2.6253,82.609,14.379
3356,EZBC,Franklin Bitcoin ETF,Franklin Templeton,EZBC,Franklin Bitcoin ETF,BTC-USD,2025-04-01,49.25,500.0,0.19,105.134,-312.7,-2.4965,82.609,14.528
3357,EZBC,Franklin Bitcoin ETF,Franklin Templeton,EZBC,Franklin Bitcoin ETF,BTC-USD,2025-04-02,50.4,500.0,0.19,105.134,-1349.4,-3.1304,82.609,13.249
3358,EZBC,Franklin Bitcoin ETF,Franklin Templeton,EZBC,Franklin Bitcoin ETF,BTC-USD,2025-04-03,47.44,500.0,0.19,106.622,166.5,2.2239,82.609,11.978
3359,EZBC,Franklin Bitcoin ETF,Franklin Templeton,EZBC,Franklin Bitcoin ETF,BTC-USD,2025-04-04,48.65,500.0,0.19,95.668,-620.8,-2.7936,73.143,12.5
3360,EZBC,Franklin Bitcoin ETF,Franklin Templeton,EZBC,Franklin Bitcoin ETF,BTC-USD,2025-04-07,45.23,500.0,0.19,85.12,34.3,1.5484,61.108,12.477
3361,EZBC,Franklin Bitcoin ETF,Franklin Templeton,EZBC,Franklin Bitcoin ETF,BTC-USD,2025-04-08,44.43,500.0,0.19,102.531,-250.7,-2.4009,80.006,12.066
3362,EZBC,Franklin Bitcoin ETF,Franklin Templeton,EZBC,Franklin Bitcoin ETF,BTC-USD,2025-04-09,47.74,500.0,0.19,100.791,18.1,1.2817,76.778,10.121
3363,EZBC,Franklin Bitcoin ETF,Franklin Templeton,EZBC,Franklin Bitcoin ETF,BTC-USD,2025-04-10,46.05,500.0,0.19,102.944,-291.1,-2.4656,78.144,10.462
3364,EZBC,Franklin Bitcoin ETF,Franklin Templeton,EZBC,Franklin Bitcoin ETF,BTC-USD,2025-04-11,48.57,500.0,0.19,95.774,-399.6,-2.6028,70.974,10.567
3365,EZBC,Franklin Bitcoin ETF,Franklin Templeton,EZBC,Franklin Bitcoin ETF,BTC-USD,2025-04-14,49.2,500.0,0.19,94.987,-742.6,-2.8713,70.974,10.455
3366,EZBC,Franklin Bitcoin ETF,Franklin Templeton,EZBC,Franklin Bitcoin ETF,BTC-USD,2025-04-15,48.7,500.0,0.19,95.322,-288.9,-2.4622,70.819,10.187
3367,EZBC,Franklin Bitcoin ETF,Franklin Templeton,EZBC,Franklin Bitcoin ETF,BTC-USD,2025-04-16,48.88,500.0,0.19,98.424,-478.5,-2.6807,73.921,9.95
3368,EZBC,Franklin Bitcoin ETF,Franklin Templeton,EZBC,Franklin Bitcoin ETF,BTC-USD,2025-04-17,49.19,500.0,0.19,104.656,-375.5,-2.5757,81.537,9.835
3369,EZBC,Franklin Bitcoin ETF,Franklin Templeton,EZBC,Franklin Bitcoin ETF,BTC-USD,2025-04-21,50.67,500.0,0.19,92.96,-342.1,-2.5354,70.435,10.168
3370,EZBC,Franklin Bitcoin ETF,Franklin Templeton,EZBC,Franklin Bitcoin ETF,BTC-USD,2025-04-22,53.07,500.0,0.19,92.96,-266.0,-2.4264,70.435,11.092
3371,EZBC,Franklin Bitcoin ETF,Franklin Templeton,EZBC,Franklin Bitcoin ETF,BTC-USD,2025-04-23,54.22,500.0,0.19,92.96,-397.3,-2.6002,70.435,11.12
3372,EZBC,Franklin Bitcoin ETF,Franklin Templeton,EZBC,Franklin Bitcoin ETF,BTC-USD,2025-04-24,54.25,500.0,0.19,91.363,-326.9,-2.5157,68.838,11.108
3373,EZBC,Franklin Bitcoin ETF,Franklin Templeton,EZBC,Franklin Bitcoin ETF,BTC-USD,2025-04-25,55.31,500.0,0.19,91.363,-657.7,-2.8187,68.838,11.276
3374,EZBC,Franklin Bitcoin ETF,Franklin Templeton,EZBC,Franklin Bitcoin ETF,BTC-USD,2025-04-28,54.91,500.0,0.19,85.831,-525.6,-2.7215,63.306,11.42
3375,EZBC,Franklin Bitcoin ETF,Franklin Templeton,EZBC,Franklin Bitcoin ETF,BTC-USD,2025-04-29,55.25,500.0,0.19,85.831,-679.8,-2.833,63.306,11.24
3376,EZBC,Franklin Bitcoin ETF,Franklin Templeton,EZBC,Franklin Bitcoin ETF,BTC-USD,2025-04-30,54.53,500.0,0.19,85.568,-481.3,-2.6833,63.306,11.268
3377,EZBC,Franklin Bitcoin ETF,Franklin Templeton,EZBC,Franklin Bitcoin ETF,BTC-USD,2025-05-01,55.94,500.0,0.19,86.128,-611.7,-2.7872,63.306,10.551
3378,EZBC,Franklin Bitcoin ETF,Franklin Templeton,EZBC,Franklin Bitcoin ETF,BTC-USD,2025-05-02,56.17,500.0,0.19,86.128,-552.2,-2.7429,63.306,10.383
3379,EZBC,Franklin Bitcoin ETF,Franklin Templeton,EZBC,Franklin Bitcoin ETF,BTC-USD,2025-05-05,54.65,500.0,0.19,86.128,-528.0,-2.7235,63.306,10.365
3380,EZBC,Franklin Bitcoin ETF,Franklin Templeton,EZBC,Franklin Bitcoin ETF,BTC-USD,2025-05-06,55.0,500.0,0.19,90.925,-236.0,-2.3748,68.103,9.752
3381,EZBC,Franklin Bitcoin ETF,Franklin Templeton,EZBC,Franklin Bitcoin ETF,BTC-USD,2025-05-07,55.73,500.0,0.19,90.925,-481.7,-2.6836,68.103,8.832
3382,EZBC,Franklin Bitcoin ETF,Franklin Templeton,EZBC,Franklin Bitcoin ETF,BTC-USD,2025-05-08,58.71,500.0,0.19,72.324,-464.0,-2.6674,49.205,8.462
3383,EZBC,Franklin Bitcoin ETF,Franklin Templeton,EZBC,Franklin Bitcoin ETF,BTC-USD,2025-05-09,59.82,500.0,0.19,63.171,-696.1,-2.8433,40.052,8.162
3384,EZBC,Franklin Bitcoin ETF,Franklin Templeton,EZBC,Franklin Bitcoin ETF,BTC-USD,2025-05-12,58.99,500.0,0.19,53.511,-273.3,-2.4382,30.689,7.827
3385,EZBC,Franklin Bitcoin ETF,Franklin Templeton,EZBC,Franklin Bitcoin ETF,BTC-USD,2025-05-13,60.75,500.0,0.19,53.511,-606.2,-2.7833,30.689,7.34
3386,EZBC,Franklin Bitcoin ETF,Franklin Templeton,EZBC,Franklin Bitcoin ETF,BTC-USD,2025-05-14,59.86,500.0,0.19,55.382,-539.9,-2.7331,32.56,7.23
3387,EZBC,Franklin Bitcoin ETF,Franklin Templeton,EZBC,Franklin Bitcoin ETF,BTC-USD,2025-05-15,59.79,500.0,0.19,50.072,-772.9,-2.8887,27.81,7.214
3388,EZBC,Franklin Bitcoin ETF,Franklin Templeton,EZBC,Franklin Bitcoin ETF,BTC-USD,2025-05-16,60.32,500.0,0.19,46.97,-227.6,-2.3591,24.708,7.11
3389,EZBC,Franklin Bitcoin ETF,Franklin Templeton,EZBC,Franklin Bitcoin ETF,BTC-USD,2025-05-19,61.14,500.0,0.19,42.108,-651.3,-2.8144,19.286,7.208
3390,EZBC,Franklin Bitcoin ETF,Franklin Templeton,EZBC,Franklin Bitcoin ETF,BTC-USD,2025-05-20,62.1,500.0,0.19,44.439,-578.1,-2.7627,19.286,6.782
3391,EZBC,Franklin Bitcoin ETF,Franklin Templeton,EZBC,Franklin Bitcoin ETF,BTC-USD,2025-05-21,62.98,500.0,0.19,44.439,-281.2,-2.4506,19.286,6.012
3392,EZBC,Franklin Bitcoin ETF,Franklin Templeton,EZBC,Franklin Bitcoin ETF,BTC-USD,2025-05-22,64.45,500.0,0.19,44.439,-276.4,-2.443,19.286,5.927
3393,EZBC,Franklin Bitcoin ETF,Franklin Templeton,EZBC,Franklin Bitcoin ETF,BTC-USD,2025-05-23,62.98,500.0,0.19,42.007,-676.5,-2.8309,16.216,5.985
3394,EZBC,Franklin Bitcoin ETF,Franklin Templeton,EZBC,Franklin Bitcoin ETF,BTC-USD,2025-05-27,63.74,500.0,0.19,46.082,-666.5,-2.8244,16.216,5.742
3395,EZBC,Franklin Bitcoin ETF,Franklin Templeton,EZBC,Franklin Bitcoin ETF,BTC-USD,2025-05-28,61.96,500.0,0.19,46.625,-268.8,-2.4311,15.079,5.766
3396,EZBC,Franklin Bitcoin ETF,Franklin Templeton,EZBC,Franklin Bitcoin ETF,BTC-USD,2025-05-29,61.27,500.0,0.19,46.236,-290.7,-2.4649,16.37,6.196
3397,EZBC,Franklin Bitcoin ETF,Franklin Templeton,EZBC,Franklin Bitcoin ETF,BTC-USD,2025-05-30,60.57,500.0,0.19,46.236,-161.8,-2.2117,16.37,6.055
3398,EZBC,Franklin Bitcoin ETF,Franklin Templeton,EZBC,Franklin Bitcoin ETF,BTC-USD,2025-06-02,60.54,500.0,0.19,44.501,-442.6,-2.647,18.709,5.85
3399,EZBC,Franklin Bitcoin ETF,Franklin Templeton,EZBC,Franklin Bitcoin ETF,BTC-USD,2025-06-03,61.59,500.0,0.19,50.255,-424.1,-2.6285,18.709,5.537
3400,EZBC,Franklin Bitcoin ETF,Franklin Templeton,EZBC,Franklin Bitcoin ETF,BTC-USD,2025-06-04,60.82,500.0,0.19,50.255,-491.2,-2.6921,18.709,5.24
3401,EZBC,Franklin Bitcoin ETF,Franklin Templeton,EZBC,Franklin Bitcoin ETF,BTC-USD,2025-06-05,59.02,500.0,0.19,52.081,-396.5,-2.5993,16.574,5.253
3402,EZBC,Franklin Bitcoin ETF,Franklin Templeton,EZBC,Franklin Bitcoin ETF,BTC-USD,2025-06-06,60.43,500.0,0.19,55.003,-437.9,-2.6424,19.367,5.207
3403,EZBC,Franklin Bitcoin ETF,Franklin Templeton,EZBC,Franklin Bitcoin ETF,BTC-USD,2025-06-09,62.99,500.0,0.19,55.003,-143.8,-2.1607,19.367,4.95
3404,EZBC,Franklin Bitcoin ETF,Franklin Templeton,EZBC,Franklin Bitcoin ETF,BTC-USD,2025-06-10,63.49,500.0,0.19,55.003,100.7,2.0072,19.367,4.765
3405,EZBC,Franklin Bitcoin ETF,Franklin Templeton,EZBC,Franklin Bitcoin ETF,BTC-USD,2025-06-11,63.05,500.0,0.19,60.067,-118.4,-2.0771,24.431,4.527
3406,EZBC,Franklin Bitcoin ETF,Franklin Templeton,EZBC,Franklin Bitcoin ETF,BTC-USD,2025-06-12,61.83,500.0,0.19,60.067,-775.4,-2.8901,24.431,4.523
3407,EZBC,Franklin Bitcoin ETF,Franklin Templeton,EZBC,Franklin Bitcoin ETF,BTC-USD,2025-06-13,60.94,500.0,0.19,58.197,-254.6,-2.4076,22.561,4.554
3408,EZBC,Franklin Bitcoin ETF,Franklin Templeton,EZBC,Franklin Bitcoin ETF,BTC-USD,2025-06-16,63.02,500.0,0.19,56.239,-661.6,-2.8212,19.005,4.493
3409,EZBC,Franklin Bitcoin ETF,Franklin Templeton,EZBC,Franklin Bitcoin ETF,BTC-USD,2025-06-17,60.68,500.0,0.19,60.447,-319.4,-2.5057,19.005,4.468
3410,EZBC,Franklin Bitcoin ETF,Franklin Templeton,EZBC,Franklin Bitcoin ETF,BTC-USD,2025-06-18,60.18,500.0,0.19,64.366,-34.5,-1.5502,22.925,4.393
3411,EZBC,Franklin Bitcoin ETF,Franklin Templeton,EZBC,Franklin Bitcoin ETF,BTC-USD,2025-06-20,59.77,500.0,0.19,68.635,-182.0,-2.2625,27.193,4.483
3412,EZBC,Franklin Bitcoin ETF,Franklin Templeton,EZBC,Franklin Bitcoin ETF,BTC-USD,2025-06-23,59.78,500.0,0.19,68.635,325.3,2.5137,27.193,4.383
3413,EZBC,Franklin Bitcoin ETF,Franklin Templeton,EZBC,Franklin Bitcoin ETF,BTC-USD,2025-06-24,61.26,500.0,0.19,68.635,-156.2,-2.1966,27.193,4.29
3414,EZBC,Franklin Bitcoin ETF,Franklin Templeton,EZBC,Franklin Bitcoin ETF,BTC-USD,2025-06-25,62.47,500.0,0.19,72.542,-751.9,-2.8767,27.193,4.133
3415,EZBC,Franklin Bitcoin ETF,Franklin Templeton,EZBC,Franklin Bitcoin ETF,BTC-USD,2025-06-26,62.35,500.0,0.19,74.93,-826.3,-2.9176,29.58,4.081
3416,EZBC,Franklin Bitcoin ETF,Franklin Templeton,EZBC,Franklin Bitcoin ETF,BTC-USD,2025-06-27,61.91,500.0,0.19,68.965,-714.4,-2.8545,31.731,4.102
3417,EZBC,Franklin Bitcoin ETF,Franklin Templeton,EZBC,Franklin Bitcoin ETF,BTC-USD,2025-06-30,62.42,500.0,0.19,70.898,-480.4,-2.6825,33.664,3.79
3418,EZBC,Franklin Bitcoin ETF,Franklin Templeton,EZBC,Franklin Bitcoin ETF,BTC-USD,2025-07-01,60.98,500.0,0.19,79.889,-386.2,-2.588,33.664,3.796
3419,EZBC,Franklin Bitcoin ETF,Franklin Templeton,EZBC,Franklin Bitcoin ETF,BTC-USD,2025-07-02,63.59,500.0,0.19,77.55,-621.9,-2.7944,31.325,4.339
3420,EZBC,Franklin Bitcoin ETF,Franklin Templeton,EZBC,Franklin Bitcoin ETF,BTC-USD,2025-07-03,63.37,500.0,0.19,68.558,-126.5,-2.1054,31.325,4.434
3421,EZBC,Franklin Bitcoin ETF,Franklin Templeton,EZBC,Franklin Bitcoin ETF,BTC-USD,2025-07-07,62.59,500.0,0.19,59.108,-434.4,-2.6389,31.325,4.565
3422,EZBC,Franklin Bitcoin ETF,Franklin Templeton,EZBC,Franklin Bitcoin ETF,BTC-USD,2025-07-08,63.03,500.0,0.19,55.512,-350.3,-2.5456,28.663,4.562
3423,EZBC,Franklin Bitcoin ETF,Franklin Templeton,EZBC,Franklin Bitcoin ETF,BTC-USD,2025-07-09,64.81,500.0,0.19,52.719,-555.6,-2.7455,25.87,4.708
3424,EZBC,Franklin Bitcoin ETF,Franklin Templeton,EZBC,Franklin Bitcoin ETF,BTC-USD,2025-07-10,65.73,500.0,0.19,52.683,-166.3,-2.2235,25.87,4.753
3425,EZBC,Franklin Bitcoin ETF,Franklin Templeton,EZBC,Franklin Bitcoin ETF,BTC-USD,2025-07-11,68.49,500.0,0.19,52.719,-956.0,-2.9809,25.87,4.843
3426,EZBC,Franklin Bitcoin ETF,Franklin Templeton,EZBC,Franklin Bitcoin ETF,BTC-USD,2025-07-14,69.47,500.0,0.19,44.956,-1066.4,-3.0283,18.143,5.073
3427,EZBC,Franklin Bitcoin ETF,Franklin Templeton,EZBC,Franklin Bitcoin ETF,BTC-USD,2025-07-15,67.47,500.0,0.19,44.956,-531.4,-2.7262,18.143,5.184
3428,EZBC,Franklin Bitcoin ETF,Franklin Templeton,EZBC,Franklin Bitcoin ETF,BTC-USD,2025-07-16,69.16,500.0,0.19,44.956,-1099.9,-3.0418,18.143,5.29
3429,EZBC,Franklin Bitcoin ETF,Franklin Templeton,EZBC,Franklin Bitcoin ETF,BTC-USD,2025-07-17,68.99,500.0,0.19,47.776,-779.8,-2.8925,23.155,5.443
3430,EZBC,Franklin Bitcoin ETF,Franklin Templeton,EZBC,Franklin Bitcoin ETF,BTC-USD,2025-07-18,68.0,500.0,0.19,47.668,-798.9,-2.903,25.879,5.717
3431,EZBC,Franklin Bitcoin ETF,Franklin Templeton,EZBC,Franklin Bitcoin ETF,BTC-USD,2025-07-21,67.63,500.0,0.19,46.432,-476.8,-2.6792,26.578,6.064
3432,EZBC,Franklin Bitcoin ETF,Franklin Templeton,EZBC,Franklin Bitcoin ETF,BTC-USD,2025-07-22,69.15,500.0,0.19,48.547,-554.9,-2.745,23.926,6.065
3433,EZBC,Franklin Bitcoin ETF,Franklin Templeton,EZBC,Franklin Bitcoin ETF,BTC-USD,2025-07-23,68.62,500.0,0.19,49.696,-638.8,-2.8061,25.075,5.962
3434,EZBC,Franklin Bitcoin ETF,Franklin Templeton,EZBC,Franklin Bitcoin ETF,BTC-USD,2025-07-24,69.01,500.0,0.19,48.241,-714.9,-2.8549,25.075,6.199
3435,EZBC,Franklin Bitcoin ETF,Franklin Templeton,EZBC,Franklin Bitcoin ETF,BTC-USD,2025-07-25,67.72,500.0,0.19,44.964,-680.1,-2.8332,25.075,6.542
3436,EZBC,Franklin Bitcoin ETF,Franklin Templeton,EZBC,Franklin Bitcoin ETF,BTC-USD,2025-07-28,68.41,500.0,0.19,42.577,-725.7,-2.8614,22.687,6.747
3437,EZBC,Franklin Bitcoin ETF,Franklin Templeton,EZBC,Franklin Bitcoin ETF,BTC-USD,2025-07-29,68.05,500.0,0.19,45.306,-784.5,-2.8951,25.417,6.654
3438,EZBC,Franklin Bitcoin ETF,Franklin Templeton,EZBC,Franklin Bitcoin ETF,BTC-USD,2025-07-30,67.69,500.0,0.19,46.763,-577.1,-2.762,26.874,6.767
3439,EZBC,Franklin Bitcoin ETF,Franklin Templeton,EZBC,Franklin Bitcoin ETF,BTC-USD,2025-07-31,67.62,500.0,0.19,52.916,-702.3,-2.8472,33.531,6.686
3440,EZBC,Franklin Bitcoin ETF,Franklin Templeton,EZBC,Franklin Bitcoin ETF,BTC-USD,2025-08-01,65.49,500.0,0.19,50.308,-478.8,-2.681,33.531,6.85
3441,EZBC,Franklin Bitcoin ETF,Franklin Templeton,EZBC,Franklin Bitcoin ETF,BTC-USD,2025-08-04,66.46,500.0,0.19,56.5,-738.5,-2.8689,37.115,6.864
3442,EZBC,Franklin Bitcoin ETF,Franklin Templeton,EZBC,Franklin Bitcoin ETF,BTC-USD,2025-08-05,65.8,500.0,0.19,53.892,-553.3,-2.7437,37.115,6.931
3443,EZBC,Franklin Bitcoin ETF,Franklin Templeton,EZBC,Franklin Bitcoin ETF,BTC-USD,2025-08-06,66.77,500.0,0.19,54.065,-533.8,-2.7282,37.115,7.136
3444,EZBC,Franklin Bitcoin ETF,Franklin Templeton,EZBC,Franklin Bitcoin ETF,BTC-USD,2025-08-07,68.105,500.0,0.19,53.892,-598.6,-2.7779,37.115,7.488
3445,EZBC,Franklin Bitcoin ETF,Franklin Templeton,EZBC,Franklin Bitcoin ETF,BTC-USD,2025-08-08,67.41,500.0,0.19,58.032,-583.2,-2.7665,41.456,7.867
3446,EZBC,Franklin Bitcoin ETF,Franklin Templeton,EZBC,Franklin Bitcoin ETF,BTC-USD,2025-08-11,68.94,500.0,0.19,58.032,-987.1,-2.9948,41.456,7.828
3447,EZBC,Franklin Bitcoin ETF,Franklin Templeton,EZBC,Franklin Bitcoin ETF,BTC-USD,2025-08-12,69.31,500.0,0.19,60.735,-733.8,-2.8662,45.331,7.67
3448,EZBC,Franklin Bitcoin ETF,Franklin Templeton,EZBC,Franklin Bitcoin ETF,BTC-USD,2025-08-13,71.18,500.0,0.19,60.735,-916.1,-2.9624,45.331,7.718
3449,EZBC,Franklin Bitcoin ETF,Franklin Templeton,EZBC,Franklin Bitcoin ETF,BTC-USD,2025-08-14,68.33,500.0,0.19,60.735,-899.2,-2.9543,45.331,7.868
3450,EZBC,Franklin Bitcoin ETF,Franklin Templeton,EZBC,Franklin Bitcoin ETF,BTC-USD,2025-08-15,67.716,500.0,0.19,58.898,-755.4,-2.8788,42.321,7.79
3451,EZBC,Franklin Bitcoin ETF,Franklin Templeton,EZBC,Franklin Bitcoin ETF,BTC-USD,2025-08-18,67.34,500.0,0.19,56.174,-784.6,-2.8952,39.597,7.631
3452,EZBC,Franklin Bitcoin ETF,Franklin Templeton,EZBC,Franklin Bitcoin ETF,BTC-USD,2025-08-19,65.47,500.0,0.19,49.432,-1012.9,-3.006,32.785,7.908
3453,EZBC,Franklin Bitcoin ETF,Franklin Templeton,EZBC,Franklin Bitcoin ETF,BTC-USD,2025-08-20,66.18,500.0,0.19,50.874,-792.1,-2.8993,34.297,7.939
3454,EZBC,Franklin Bitcoin ETF,Franklin Templeton,EZBC,Franklin Bitcoin ETF,BTC-USD,2025-08-21,64.95,500.0,0.19,54.832,-606.1,-2.7832,38.255,7.969
3455,EZBC,Franklin Bitcoin ETF,Franklin Templeton,EZBC,Franklin Bitcoin ETF,BTC-USD,2025-08-22,67.57,500.0,0.19,58.613,-979.6,-2.9915,41.966,7.945
3456,EZBC,Franklin Bitcoin ETF,Franklin Templeton,EZBC,Franklin Bitcoin ETF,BTC-USD,2025-08-25,64.15,500.0,0.19,58.613,-190.0,-2.2809,41.966,7.874
3457,EZBC,Franklin Bitcoin ETF,Franklin Templeton,EZBC,Franklin Bitcoin ETF,BTC-USD,2025-08-26,64.34,500.0,0.19,58.613,-653.3,-2.8158,41.966,7.937
3458,EZBC,Franklin Bitcoin ETF,Franklin Templeton,EZBC,Franklin Bitcoin ETF,BTC-USD,2025-08-27,64.9,500.0,0.19,53.863,-768.5,-2.8862,37.086,7.91
3459,EZBC,Franklin Bitcoin ETF,Franklin Templeton,EZBC,Franklin Bitcoin ETF,BTC-USD,2025-08-28,64.81,500.0,0.19,49.182,-825.9,-2.9175,32.405,7.741
3460,EZBC,Franklin Bitcoin ETF,Franklin Templeton,EZBC,Franklin Bitcoin ETF,BTC-USD,2025-08-29,62.65,500.0,0.19,42.698,-567.5,-2.7548,25.748,8.024
3461,EZBC,Franklin Bitcoin ETF,Franklin Templeton,EZBC,Franklin Bitcoin ETF,BTC-USD,2025-09-02,64.17,500.0,0.19,46.483,-536.8,-2.7306,25.748,7.587
3462,EZBC,Franklin Bitcoin ETF,Franklin Templeton,EZBC,Franklin Bitcoin ETF,BTC-USD,2025-09-03,65.0,500.0,0.19,42.899,-778.0,-2.8915,22.164,7.527
3463,EZBC,Franklin Bitcoin ETF,Franklin Templeton,EZBC,Franklin Bitcoin ETF,BTC-USD,2025-09-04,63.58,500.0,0.19,43.98,-473.5,-2.6763,22.164,7.484
3464,EZBC,Franklin Bitcoin ETF,Franklin Templeton,EZBC,Franklin Bitcoin ETF,BTC-USD,2025-09-05,64.61,500.0,0.19,46.375,-980.6,-2.9919,22.164,7.38
3465,EZBC,Franklin Bitcoin ETF,Franklin Templeton,EZBC,Franklin Bitcoin ETF,BTC-USD,2025-09-08,64.91,500.0,0.19,47.952,-566.6,-2.754,23.742,7.183
3466,EZBC,Franklin Bitcoin ETF,Franklin Templeton,EZBC,Franklin Bitcoin ETF,BTC-USD,2025-09-09,64.46,500.0,0.19,45.69,-456.5,-2.6604,21.479,6.797
3467,EZBC,Franklin Bitcoin ETF,Franklin Templeton,EZBC,Franklin Bitcoin ETF,BTC-USD,2025-09-10,65.81,500.0,0.19,43.296,-502.8,-2.7023,21.479,7.057
3468,EZBC,Franklin Bitcoin ETF,Franklin Templeton,EZBC,Franklin Bitcoin ETF,BTC-USD,2025-09-11,66.31,500.0,0.19,40.26,-655.2,-2.817,18.443,7.123
3469,EZBC,Franklin Bitcoin ETF,Franklin Templeton,EZBC,Franklin Bitcoin ETF,BTC-USD,2025-09-12,67.69,500.0,0.19,40.26,-1021.8,-3.0098,18.443,7.107
3470,EZBC,Franklin Bitcoin ETF,Franklin Templeton,EZBC,Franklin Bitcoin ETF,BTC-USD,2025-09-15,66.78,500.0,0.19,39.287,-470.8,-2.6737,18.443,6.981
3471,EZBC,Franklin Bitcoin ETF,Franklin Templeton,EZBC,Franklin Bitcoin ETF,BTC-USD,2025-09-16,67.68,500.0,0.19,37.175,-545.4,-2.7375,16.441,7.211
3472,EZBC,Franklin Bitcoin ETF,Franklin Templeton,EZBC,Franklin Bitcoin ETF,BTC-USD,2025-09-17,66.97,500.0,0.19,41.696,-619.2,-2.7925,20.961,7.389
3473,EZBC,Franklin Bitcoin ETF,Franklin Templeton,EZBC,Franklin Bitcoin ETF,BTC-USD,2025-09-18,68.06,500.0,0.19,41.696,-1039.1,-3.0171,20.961,7.021
3474,EZBC,Franklin Bitcoin ETF,Franklin Templeton,EZBC,Franklin Bitcoin ETF,BTC-USD,2025-09-19,66.63,500.0,0.19,38.567,-552.9,-2.7435,17.832,7.352
3475,EZBC,Franklin Bitcoin ETF,Franklin Templeton,EZBC,Franklin Bitcoin ETF,BTC-USD,2025-09-22,64.92,500.0,0.19,33.461,-551.8,-2.7425,12.726,7.482
3476,EZBC,Franklin Bitcoin ETF,Franklin Templeton,EZBC,Franklin Bitcoin ETF,BTC-USD,2025-09-23,64.63,500.0,0.19,33.058,-370.2,-2.5696,12.647,7.29
3477,EZBC,Franklin Bitcoin ETF,Franklin Templeton,EZBC,Franklin Bitcoin ETF,BTC-USD,2025-09-24,65.67,500.0,0.19,33.058,-480.6,-2.6827,12.647,7.19
3478,EZBC,Franklin Bitcoin ETF,Franklin Templeton,EZBC,Franklin Bitcoin ETF,BTC-USD,2025-09-25,63.31,500.0,0.19,33.382,-717.8,-2.8566,12.647,7.471
3479,EZBC,Franklin Bitcoin ETF,Franklin Templeton,EZBC,Franklin Bitcoin ETF,BTC-USD,2025-09-26,63.2,500.0,0.19,36.81,-519.2,-2.7161,16.399,7.683
3480,EZBC,Franklin Bitcoin ETF,Franklin Templeton,EZBC,Franklin Bitcoin ETF,BTC-USD,2025-09-29,66.23,500.0,0.19,36.81,-788.4,-2.8973,16.399,8.928
3481,EZBC,Franklin Bitcoin ETF,Franklin Templeton,EZBC,Franklin Bitcoin ETF,BTC-USD,2025-09-30,66.21,500.0,0.19,39.25,-743.8,-2.872,21.666,9.398
3482,EZBC,Franklin Bitcoin ETF,Franklin Templeton,EZBC,Franklin Bitcoin ETF,BTC-USD,2025-10-01,68.05,500.0,0.19,39.25,-545.8,-2.7378,21.666,9.518
3483,EZBC,Franklin Bitcoin ETF,Franklin Templeton,EZBC,Franklin Bitcoin ETF,BTC-USD,2025-10-02,70.07,500.0,0.19,39.25,256.1,2.4102,21.666,10.015
3484,EZBC,Franklin Bitcoin ETF,Franklin Templeton,EZBC,Franklin Bitcoin ETF,BTC-USD,2025-10-03,71.17,500.0,0.19,37.754,-1146.4,-3.0597,21.666,10.819
3485,EZBC,Franklin Bitcoin ETF,Franklin Templeton,EZBC,Franklin Bitcoin ETF,BTC-USD,2025-10-06,72.69,500.0,0.19,36.987,-836.8,-2.9231,21.666,11.546
3486,EZBC,Franklin Bitcoin ETF,Franklin Templeton,EZBC,Franklin Bitcoin ETF,BTC-USD,2025-10-07,70.39,500.0,0.19,35.41,-1114.5,-3.0475,20.088,13.106
3487,EZBC,Franklin Bitcoin ETF,Franklin Templeton,EZBC,Franklin Bitcoin ETF,BTC-USD,2025-10-08,71.45,500.0,0.19,39.386,-758.3,-2.8804,24.064,14.037
3488,EZBC,Franklin Bitcoin ETF,Franklin Templeton,EZBC,Franklin Bitcoin ETF,BTC-USD,2025-10-09,70.09,500.0,0.19,39.947,-670.8,-2.8272,24.996,14.409
3489,EZBC,Franklin Bitcoin ETF,Franklin Templeton,EZBC,Franklin Bitcoin ETF,BTC-USD,2025-10-10,67.47,500.0,0.19,39.548,-1250.5,-3.0974,24.597,15.777
3490,EZBC,Franklin Bitcoin ETF,Franklin Templeton,EZBC,Franklin Bitcoin ETF,BTC-USD,2025-10-13,67.1,500.0,0.19,38.563,-627.3,-2.7982,24.597,17.222
3491,EZBC,Franklin Bitcoin ETF,Franklin Templeton,EZBC,Franklin Bitcoin ETF,BTC-USD,2025-10-14,65.2,500.0,0.19,35.763,-382.8,-2.5841,24.597,18.796
3492,EZBC,Franklin Bitcoin ETF,Franklin Templeton,EZBC,Franklin Bitcoin ETF,BTC-USD,2025-10-15,64.42,500.0,0.19,41.421,-518.2,-2.7153,30.601,19.582
3493,EZBC,Franklin Bitcoin ETF,Franklin Templeton,EZBC,Franklin Bitcoin ETF,BTC-USD,2025-10-16,62.63,500.0,0.19,36.901,-381.8,-2.583,26.08,20.693
3494,EZBC,Franklin Bitcoin ETF,Franklin Templeton,EZBC,Franklin Bitcoin ETF,BTC-USD,2025-10-17,61.63,500.0,0.19,35.81,-408.5,-2.6123,26.08,22.074
3495,EZBC,Franklin Bitcoin ETF,Franklin Templeton,EZBC,Franklin Bitcoin ETF,BTC-USD,2025-10-20,64.19,500.0,0.19,35.81,-524.3,-2.7204,26.08,22.342
3496,EZBC,Franklin Bitcoin ETF,Franklin Templeton,EZBC,Franklin Bitcoin ETF,BTC-USD,2025-10-21,64.79,500.0,0.19,37.43,-1330.8,-3.1244,28.953,22.671
3497,EZBC,Franklin Bitcoin ETF,Franklin Templeton,EZBC,Franklin Bitcoin ETF,BTC-USD,2025-10-22,62.39,500.0,0.19,33.798,-326.4,-2.5151,25.321,23.202
3498,EZBC,Franklin Bitcoin ETF,Franklin Templeton,EZBC,Franklin Bitcoin ETF,BTC-USD,2025-10-23,63.82,500.0,0.19,33.798,-429.5,-2.634,25.321,23.221
3499,EZBC,Franklin Bitcoin ETF,Franklin Templeton,EZBC,Franklin Bitcoin ETF,BTC-USD,2025-10-24,64.05,500.0,0.19,37.047,-110.2,-2.0462,29.444,22.823
3500,EZBC,Franklin Bitcoin ETF,Franklin Templeton,EZBC,Franklin Bitcoin ETF,BTC-USD,2025-10-27,66.57,500.0,0.19,34.169,-586.3,-2.7689,25.692,22.881
3501,EZBC,Franklin Bitcoin ETF,Franklin Templeton,EZBC,Franklin Bitcoin ETF,BTC-USD,2025-10-28,65.82,500.0,0.19,37.179,-285.9,-2.4578,28.702,21.838
3502,EZBC,Franklin Bitcoin ETF,Franklin Templeton,EZBC,Franklin Bitcoin ETF,BTC-USD,2025-10-29,64.03,500.0,0.19,33.165,-449.4,-2.6536,23.436,21.64
3503,EZBC,Franklin Bitcoin ETF,Franklin Templeton,EZBC,Franklin Bitcoin ETF,BTC-USD,2025-10-30,61.61,500.0,0.19,33.165,99.8,2.0036,23.436,21.534
3504,EZBC,Franklin Bitcoin ETF,Franklin Templeton,EZBC,Franklin Bitcoin ETF,BTC-USD,2025-10-31,63.5,500.0,0.19,33.165,-291.8,-2.4665,23.436,21.17
3505,EZBC,Franklin Bitcoin ETF,Franklin Templeton,EZBC,Franklin Bitcoin ETF,BTC-USD,2025-11-03,61.71,500.0,0.19,34.256,-363.0,-2.5612,23.436,20.547
3506,EZBC,Franklin Bitcoin ETF,Franklin Templeton,EZBC,Franklin Bitcoin ETF,BTC-USD,2025-11-04,58.27,500.0,0.19,34.602,-368.3,-2.5674,23.436,20.949
3507,EZBC,Franklin Bitcoin ETF,Franklin Templeton,EZBC,Franklin Bitcoin ETF,BTC-USD,2025-11-05,60.09,500.0,0.19,45.003,-342.0,-2.5353,29.282,19.775
3508,EZBC,Franklin Bitcoin ETF,Franklin Templeton,EZBC,Franklin Bitcoin ETF,BTC-USD,2025-11-06,58.4,500.0,0.19,40.667,-333.3,-2.5242,23.228,19.053
3509,EZBC,Franklin Bitcoin ETF,Franklin Templeton,EZBC,Franklin Bitcoin ETF,BTC-USD,2025-11-07,60.02,500.0,0.19,47.693,-75.8,-1.8856,30.254,19.141
3510,EZBC,Franklin Bitcoin ETF,Franklin Templeton,EZBC,Franklin Bitcoin ETF,BTC-USD,2025-11-10,61.37,500.0,0.19,48.209,-299.2,-2.4774,29.814,18.014
3511,EZBC,Franklin Bitcoin ETF,Franklin Templeton,EZBC,Franklin Bitcoin ETF,BTC-USD,2025-11-11,59.49,500.0,0.19,48.825,127.8,2.1098,29.814,16.483
3512,EZBC,Franklin Bitcoin ETF,Franklin Templeton,EZBC,Franklin Bitcoin ETF,BTC-USD,2025-11-12,58.74,500.0,0.19,53.517,-50.5,-1.7114,34.507,15.037
3513,EZBC,Franklin Bitcoin ETF,Franklin Templeton,EZBC,Franklin Bitcoin ETF,BTC-USD,2025-11-13,56.72,500.0,0.19,49.151,216.7,2.3379,28.503,14.632
3514,EZBC,Franklin Bitcoin ETF,Franklin Templeton,EZBC,Franklin Bitcoin ETF,BTC-USD,2025-11-14,54.54,500.0,0.19,49.151,198.5,2.2999,28.503,14.311
3515,EZBC,Franklin Bitcoin ETF,Franklin Templeton,EZBC,Franklin Bitcoin ETF,BTC-USD,2025-11-17,53.15,500.0,0.19,49.151,160.8,2.209,28.503,14.348
3516,EZBC,Franklin Bitcoin ETF,Franklin Templeton,EZBC,Franklin Bitcoin ETF,BTC-USD,2025-11-18,53.71,500.0,0.19,55.416,229.3,2.3623,36.406,14.499
3517,EZBC,Franklin Bitcoin ETF,Franklin Templeton,EZBC,Franklin Bitcoin ETF,BTC-USD,2025-11-19,51.76,500.0,0.19,53.463,460.8,2.6644,33.533,14.736
3518,EZBC,Franklin Bitcoin ETF,Franklin Templeton,EZBC,Franklin Bitcoin ETF,BTC-USD,2025-11-20,49.96,500.0,0.19,56.803,290.8,2.4651,37.793,15.325
3519,EZBC,Franklin Bitcoin ETF,Franklin Templeton,EZBC,Franklin Bitcoin ETF,BTC-USD,2025-11-21,48.94,500.0,0.19,56.187,622.7,2.795,37.793,16.784
3520,EZBC,Franklin Bitcoin ETF,Franklin Templeton,EZBC,Franklin Bitcoin ETF,BTC-USD,2025-11-24,51.57,500.0,0.19,52.68,237.8,2.3781,33.67,16.957
3521,EZBC,Franklin Bitcoin ETF,Franklin Templeton,EZBC,Franklin Bitcoin ETF,BTC-USD,2025-11-25,50.55,500.0,0.19,58.09,65.4,1.8218,39.695,17.142
3522,EZBC,Franklin Bitcoin ETF,Franklin Templeton,EZBC,Franklin Bitcoin ETF,BTC-USD,2025-11-26,52.02,500.0,0.19,55.079,314.7,2.4993,36.685,17.622
3523,EZBC,Franklin Bitcoin ETF,Franklin Templeton,EZBC,Franklin Bitcoin ETF,BTC-USD,2025-11-28,52.47,500.0,0.19,54.124,277.5,2.4448,36.685,17.205
3524,EZBC,Franklin Bitcoin ETF,Franklin Templeton,EZBC,Franklin Bitcoin ETF,BTC-USD,2025-12-01,49.5,500.0,0.19,54.124,114.0,2.0609,36.685,17.355
3525,EZBC,Franklin Bitcoin ETF,Franklin Templeton,EZBC,Franklin Bitcoin ETF,BTC-USD,2025-12-02,52.72,500.0,0.19,54.124,382.1,2.5833,36.685,17.871
3526,EZBC,Franklin Bitcoin ETF,Franklin Templeton,EZBC,Franklin Bitcoin ETF,BTC-USD,2025-12-03,53.82,500.0,0.19,54.124,294.8,2.471,36.685,17.854
3527,EZBC,Franklin Bitcoin ETF,Franklin Templeton,EZBC,Franklin Bitcoin ETF,BTC-USD,2025-12-04,53.55,500.0,0.19,56.037,37.8,1.5893,39.449,16.744
3528,EZBC,Franklin Bitcoin ETF,Franklin Templeton,EZBC,Franklin Bitcoin ETF,BTC-USD,2025-12-05,51.7,500.0,0.19,50.19,139.6,2.148,33.602,16.502
3529,EZBC,Franklin Bitcoin ETF,Franklin Templeton,EZBC,Franklin Bitcoin ETF,BTC-USD,2025-12-08,52.56,500.0,0.19,53.731,-35.5,-1.5627,37.144,16.257
3530,EZBC,Franklin Bitcoin ETF,Franklin Templeton,EZBC,Franklin Bitcoin ETF,BTC-USD,2025-12-09,53.91,500.0,0.19,45.979,60.0,1.785,29.391,16.338
3531,EZBC,Franklin Bitcoin ETF,Franklin Templeton,EZBC,Franklin Bitcoin ETF,BTC-USD,2025-12-10,53.55,500.0,0.19,53.653,153.9,2.1901,38.873,16.147
3532,EZBC,Franklin Bitcoin ETF,Franklin Templeton,EZBC,Franklin Bitcoin ETF,BTC-USD,2025-12-11,53.14,500.0,0.19,53.429,449.1,2.6533,38.873,16.42
3533,EZBC,Franklin Bitcoin ETF,Franklin Templeton,EZBC,Franklin Bitcoin ETF,BTC-USD,2025-12-12,52.19,500.0,0.19,57.723,17.6,1.2689,42.943,16.284
3534,EZBC,Franklin Bitcoin ETF,Franklin Templeton,EZBC,Franklin Bitcoin ETF,BTC-USD,2025-12-15,49.62,500.0,0.19,57.723,734.1,2.8663,42.943,16.219
3535,EZBC,Franklin Bitcoin ETF,Franklin Templeton,EZBC,Franklin Bitcoin ETF,BTC-USD,2025-12-16,50.69,500.0,0.19,61.6,228.4,2.3607,45.012,15.334
3536,EZBC,Franklin Bitcoin ETF,Franklin Templeton,EZBC,Franklin Bitcoin ETF,BTC-USD,2025-12-17,49.68,500.0,0.19,63.546,36.8,1.5777,46.958,14.222
3537,EZBC,Franklin Bitcoin ETF,Franklin Templeton,EZBC,Franklin Bitcoin ETF,BTC-USD,2025-12-18,48.96,500.0,0.19,69.731,291.7,2.4664,53.143,13.901
3538,EZBC,Franklin Bitcoin ETF,Franklin Templeton,EZBC,Franklin Bitcoin ETF,BTC-USD,2025-12-19,50.93,500.0,0.19,76.571,-254.4,-2.4072,59.984,13.58
3539,EZBC,Franklin Bitcoin ETF,Franklin Templeton,EZBC,Franklin Bitcoin ETF,BTC-USD,2025-12-22,51.08,500.0,0.19,72.488,188.9,2.2785,55.9,12.781
3540,EZBC,Franklin Bitcoin ETF,Franklin Templeton,EZBC,Franklin Bitcoin ETF,BTC-USD,2025-12-23,50.69,500.0,0.19,72.488,290.1,2.4641,55.9,11.681
3541,EZBC,Franklin Bitcoin ETF,Franklin Templeton,EZBC,Franklin Bitcoin ETF,BTC-USD,2025-12-24,50.47,500.0,0.19,73.345,444.7,2.649,58.789,11.505
3542,EZBC,Franklin Bitcoin ETF,Franklin Templeton,EZBC,Franklin Bitcoin ETF,BTC-USD,2025-12-26,50.6,500.0,0.19,66.81,161.4,2.2105,53.004,11.205
3543,EZBC,Franklin Bitcoin ETF,Franklin Templeton,EZBC,Franklin Bitcoin ETF,BTC-USD,2025-12-29,50.35,500.0,0.19,68.846,380.0,2.5809,55.936,10.674
3544,EZBC,Franklin Bitcoin ETF,Franklin Templeton,EZBC,Franklin Bitcoin ETF,BTC-USD,2025-12-30,50.8,500.0,0.19,67.836,262.2,2.4203,55.936,11.456
3545,EZBC,Franklin Bitcoin ETF,Franklin Templeton,EZBC,Franklin Bitcoin ETF,BTC-USD,2025-12-31,50.6,500.0,0.19,68.275,450.1,2.6543,57.883,12.361
3546,EZBC,Franklin Bitcoin ETF,Franklin Templeton,EZBC,Franklin Bitcoin ETF,BTC-USD,2026-01-02,51.91,500.0,0.19,67.057,283.7,2.4544,57.883,14.509
3547,EZBC,Franklin Bitcoin ETF,Franklin Templeton,EZBC,Franklin Bitcoin ETF,BTC-USD,2026-01-05,54.49,500.0,0.19,67.057,123.4,2.0949,57.883,15.877
3548,EZBC,Franklin Bitcoin ETF,Franklin Templeton,EZBC,Franklin Bitcoin ETF,BTC-USD,2026-01-06,53.5,500.0,0.19,70.327,495.3,2.6958,60.115,16.406
3549,EZBC,Franklin Bitcoin ETF,Franklin Templeton,EZBC,Franklin Bitcoin ETF,BTC-USD,2026-01-07,52.57,500.0,0.19,70.327,491.9,2.6927,60.115,16.283
3550,EZBC,Franklin Bitcoin ETF,Franklin Templeton,EZBC,Franklin Bitcoin ETF,BTC-USD,2026-01-08,52.56,500.0,0.19,65.749,55.1,1.7493,56.574,16.373
3551,EZBC,Franklin Bitcoin ETF,Franklin Templeton,EZBC,Franklin Bitcoin ETF,BTC-USD,2026-01-09,52.18,500.0,0.19,69.508,691.9,2.8407,60.333,15.725
3552,EZBC,Franklin Bitcoin ETF,Franklin Templeton,EZBC,Franklin Bitcoin ETF,BTC-USD,2026-01-12,52.9,500.0,0.19,66.019,542.2,2.735,57.927,16.26
3553,EZBC,Franklin Bitcoin ETF,Franklin Templeton,EZBC,Franklin Bitcoin ETF,BTC-USD,2026-01-13,54.67,500.0,0.19,67.102,502.7,2.7021,57.927,16.825
3554,EZBC,Franklin Bitcoin ETF,Franklin Templeton,EZBC,Franklin Bitcoin ETF,BTC-USD,2026-01-14,56.535,500.0,0.19,58.34,541.1,2.7341,49.165,17.035
3555,EZBC,Franklin Bitcoin ETF,Franklin Templeton,EZBC,Franklin Bitcoin ETF,BTC-USD,2026-01-15,55.09,500.0,0.19,60.844,634.5,2.8031,51.67,17.151
3556,EZBC,Franklin Bitcoin ETF,Franklin Templeton,EZBC,Franklin Bitcoin ETF,BTC-USD,2026-01-16,55.26,500.0,0.19,57.692,462.4,2.6659,49.6,18.498
3557,EZBC,Franklin Bitcoin ETF,Franklin Templeton,EZBC,Franklin Bitcoin ETF,BTC-USD,2026-01-20,51.81,500.0,0.19,55.746,118.2,2.0763,47.654,19.169
3558,EZBC,Franklin Bitcoin ETF,Franklin Templeton,EZBC,Franklin Bitcoin ETF,BTC-USD,2026-01-21,52.15,500.0,0.19,41.643,308.8,2.4911,33.567,20.128
3559,EZBC,Franklin Bitcoin ETF,Franklin Templeton,EZBC,Franklin Bitcoin ETF,BTC-USD,2026-01-22,51.69,500.0,0.19,38.33,528.7,2.724,30.577,20.408
3560,EZBC,Franklin Bitcoin ETF,Franklin Templeton,EZBC,Franklin Bitcoin ETF,BTC-USD,2026-01-23,51.74,500.0,0.19,42.512,687.4,2.8379,34.758,20.291
3561,EZBC,Franklin Bitcoin ETF,Franklin Templeton,EZBC,Franklin Bitcoin ETF,BTC-USD,2026-01-26,50.62,500.0,0.19,42.834,572.2,2.7583,34.758,20.165
3562,EZBC,Franklin Bitcoin ETF,Franklin Templeton,EZBC,Franklin Bitcoin ETF,BTC-USD,2026-01-27,51.67,500.0,0.19,46.041,514.1,2.7119,37.964,20.386
3563,EZBC,Franklin Bitcoin ETF,Franklin Templeton,EZBC,Franklin Bitcoin ETF,BTC-USD,2026-01-28,51.46,500.0,0.19,47.152,508.9,2.7075,37.724,20.193
3564,EZBC,Franklin Bitcoin ETF,Franklin Templeton,EZBC,Franklin Bitcoin ETF,BTC-USD,2026-01-29,48.58,500.0,0.19,45.005,494.5,2.695,34.792,20.558
3565,EZBC,Franklin Bitcoin ETF,Franklin Templeton,EZBC,Franklin Bitcoin ETF,BTC-USD,2026-01-30,48.47,500.0,0.19,45.005,710.8,2.8523,34.792,20.16
3566,EZBC,Franklin Bitcoin ETF,Franklin Templeton,EZBC,Franklin Bitcoin ETF,BTC-USD,2026-02-02,45.1,500.0,0.19,44.873,533.5,2.7279,32.845,20.934
3567,EZBC,Franklin Bitcoin ETF,Franklin Templeton,EZBC,Franklin Bitcoin ETF,BTC-USD,2026-02-03,44.19,500.0,0.19,44.873,190.5,2.2821,32.845,19.043
3568,EZBC,Franklin Bitcoin ETF,Franklin Templeton,EZBC,Franklin Bitcoin ETF,BTC-USD,2026-02-04,42.415,500.0,0.19,48.743,256.4,2.4107,36.716,18.436
3569,EZBC,Franklin Bitcoin ETF,Franklin Templeton,EZBC,Franklin Bitcoin ETF,BTC-USD,2026-02-05,36.8,500.0,0.19,46.105,307.9,2.4898,31.719,19.222
3570,EZBC,Franklin Bitcoin ETF,Franklin Templeton,EZBC,Franklin Bitcoin ETF,BTC-USD,2026-02-06,40.49,500.0,0.19,50.472,638.4,2.8058,36.086,19.989
3571,EZBC,Franklin Bitcoin ETF,Franklin Templeton,EZBC,Franklin Bitcoin ETF,BTC-USD,2026-02-09,40.93,500.0,0.19,62.012,220.6,2.3455,47.626,20.254
3572,EZBC,Franklin Bitcoin ETF,Franklin Templeton,EZBC,Franklin Bitcoin ETF,BTC-USD,2026-02-10,39.77,500.0,0.19,59.939,584.4,2.7674,45.187,20.189
3573,EZBC,Franklin Bitcoin ETF,Franklin Templeton,EZBC,Franklin Bitcoin ETF,BTC-USD,2026-02-11,39.06,500.0,0.19,52.942,346.5,2.5409,38.111,19.905
3574,EZBC,Franklin Bitcoin ETF,Franklin Templeton,EZBC,Franklin Bitcoin ETF,BTC-USD,2026-02-12,37.77,500.0,0.19,68.218,878.1,2.9441,52.855,19.322
3575,EZBC,Franklin Bitcoin ETF,Franklin Templeton,EZBC,Franklin Bitcoin ETF,BTC-USD,2026-02-13,39.78,500.0,0.19,68.218,498.8,2.6988,52.855,19.565
3576,EZBC,Franklin Bitcoin ETF,Franklin Templeton,EZBC,Franklin Bitcoin ETF,BTC-USD,2026-02-17,39.18,500.0,0.19,68.837,385.8,2.5875,53.474,19.353
3577,EZBC,Franklin Bitcoin ETF,Franklin Templeton,EZBC,Franklin Bitcoin ETF,BTC-USD,2026-02-18,38.28,500.0,0.19,78.284,611.7,2.7872,61.585,17.877
3578,EZBC,Franklin Bitcoin ETF,Franklin Templeton,EZBC,Franklin Bitcoin ETF,BTC-USD,2026-02-19,38.81,500.0,0.19,82.029,459.6,2.6634,65.33,16.581
3579,EZBC,Franklin Bitcoin ETF,Franklin Templeton,EZBC,Franklin Bitcoin ETF,BTC-USD,2026-02-20,39.16,500.0,0.19,82.029,560.1,2.749,65.33,15.14
3580,EZBC,Franklin Bitcoin ETF,Franklin Templeton,EZBC,Franklin Bitcoin ETF,BTC-USD,2026-02-23,37.26,500.0,0.19,81.024,510.7,2.709,61.48,14.5
3581,EZBC,Franklin Bitcoin ETF,Franklin Templeton,EZBC,Franklin Bitcoin ETF,BTC-USD,2026-02-24,37.29,500.0,0.19,76.667,412.4,2.6163,57.122,14.279
3582,EZBC,Franklin Bitcoin ETF,Franklin Templeton,EZBC,Franklin Bitcoin ETF,BTC-USD,2026-02-25,40.02,500.0,0.19,77.614,187.2,2.2747,57.122,14.039
3583,EZBC,Franklin Bitcoin ETF,Franklin Templeton,EZBC,Franklin Bitcoin ETF,BTC-USD,2026-02-26,38.98,500.0,0.19,74.613,352.1,2.5479,57.914,14.607
3584,EZBC,Franklin Bitcoin ETF,Franklin Templeton,EZBC,Franklin Bitcoin ETF,BTC-USD,2026-02-27,37.94,500.0,0.19,90.361,709.9,2.8518,57.914,14.809
3585,EZBC,Franklin Bitcoin ETF,Franklin Templeton,EZBC,Franklin Bitcoin ETF,BTC-USD,2026-03-02,39.99,500.0,0.19,78.798,236.7,2.376,57.914,15.352
3586,EZBC,Franklin Bitcoin ETF,Franklin Templeton,EZBC,Franklin Bitcoin ETF,BTC-USD,2026-03-03,39.45,500.0,0.19,90.988,383.9,2.5853,70.103,15.127
3587,EZBC,Franklin Bitcoin ETF,Franklin Templeton,EZBC,Franklin Bitcoin ETF,BTC-USD,2026-03-04,42.29,500.0,0.19,102.55,221.9,2.3482,70.103,13.661
3588,EZBC,Franklin Bitcoin ETF,Franklin Templeton,EZBC,Franklin Bitcoin ETF,BTC-USD,2026-03-05,41.21,500.0,0.19,103.355,405.7,2.6093,70.908,13.231
3589,EZBC,Franklin Bitcoin ETF,Franklin Templeton,EZBC,Franklin Bitcoin ETF,BTC-USD,2026-03-06,39.36,500.0,0.19,100.427,297.9,2.4755,67.037,12.313
3590,EZBC,Franklin Bitcoin ETF,Franklin Templeton,EZBC,Franklin Bitcoin ETF,BTC-USD,2026-03-09,39.93,500.0,0.19,99.65,419.8,2.6241,67.203,10.988
3591,EZBC,Franklin Bitcoin ETF,Franklin Templeton,EZBC,Franklin Bitcoin ETF,BTC-USD,2026-03-10,40.53,500.0,0.19,84.593,398.6,2.6016,62.836,10.199
3592,EZBC,Franklin Bitcoin ETF,Franklin Templeton,EZBC,Franklin Bitcoin ETF,BTC-USD,2026-03-11,40.87,500.0,0.19,81.621,262.1,2.42,59.864,9.961
3593,EZBC,Franklin Bitcoin ETF,Franklin Templeton,EZBC,Franklin Bitcoin ETF,BTC-USD,2026-03-12,40.74,500.0,0.19,80.385,407.6,2.6113,59.501,9.806
3594,EZBC,Franklin Bitcoin ETF,Franklin Templeton,EZBC,Franklin Bitcoin ETF,BTC-USD,2026-03-13,41.19,500.0,0.19,80.385,212.6,2.3296,59.501,9.86
3595,EZBC,Franklin Bitcoin ETF,Franklin Templeton,EZBC,Franklin Bitcoin ETF,BTC-USD,2026-03-16,42.79,500.0,0.19,65.641,789.2,2.8978,44.757,9.64
3596,EZBC,Franklin Bitcoin ETF,Franklin Templeton,EZBC,Franklin Bitcoin ETF,BTC-USD,2026-03-17,43.13,500.0,0.19,65.684,225.4,2.355,47.177,9.15
3597,EZBC,Franklin Bitcoin ETF,Franklin Templeton,EZBC,Franklin Bitcoin ETF,BTC-USD,2026-03-18,41.09,500.0,0.19,64.937,527.6,2.7231,44.053,8.701
3598,EZBC,Franklin Bitcoin ETF,Franklin Templeton,EZBC,Franklin Bitcoin ETF,BTC-USD,2026-03-19,40.63,500.0,0.19,56.827,243.5,2.3882,35.943,8.661
3599,EZBC,Franklin Bitcoin ETF,Franklin Templeton,EZBC,Franklin Bitcoin ETF,BTC-USD,2026-03-20,40.59,500.0,0.19,55.303,641.2,2.8077,36.796,8.658
3600,EZBC,Franklin Bitcoin ETF,Franklin Templeton,EZBC,Franklin Bitcoin ETF,BTC-USD,2026-03-23,40.84,500.0,0.19,57.68,439.9,2.6443,36.796,8.522
3601,EZBC,Franklin Bitcoin ETF,Franklin Templeton,EZBC,Franklin Bitcoin ETF,BTC-USD,2026-03-24,40.07,500.0,0.19,57.68,691.8,2.8406,36.796,8.632
3602,EZBC,Franklin Bitcoin ETF,Franklin Templeton,EZBC,Franklin Bitcoin ETF,BTC-USD,2026-03-25,40.98,500.0,0.19,57.736,493.2,2.6939,36.796,8.569
3603,EZBC,Franklin Bitcoin ETF,Franklin Templeton,EZBC,Franklin Bitcoin ETF,BTC-USD,2026-03-26,39.61,500.0,0.19,57.736,578.7,2.7632,36.796,8.467
3604,EZBC,Franklin Bitcoin ETF,Franklin Templeton,EZBC,Franklin Bitcoin ETF,BTC-USD,2026-03-27,38.15,500.0,0.19,51.666,642.6,2.8086,29.909,7.677
3605,EZBC,Franklin Bitcoin ETF,Franklin Templeton,EZBC,Franklin Bitcoin ETF,BTC-USD,2026-03-30,38.46,500.0,0.19,50.849,433.6,2.6381,29.909,7.759
3606,EZBC,Franklin Bitcoin ETF,Franklin Templeton,EZBC,Franklin Bitcoin ETF,BTC-USD,2026-03-31,39.19,500.0,0.19,57.292,630.5,2.8004,36.352,7.329
3607,EZBC,Franklin Bitcoin ETF,Franklin Templeton,EZBC,Franklin Bitcoin ETF,BTC-USD,2026-04-01,39.42,500.0,0.19,45.103,521.8,2.7183,24.163,7.073
3608,EZBC,Franklin Bitcoin ETF,Franklin Templeton,EZBC,Franklin Bitcoin ETF,BTC-USD,2026-04-02,38.75,500.0,0.19,45.103,333.5,2.5244,24.163,6.519
3609,EZBC,Franklin Bitcoin ETF,Franklin Templeton,EZBC,Franklin Bitcoin ETF,BTC-USD,2026-04-06,40.32,500.0,0.19,45.115,362.5,2.5606,23.358,6.474
3610,EZBC,Franklin Bitcoin ETF,Franklin Templeton,EZBC,Franklin Bitcoin ETF,BTC-USD,2026-04-07,39.89,500.0,0.19,45.115,1446.6,3.1606,23.358,6.365
3611,EZBC,Franklin Bitcoin ETF,Franklin Templeton,EZBC,Franklin Bitcoin ETF,BTC-USD,2026-04-08,41.26,500.0,0.19,48.684,589.6,2.7713,23.193,6.222
3612,EZBC,Franklin Bitcoin ETF,Franklin Templeton,EZBC,Franklin Bitcoin ETF,BTC-USD,2026-04-09,41.71,500.0,0.19,61.219,425.5,2.6299,33.361,5.908
3613,EZBC,Franklin Bitcoin ETF,Franklin Templeton,EZBC,Franklin Bitcoin ETF,BTC-USD,2026-04-10,42.41,500.0,0.19,52.651,400.3,2.6034,24.793,5.909
3614,EZBC,Franklin Bitcoin ETF,Franklin Templeton,EZBC,Franklin Bitcoin ETF,BTC-USD,2026-04-13,42.43,500.0,0.19,57.286,645.5,2.8106,29.428,5.938
3615,EZBC,Franklin Bitcoin ETF,Franklin Templeton,EZBC,Franklin Bitcoin ETF,BTC-USD,2026-04-14,42.96,500.0,0.19,57.286,852.5,2.9312,29.428,5.594
3616,EZBC,Franklin Bitcoin ETF,Franklin Templeton,EZBC,Franklin Bitcoin ETF,BTC-USD,2026-04-15,43.4,500.0,0.19,60.557,377.1,2.5776,32.699,5.446
3617,EZBC,Franklin Bitcoin ETF,Franklin Templeton,EZBC,Franklin Bitcoin ETF,BTC-USD,2026-04-16,43.59,500.0,0.19,66.776,134.9,2.1331,38.918,5.441
3618,EZBC,Franklin Bitcoin ETF,Franklin Templeton,EZBC,Franklin Bitcoin ETF,BTC-USD,2026-04-17,44.823,500.0,0.19,64.409,186.0,2.2718,38.918,5.943
3619,EZBC,Franklin Bitcoin ETF,Franklin Templeton,EZBC,Franklin Bitcoin ETF,BTC-USD,2026-04-20,44.14,500.0,0.19,66.776,43.2,1.6458,38.918,5.856
3620,EZBC,Franklin Bitcoin ETF,Franklin Templeton,EZBC,Franklin Bitcoin ETF,BTC-USD,2026-04-21,43.38,500.0,0.19,72.215,469.5,2.6725,43.232,5.83
3621,EZBC,Franklin Bitcoin ETF,Franklin Templeton,EZBC,Franklin Bitcoin ETF,BTC-USD,2026-04-22,45.6,500.0,0.19,73.691,56.3,1.758,43.232,5.928
3622,EZBC,Franklin Bitcoin ETF,Franklin Templeton,EZBC,Franklin Bitcoin ETF,BTC-USD,2026-04-23,44.94,500.0,0.19,78.928,887.7,2.9487,43.232,5.772
3623,EZBC,Franklin Bitcoin ETF,Franklin Templeton,EZBC,Franklin Bitcoin ETF,BTC-USD,2026-04-24,44.88,500.0,0.19,76.758,92.9,1.9727,46.299,5.907
3624,EZBC,Franklin Bitcoin ETF,Franklin Templeton,EZBC,Franklin Bitcoin ETF,BTC-USD,2026-04-27,44.44,500.0,0.19,75.601,334.8,2.526,47.743,6.07
3625,EZBC,Franklin Bitcoin ETF,Franklin Templeton,EZBC,Franklin Bitcoin ETF,BTC-USD,2026-04-28,44.12,500.0,0.19,70.733,150.2,2.1797,47.743,6.126
3626,EZBC,Franklin Bitcoin ETF,Franklin Templeton,EZBC,Franklin Bitcoin ETF,BTC-USD,2026-04-29,43.62,500.0,0.19,72.832,520.1,2.7169,49.842,6.062
3627,EZBC,Franklin Bitcoin ETF,Franklin Templeton,EZBC,Franklin Bitcoin ETF,BTC-USD,2026-04-30,44.15,500.0,0.19,72.515,364.6,2.563,44.657,5.419
3628,EZBC,Franklin Bitcoin ETF,Franklin Templeton,EZBC,Franklin Bitcoin ETF,BTC-USD,2026-05-01,45.31,500.0,0.19,75.116,211.7,2.3279,44.657,5.426
3629,EZBC,Franklin Bitcoin ETF,Franklin Templeton,EZBC,Franklin Bitcoin ETF,BTC-USD,2026-05-04,46.3,500.0,0.19,75.116,-314.4,-2.4989,44.657,5.748
3630,EZBC,Franklin Bitcoin ETF,Franklin Templeton,EZBC,Franklin Bitcoin ETF,BTC-USD,2026-05-05,47.2,500.0,0.19,67.647,-39.3,-1.6055,44.657,5.539
3631,EZBC,Franklin Bitcoin ETF,Franklin Templeton,EZBC,Franklin Bitcoin ETF,BTC-USD,2026-05-06,47.09,500.0,0.19,68.57,66.3,1.8281,46.281,5.829
3632,EZBC,Franklin Bitcoin ETF,Franklin Templeton,EZBC,Franklin Bitcoin ETF,BTC-USD,2026-05-07,46.34,500.0,0.19,68.239,-213.2,-2.3309,46.281,6.262
3633,EZBC,Franklin Bitcoin ETF,Franklin Templeton,EZBC,Franklin Bitcoin ETF,BTC-USD,2026-05-08,46.32,500.0,0.19,58.526,32.4,1.5236,39.483,6.365
3634,EZBC,Franklin Bitcoin ETF,Franklin Templeton,EZBC,Franklin Bitcoin ETF,BTC-USD,2026-05-11,47.38,500.0,0.19,58.526,-147.0,-2.1704,39.483,6.436
3635,EZBC,Franklin Bitcoin ETF,Franklin Templeton,EZBC,Franklin Bitcoin ETF,BTC-USD,2026-05-12,46.69,500.0,0.19,55.642,17.6,1.2699,33.685,6.557
3636,EZBC,Franklin Bitcoin ETF,Franklin Templeton,EZBC,Franklin Bitcoin ETF,BTC-USD,2026-05-13,45.98,500.0,0.19,52.727,8.9,0.9955,33.685,6.871
3637,EZBC,Franklin Bitcoin ETF,Franklin Templeton,EZBC,Franklin Bitcoin ETF,BTC-USD,2026-05-14,47.05,500.0,0.19,47.14,-108.6,-2.0399,30.414,7.457
3638,EZBC,Franklin Bitcoin ETF,Franklin Templeton,EZBC,Franklin Bitcoin ETF,BTC-USD,2026-05-15,45.7,500.0,0.19,40.817,-6.8,-0.8899,21.775,7.667
3639,EZBC,Franklin Bitcoin ETF,Franklin Templeton,EZBC,Franklin Bitcoin ETF,BTC-USD,2026-05-18,44.39,500.0,0.19,42.581,-271.4,-2.4353,21.775,7.635
3640,EZBC,Franklin Bitcoin ETF,Franklin Templeton,EZBC,Franklin Bitcoin ETF,BTC-USD,2026-05-19,44.34,500.0,0.19,42.582,-60.3,-1.7878,25.856,7.754
3641,EZBC,Franklin Bitcoin ETF,Franklin Templeton,EZBC,Franklin Bitcoin ETF,BTC-USD,2026-05-20,44.85,500.0,0.19,32.654,-167.4,-2.2262,16.942,8.073
3642,EZBC,Franklin Bitcoin ETF,Franklin Templeton,EZBC,Franklin Bitcoin ETF,BTC-USD,2026-05-21,44.88,500.0,0.19,36.025,-125.5,-2.1022,21.778,8.236
3643,EZBC,Franklin Bitcoin ETF,Franklin Templeton,EZBC,Franklin Bitcoin ETF,BTC-USD,2026-05-22,43.8,500.0,0.19,36.025,-567.1,-2.7544,21.778,8.308
3644,EZBC,Franklin Bitcoin ETF,Franklin Templeton,EZBC,Franklin Bitcoin ETF,BTC-USD,2026-05-26,43.86,500.0,0.19,40.005,-207.6,-2.3193,25.758,8.754
3645,EZBC,Franklin Bitcoin ETF,Franklin Templeton,EZBC,Franklin Bitcoin ETF,BTC-USD,2026-05-27,43.32,500.0,0.19,40.025,-388.8,-2.5908,24.314,8.523
3646,EZBC,Franklin Bitcoin ETF,Franklin Templeton,EZBC,Franklin Bitcoin ETF,BTC-USD,2026-05-28,42.39,500.0,0.19,41.04,190.1,2.2814,24.314,8.567
3647,EZBC,Franklin Bitcoin ETF,Franklin Templeton,EZBC,Franklin Bitcoin ETF,BTC-USD,2026-05-29,42.42,500.0,0.19,44.266,-58.3,-1.7729,27.54,8.604
3648,EZBC,Franklin Bitcoin ETF,Franklin Templeton,EZBC,Franklin Bitcoin ETF,BTC-USD,2026-06-01,41.29,500.0,0.19,43.008,-117.1,-2.0721,26.282,9.193
3649,EZBC,Franklin Bitcoin ETF,Franklin Templeton,EZBC,Franklin Bitcoin ETF,BTC-USD,2026-06-02,38.83,500.0,0.19,43.008,57.4,1.7663,26.282,9.598
3650,EZBC,Franklin Bitcoin ETF,Franklin Templeton,EZBC,Franklin Bitcoin ETF,BTC-USD,2026-06-03,37.77,500.0,0.19,44.241,-246.0,-2.3927,26.282,9.37
3651,EZBC,Franklin Bitcoin ETF,Franklin Templeton,EZBC,Franklin Bitcoin ETF,BTC-USD,2026-06-04,36.71,500.0,0.19,44.241,418.6,2.6228,26.282,9.578
3652,EZBC,Franklin Bitcoin ETF,Franklin Templeton,EZBC,Franklin Bitcoin ETF,BTC-USD,2026-06-05,34.84,500.0,0.19,45.464,618.8,2.7922,24.658,9.84
3653,EZBC,Franklin Bitcoin ETF,Franklin Templeton,EZBC,Franklin Bitcoin ETF,BTC-USD,2026-06-08,36.63,500.0,0.19,46.569,430.1,2.6345,24.658,9.638
3654,EZBC,Franklin Bitcoin ETF,Franklin Templeton,EZBC,Franklin Bitcoin ETF,BTC-USD,2026-06-09,35.88,500.0,0.19,44.984,323.5,2.5113,21.288,9.709
3655,EZBC,Franklin Bitcoin ETF,Franklin Templeton,EZBC,Franklin Bitcoin ETF,BTC-USD,2026-06-10,35.77,500.0,0.19,45.688,385.2,2.5868,23.777,9.647
3656,EZBC,Franklin Bitcoin ETF,Franklin Templeton,EZBC,Franklin Bitcoin ETF,BTC-USD,2026-06-11,36.74,500.0,0.19,45.688,533.1,2.7276,23.777,9.694
3657,EZBC,Franklin Bitcoin ETF,Franklin Templeton,EZBC,Franklin Bitcoin ETF,BTC-USD,2026-06-12,36.75,500.0,0.19,45.688,531.0,2.7259,23.777,9.328
3658,EZBC,Franklin Bitcoin ETF,Franklin Templeton,EZBC,Franklin Bitcoin ETF,BTC-USD,2026-06-15,38.49,500.0,0.19,52.882,116.4,2.0696,23.777,8.875
3659,EZBC,Franklin Bitcoin ETF,Franklin Templeton,EZBC,Franklin Bitcoin ETF,BTC-USD,2026-06-16,37.93,500.0,0.19,52.882,334.9,2.5262,23.777,8.519
3660,EZBC,Franklin Bitcoin ETF,Franklin Templeton,EZBC,Franklin Bitcoin ETF,BTC-USD,2026-06-17,37.11,500.0,0.19,57.531,281.4,2.4508,26.264,8.142
3661,EZBC,Franklin Bitcoin ETF,Franklin Templeton,EZBC,Franklin Bitcoin ETF,BTC-USD,2026-06-18,36.38,500.0,0.19,53.45,349.1,2.5442,22.183,9.023
3662,EZBC,Franklin Bitcoin ETF,Franklin Templeton,EZBC,Franklin Bitcoin ETF,BTC-USD,2026-06-22,37.21,500.0,0.19,56.187,181.8,2.2619,22.183,8.812
3663,EZBC,Franklin Bitcoin ETF,Franklin Templeton,EZBC,Franklin Bitcoin ETF,BTC-USD,2026-06-23,36.01,500.0,0.19,53.103,328.1,2.5173,17.347,8.597
3664,EZBC,Franklin Bitcoin ETF,Franklin Templeton,EZBC,Franklin Bitcoin ETF,BTC-USD,2026-06-24,34.57,500.0,0.19,53.001,830.1,2.9196,17.347,8.913
3665,EZBC,Franklin Bitcoin ETF,Franklin Templeton,EZBC,Franklin Bitcoin ETF,BTC-USD,2026-06-25,34.21,500.0,0.19,50.761,623.1,2.7952,15.107,8.637
3666,EZBC,Franklin Bitcoin ETF,Franklin Templeton,EZBC,Franklin Bitcoin ETF,BTC-USD,2026-06-26,34.46,500.0,0.19,56.998,655.4,2.8172,22.993,8.791
3667,EZBC,Franklin Bitcoin ETF,Franklin Templeton,EZBC,Franklin Bitcoin ETF,BTC-USD,2026-06-29,34.88,500.0,0.19,66.927,319.3,2.5055,32.922,8.706
3668,EZBC,Franklin Bitcoin ETF,Franklin Templeton,EZBC,Franklin Bitcoin ETF,BTC-USD,2026-06-30,33.91,500.0,0.19,63.251,511.6,2.7097,27.597,8.49
3669,EZBC,Franklin Bitcoin ETF,Franklin Templeton,EZBC,Franklin Bitcoin ETF,BTC-USD,2026-07-01,34.65,500.0,0.19,63.352,462.4,2.666,27.597,8.052
3670,EZBC,Franklin Bitcoin ETF,Franklin Templeton,EZBC,Franklin Bitcoin ETF,BTC-USD,2026-07-02,35.52,500.0,0.19,63.352,344.3,2.5382,27.597,7.574
3671,EZBC,Franklin Bitcoin ETF,Franklin Templeton,EZBC,Franklin Bitcoin ETF,BTC-USD,2026-07-06,36.82,500.0,0.19,65.241,560.4,2.7493,29.197,7.424
3672,EZBC,Franklin Bitcoin ETF,Franklin Templeton,EZBC,Franklin Bitcoin ETF,BTC-USD,2026-07-07,36.88,500.0,0.19,68.101,282.4,2.4524,32.058,7.191
3673,EZBC,Franklin Bitcoin ETF,Franklin Templeton,EZBC,Franklin Bitcoin ETF,BTC-USD,2026-07-08,35.94,500.0,0.19,68.989,590.7,2.7721,32.058,6.791
3674,EZBC,Franklin Bitcoin ETF,Franklin Templeton,EZBC,Franklin Bitcoin ETF,BTC-USD,2026-07-09,36.51,500.0,0.19,68.989,248.0,2.3962,32.058,6.539
3675,EZBC,Franklin Bitcoin ETF,Franklin Templeton,EZBC,Franklin Bitcoin ETF,BTC-USD,2026-07-10,36.93,500.0,0.19,69.29,511.9,2.7101,32.058,6.349
3676,EZBC,Franklin Bitcoin ETF,Franklin Templeton,EZBC,Franklin Bitcoin ETF,BTC-USD,2026-07-13,35.94,500.0,0.19,70.998,505.4,2.7045,29.569,6.173
3677,EZBC,Franklin Bitcoin ETF,Franklin Templeton,EZBC,Franklin Bitcoin ETF,BTC-USD,2026-07-14,37.29,500.0,0.19,73.192,606.4,2.7835,29.569,6.074
3678,EZBC,Franklin Bitcoin ETF,Franklin Templeton,EZBC,Franklin Bitcoin ETF,BTC-USD,2026-07-15,37.51,500.0,0.19,73.192,529.3,2.7245,29.569,5.97
3679,EZBC,Franklin Bitcoin ETF,Franklin Templeton,EZBC,Franklin Bitcoin ETF,BTC-USD,2026-07-16,37.13,500.0,0.19,70.998,185.1,2.2697,29.569,5.858
3680,EZBC,Franklin Bitcoin ETF,Franklin Templeton,EZBC,Franklin Bitcoin ETF,BTC-USD,2026-07-17,37.07,500.0,0.19,66.5,574.8,2.7603,29.569,5.888
3681,EZBC,Franklin Bitcoin ETF,Franklin Templeton,EZBC,Franklin Bitcoin ETF,BTC-USD,2026-07-20,37.63,500.0,0.19,64.013,463.7,2.6671,27.082,5.866
3682,EZBC,Franklin Bitcoin ETF,Franklin Templeton,EZBC,Franklin Bitcoin ETF,BTC-USD,2026-07-21,38.39,500.0,0.19,68.511,514.8,2.7125,27.082,4.855
3683,EZBC,Franklin Bitcoin ETF,Franklin Templeton,EZBC,Franklin Bitcoin ETF,BTC-USD,2026-07-22,38.08,500.0,0.19,68.511,872.5,2.9412,27.082,4.748
3684,EZBC,Franklin Bitcoin ETF,Franklin Templeton,EZBC,Franklin Bitcoin ETF,BTC-USD,2026-07-23,37.43,500.0,0.19,65.254,782.4,2.894,27.082,4.776
3685,EZBC,Franklin Bitcoin ETF,Franklin Templeton,EZBC,Franklin Bitcoin ETF,BTC-USD,2026-07-24,37.09,500.0,0.19,65.254,476.8,2.6792,27.082,4.367
3686,EZBC,Franklin Bitcoin ETF,Franklin Templeton,EZBC,Franklin Bitcoin ETF,BTC-USD,2026-07-27,37.49,500.0,0.19,60.447,156.2,2.1965,22.275,4.18
3687,EZBC,Franklin Bitcoin ETF,Franklin Templeton,EZBC,Franklin Bitcoin ETF,BTC-USD,2026-07-28,36.89,500.0,0.19,55.818,368.9,2.5681,14.389,3.95
3688,EZBC,Franklin Bitcoin ETF,Franklin Templeton,EZBC,Franklin Bitcoin ETF,BTC-USD,2026-07-29,36.69,500.0,0.19,45.89,707.8,2.8506,4.461,3.755
3689,EZBC,Franklin Bitcoin ETF,Franklin Templeton,EZBC,Franklin Bitcoin ETF,BTC-USD,2026-07-30,37.4,500.0,0.19,45.89,475.4,2.6779,4.461,3.662
3690,EZBC,Franklin Bitcoin ETF,Franklin Templeton,EZBC,Franklin Bitcoin ETF,BTC-USD,2026-07-31,36.33,500.0,0.19,48.084,387.9,2.5899,4.461,3.628
3691,EZBC,Franklin Bitcoin ETF,Franklin Templeton,EZBC,Franklin Bitcoin ETF,BTC-USD,2026-08-03,36.89,500.0,0.19,51.415,342.8,2.5363,9.986,4.123
3692,EZBC,Franklin Bitcoin ETF,Franklin Templeton,EZBC,Franklin Bitcoin ETF,BTC-USD,2026-08-04,37.11,500.0,0.19,46.557,311.3,2.4945,8.386,4.052
3693,EZBC,Franklin Bitcoin ETF,Franklin Templeton,EZBC,Franklin Bitcoin ETF,BTC-USD,2026-08-05,37.46,500.0,0.19,46.954,663.2,2.8223,5.525,3.771
3694,EZBC,Franklin Bitcoin ETF,Franklin Templeton,EZBC,Franklin Bitcoin ETF,BTC-USD,2026-08-06,37.23,500.0,0.19,53.41,559.1,2.7483,10.205,3.534
3695,EZBC,Franklin Bitcoin ETF,Franklin Templeton,EZBC,Franklin Bitcoin ETF,BTC-USD,2026-08-07,37.53,500.0,0.19,53.41,693.0,2.8414,10.205,3.456
3696,EZBC,Franklin Bitcoin ETF,Franklin Templeton,EZBC,Franklin Bitcoin ETF,BTC-USD,2026-08-10,36.94,500.0,0.19,48.377,407.4,2.611,10.205,4.352
3697,EZBC,Franklin Bitcoin ETF,Franklin Templeton,EZBC,Franklin Bitcoin ETF,BTC-USD,2026-08-11,36.68,500.0,0.19,46.623,769.9,2.887,10.205,4.418
3698,EZBC,Franklin Bitcoin ETF,Franklin Templeton,EZBC,Franklin Bitcoin ETF,BTC-USD,2026-08-12,36.61,500.0,0.19,49.532,546.1,2.738,14.913,4.22
3699,EZBC,Franklin Bitcoin ETF,Franklin Templeton,EZBC,Franklin Bitcoin ETF,BTC-USD,2026-08-13,36.58,500.0,0.19,52.579,698.8,2.845,17.96,4.199
3700,EZBC,Franklin Bitcoin ETF,Franklin Templeton,EZBC,Franklin Bitcoin ETF,BTC-USD,2026-08-14,36.325,500.0,0.19,52.579,253.3,2.4053,17.96,4.149
3701,EZBC,Franklin Bitcoin ETF,Franklin Templeton,EZBC,Franklin Bitcoin ETF,BTC-USD,2026-08-17,37.14,500.0,0.19,56.132,571.9,2.7581,17.96,4.248
3702,EZBC,Franklin Bitcoin ETF,Franklin Templeton,EZBC,Franklin Bitcoin ETF,BTC-USD,2026-08-18,37.32,500.0,0.19,56.132,604.7,2.7823,17.96,4.269
3703,EZBC,Franklin Bitcoin ETF,Franklin Templeton,EZBC,Franklin Bitcoin ETF,BTC-USD,2026-08-19,39.52,500.0,0.19,56.132,610.6,2.7865,17.96,4.624
3704,EZBC,Franklin Bitcoin ETF,Franklin Templeton,EZBC,Franklin Bitcoin ETF,BTC-USD,2026-08-20,42.0,500.0,0.19,56.132,547.0,2.7388,17.96,5.069
3705,EZBC,Franklin Bitcoin ETF,Franklin Templeton,EZBC,Franklin Bitcoin ETF,BTC-USD,2026-08-21,44.53,500.0,0.19,58.249,606.5,2.7835,17.96,5.397
3706,EZBC,Franklin Bitcoin ETF,Franklin Templeton,EZBC,Franklin Bitcoin ETF,BTC-USD,2026-08-24,45.51,500.0,0.19,58.249,301.4,2.4805,17.96,5.699
3707,EZBC,Franklin Bitcoin ETF,Franklin Templeton,EZBC,Franklin Bitcoin ETF,BTC-USD,2026-08-25,45.62,500.0,0.19,65.236,330.2,2.52,24.948,5.83
3708,EZBC,Franklin Bitcoin ETF,Franklin Templeton,EZBC,Franklin Bitcoin ETF,BTC-USD,2026-08-26,45.36,500.0,0.19,59.567,837.3,2.9234,24.948,5.98
3709,EZBC,Franklin Bitcoin ETF,Franklin Templeton,EZBC,Franklin Bitcoin ETF,BTC-USD,2026-08-27,46.17,500.0,0.19,65.236,333.3,2.5242,24.948,6.022
