,Ticker,Fund,Issuer,Family,FamilyLabel,Benchmark,Date,Price,AUM,ExpenseRatio,BtcBeta,VolAnn,TrackingErrorPct,RoundTripBps,ADVmm
0,IBIT,iShares Bitcoin Trust,BlackRock,IBIT,iShares Bitcoin Trust,BTC-USD,2025-03-07,49.43,80000.0,0.25,1.0314,46.575,19.331,91.115,2441.868
1,IBIT,iShares Bitcoin Trust,BlackRock,IBIT,iShares Bitcoin Trust,BTC-USD,2025-03-10,44.91,80000.0,0.25,1.0053,49.238,18.236,82.31,2549.898
2,IBIT,iShares Bitcoin Trust,BlackRock,IBIT,iShares Bitcoin Trust,BTC-USD,2025-03-11,47.24,80000.0,0.25,1.0023,50.448,18.131,83.108,2551.557
3,IBIT,iShares Bitcoin Trust,BlackRock,IBIT,iShares Bitcoin Trust,BTC-USD,2025-03-12,47.15,80000.0,0.25,0.9946,49.243,18.236,93.122,2567.59
4,IBIT,iShares Bitcoin Trust,BlackRock,IBIT,iShares Bitcoin Trust,BTC-USD,2025-03-13,45.52,80000.0,0.25,0.9959,49.629,18.234,102.673,2589.548
5,IBIT,iShares Bitcoin Trust,BlackRock,IBIT,iShares Bitcoin Trust,BTC-USD,2025-03-14,48.14,80000.0,0.25,1.0104,50.945,18.697,91.659,2599.41
6,IBIT,iShares Bitcoin Trust,BlackRock,IBIT,iShares Bitcoin Trust,BTC-USD,2025-03-17,48.06,80000.0,0.25,1.0155,50.182,18.703,97.977,2602.664
7,IBIT,iShares Bitcoin Trust,BlackRock,IBIT,iShares Bitcoin Trust,BTC-USD,2025-03-18,46.81,80000.0,0.25,1.0172,50.327,18.747,98.0,2605.191
8,IBIT,iShares Bitcoin Trust,BlackRock,IBIT,iShares Bitcoin Trust,BTC-USD,2025-03-19,48.61,80000.0,0.25,1.005,49.68,18.861,98.0,2602.35
9,IBIT,iShares Bitcoin Trust,BlackRock,IBIT,iShares Bitcoin Trust,BTC-USD,2025-03-20,47.85,80000.0,0.25,0.9871,49.011,18.691,106.88,2596.237
10,IBIT,iShares Bitcoin Trust,BlackRock,IBIT,iShares Bitcoin Trust,BTC-USD,2025-03-21,47.7,80000.0,0.25,0.9872,49.005,18.694,106.875,2568.555
11,IBIT,iShares Bitcoin Trust,BlackRock,IBIT,iShares Bitcoin Trust,BTC-USD,2025-03-24,50.18,80000.0,0.25,0.9932,49.674,18.771,101.834,2515.085
12,IBIT,iShares Bitcoin Trust,BlackRock,IBIT,iShares Bitcoin Trust,BTC-USD,2025-03-25,50.14,80000.0,0.25,0.9751,47.937,18.236,105.968,2470.315
13,IBIT,iShares Bitcoin Trust,BlackRock,IBIT,iShares Bitcoin Trust,BTC-USD,2025-03-26,49.18,80000.0,0.25,0.9729,47.584,18.39,105.968,2290.251
14,IBIT,iShares Bitcoin Trust,BlackRock,IBIT,iShares Bitcoin Trust,BTC-USD,2025-03-27,49.44,80000.0,0.25,0.9748,47.56,18.366,112.342,2172.117
15,IBIT,iShares Bitcoin Trust,BlackRock,IBIT,iShares Bitcoin Trust,BTC-USD,2025-03-28,47.56,80000.0,0.25,0.9833,48.174,18.2,97.333,2159.874
16,IBIT,iShares Bitcoin Trust,BlackRock,IBIT,iShares Bitcoin Trust,BTC-USD,2025-03-31,46.81,80000.0,0.25,0.9847,48.235,17.878,92.423,2077.34
17,IBIT,iShares Bitcoin Trust,BlackRock,IBIT,iShares Bitcoin Trust,BTC-USD,2025-04-01,48.3,80000.0,0.25,0.9794,47.835,17.809,92.428,1931.795
18,IBIT,iShares Bitcoin Trust,BlackRock,IBIT,iShares Bitcoin Trust,BTC-USD,2025-04-02,49.41,80000.0,0.25,0.9474,48.038,20.867,92.428,1852.56
19,IBIT,iShares Bitcoin Trust,BlackRock,IBIT,iShares Bitcoin Trust,BTC-USD,2025-04-03,46.57,80000.0,0.25,0.9315,48.673,24.979,92.428,1822.613
20,IBIT,iShares Bitcoin Trust,BlackRock,IBIT,iShares Bitcoin Trust,BTC-USD,2025-04-04,47.71,80000.0,0.25,0.9234,47.567,25.122,81.093,1857.387
21,IBIT,iShares Bitcoin Trust,BlackRock,IBIT,iShares Bitcoin Trust,BTC-USD,2025-04-07,44.27,80000.0,0.25,0.9459,49.598,25.456,68.795,1944.479
22,IBIT,iShares Bitcoin Trust,BlackRock,IBIT,iShares Bitcoin Trust,BTC-USD,2025-04-08,43.59,80000.0,0.25,0.9311,49.593,25.653,89.538,1866.001
23,IBIT,iShares Bitcoin Trust,BlackRock,IBIT,iShares Bitcoin Trust,BTC-USD,2025-04-09,46.83,80000.0,0.25,0.9281,51.898,25.576,87.582,1947.441
24,IBIT,iShares Bitcoin Trust,BlackRock,IBIT,iShares Bitcoin Trust,BTC-USD,2025-04-10,45.17,80000.0,0.25,0.925,51.923,25.512,88.456,1973.549
25,IBIT,iShares Bitcoin Trust,BlackRock,IBIT,iShares Bitcoin Trust,BTC-USD,2025-04-11,47.67,80000.0,0.25,0.9384,52.73,25.562,78.904,2003.71
26,IBIT,iShares Bitcoin Trust,BlackRock,IBIT,iShares Bitcoin Trust,BTC-USD,2025-04-14,48.28,80000.0,0.25,0.9396,52.781,25.374,78.889,1978.124
27,IBIT,iShares Bitcoin Trust,BlackRock,IBIT,iShares Bitcoin Trust,BTC-USD,2025-04-15,47.74,80000.0,0.25,0.9395,51.921,25.375,77.217,1966.323
28,IBIT,iShares Bitcoin Trust,BlackRock,IBIT,iShares Bitcoin Trust,BTC-USD,2025-04-16,47.96,80000.0,0.25,0.9401,51.829,25.371,80.752,1954.046
29,IBIT,iShares Bitcoin Trust,BlackRock,IBIT,iShares Bitcoin Trust,BTC-USD,2025-04-17,48.26,80000.0,0.25,0.9413,51.792,25.355,89.196,1914.645
30,IBIT,iShares Bitcoin Trust,BlackRock,IBIT,iShares Bitcoin Trust,BTC-USD,2025-04-21,49.72,80000.0,0.25,0.9435,52.218,25.216,77.392,1980.382
31,IBIT,iShares Bitcoin Trust,BlackRock,IBIT,iShares Bitcoin Trust,BTC-USD,2025-04-22,52.08,80000.0,0.25,0.9248,53.058,25.338,77.392,2146.846
32,IBIT,iShares Bitcoin Trust,BlackRock,IBIT,iShares Bitcoin Trust,BTC-USD,2025-04-23,53.2,80000.0,0.25,0.9221,52.84,25.563,77.379,2229.992
33,IBIT,iShares Bitcoin Trust,BlackRock,IBIT,iShares Bitcoin Trust,BTC-USD,2025-04-24,53.26,80000.0,0.25,0.9225,52.842,25.541,76.136,2250.053
34,IBIT,iShares Bitcoin Trust,BlackRock,IBIT,iShares Bitcoin Trust,BTC-USD,2025-04-25,54.27,80000.0,0.25,0.9207,52.605,25.594,76.135,2307.385
35,IBIT,iShares Bitcoin Trust,BlackRock,IBIT,iShares Bitcoin Trust,BTC-USD,2025-04-28,53.88,80000.0,0.25,0.9205,52.592,25.666,69.036,2317.322
36,IBIT,iShares Bitcoin Trust,BlackRock,IBIT,iShares Bitcoin Trust,BTC-USD,2025-04-29,54.22,80000.0,0.25,0.9142,52.176,25.667,69.029,2312.42
37,IBIT,iShares Bitcoin Trust,BlackRock,IBIT,iShares Bitcoin Trust,BTC-USD,2025-04-30,53.51,80000.0,0.25,0.9151,52.235,25.763,69.012,2346.017
38,IBIT,iShares Bitcoin Trust,BlackRock,IBIT,iShares Bitcoin Trust,BTC-USD,2025-05-01,54.95,80000.0,0.25,0.9215,52.291,25.72,69.012,2414.863
39,IBIT,iShares Bitcoin Trust,BlackRock,IBIT,iShares Bitcoin Trust,BTC-USD,2025-05-02,55.19,80000.0,0.25,0.921,52.217,25.715,69.604,2438.102
40,IBIT,iShares Bitcoin Trust,BlackRock,IBIT,iShares Bitcoin Trust,BTC-USD,2025-05-05,53.63,80000.0,0.25,0.924,52.542,25.756,69.604,2411.635
41,IBIT,iShares Bitcoin Trust,BlackRock,IBIT,iShares Bitcoin Trust,BTC-USD,2025-05-06,53.97,80000.0,0.25,0.9189,52.505,25.801,75.099,2308.514
42,IBIT,iShares Bitcoin Trust,BlackRock,IBIT,iShares Bitcoin Trust,BTC-USD,2025-05-07,54.68,80000.0,0.25,0.9181,52.462,25.855,75.099,2158.864
43,IBIT,iShares Bitcoin Trust,BlackRock,IBIT,iShares Bitcoin Trust,BTC-USD,2025-05-08,57.62,80000.0,0.25,0.9115,53.327,25.843,54.349,2207.109
44,IBIT,iShares Bitcoin Trust,BlackRock,IBIT,iShares Bitcoin Trust,BTC-USD,2025-05-09,58.66,80000.0,0.25,0.9107,53.308,26.159,42.857,2118.394
45,IBIT,iShares Bitcoin Trust,BlackRock,IBIT,iShares Bitcoin Trust,BTC-USD,2025-05-12,57.88,80000.0,0.25,0.9121,53.361,26.26,33.208,2142.236
46,IBIT,iShares Bitcoin Trust,BlackRock,IBIT,iShares Bitcoin Trust,BTC-USD,2025-05-13,59.62,80000.0,0.25,0.9153,53.649,26.5,34.639,2127.918
47,IBIT,iShares Bitcoin Trust,BlackRock,IBIT,iShares Bitcoin Trust,BTC-USD,2025-05-14,58.74,80000.0,0.25,0.911,53.27,26.447,39.003,2160.854
48,IBIT,iShares Bitcoin Trust,BlackRock,IBIT,iShares Bitcoin Trust,BTC-USD,2025-05-15,58.67,80000.0,0.25,0.9092,53.116,26.395,35.131,2200.061
49,IBIT,iShares Bitcoin Trust,BlackRock,IBIT,iShares Bitcoin Trust,BTC-USD,2025-05-16,59.2,80000.0,0.25,0.9061,52.908,26.456,31.592,2242.642
50,IBIT,iShares Bitcoin Trust,BlackRock,IBIT,iShares Bitcoin Trust,BTC-USD,2025-05-19,59.99,80000.0,0.25,0.8971,52.319,26.301,25.828,2332.191
51,IBIT,iShares Bitcoin Trust,BlackRock,IBIT,iShares Bitcoin Trust,BTC-USD,2025-05-20,60.91,80000.0,0.25,0.9303,52.337,24.914,25.828,2341.296
52,IBIT,iShares Bitcoin Trust,BlackRock,IBIT,iShares Bitcoin Trust,BTC-USD,2025-05-21,61.79,80000.0,0.25,0.9041,50.458,24.001,25.819,2424.338
53,IBIT,iShares Bitcoin Trust,BlackRock,IBIT,iShares Bitcoin Trust,BTC-USD,2025-05-22,63.23,80000.0,0.25,0.909,49.696,23.942,25.817,2470.282
54,IBIT,iShares Bitcoin Trust,BlackRock,IBIT,iShares Bitcoin Trust,BTC-USD,2025-05-23,61.83,80000.0,0.25,0.8983,49.878,23.815,22.928,2580.522
55,IBIT,iShares Bitcoin Trust,BlackRock,IBIT,iShares Bitcoin Trust,BTC-USD,2025-05-27,62.5,80000.0,0.25,0.8995,49.874,23.63,24.409,2603.316
56,IBIT,iShares Bitcoin Trust,BlackRock,IBIT,iShares Bitcoin Trust,BTC-USD,2025-05-28,60.79,80000.0,0.25,0.9038,50.187,23.926,23.114,2643.748
57,IBIT,iShares Bitcoin Trust,BlackRock,IBIT,iShares Bitcoin Trust,BTC-USD,2025-05-29,59.99,80000.0,0.25,0.9022,50.287,23.932,23.14,2763.579
58,IBIT,iShares Bitcoin Trust,BlackRock,IBIT,iShares Bitcoin Trust,BTC-USD,2025-05-30,59.46,80000.0,0.25,0.8968,49.734,23.951,23.138,2805.801
59,IBIT,iShares Bitcoin Trust,BlackRock,IBIT,iShares Bitcoin Trust,BTC-USD,2025-06-02,59.36,80000.0,0.25,0.8901,49.599,24.175,26.135,2754.507
60,IBIT,iShares Bitcoin Trust,BlackRock,IBIT,iShares Bitcoin Trust,BTC-USD,2025-06-03,60.4,80000.0,0.25,0.8931,49.369,24.407,25.539,2747.836
61,IBIT,iShares Bitcoin Trust,BlackRock,IBIT,iShares Bitcoin Trust,BTC-USD,2025-06-04,59.64,80000.0,0.25,0.8769,44.975,24.438,25.539,2776.016
62,IBIT,iShares Bitcoin Trust,BlackRock,IBIT,iShares Bitcoin Trust,BTC-USD,2025-06-05,57.87,80000.0,0.25,0.8764,44.499,24.439,22.73,2882.946
63,IBIT,iShares Bitcoin Trust,BlackRock,IBIT,iShares Bitcoin Trust,BTC-USD,2025-06-06,59.26,80000.0,0.25,0.8778,44.679,24.303,25.915,2903.095
64,IBIT,iShares Bitcoin Trust,BlackRock,IBIT,iShares Bitcoin Trust,BTC-USD,2025-06-09,61.77,80000.0,0.25,0.863,44.583,24.328,25.915,2880.23
65,IBIT,iShares Bitcoin Trust,BlackRock,IBIT,iShares Bitcoin Trust,BTC-USD,2025-06-10,62.29,80000.0,0.25,0.8443,43.313,24.031,25.912,2875.834
66,IBIT,iShares Bitcoin Trust,BlackRock,IBIT,iShares Bitcoin Trust,BTC-USD,2025-06-11,61.84,80000.0,0.25,0.8422,43.361,24.041,31.299,2842.93
67,IBIT,iShares Bitcoin Trust,BlackRock,IBIT,iShares Bitcoin Trust,BTC-USD,2025-06-12,60.7,80000.0,0.25,0.8343,43.156,23.954,29.868,2840.28
68,IBIT,iShares Bitcoin Trust,BlackRock,IBIT,iShares Bitcoin Trust,BTC-USD,2025-06-13,59.74,80000.0,0.25,0.8393,42.782,24.109,25.504,2852.435
69,IBIT,iShares Bitcoin Trust,BlackRock,IBIT,iShares Bitcoin Trust,BTC-USD,2025-06-16,61.8,80000.0,0.25,0.8499,43.04,24.594,21.573,2883.486
70,IBIT,iShares Bitcoin Trust,BlackRock,IBIT,iShares Bitcoin Trust,BTC-USD,2025-06-17,59.5,80000.0,0.25,0.8621,43.878,24.952,21.576,2930.903
71,IBIT,iShares Bitcoin Trust,BlackRock,IBIT,iShares Bitcoin Trust,BTC-USD,2025-06-18,58.97,80000.0,0.25,0.8478,42.839,24.966,25.854,2899.075
72,IBIT,iShares Bitcoin Trust,BlackRock,IBIT,iShares Bitcoin Trust,BTC-USD,2025-06-20,58.67,80000.0,0.25,0.8443,42.863,25.016,30.732,2853.23
73,IBIT,iShares Bitcoin Trust,BlackRock,IBIT,iShares Bitcoin Trust,BTC-USD,2025-06-23,58.67,80000.0,0.25,0.8323,42.623,25.152,30.737,2740.615
74,IBIT,iShares Bitcoin Trust,BlackRock,IBIT,iShares Bitcoin Trust,BTC-USD,2025-06-24,60.06,80000.0,0.25,0.8329,42.827,25.472,30.739,2655.745
75,IBIT,iShares Bitcoin Trust,BlackRock,IBIT,iShares Bitcoin Trust,BTC-USD,2025-06-25,61.275,80000.0,0.25,0.8236,42.052,25.509,30.751,2592.369
76,IBIT,iShares Bitcoin Trust,BlackRock,IBIT,iShares Bitcoin Trust,BTC-USD,2025-06-26,61.14,80000.0,0.25,0.8243,41.865,25.489,31.61,2530.629
77,IBIT,iShares Bitcoin Trust,BlackRock,IBIT,iShares Bitcoin Trust,BTC-USD,2025-06-27,60.72,80000.0,0.25,0.8215,41.548,25.546,36.28,2505.604
78,IBIT,iShares Bitcoin Trust,BlackRock,IBIT,iShares Bitcoin Trust,BTC-USD,2025-06-30,61.21,80000.0,0.25,0.8691,41.372,23.123,40.051,2404.79
79,IBIT,iShares Bitcoin Trust,BlackRock,IBIT,iShares Bitcoin Trust,BTC-USD,2025-07-01,59.84,80000.0,0.25,0.8804,39.645,18.779,40.062,2376.823
80,IBIT,iShares Bitcoin Trust,BlackRock,IBIT,iShares Bitcoin Trust,BTC-USD,2025-07-02,62.42,80000.0,0.25,0.889,40.202,18.78,37.066,2485.83
81,IBIT,iShares Bitcoin Trust,BlackRock,IBIT,iShares Bitcoin Trust,BTC-USD,2025-07-03,62.19,80000.0,0.25,0.8419,36.698,18.349,37.066,2475.041
82,IBIT,iShares Bitcoin Trust,BlackRock,IBIT,iShares Bitcoin Trust,BTC-USD,2025-07-07,61.4,80000.0,0.25,0.8652,36.636,17.908,37.066,2493.624
83,IBIT,iShares Bitcoin Trust,BlackRock,IBIT,iShares Bitcoin Trust,BTC-USD,2025-07-08,61.82,80000.0,0.25,0.8586,33.96,17.904,34.361,2420.565
84,IBIT,iShares Bitcoin Trust,BlackRock,IBIT,iShares Bitcoin Trust,BTC-USD,2025-07-09,63.58,80000.0,0.25,0.855,33.211,17.993,31.176,2495.769
85,IBIT,iShares Bitcoin Trust,BlackRock,IBIT,iShares Bitcoin Trust,BTC-USD,2025-07-10,64.5,80000.0,0.25,0.8016,31.717,18.293,31.168,2624.938
86,IBIT,iShares Bitcoin Trust,BlackRock,IBIT,iShares Bitcoin Trust,BTC-USD,2025-07-11,67.21,80000.0,0.25,0.8105,32.536,19.327,31.176,2777.106
87,IBIT,iShares Bitcoin Trust,BlackRock,IBIT,iShares Bitcoin Trust,BTC-USD,2025-07-14,68.18,80000.0,0.25,0.8064,32.395,19.327,22.739,2909.816
88,IBIT,iShares Bitcoin Trust,BlackRock,IBIT,iShares Bitcoin Trust,BTC-USD,2025-07-15,66.16,80000.0,0.25,0.8222,33.225,19.615,22.731,3062.285
89,IBIT,iShares Bitcoin Trust,BlackRock,IBIT,iShares Bitcoin Trust,BTC-USD,2025-07-16,67.83,80000.0,0.25,0.8245,33.466,19.938,22.731,3131.55
90,IBIT,iShares Bitcoin Trust,BlackRock,IBIT,iShares Bitcoin Trust,BTC-USD,2025-07-17,67.65,80000.0,0.25,0.8209,33.126,19.991,28.755,3152.692
91,IBIT,iShares Bitcoin Trust,BlackRock,IBIT,iShares Bitcoin Trust,BTC-USD,2025-07-18,66.68,80000.0,0.25,0.8497,32.225,19.792,32.708,3161.944
92,IBIT,iShares Bitcoin Trust,BlackRock,IBIT,iShares Bitcoin Trust,BTC-USD,2025-07-21,66.33,80000.0,0.25,0.8514,32.08,19.435,33.074,3197.861
93,IBIT,iShares Bitcoin Trust,BlackRock,IBIT,iShares Bitcoin Trust,BTC-USD,2025-07-22,67.82,80000.0,0.25,0.8541,32.299,19.445,29.664,3245.914
94,IBIT,iShares Bitcoin Trust,BlackRock,IBIT,iShares Bitcoin Trust,BTC-USD,2025-07-23,67.29,80000.0,0.25,0.8515,32.24,19.316,31.064,3179.578
95,IBIT,iShares Bitcoin Trust,BlackRock,IBIT,iShares Bitcoin Trust,BTC-USD,2025-07-24,67.66,80000.0,0.25,0.8485,32.163,19.269,31.129,3171.199
96,IBIT,iShares Bitcoin Trust,BlackRock,IBIT,iShares Bitcoin Trust,BTC-USD,2025-07-25,66.36,80000.0,0.25,0.8614,32.507,19.323,31.129,3222.74
97,IBIT,iShares Bitcoin Trust,BlackRock,IBIT,iShares Bitcoin Trust,BTC-USD,2025-07-28,67.1,80000.0,0.25,0.8582,32.36,19.226,28.791,3260.853
98,IBIT,iShares Bitcoin Trust,BlackRock,IBIT,iShares Bitcoin Trust,BTC-USD,2025-07-29,66.71,80000.0,0.25,0.8539,32.065,19.251,29.079,3279.815
99,IBIT,iShares Bitcoin Trust,BlackRock,IBIT,iShares Bitcoin Trust,BTC-USD,2025-07-30,66.37,80000.0,0.25,0.8548,32.11,19.276,30.08,3309.48
100,IBIT,iShares Bitcoin Trust,BlackRock,IBIT,iShares Bitcoin Trust,BTC-USD,2025-07-31,66.32,80000.0,0.25,0.8285,31.433,19.402,36.285,3339.051
101,IBIT,iShares Bitcoin Trust,BlackRock,IBIT,iShares Bitcoin Trust,BTC-USD,2025-08-01,64.22,80000.0,0.25,0.8567,32.267,19.419,36.285,3356.716
102,IBIT,iShares Bitcoin Trust,BlackRock,IBIT,iShares Bitcoin Trust,BTC-USD,2025-08-04,65.2,80000.0,0.25,0.8578,32.298,19.303,41.381,3353.086
103,IBIT,iShares Bitcoin Trust,BlackRock,IBIT,iShares Bitcoin Trust,BTC-USD,2025-08-05,64.55,80000.0,0.25,0.8642,30.71,19.293,41.381,3338.88
104,IBIT,iShares Bitcoin Trust,BlackRock,IBIT,iShares Bitcoin Trust,BTC-USD,2025-08-06,65.51,80000.0,0.25,0.8717,30.647,18.916,41.381,3335.933
105,IBIT,iShares Bitcoin Trust,BlackRock,IBIT,iShares Bitcoin Trust,BTC-USD,2025-08-07,66.83,80000.0,0.25,0.8704,30.701,18.743,41.381,3295.072
106,IBIT,iShares Bitcoin Trust,BlackRock,IBIT,iShares Bitcoin Trust,BTC-USD,2025-08-08,66.13,80000.0,0.25,0.8618,30.281,18.427,46.731,3128.332
107,IBIT,iShares Bitcoin Trust,BlackRock,IBIT,iShares Bitcoin Trust,BTC-USD,2025-08-11,67.64,80000.0,0.25,0.8636,30.376,18.382,46.731,3017.604
108,IBIT,iShares Bitcoin Trust,BlackRock,IBIT,iShares Bitcoin Trust,BTC-USD,2025-08-12,67.95,80000.0,0.25,0.8602,30.37,18.413,51.793,2903.824
109,IBIT,iShares Bitcoin Trust,BlackRock,IBIT,iShares Bitcoin Trust,BTC-USD,2025-08-13,69.84,80000.0,0.25,0.869,30.773,18.298,51.793,2827.566
110,IBIT,iShares Bitcoin Trust,BlackRock,IBIT,iShares Bitcoin Trust,BTC-USD,2025-08-14,67.03,80000.0,0.25,0.8845,31.971,18.294,51.793,2865.72
111,IBIT,iShares Bitcoin Trust,BlackRock,IBIT,iShares Bitcoin Trust,BTC-USD,2025-08-15,66.44,80000.0,0.25,0.883,31.922,18.273,48.113,2844.995
112,IBIT,iShares Bitcoin Trust,BlackRock,IBIT,iShares Bitcoin Trust,BTC-USD,2025-08-18,66.05,80000.0,0.25,0.8934,31.842,18.163,44.147,2789.707
113,IBIT,iShares Bitcoin Trust,BlackRock,IBIT,iShares Bitcoin Trust,BTC-USD,2025-08-19,64.19,80000.0,0.25,0.8907,32.08,18.121,36.81,2813.872
114,IBIT,iShares Bitcoin Trust,BlackRock,IBIT,iShares Bitcoin Trust,BTC-USD,2025-08-20,64.9,80000.0,0.25,0.9188,31.802,17.906,39.178,2793.392
115,IBIT,iShares Bitcoin Trust,BlackRock,IBIT,iShares Bitcoin Trust,BTC-USD,2025-08-21,63.69,80000.0,0.25,0.9248,31.983,17.908,43.154,2785.315
116,IBIT,iShares Bitcoin Trust,BlackRock,IBIT,iShares Bitcoin Trust,BTC-USD,2025-08-22,66.25,80000.0,0.25,0.921,32.425,17.534,46.853,2888.733
117,IBIT,iShares Bitcoin Trust,BlackRock,IBIT,iShares Bitcoin Trust,BTC-USD,2025-08-25,62.88,80000.0,0.25,0.9195,34.117,17.513,46.87,2885.378
118,IBIT,iShares Bitcoin Trust,BlackRock,IBIT,iShares Bitcoin Trust,BTC-USD,2025-08-26,63.1,80000.0,0.25,0.9172,34.062,17.618,46.87,2886.174
119,IBIT,iShares Bitcoin Trust,BlackRock,IBIT,iShares Bitcoin Trust,BTC-USD,2025-08-27,63.65,80000.0,0.25,0.9269,34.093,17.437,41.9,2866.616
120,IBIT,iShares Bitcoin Trust,BlackRock,IBIT,iShares Bitcoin Trust,BTC-USD,2025-08-28,63.58,80000.0,0.25,0.9259,33.928,17.086,37.101,2830.883
121,IBIT,iShares Bitcoin Trust,BlackRock,IBIT,iShares Bitcoin Trust,BTC-USD,2025-08-29,61.44,80000.0,0.25,0.9232,34.577,17.027,30.892,2853.969
122,IBIT,iShares Bitcoin Trust,BlackRock,IBIT,iShares Bitcoin Trust,BTC-USD,2025-09-02,62.97,80000.0,0.25,0.9219,34.325,17.013,30.892,2779.729
123,IBIT,iShares Bitcoin Trust,BlackRock,IBIT,iShares Bitcoin Trust,BTC-USD,2025-09-03,63.77,80000.0,0.25,0.9248,34.091,17.093,25.801,2790.541
124,IBIT,iShares Bitcoin Trust,BlackRock,IBIT,iShares Bitcoin Trust,BTC-USD,2025-09-04,62.35,80000.0,0.25,0.9562,33.378,17.295,25.802,2791.572
125,IBIT,iShares Bitcoin Trust,BlackRock,IBIT,iShares Bitcoin Trust,BTC-USD,2025-09-05,63.42,80000.0,0.25,0.9557,33.516,17.578,25.801,2852.484
126,IBIT,iShares Bitcoin Trust,BlackRock,IBIT,iShares Bitcoin Trust,BTC-USD,2025-09-08,63.7,80000.0,0.25,0.9554,33.489,17.631,27.884,2833.476
127,IBIT,iShares Bitcoin Trust,BlackRock,IBIT,iShares Bitcoin Trust,BTC-USD,2025-09-09,63.22,80000.0,0.25,0.9641,33.296,17.632,25.332,2850.586
128,IBIT,iShares Bitcoin Trust,BlackRock,IBIT,iShares Bitcoin Trust,BTC-USD,2025-09-10,64.53,80000.0,0.25,0.9643,33.357,17.261,25.332,2850.415
129,IBIT,iShares Bitcoin Trust,BlackRock,IBIT,iShares Bitcoin Trust,BTC-USD,2025-09-11,65.03,80000.0,0.25,0.954,32.688,16.283,21.162,2849.476
130,IBIT,iShares Bitcoin Trust,BlackRock,IBIT,iShares Bitcoin Trust,BTC-USD,2025-09-12,66.38,80000.0,0.25,0.937,31.913,16.074,21.162,2820.612
131,IBIT,iShares Bitcoin Trust,BlackRock,IBIT,iShares Bitcoin Trust,BTC-USD,2025-09-15,65.5,80000.0,0.25,0.9406,31.989,15.988,21.162,2699.455
132,IBIT,iShares Bitcoin Trust,BlackRock,IBIT,iShares Bitcoin Trust,BTC-USD,2025-09-16,66.37,80000.0,0.25,0.949,32.041,15.919,18.819,2681.42
133,IBIT,iShares Bitcoin Trust,BlackRock,IBIT,iShares Bitcoin Trust,BTC-USD,2025-09-17,65.67,80000.0,0.25,0.9719,32.144,15.54,24.948,2719.506
134,IBIT,iShares Bitcoin Trust,BlackRock,IBIT,iShares Bitcoin Trust,BTC-USD,2025-09-18,66.75,80000.0,0.25,0.9714,31.973,15.17,24.948,2668.948
135,IBIT,iShares Bitcoin Trust,BlackRock,IBIT,iShares Bitcoin Trust,BTC-USD,2025-09-19,65.37,80000.0,0.25,0.9732,32.074,15.152,21.121,2645.551
136,IBIT,iShares Bitcoin Trust,BlackRock,IBIT,iShares Bitcoin Trust,BTC-USD,2025-09-22,63.65,80000.0,0.25,0.9755,32.569,15.154,15.737,2670.694
137,IBIT,iShares Bitcoin Trust,BlackRock,IBIT,iShares Bitcoin Trust,BTC-USD,2025-09-23,63.41,80000.0,0.25,0.9747,32.544,15.073,16.413,2581.367
138,IBIT,iShares Bitcoin Trust,BlackRock,IBIT,iShares Bitcoin Trust,BTC-USD,2025-09-24,64.42,80000.0,0.25,0.9772,32.657,15.019,16.413,2509.123
139,IBIT,iShares Bitcoin Trust,BlackRock,IBIT,iShares Bitcoin Trust,BTC-USD,2025-09-25,62.1,80000.0,0.25,0.9694,33.211,14.847,16.414,2573.235
140,IBIT,iShares Bitcoin Trust,BlackRock,IBIT,iShares Bitcoin Trust,BTC-USD,2025-09-26,61.94,80000.0,0.25,0.9483,32.064,14.583,20.94,2614.8
141,IBIT,iShares Bitcoin Trust,BlackRock,IBIT,iShares Bitcoin Trust,BTC-USD,2025-09-29,64.97,80000.0,0.25,0.9662,33.52,14.52,20.944,2679.36
142,IBIT,iShares Bitcoin Trust,BlackRock,IBIT,iShares Bitcoin Trust,BTC-USD,2025-09-30,65.0,80000.0,0.25,0.9651,33.402,14.526,25.525,2643.258
143,IBIT,iShares Bitcoin Trust,BlackRock,IBIT,iShares Bitcoin Trust,BTC-USD,2025-10-01,66.74,80000.0,0.25,0.9464,33.788,14.704,25.525,2687.593
144,IBIT,iShares Bitcoin Trust,BlackRock,IBIT,iShares Bitcoin Trust,BTC-USD,2025-10-02,68.77,80000.0,0.25,0.949,33.854,14.846,25.528,2787.545
145,IBIT,iShares Bitcoin Trust,BlackRock,IBIT,iShares Bitcoin Trust,BTC-USD,2025-10-03,69.81,80000.0,0.25,0.9941,33.865,14.331,25.525,2966.946
146,IBIT,iShares Bitcoin Trust,BlackRock,IBIT,iShares Bitcoin Trust,BTC-USD,2025-10-06,71.29,80000.0,0.25,0.9798,33.095,12.893,25.525,3055.705
147,IBIT,iShares Bitcoin Trust,BlackRock,IBIT,iShares Bitcoin Trust,BTC-USD,2025-10-07,69.13,80000.0,0.25,0.9892,33.605,12.919,23.428,3211.961
148,IBIT,iShares Bitcoin Trust,BlackRock,IBIT,iShares Bitcoin Trust,BTC-USD,2025-10-08,70.06,80000.0,0.25,0.9778,33.107,12.506,27.283,3284.12
149,IBIT,iShares Bitcoin Trust,BlackRock,IBIT,iShares Bitcoin Trust,BTC-USD,2025-10-09,68.74,80000.0,0.25,0.9758,32.973,11.985,27.498,3327.793
150,IBIT,iShares Bitcoin Trust,BlackRock,IBIT,iShares Bitcoin Trust,BTC-USD,2025-10-10,66.2,80000.0,0.25,0.8939,33.871,13.146,28.007,3551.307
151,IBIT,iShares Bitcoin Trust,BlackRock,IBIT,iShares Bitcoin Trust,BTC-USD,2025-10-13,65.81,80000.0,0.25,0.8776,33.764,13.859,28.003,3623.09
152,IBIT,iShares Bitcoin Trust,BlackRock,IBIT,iShares Bitcoin Trust,BTC-USD,2025-10-14,63.91,80000.0,0.25,0.8856,34.273,14.098,28.003,3747.397
153,IBIT,iShares Bitcoin Trust,BlackRock,IBIT,iShares Bitcoin Trust,BTC-USD,2025-10-15,63.17,80000.0,0.25,0.8784,34.011,14.145,34.405,3789.3
154,IBIT,iShares Bitcoin Trust,BlackRock,IBIT,iShares Bitcoin Trust,BTC-USD,2025-10-16,61.43,80000.0,0.25,0.8841,34.426,14.213,28.276,3905.115
155,IBIT,iShares Bitcoin Trust,BlackRock,IBIT,iShares Bitcoin Trust,BTC-USD,2025-10-17,60.47,80000.0,0.25,0.8852,34.516,14.105,28.273,4053.634
156,IBIT,iShares Bitcoin Trust,BlackRock,IBIT,iShares Bitcoin Trust,BTC-USD,2025-10-20,62.93,80000.0,0.25,0.8912,35.358,13.871,28.273,4106.081
157,IBIT,iShares Bitcoin Trust,BlackRock,IBIT,iShares Bitcoin Trust,BTC-USD,2025-10-21,63.49,80000.0,0.25,0.8753,35.328,14.735,31.357,4225.2
158,IBIT,iShares Bitcoin Trust,BlackRock,IBIT,iShares Bitcoin Trust,BTC-USD,2025-10-22,61.21,80000.0,0.25,0.8812,36.065,15.955,26.914,4315.159
159,IBIT,iShares Bitcoin Trust,BlackRock,IBIT,iShares Bitcoin Trust,BTC-USD,2025-10-23,62.56,80000.0,0.25,0.8831,36.369,15.939,26.914,4344.034
160,IBIT,iShares Bitcoin Trust,BlackRock,IBIT,iShares Bitcoin Trust,BTC-USD,2025-10-24,62.83,80000.0,0.25,0.8902,36.385,15.683,31.574,4274.936
161,IBIT,iShares Bitcoin Trust,BlackRock,IBIT,iShares Bitcoin Trust,BTC-USD,2025-10-27,65.28,80000.0,0.25,0.8936,36.661,15.684,27.05,4284.169
162,IBIT,iShares Bitcoin Trust,BlackRock,IBIT,iShares Bitcoin Trust,BTC-USD,2025-10-28,64.49,80000.0,0.25,0.8939,36.615,15.693,30.122,4272.275
163,IBIT,iShares Bitcoin Trust,BlackRock,IBIT,iShares Bitcoin Trust,BTC-USD,2025-10-29,62.75,80000.0,0.25,0.8965,36.984,15.702,25.539,4384.264
164,IBIT,iShares Bitcoin Trust,BlackRock,IBIT,iShares Bitcoin Trust,BTC-USD,2025-10-30,60.4,80000.0,0.25,0.9055,37.638,16.342,25.539,4365.589
165,IBIT,iShares Bitcoin Trust,BlackRock,IBIT,iShares Bitcoin Trust,BTC-USD,2025-10-31,62.3,80000.0,0.25,0.9129,37.971,16.896,25.539,4302.053
166,IBIT,iShares Bitcoin Trust,BlackRock,IBIT,iShares Bitcoin Trust,BTC-USD,2025-11-03,60.53,80000.0,0.25,0.9148,38.347,16.884,25.542,4174.692
167,IBIT,iShares Bitcoin Trust,BlackRock,IBIT,iShares Bitcoin Trust,BTC-USD,2025-11-04,57.18,80000.0,0.25,0.9282,39.657,16.998,25.543,4227.975
168,IBIT,iShares Bitcoin Trust,BlackRock,IBIT,iShares Bitcoin Trust,BTC-USD,2025-11-05,58.92,80000.0,0.25,0.9375,40.196,17.071,31.804,4103.55
169,IBIT,iShares Bitcoin Trust,BlackRock,IBIT,iShares Bitcoin Trust,BTC-USD,2025-11-06,57.26,80000.0,0.25,0.9379,40.061,17.064,25.161,4072.206
170,IBIT,iShares Bitcoin Trust,BlackRock,IBIT,iShares Bitcoin Trust,BTC-USD,2025-11-07,58.88,80000.0,0.25,0.9415,39.777,17.146,33.109,4069.199
171,IBIT,iShares Bitcoin Trust,BlackRock,IBIT,iShares Bitcoin Trust,BTC-USD,2025-11-10,60.19,80000.0,0.25,0.9401,40.057,17.146,31.709,3884.64
172,IBIT,iShares Bitcoin Trust,BlackRock,IBIT,iShares Bitcoin Trust,BTC-USD,2025-11-11,58.35,80000.0,0.25,0.9439,40.5,17.15,31.717,3753.844
173,IBIT,iShares Bitcoin Trust,BlackRock,IBIT,iShares Bitcoin Trust,BTC-USD,2025-11-12,57.59,80000.0,0.25,0.944,40.191,17.147,36.89,3637.67
174,IBIT,iShares Bitcoin Trust,BlackRock,IBIT,iShares Bitcoin Trust,BTC-USD,2025-11-13,55.59,80000.0,0.25,0.9527,40.679,17.476,30.488,3695.774
175,IBIT,iShares Bitcoin Trust,BlackRock,IBIT,iShares Bitcoin Trust,BTC-USD,2025-11-14,53.475,80000.0,0.25,0.9326,41.222,17.655,30.488,3675.109
176,IBIT,iShares Bitcoin Trust,BlackRock,IBIT,iShares Bitcoin Trust,BTC-USD,2025-11-17,52.1,80000.0,0.25,0.9302,40.529,17.645,30.488,3632.636
177,IBIT,iShares Bitcoin Trust,BlackRock,IBIT,iShares Bitcoin Trust,BTC-USD,2025-11-18,52.66,80000.0,0.25,0.937,39.367,17.642,38.348,3667.147
178,IBIT,iShares Bitcoin Trust,BlackRock,IBIT,iShares Bitcoin Trust,BTC-USD,2025-11-19,50.73,80000.0,0.25,0.9515,39.966,18.08,35.261,3648.076
179,IBIT,iShares Bitcoin Trust,BlackRock,IBIT,iShares Bitcoin Trust,BTC-USD,2025-11-20,48.96,80000.0,0.25,0.9282,40.408,18.128,40.409,3722.41
180,IBIT,iShares Bitcoin Trust,BlackRock,IBIT,iShares Bitcoin Trust,BTC-USD,2025-11-21,47.97,80000.0,0.25,0.9349,40.535,17.982,40.408,3982.756
181,IBIT,iShares Bitcoin Trust,BlackRock,IBIT,iShares Bitcoin Trust,BTC-USD,2025-11-24,50.57,80000.0,0.25,0.9571,41.732,18.361,35.747,4062.428
182,IBIT,iShares Bitcoin Trust,BlackRock,IBIT,iShares Bitcoin Trust,BTC-USD,2025-11-25,49.56,80000.0,0.25,0.9588,41.464,18.47,42.1,4062.707
183,IBIT,iShares Bitcoin Trust,BlackRock,IBIT,iShares Bitcoin Trust,BTC-USD,2025-11-26,51.03,80000.0,0.25,0.9517,41.885,18.403,39.027,4078.112
184,IBIT,iShares Bitcoin Trust,BlackRock,IBIT,iShares Bitcoin Trust,BTC-USD,2025-11-28,51.55,80000.0,0.25,0.9509,41.794,18.236,39.027,3964.39
185,IBIT,iShares Bitcoin Trust,BlackRock,IBIT,iShares Bitcoin Trust,BTC-USD,2025-12-01,48.5,80000.0,0.25,0.9636,43.218,17.98,39.027,4005.508
186,IBIT,iShares Bitcoin Trust,BlackRock,IBIT,iShares Bitcoin Trust,BTC-USD,2025-12-02,51.67,80000.0,0.25,0.9797,45.367,18.003,39.027,4044.201
187,IBIT,iShares Bitcoin Trust,BlackRock,IBIT,iShares Bitcoin Trust,BTC-USD,2025-12-03,52.74,80000.0,0.25,0.978,45.623,18.001,39.026,4038.367
188,IBIT,iShares Bitcoin Trust,BlackRock,IBIT,iShares Bitcoin Trust,BTC-USD,2025-12-04,52.51,80000.0,0.25,0.9754,45.359,18.132,42.109,3853.05
189,IBIT,iShares Bitcoin Trust,BlackRock,IBIT,iShares Bitcoin Trust,BTC-USD,2025-12-05,50.69,80000.0,0.25,0.9812,45.762,18.136,35.85,3842.747
190,IBIT,iShares Bitcoin Trust,BlackRock,IBIT,iShares Bitcoin Trust,BTC-USD,2025-12-08,51.52,80000.0,0.25,0.979,45.671,17.838,41.094,3798.91
191,IBIT,iShares Bitcoin Trust,BlackRock,IBIT,iShares Bitcoin Trust,BTC-USD,2025-12-09,52.85,80000.0,0.25,0.9809,46.032,17.787,33.946,3760.1
192,IBIT,iShares Bitcoin Trust,BlackRock,IBIT,iShares Bitcoin Trust,BTC-USD,2025-12-10,52.49,80000.0,0.25,0.9803,45.903,17.782,44.691,3754.335
193,IBIT,iShares Bitcoin Trust,BlackRock,IBIT,iShares Bitcoin Trust,BTC-USD,2025-12-11,52.1,80000.0,0.25,0.9778,45.888,17.902,44.685,3784.853
194,IBIT,iShares Bitcoin Trust,BlackRock,IBIT,iShares Bitcoin Trust,BTC-USD,2025-12-12,51.2,80000.0,0.25,0.9722,45.775,17.809,48.503,3786.074
195,IBIT,iShares Bitcoin Trust,BlackRock,IBIT,iShares Bitcoin Trust,BTC-USD,2025-12-15,48.66,80000.0,0.25,0.9779,46.64,17.799,48.503,3748.316
196,IBIT,iShares Bitcoin Trust,BlackRock,IBIT,iShares Bitcoin Trust,BTC-USD,2025-12-16,49.71,80000.0,0.25,0.9798,46.722,17.837,51.107,3641.135
197,IBIT,iShares Bitcoin Trust,BlackRock,IBIT,iShares Bitcoin Trust,BTC-USD,2025-12-17,48.71,80000.0,0.25,0.9803,46.84,17.827,53.559,3596.046
198,IBIT,iShares Bitcoin Trust,BlackRock,IBIT,iShares Bitcoin Trust,BTC-USD,2025-12-18,47.96,80000.0,0.25,0.9792,46.703,17.86,60.818,3569.769
199,IBIT,iShares Bitcoin Trust,BlackRock,IBIT,iShares Bitcoin Trust,BTC-USD,2025-12-19,49.91,80000.0,0.25,0.988,47.112,17.986,68.68,3490.003
200,IBIT,iShares Bitcoin Trust,BlackRock,IBIT,iShares Bitcoin Trust,BTC-USD,2025-12-22,50.09,80000.0,0.25,0.9897,47.135,17.911,64.055,3323.798
201,IBIT,iShares Bitcoin Trust,BlackRock,IBIT,iShares Bitcoin Trust,BTC-USD,2025-12-23,49.65,80000.0,0.25,0.9823,45.915,17.855,64.055,3043.006
202,IBIT,iShares Bitcoin Trust,BlackRock,IBIT,iShares Bitcoin Trust,BTC-USD,2025-12-24,49.46,80000.0,0.25,0.9813,45.904,17.874,67.091,2897.317
203,IBIT,iShares Bitcoin Trust,BlackRock,IBIT,iShares Bitcoin Trust,BTC-USD,2025-12-26,49.61,80000.0,0.25,0.9946,45.478,17.8,62.389,2834.35
204,IBIT,iShares Bitcoin Trust,BlackRock,IBIT,iShares Bitcoin Trust,BTC-USD,2025-12-29,49.38,80000.0,0.25,0.9872,44.893,17.561,65.986,2748.617
205,IBIT,iShares Bitcoin Trust,BlackRock,IBIT,iShares Bitcoin Trust,BTC-USD,2025-12-30,49.83,80000.0,0.25,0.9836,44.793,17.581,65.986,2736.997
206,IBIT,iShares Bitcoin Trust,BlackRock,IBIT,iShares Bitcoin Trust,BTC-USD,2025-12-31,49.65,80000.0,0.25,0.9818,44.452,17.641,67.579,2610.908
207,IBIT,iShares Bitcoin Trust,BlackRock,IBIT,iShares Bitcoin Trust,BTC-USD,2026-01-02,50.94,80000.0,0.25,0.9787,44.614,17.625,67.579,2591.911
208,IBIT,iShares Bitcoin Trust,BlackRock,IBIT,iShares Bitcoin Trust,BTC-USD,2026-01-05,53.46,80000.0,0.25,0.9868,45.789,17.674,67.579,2643.246
209,IBIT,iShares Bitcoin Trust,BlackRock,IBIT,iShares Bitcoin Trust,BTC-USD,2026-01-06,52.45,80000.0,0.25,0.9844,45.79,17.983,69.441,2678.935
210,IBIT,iShares Bitcoin Trust,BlackRock,IBIT,iShares Bitcoin Trust,BTC-USD,2026-01-07,51.54,80000.0,0.25,1.0399,45.351,17.181,69.441,2653.669
211,IBIT,iShares Bitcoin Trust,BlackRock,IBIT,iShares Bitcoin Trust,BTC-USD,2026-01-08,51.52,80000.0,0.25,1.054,45.356,16.639,64.188,2652.848
212,IBIT,iShares Bitcoin Trust,BlackRock,IBIT,iShares Bitcoin Trust,BTC-USD,2026-01-09,51.16,80000.0,0.25,1.0502,45.056,16.447,67.596,2608.84
213,IBIT,iShares Bitcoin Trust,BlackRock,IBIT,iShares Bitcoin Trust,BTC-USD,2026-01-12,51.87,80000.0,0.25,1.0566,45.166,16.433,64.618,2568.925
214,IBIT,iShares Bitcoin Trust,BlackRock,IBIT,iShares Bitcoin Trust,BTC-USD,2026-01-13,53.57,80000.0,0.25,1.0376,45.446,16.607,64.626,2611.542
215,IBIT,iShares Bitcoin Trust,BlackRock,IBIT,iShares Bitcoin Trust,BTC-USD,2026-01-14,55.44,80000.0,0.25,1.0459,45.968,16.976,55.639,2722.836
216,IBIT,iShares Bitcoin Trust,BlackRock,IBIT,iShares Bitcoin Trust,BTC-USD,2026-01-15,54.0,80000.0,0.25,1.0495,45.425,17.079,60.252,2683.294
217,IBIT,iShares Bitcoin Trust,BlackRock,IBIT,iShares Bitcoin Trust,BTC-USD,2026-01-16,54.24,80000.0,0.25,1.063,45.386,16.227,57.64,2662.375
218,IBIT,iShares Bitcoin Trust,BlackRock,IBIT,iShares Bitcoin Trust,BTC-USD,2026-01-20,50.76,80000.0,0.25,1.03,46.726,15.33,55.187,2663.968
219,IBIT,iShares Bitcoin Trust,BlackRock,IBIT,iShares Bitcoin Trust,BTC-USD,2026-01-21,51.11,80000.0,0.25,1.0285,46.485,15.361,40.064,2671.275
220,IBIT,iShares Bitcoin Trust,BlackRock,IBIT,iShares Bitcoin Trust,BTC-USD,2026-01-22,50.67,80000.0,0.25,1.0289,46.469,15.47,36.328,2640.638
221,IBIT,iShares Bitcoin Trust,BlackRock,IBIT,iShares Bitcoin Trust,BTC-USD,2026-01-23,50.7,80000.0,0.25,1.0214,45.655,15.193,40.381,2637.28
222,IBIT,iShares Bitcoin Trust,BlackRock,IBIT,iShares Bitcoin Trust,BTC-USD,2026-01-26,49.65,80000.0,0.25,1.0227,45.755,15.238,40.382,2637.79
223,IBIT,iShares Bitcoin Trust,BlackRock,IBIT,iShares Bitcoin Trust,BTC-USD,2026-01-27,50.63,80000.0,0.25,1.0255,45.758,15.368,43.639,2709.172
224,IBIT,iShares Bitcoin Trust,BlackRock,IBIT,iShares Bitcoin Trust,BTC-USD,2026-01-28,50.51,80000.0,0.25,1.0185,45.187,14.593,41.987,2721.875
225,IBIT,iShares Bitcoin Trust,BlackRock,IBIT,iShares Bitcoin Trust,BTC-USD,2026-01-29,47.6,80000.0,0.25,1.0177,46.07,13.992,38.376,2904.269
226,IBIT,iShares Bitcoin Trust,BlackRock,IBIT,iShares Bitcoin Trust,BTC-USD,2026-01-30,47.49,80000.0,0.25,1.0174,45.792,13.994,38.376,2963.299
227,IBIT,iShares Bitcoin Trust,BlackRock,IBIT,iShares Bitcoin Trust,BTC-USD,2026-02-02,44.22,80000.0,0.25,1.0139,46.59,13.771,36.781,3107.622
228,IBIT,iShares Bitcoin Trust,BlackRock,IBIT,iShares Bitcoin Trust,BTC-USD,2026-02-03,43.3,80000.0,0.25,0.9952,46.159,14.166,36.775,3207.034
229,IBIT,iShares Bitcoin Trust,BlackRock,IBIT,iShares Bitcoin Trust,BTC-USD,2026-02-04,41.57,80000.0,0.25,0.9974,46.49,14.178,40.512,3231.76
230,IBIT,iShares Bitcoin Trust,BlackRock,IBIT,iShares Bitcoin Trust,BTC-USD,2026-02-05,36.1,80000.0,0.25,0.9709,53.674,14.131,35.579,3583.47
231,IBIT,iShares Bitcoin Trust,BlackRock,IBIT,iShares Bitcoin Trust,BTC-USD,2026-02-06,39.68,80000.0,0.25,0.9412,57.349,14.527,41.375,3783.299
232,IBIT,iShares Bitcoin Trust,BlackRock,IBIT,iShares Bitcoin Trust,BTC-USD,2026-02-09,40.11,80000.0,0.25,0.9403,57.238,14.909,53.713,3826.402
233,IBIT,iShares Bitcoin Trust,BlackRock,IBIT,iShares Bitcoin Trust,BTC-USD,2026-02-10,38.97,80000.0,0.25,0.9419,57.409,15.075,52.208,3843.85
234,IBIT,iShares Bitcoin Trust,BlackRock,IBIT,iShares Bitcoin Trust,BTC-USD,2026-02-11,38.29,80000.0,0.25,0.9373,57.143,14.742,44.445,3872.895
235,IBIT,iShares Bitcoin Trust,BlackRock,IBIT,iShares Bitcoin Trust,BTC-USD,2026-02-12,37.05,80000.0,0.25,0.9466,57.013,15.222,59.523,3815.595
236,IBIT,iShares Bitcoin Trust,BlackRock,IBIT,iShares Bitcoin Trust,BTC-USD,2026-02-13,38.97,80000.0,0.25,0.9537,58.02,15.461,59.537,3710.49
237,IBIT,iShares Bitcoin Trust,BlackRock,IBIT,iShares Bitcoin Trust,BTC-USD,2026-02-17,38.39,80000.0,0.25,0.9526,57.965,15.478,58.693,3680.91
238,IBIT,iShares Bitcoin Trust,BlackRock,IBIT,iShares Bitcoin Trust,BTC-USD,2026-02-18,37.54,80000.0,0.25,0.9506,57.692,14.86,67.283,3658.636
239,IBIT,iShares Bitcoin Trust,BlackRock,IBIT,iShares Bitcoin Trust,BTC-USD,2026-02-19,38.07,80000.0,0.25,0.9619,57.467,14.603,72.092,3554.602
240,IBIT,iShares Bitcoin Trust,BlackRock,IBIT,iShares Bitcoin Trust,BTC-USD,2026-02-20,38.42,80000.0,0.25,0.9599,57.429,14.632,72.092,3497.724
241,IBIT,iShares Bitcoin Trust,BlackRock,IBIT,iShares Bitcoin Trust,BTC-USD,2026-02-23,36.55,80000.0,0.25,0.9509,56.97,14.17,67.971,3487.048
242,IBIT,iShares Bitcoin Trust,BlackRock,IBIT,iShares Bitcoin Trust,BTC-USD,2026-02-24,36.53,80000.0,0.25,0.9499,56.894,14.103,63.391,3452.968
243,IBIT,iShares Bitcoin Trust,BlackRock,IBIT,iShares Bitcoin Trust,BTC-USD,2026-02-25,39.23,80000.0,0.25,0.9644,58.606,14.374,63.391,3498.303
244,IBIT,iShares Bitcoin Trust,BlackRock,IBIT,iShares Bitcoin Trust,BTC-USD,2026-02-26,38.26,80000.0,0.25,0.9643,58.677,14.803,64.657,3467.95
245,IBIT,iShares Bitcoin Trust,BlackRock,IBIT,iShares Bitcoin Trust,BTC-USD,2026-02-27,37.19,80000.0,0.25,0.9592,57.72,14.675,64.667,3450.754
246,IBIT,iShares Bitcoin Trust,BlackRock,IBIT,iShares Bitcoin Trust,BTC-USD,2026-03-02,39.195,80000.0,0.25,0.959,57.219,14.769,64.668,3381.518
247,IBIT,iShares Bitcoin Trust,BlackRock,IBIT,iShares Bitcoin Trust,BTC-USD,2026-03-03,38.7,80000.0,0.25,0.9599,57.001,14.812,78.89,3348.143
248,IBIT,iShares Bitcoin Trust,BlackRock,IBIT,iShares Bitcoin Trust,BTC-USD,2026-03-04,41.44,80000.0,0.25,0.9681,58.961,14.749,78.89,3351.712
249,IBIT,iShares Bitcoin Trust,BlackRock,IBIT,iShares Bitcoin Trust,BTC-USD,2026-03-05,40.39,80000.0,0.25,0.9663,58.776,14.704,80.182,3210.377
250,IBIT,iShares Bitcoin Trust,BlackRock,IBIT,iShares Bitcoin Trust,BTC-USD,2026-03-06,38.6,80000.0,0.25,0.9689,59.232,14.78,76.45,3095.959
251,IBIT,iShares Bitcoin Trust,BlackRock,IBIT,iShares Bitcoin Trust,BTC-USD,2026-03-09,39.13,80000.0,0.25,0.9686,59.023,14.901,77.651,2744.277
252,IBIT,iShares Bitcoin Trust,BlackRock,IBIT,iShares Bitcoin Trust,BTC-USD,2026-03-10,39.71,80000.0,0.25,0.9665,59.159,14.964,71.854,2554.624
253,IBIT,iShares Bitcoin Trust,BlackRock,IBIT,iShares Bitcoin Trust,BTC-USD,2026-03-11,40.07,80000.0,0.25,0.9686,59.222,14.766,67.738,2495.275
254,IBIT,iShares Bitcoin Trust,BlackRock,IBIT,iShares Bitcoin Trust,BTC-USD,2026-03-12,39.95,80000.0,0.25,0.9694,59.16,14.783,66.638,2461.904
255,IBIT,iShares Bitcoin Trust,BlackRock,IBIT,iShares Bitcoin Trust,BTC-USD,2026-03-13,40.37,80000.0,0.25,0.9657,58.421,14.702,66.638,2492.007
256,IBIT,iShares Bitcoin Trust,BlackRock,IBIT,iShares Bitcoin Trust,BTC-USD,2026-03-16,41.94,80000.0,0.25,0.9553,58.822,14.905,51.561,2503.656
257,IBIT,iShares Bitcoin Trust,BlackRock,IBIT,iShares Bitcoin Trust,BTC-USD,2026-03-17,42.27,80000.0,0.25,0.9526,58.747,15.451,55.573,2465.058
258,IBIT,iShares Bitcoin Trust,BlackRock,IBIT,iShares Bitcoin Trust,BTC-USD,2026-03-18,40.26,80000.0,0.25,0.9576,59.455,15.619,51.811,2487.482
259,IBIT,iShares Bitcoin Trust,BlackRock,IBIT,iShares Bitcoin Trust,BTC-USD,2026-03-19,39.82,80000.0,0.25,0.9519,58.802,15.556,43.215,2509.393
260,IBIT,iShares Bitcoin Trust,BlackRock,IBIT,iShares Bitcoin Trust,BTC-USD,2026-03-20,39.77,80000.0,0.25,0.9505,58.784,15.681,44.221,2523.876
261,IBIT,iShares Bitcoin Trust,BlackRock,IBIT,iShares Bitcoin Trust,BTC-USD,2026-03-23,40.05,80000.0,0.25,0.9511,58.817,15.671,44.221,2503.541
262,IBIT,iShares Bitcoin Trust,BlackRock,IBIT,iShares Bitcoin Trust,BTC-USD,2026-03-24,39.28,80000.0,0.25,0.9518,58.906,15.888,44.221,2497.709
263,IBIT,iShares Bitcoin Trust,BlackRock,IBIT,iShares Bitcoin Trust,BTC-USD,2026-03-25,40.17,80000.0,0.25,0.954,59.136,16.016,44.253,2495.773
264,IBIT,iShares Bitcoin Trust,BlackRock,IBIT,iShares Bitcoin Trust,BTC-USD,2026-03-26,38.82,80000.0,0.25,0.9539,59.469,16.006,44.253,2427.161
265,IBIT,iShares Bitcoin Trust,BlackRock,IBIT,iShares Bitcoin Trust,BTC-USD,2026-03-27,37.4,80000.0,0.25,0.9558,59.791,15.976,36.735,2451.719
266,IBIT,iShares Bitcoin Trust,BlackRock,IBIT,iShares Bitcoin Trust,BTC-USD,2026-03-30,37.68,80000.0,0.25,0.9566,59.843,15.924,36.703,2439.854
267,IBIT,iShares Bitcoin Trust,BlackRock,IBIT,iShares Bitcoin Trust,BTC-USD,2026-03-31,38.42,80000.0,0.25,0.956,59.723,15.929,44.787,2345.184
268,IBIT,iShares Bitcoin Trust,BlackRock,IBIT,iShares Bitcoin Trust,BTC-USD,2026-04-01,38.64,80000.0,0.25,0.9519,58.739,15.964,30.565,2278.059
269,IBIT,iShares Bitcoin Trust,BlackRock,IBIT,iShares Bitcoin Trust,BTC-USD,2026-04-02,37.97,80000.0,0.25,0.9528,58.724,15.547,30.565,2112.125
270,IBIT,iShares Bitcoin Trust,BlackRock,IBIT,iShares Bitcoin Trust,BTC-USD,2026-04-06,39.52,80000.0,0.25,0.9597,59.396,15.617,29.273,2070.111
271,IBIT,iShares Bitcoin Trust,BlackRock,IBIT,iShares Bitcoin Trust,BTC-USD,2026-04-07,39.1,80000.0,0.25,0.9303,59.404,18.859,29.273,2021.726
272,IBIT,iShares Bitcoin Trust,BlackRock,IBIT,iShares Bitcoin Trust,BTC-USD,2026-04-08,40.42,80000.0,0.25,0.9264,59.903,20.939,28.097,2001.167
273,IBIT,iShares Bitcoin Trust,BlackRock,IBIT,iShares Bitcoin Trust,BTC-USD,2026-04-09,40.91,80000.0,0.25,0.9261,59.882,20.918,40.473,1946.449
274,IBIT,iShares Bitcoin Trust,BlackRock,IBIT,iShares Bitcoin Trust,BTC-USD,2026-04-10,41.56,80000.0,0.25,0.9311,59.551,20.719,32.253,1926.591
275,IBIT,iShares Bitcoin Trust,BlackRock,IBIT,iShares Bitcoin Trust,BTC-USD,2026-04-13,41.59,80000.0,0.25,0.9211,59.018,20.768,36.189,1930.963
276,IBIT,iShares Bitcoin Trust,BlackRock,IBIT,iShares Bitcoin Trust,BTC-USD,2026-04-14,42.13,80000.0,0.25,0.9196,58.954,20.922,36.189,1908.618
277,IBIT,iShares Bitcoin Trust,BlackRock,IBIT,iShares Bitcoin Trust,BTC-USD,2026-04-15,42.56,80000.0,0.25,0.9198,59.002,20.907,40.887,1858.751
278,IBIT,iShares Bitcoin Trust,BlackRock,IBIT,iShares Bitcoin Trust,BTC-USD,2026-04-16,42.73,80000.0,0.25,0.9258,57.574,20.69,45.945,1851.373
279,IBIT,iShares Bitcoin Trust,BlackRock,IBIT,iShares Bitcoin Trust,BTC-USD,2026-04-17,43.94,80000.0,0.25,0.928,57.887,20.675,45.945,1896.757
280,IBIT,iShares Bitcoin Trust,BlackRock,IBIT,iShares Bitcoin Trust,BTC-USD,2026-04-20,43.25,80000.0,0.25,0.9285,57.938,20.576,45.945,1863.194
281,IBIT,iShares Bitcoin Trust,BlackRock,IBIT,iShares Bitcoin Trust,BTC-USD,2026-04-21,42.51,80000.0,0.25,0.9259,58.011,21.124,50.179,1830.427
282,IBIT,iShares Bitcoin Trust,BlackRock,IBIT,iShares Bitcoin Trust,BTC-USD,2026-04-22,44.75,80000.0,0.25,0.9344,58.938,21.903,50.185,1846.525
283,IBIT,iShares Bitcoin Trust,BlackRock,IBIT,iShares Bitcoin Trust,BTC-USD,2026-04-23,44.05,80000.0,0.25,0.9322,58.837,22.086,50.185,1828.82
284,IBIT,iShares Bitcoin Trust,BlackRock,IBIT,iShares Bitcoin Trust,BTC-USD,2026-04-24,44.02,80000.0,0.25,0.9314,58.838,22.152,54.017,1808.914
285,IBIT,iShares Bitcoin Trust,BlackRock,IBIT,iShares Bitcoin Trust,BTC-USD,2026-04-27,43.56,80000.0,0.25,0.9249,57.655,22.213,56.623,1794.602
286,IBIT,iShares Bitcoin Trust,BlackRock,IBIT,iShares Bitcoin Trust,BTC-USD,2026-04-28,43.27,80000.0,0.25,0.9242,57.665,22.234,56.622,1724.4
287,IBIT,iShares Bitcoin Trust,BlackRock,IBIT,iShares Bitcoin Trust,BTC-USD,2026-04-29,42.75,80000.0,0.25,0.916,55.852,22.248,59.082,1719.397
288,IBIT,iShares Bitcoin Trust,BlackRock,IBIT,iShares Bitcoin Trust,BTC-USD,2026-04-30,43.32,80000.0,0.25,0.9251,55.757,21.968,52.492,1672.403
289,IBIT,iShares Bitcoin Trust,BlackRock,IBIT,iShares Bitcoin Trust,BTC-USD,2026-05-01,44.47,80000.0,0.25,0.9223,55.353,21.949,52.492,1707.028
290,IBIT,iShares Bitcoin Trust,BlackRock,IBIT,iShares Bitcoin Trust,BTC-USD,2026-05-04,45.4,80000.0,0.25,0.9205,46.882,21.907,52.492,1781.079
291,IBIT,iShares Bitcoin Trust,BlackRock,IBIT,iShares Bitcoin Trust,BTC-USD,2026-05-05,46.28,80000.0,0.25,0.9708,43.039,21.665,52.492,1801.956
292,IBIT,iShares Bitcoin Trust,BlackRock,IBIT,iShares Bitcoin Trust,BTC-USD,2026-05-06,46.19,80000.0,0.25,0.974,43.014,21.465,54.478,1824.46
293,IBIT,iShares Bitcoin Trust,BlackRock,IBIT,iShares Bitcoin Trust,BTC-USD,2026-05-07,45.4,80000.0,0.25,0.9676,42.72,21.346,54.478,1776.749
294,IBIT,iShares Bitcoin Trust,BlackRock,IBIT,iShares Bitcoin Trust,BTC-USD,2026-05-08,45.45,80000.0,0.25,0.9748,42.514,21.296,46.19,1765.623
295,IBIT,iShares Bitcoin Trust,BlackRock,IBIT,iShares Bitcoin Trust,BTC-USD,2026-05-11,46.47,80000.0,0.25,0.9667,42.031,20.807,46.19,1765.569
296,IBIT,iShares Bitcoin Trust,BlackRock,IBIT,iShares Bitcoin Trust,BTC-USD,2026-05-12,45.8,80000.0,0.25,0.9527,41.043,20.635,40.434,1740.206
297,IBIT,iShares Bitcoin Trust,BlackRock,IBIT,iShares Bitcoin Trust,BTC-USD,2026-05-13,45.12,80000.0,0.25,0.9559,41.043,20.62,40.44,1672.459
298,IBIT,iShares Bitcoin Trust,BlackRock,IBIT,iShares Bitcoin Trust,BTC-USD,2026-05-14,46.17,80000.0,0.25,0.9525,40.912,20.565,35.746,1698.599
299,IBIT,iShares Bitcoin Trust,BlackRock,IBIT,iShares Bitcoin Trust,BTC-USD,2026-05-15,44.82,80000.0,0.25,0.9569,41.407,20.566,26.656,1707.91
300,IBIT,iShares Bitcoin Trust,BlackRock,IBIT,iShares Bitcoin Trust,BTC-USD,2026-05-18,43.53,80000.0,0.25,0.9621,41.896,20.541,26.662,1655.632
301,IBIT,iShares Bitcoin Trust,BlackRock,IBIT,iShares Bitcoin Trust,BTC-USD,2026-05-19,43.5,80000.0,0.25,0.9604,40.478,20.541,31.598,1630.353
302,IBIT,iShares Bitcoin Trust,BlackRock,IBIT,iShares Bitcoin Trust,BTC-USD,2026-05-20,43.99,80000.0,0.25,0.9636,40.507,20.492,21.52,1613.552
303,IBIT,iShares Bitcoin Trust,BlackRock,IBIT,iShares Bitcoin Trust,BTC-USD,2026-05-21,44.0,80000.0,0.25,0.9335,37.932,20.269,26.226,1558.006
304,IBIT,iShares Bitcoin Trust,BlackRock,IBIT,iShares Bitcoin Trust,BTC-USD,2026-05-22,42.96,80000.0,0.25,0.9263,37.898,19.931,26.234,1535.253
305,IBIT,iShares Bitcoin Trust,BlackRock,IBIT,iShares Bitcoin Trust,BTC-USD,2026-05-26,42.99,80000.0,0.25,0.9196,37.371,19.907,29.939,1647.358
306,IBIT,iShares Bitcoin Trust,BlackRock,IBIT,iShares Bitcoin Trust,BTC-USD,2026-05-27,42.45,80000.0,0.25,0.8953,36.001,19.8,27.333,1652.053
307,IBIT,iShares Bitcoin Trust,BlackRock,IBIT,iShares Bitcoin Trust,BTC-USD,2026-05-28,41.56,80000.0,0.25,0.8986,36.183,19.902,27.342,1687.389
308,IBIT,iShares Bitcoin Trust,BlackRock,IBIT,iShares Bitcoin Trust,BTC-USD,2026-05-29,41.63,80000.0,0.25,0.8649,33.363,19.851,30.489,1697.642
309,IBIT,iShares Bitcoin Trust,BlackRock,IBIT,iShares Bitcoin Trust,BTC-USD,2026-06-01,40.49,80000.0,0.25,0.8653,33.435,19.862,28.997,1755.425
310,IBIT,iShares Bitcoin Trust,BlackRock,IBIT,iShares Bitcoin Trust,BTC-USD,2026-06-02,38.05,80000.0,0.25,0.8587,34.568,19.823,28.997,1796.875
311,IBIT,iShares Bitcoin Trust,BlackRock,IBIT,iShares Bitcoin Trust,BTC-USD,2026-06-03,37.0,80000.0,0.25,0.8461,34.906,19.768,29.001,1754.471
312,IBIT,iShares Bitcoin Trust,BlackRock,IBIT,iShares Bitcoin Trust,BTC-USD,2026-06-04,36.02,80000.0,0.25,0.8512,35.148,20.328,29.001,1783.503
313,IBIT,iShares Bitcoin Trust,BlackRock,IBIT,iShares Bitcoin Trust,BTC-USD,2026-06-05,34.14,80000.0,0.25,0.8713,36.649,20.466,27.01,1885.833
314,IBIT,iShares Bitcoin Trust,BlackRock,IBIT,iShares Bitcoin Trust,BTC-USD,2026-06-08,35.89,80000.0,0.25,0.8973,38.205,20.799,27.01,1915.024
315,IBIT,iShares Bitcoin Trust,BlackRock,IBIT,iShares Bitcoin Trust,BTC-USD,2026-06-09,35.14,80000.0,0.25,0.896,38.32,20.781,22.917,1949.641
316,IBIT,iShares Bitcoin Trust,BlackRock,IBIT,iShares Bitcoin Trust,BTC-USD,2026-06-10,35.08,80000.0,0.25,0.9158,37.382,20.618,25.717,1943.181
317,IBIT,iShares Bitcoin Trust,BlackRock,IBIT,iShares Bitcoin Trust,BTC-USD,2026-06-11,36.05,80000.0,0.25,0.918,37.831,20.205,25.718,1957.404
318,IBIT,iShares Bitcoin Trust,BlackRock,IBIT,iShares Bitcoin Trust,BTC-USD,2026-06-12,36.04,80000.0,0.25,0.8993,36.594,20.025,26.257,1950.269
319,IBIT,iShares Bitcoin Trust,BlackRock,IBIT,iShares Bitcoin Trust,BTC-USD,2026-06-15,37.74,80000.0,0.25,0.9154,37.834,20.031,26.26,1947.219
320,IBIT,iShares Bitcoin Trust,BlackRock,IBIT,iShares Bitcoin Trust,BTC-USD,2026-06-16,37.17,80000.0,0.25,0.9203,37.948,19.97,26.26,1909.514
321,IBIT,iShares Bitcoin Trust,BlackRock,IBIT,iShares Bitcoin Trust,BTC-USD,2026-06-17,36.36,80000.0,0.25,0.9229,38.148,19.993,29.288,1867.447
322,IBIT,iShares Bitcoin Trust,BlackRock,IBIT,iShares Bitcoin Trust,BTC-USD,2026-06-18,35.62,80000.0,0.25,0.9199,38.171,19.788,24.353,1896.135
323,IBIT,iShares Bitcoin Trust,BlackRock,IBIT,iShares Bitcoin Trust,BTC-USD,2026-06-22,36.5,80000.0,0.25,0.9202,38.227,19.728,24.358,1915.423
324,IBIT,iShares Bitcoin Trust,BlackRock,IBIT,iShares Bitcoin Trust,BTC-USD,2026-06-23,35.31,80000.0,0.25,0.9282,38.19,19.942,19.659,1918.555
325,IBIT,iShares Bitcoin Trust,BlackRock,IBIT,iShares Bitcoin Trust,BTC-USD,2026-06-24,33.87,80000.0,0.25,0.9389,38.375,20.202,19.659,1993.023
326,IBIT,iShares Bitcoin Trust,BlackRock,IBIT,iShares Bitcoin Trust,BTC-USD,2026-06-25,33.52,80000.0,0.25,0.9316,38.368,20.294,19.227,1939.609
327,IBIT,iShares Bitcoin Trust,BlackRock,IBIT,iShares Bitcoin Trust,BTC-USD,2026-06-26,33.85,80000.0,0.25,0.9344,38.189,20.323,28.13,1964.245
328,IBIT,iShares Bitcoin Trust,BlackRock,IBIT,iShares Bitcoin Trust,BTC-USD,2026-06-29,34.18,80000.0,0.25,0.9356,38.232,20.321,39.789,1958.387
329,IBIT,iShares Bitcoin Trust,BlackRock,IBIT,iShares Bitcoin Trust,BTC-USD,2026-06-30,33.29,80000.0,0.25,0.9363,38.429,20.323,34.182,1972.491
330,IBIT,iShares Bitcoin Trust,BlackRock,IBIT,iShares Bitcoin Trust,BTC-USD,2026-07-01,34.0,80000.0,0.25,0.9204,37.731,20.156,34.182,1955.499
331,IBIT,iShares Bitcoin Trust,BlackRock,IBIT,iShares Bitcoin Trust,BTC-USD,2026-07-02,34.87,80000.0,0.25,1.0114,38.115,17.147,34.182,1893.658
332,IBIT,iShares Bitcoin Trust,BlackRock,IBIT,iShares Bitcoin Trust,BTC-USD,2026-07-06,36.12,80000.0,0.25,1.0176,38.197,14.593,36.199,1889.455
333,IBIT,iShares Bitcoin Trust,BlackRock,IBIT,iShares Bitcoin Trust,BTC-USD,2026-07-07,36.15,80000.0,0.25,1.0126,38.091,14.791,39.485,1819.239
334,IBIT,iShares Bitcoin Trust,BlackRock,IBIT,iShares Bitcoin Trust,BTC-USD,2026-07-08,35.23,80000.0,0.25,1.0179,38.212,14.893,39.487,1694.163
335,IBIT,iShares Bitcoin Trust,BlackRock,IBIT,iShares Bitcoin Trust,BTC-USD,2026-07-09,35.81,80000.0,0.25,1.0352,38.406,14.439,39.487,1643.99
336,IBIT,iShares Bitcoin Trust,BlackRock,IBIT,iShares Bitcoin Trust,BTC-USD,2026-07-10,36.23,80000.0,0.25,1.0339,38.386,14.018,39.487,1609.152
337,IBIT,iShares Bitcoin Trust,BlackRock,IBIT,iShares Bitcoin Trust,BTC-USD,2026-07-13,35.22,80000.0,0.25,1.0309,38.651,14.018,36.69,1610.612
338,IBIT,iShares Bitcoin Trust,BlackRock,IBIT,iShares Bitcoin Trust,BTC-USD,2026-07-14,36.58,80000.0,0.25,1.022,39.533,14.059,36.69,1618.403
339,IBIT,iShares Bitcoin Trust,BlackRock,IBIT,iShares Bitcoin Trust,BTC-USD,2026-07-15,36.81,80000.0,0.25,1.0203,39.065,14.202,36.151,1615.676
340,IBIT,iShares Bitcoin Trust,BlackRock,IBIT,iShares Bitcoin Trust,BTC-USD,2026-07-16,36.39,80000.0,0.25,1.0195,39.014,14.222,36.149,1558.474
341,IBIT,iShares Bitcoin Trust,BlackRock,IBIT,iShares Bitcoin Trust,BTC-USD,2026-07-17,36.35,80000.0,0.25,1.0264,38.9,13.43,36.147,1608.425
342,IBIT,iShares Bitcoin Trust,BlackRock,IBIT,iShares Bitcoin Trust,BTC-USD,2026-07-20,36.89,80000.0,0.25,0.9971,37.427,12.028,33.111,1593.005
343,IBIT,iShares Bitcoin Trust,BlackRock,IBIT,iShares Bitcoin Trust,BTC-USD,2026-07-21,37.67,80000.0,0.25,1.0004,37.656,11.574,33.111,1590.848
344,IBIT,iShares Bitcoin Trust,BlackRock,IBIT,iShares Bitcoin Trust,BTC-USD,2026-07-22,37.34,80000.0,0.25,1.0032,37.675,11.412,33.103,1567.317
345,IBIT,iShares Bitcoin Trust,BlackRock,IBIT,iShares Bitcoin Trust,BTC-USD,2026-07-23,36.65,80000.0,0.25,1.0048,37.784,11.27,33.103,1573.375
346,IBIT,iShares Bitcoin Trust,BlackRock,IBIT,iShares Bitcoin Trust,BTC-USD,2026-07-24,36.35,80000.0,0.25,1.0045,37.792,11.294,33.097,1494.562
347,IBIT,iShares Bitcoin Trust,BlackRock,IBIT,iShares Bitcoin Trust,BTC-USD,2026-07-27,36.77,80000.0,0.25,1.0021,37.856,11.825,25.985,1425.499
348,IBIT,iShares Bitcoin Trust,BlackRock,IBIT,iShares Bitcoin Trust,BTC-USD,2026-07-28,36.14,80000.0,0.25,0.9968,37.83,12.388,17.088,1379.951
349,IBIT,iShares Bitcoin Trust,BlackRock,IBIT,iShares Bitcoin Trust,BTC-USD,2026-07-29,36.0,80000.0,0.25,0.9942,37.337,12.38,5.429,1364.817
350,IBIT,iShares Bitcoin Trust,BlackRock,IBIT,iShares Bitcoin Trust,BTC-USD,2026-07-30,36.7,80000.0,0.25,0.9979,37.298,12.462,5.429,1334.928
351,IBIT,iShares Bitcoin Trust,BlackRock,IBIT,iShares Bitcoin Trust,BTC-USD,2026-07-31,35.64,80000.0,0.25,0.9939,37.359,12.39,5.444,1341.325
352,IBIT,iShares Bitcoin Trust,BlackRock,IBIT,iShares Bitcoin Trust,BTC-USD,2026-08-03,36.16,80000.0,0.25,0.9988,37.556,12.336,13.102,1336.022
353,IBIT,iShares Bitcoin Trust,BlackRock,IBIT,iShares Bitcoin Trust,BTC-USD,2026-08-04,36.39,80000.0,0.25,0.9976,37.513,12.347,11.079,1305.341
354,IBIT,iShares Bitcoin Trust,BlackRock,IBIT,iShares Bitcoin Trust,BTC-USD,2026-08-05,36.74,80000.0,0.25,0.9983,37.6,12.351,7.987,1307.183
355,IBIT,iShares Bitcoin Trust,BlackRock,IBIT,iShares Bitcoin Trust,BTC-USD,2026-08-06,36.49,80000.0,0.25,0.9959,37.22,12.321,13.106,1301.147
356,IBIT,iShares Bitcoin Trust,BlackRock,IBIT,iShares Bitcoin Trust,BTC-USD,2026-08-07,36.8,80000.0,0.25,0.9958,37.241,12.32,13.1,1314.72
357,IBIT,iShares Bitcoin Trust,BlackRock,IBIT,iShares Bitcoin Trust,BTC-USD,2026-08-10,36.23,80000.0,0.25,0.996,37.25,12.32,13.103,1330.805
358,IBIT,iShares Bitcoin Trust,BlackRock,IBIT,iShares Bitcoin Trust,BTC-USD,2026-08-11,35.94,80000.0,0.25,0.9952,36.842,12.314,13.096,1320.345
359,IBIT,iShares Bitcoin Trust,BlackRock,IBIT,iShares Bitcoin Trust,BTC-USD,2026-08-12,35.89,80000.0,0.25,0.9916,36.459,12.27,18.073,1281.802
360,IBIT,iShares Bitcoin Trust,BlackRock,IBIT,iShares Bitcoin Trust,BTC-USD,2026-08-13,35.88,80000.0,0.25,0.9896,36.075,12.258,21.156,1265.191
361,IBIT,iShares Bitcoin Trust,BlackRock,IBIT,iShares Bitcoin Trust,BTC-USD,2026-08-14,35.63,80000.0,0.25,0.9896,36.079,12.248,21.143,1267.131
362,IBIT,iShares Bitcoin Trust,BlackRock,IBIT,iShares Bitcoin Trust,BTC-USD,2026-08-17,36.42,80000.0,0.25,0.987,36.33,12.235,21.156,1244.224
363,IBIT,iShares Bitcoin Trust,BlackRock,IBIT,iShares Bitcoin Trust,BTC-USD,2026-08-18,36.6,80000.0,0.25,0.9876,36.361,12.249,21.143,1235.816
364,IBIT,iShares Bitcoin Trust,BlackRock,IBIT,iShares Bitcoin Trust,BTC-USD,2026-08-19,38.78,80000.0,0.25,0.9689,38.176,12.352,21.143,1416.709
365,IBIT,iShares Bitcoin Trust,BlackRock,IBIT,iShares Bitcoin Trust,BTC-USD,2026-08-20,41.2,80000.0,0.25,0.9837,40.25,12.481,21.143,1587.39
366,IBIT,iShares Bitcoin Trust,BlackRock,IBIT,iShares Bitcoin Trust,BTC-USD,2026-08-21,43.68,80000.0,0.25,0.9693,41.95,12.559,21.143,1771.715
367,IBIT,iShares Bitcoin Trust,BlackRock,IBIT,iShares Bitcoin Trust,BTC-USD,2026-08-24,44.64,80000.0,0.25,0.9687,41.926,12.719,21.143,1919.2
368,IBIT,iShares Bitcoin Trust,BlackRock,IBIT,iShares Bitcoin Trust,BTC-USD,2026-08-25,44.72,80000.0,0.25,0.968,41.926,12.776,28.241,2005.54
369,IBIT,iShares Bitcoin Trust,BlackRock,IBIT,iShares Bitcoin Trust,BTC-USD,2026-08-26,44.46,80000.0,0.25,0.9664,41.518,12.968,28.234,2046.096
370,IBIT,iShares Bitcoin Trust,BlackRock,IBIT,iShares Bitcoin Trust,BTC-USD,2026-08-27,45.29,80000.0,0.25,0.9735,39.471,13.021,28.234,2112.786
371,FBTC,Fidelity Wise Origin Bitcoin,Fidelity,FBTC,Fidelity Wise Origin Bitcoin,BTC-USD,2025-03-07,75.95,20000.0,0.25,1.0325,46.66,19.44,90.79,374.369
372,FBTC,Fidelity Wise Origin Bitcoin,Fidelity,FBTC,Fidelity Wise Origin Bitcoin,BTC-USD,2025-03-10,68.98,20000.0,0.25,1.0059,49.251,18.191,82.191,379.007
373,FBTC,Fidelity Wise Origin Bitcoin,Fidelity,FBTC,Fidelity Wise Origin Bitcoin,BTC-USD,2025-03-11,72.52,20000.0,0.25,1.0023,50.436,18.091,82.996,373.167
374,FBTC,Fidelity Wise Origin Bitcoin,Fidelity,FBTC,Fidelity Wise Origin Bitcoin,BTC-USD,2025-03-12,72.41,20000.0,0.25,0.9946,49.227,18.184,92.441,373.686
375,FBTC,Fidelity Wise Origin Bitcoin,Fidelity,FBTC,Fidelity Wise Origin Bitcoin,BTC-USD,2025-03-13,69.98,20000.0,0.25,0.9954,49.589,18.18,101.734,370.779
376,FBTC,Fidelity Wise Origin Bitcoin,Fidelity,FBTC,Fidelity Wise Origin Bitcoin,BTC-USD,2025-03-14,73.93,20000.0,0.25,1.0092,50.858,18.6,90.716,375.593
377,FBTC,Fidelity Wise Origin Bitcoin,Fidelity,FBTC,Fidelity Wise Origin Bitcoin,BTC-USD,2025-03-17,73.83,20000.0,0.25,1.0146,50.105,18.603,96.741,376.483
378,FBTC,Fidelity Wise Origin Bitcoin,Fidelity,FBTC,Fidelity Wise Origin Bitcoin,BTC-USD,2025-03-18,71.89,20000.0,0.25,1.0162,50.245,18.636,96.838,373.289
379,FBTC,Fidelity Wise Origin Bitcoin,Fidelity,FBTC,Fidelity Wise Origin Bitcoin,BTC-USD,2025-03-19,74.66,20000.0,0.25,1.0039,49.593,18.747,96.838,369.732
380,FBTC,Fidelity Wise Origin Bitcoin,Fidelity,FBTC,Fidelity Wise Origin Bitcoin,BTC-USD,2025-03-20,73.49,20000.0,0.25,0.9863,48.945,18.6,106.487,368.346
381,FBTC,Fidelity Wise Origin Bitcoin,Fidelity,FBTC,Fidelity Wise Origin Bitcoin,BTC-USD,2025-03-21,73.28,20000.0,0.25,0.9865,48.941,18.599,106.39,366.333
382,FBTC,Fidelity Wise Origin Bitcoin,Fidelity,FBTC,Fidelity Wise Origin Bitcoin,BTC-USD,2025-03-24,77.09,20000.0,0.25,0.9921,49.589,18.666,101.421,350.33
383,FBTC,Fidelity Wise Origin Bitcoin,Fidelity,FBTC,Fidelity Wise Origin Bitcoin,BTC-USD,2025-03-25,77.0,20000.0,0.25,0.9729,47.781,18.071,105.398,336.829
384,FBTC,Fidelity Wise Origin Bitcoin,Fidelity,FBTC,Fidelity Wise Origin Bitcoin,BTC-USD,2025-03-26,75.56,20000.0,0.25,0.9706,47.418,18.213,105.495,292.758
385,FBTC,Fidelity Wise Origin Bitcoin,Fidelity,FBTC,Fidelity Wise Origin Bitcoin,BTC-USD,2025-03-27,75.96,20000.0,0.25,0.9726,47.397,18.184,111.896,272.203
386,FBTC,Fidelity Wise Origin Bitcoin,Fidelity,FBTC,Fidelity Wise Origin Bitcoin,BTC-USD,2025-03-28,73.12,20000.0,0.25,0.9807,47.991,18.008,97.36,266.628
387,FBTC,Fidelity Wise Origin Bitcoin,Fidelity,FBTC,Fidelity Wise Origin Bitcoin,BTC-USD,2025-03-31,71.97,20000.0,0.25,0.982,48.054,17.697,92.639,255.89
388,FBTC,Fidelity Wise Origin Bitcoin,Fidelity,FBTC,Fidelity Wise Origin Bitcoin,BTC-USD,2025-04-01,74.2,20000.0,0.25,0.9768,47.66,17.641,92.682,245.243
389,FBTC,Fidelity Wise Origin Bitcoin,Fidelity,FBTC,Fidelity Wise Origin Bitcoin,BTC-USD,2025-04-02,75.88,20000.0,0.25,0.9449,47.854,20.681,92.682,238.094
390,FBTC,Fidelity Wise Origin Bitcoin,Fidelity,FBTC,Fidelity Wise Origin Bitcoin,BTC-USD,2025-04-03,71.55,20000.0,0.25,0.9298,48.5,24.771,92.682,236.485
391,FBTC,Fidelity Wise Origin Bitcoin,Fidelity,FBTC,Fidelity Wise Origin Bitcoin,BTC-USD,2025-04-04,73.39,20000.0,0.25,0.9226,47.449,24.959,80.94,247.089
392,FBTC,Fidelity Wise Origin Bitcoin,Fidelity,FBTC,Fidelity Wise Origin Bitcoin,BTC-USD,2025-04-07,68.14,20000.0,0.25,0.9447,49.463,25.285,68.374,260.239
393,FBTC,Fidelity Wise Origin Bitcoin,Fidelity,FBTC,Fidelity Wise Origin Bitcoin,BTC-USD,2025-04-08,67.0,20000.0,0.25,0.9309,49.486,25.462,88.518,251.711
394,FBTC,Fidelity Wise Origin Bitcoin,Fidelity,FBTC,Fidelity Wise Origin Bitcoin,BTC-USD,2025-04-09,71.89,20000.0,0.25,0.926,51.724,25.4,86.58,269.873
395,FBTC,Fidelity Wise Origin Bitcoin,Fidelity,FBTC,Fidelity Wise Origin Bitcoin,BTC-USD,2025-04-10,69.36,20000.0,0.25,0.9231,51.758,25.344,87.766,281.61
396,FBTC,Fidelity Wise Origin Bitcoin,Fidelity,FBTC,Fidelity Wise Origin Bitcoin,BTC-USD,2025-04-11,73.24,20000.0,0.25,0.9368,52.587,25.408,78.464,294.606
397,FBTC,Fidelity Wise Origin Bitcoin,Fidelity,FBTC,Fidelity Wise Origin Bitcoin,BTC-USD,2025-04-14,74.21,20000.0,0.25,0.9381,52.643,25.216,78.458,293.584
398,FBTC,Fidelity Wise Origin Bitcoin,Fidelity,FBTC,Fidelity Wise Origin Bitcoin,BTC-USD,2025-04-15,73.38,20000.0,0.25,0.9374,51.754,25.218,77.161,294.925
399,FBTC,Fidelity Wise Origin Bitcoin,Fidelity,FBTC,Fidelity Wise Origin Bitcoin,BTC-USD,2025-04-16,73.66,20000.0,0.25,0.9383,51.671,25.21,80.251,295.26
400,FBTC,Fidelity Wise Origin Bitcoin,Fidelity,FBTC,Fidelity Wise Origin Bitcoin,BTC-USD,2025-04-17,74.16,20000.0,0.25,0.9394,51.634,25.195,88.339,291.731
401,FBTC,Fidelity Wise Origin Bitcoin,Fidelity,FBTC,Fidelity Wise Origin Bitcoin,BTC-USD,2025-04-21,76.38,20000.0,0.25,0.9415,52.053,25.058,76.398,300.364
402,FBTC,Fidelity Wise Origin Bitcoin,Fidelity,FBTC,Fidelity Wise Origin Bitcoin,BTC-USD,2025-04-22,79.89,20000.0,0.25,0.9213,52.841,25.212,76.425,316.036
403,FBTC,Fidelity Wise Origin Bitcoin,Fidelity,FBTC,Fidelity Wise Origin Bitcoin,BTC-USD,2025-04-23,81.66,20000.0,0.25,0.9182,52.612,25.446,76.398,322.468
404,FBTC,Fidelity Wise Origin Bitcoin,Fidelity,FBTC,Fidelity Wise Origin Bitcoin,BTC-USD,2025-04-24,81.76,20000.0,0.25,0.9187,52.615,25.418,75.092,325.381
405,FBTC,Fidelity Wise Origin Bitcoin,Fidelity,FBTC,Fidelity Wise Origin Bitcoin,BTC-USD,2025-04-25,83.3,20000.0,0.25,0.9168,52.375,25.471,75.031,327.497
406,FBTC,Fidelity Wise Origin Bitcoin,Fidelity,FBTC,Fidelity Wise Origin Bitcoin,BTC-USD,2025-04-28,82.77,20000.0,0.25,0.9166,52.356,25.532,68.326,329.272
407,FBTC,Fidelity Wise Origin Bitcoin,Fidelity,FBTC,Fidelity Wise Origin Bitcoin,BTC-USD,2025-04-29,83.24,20000.0,0.25,0.9104,51.939,25.523,68.299,328.142
408,FBTC,Fidelity Wise Origin Bitcoin,Fidelity,FBTC,Fidelity Wise Origin Bitcoin,BTC-USD,2025-04-30,82.18,20000.0,0.25,0.9114,51.995,25.607,68.179,329.928
409,FBTC,Fidelity Wise Origin Bitcoin,Fidelity,FBTC,Fidelity Wise Origin Bitcoin,BTC-USD,2025-05-01,84.34,20000.0,0.25,0.9176,52.042,25.557,68.179,329.177
410,FBTC,Fidelity Wise Origin Bitcoin,Fidelity,FBTC,Fidelity Wise Origin Bitcoin,BTC-USD,2025-05-02,84.7,20000.0,0.25,0.917,51.967,25.553,68.622,326.918
411,FBTC,Fidelity Wise Origin Bitcoin,Fidelity,FBTC,Fidelity Wise Origin Bitcoin,BTC-USD,2025-05-05,82.37,20000.0,0.25,0.9198,52.274,25.585,68.622,323.226
412,FBTC,Fidelity Wise Origin Bitcoin,Fidelity,FBTC,Fidelity Wise Origin Bitcoin,BTC-USD,2025-05-06,82.92,20000.0,0.25,0.9149,52.233,25.608,73.856,302.674
413,FBTC,Fidelity Wise Origin Bitcoin,Fidelity,FBTC,Fidelity Wise Origin Bitcoin,BTC-USD,2025-05-07,83.96,20000.0,0.25,0.9139,52.179,25.648,73.856,277.176
414,FBTC,Fidelity Wise Origin Bitcoin,Fidelity,FBTC,Fidelity Wise Origin Bitcoin,BTC-USD,2025-05-08,88.48,20000.0,0.25,0.9078,53.058,25.638,53.754,275.525
415,FBTC,Fidelity Wise Origin Bitcoin,Fidelity,FBTC,Fidelity Wise Origin Bitcoin,BTC-USD,2025-05-09,90.12,20000.0,0.25,0.907,53.053,25.967,42.208,254.748
416,FBTC,Fidelity Wise Origin Bitcoin,Fidelity,FBTC,Fidelity Wise Origin Bitcoin,BTC-USD,2025-05-12,88.91,20000.0,0.25,0.9085,53.109,26.072,32.74,248.383
417,FBTC,Fidelity Wise Origin Bitcoin,Fidelity,FBTC,Fidelity Wise Origin Bitcoin,BTC-USD,2025-05-13,91.57,20000.0,0.25,0.9116,53.392,26.31,34.07,236.355
418,FBTC,Fidelity Wise Origin Bitcoin,Fidelity,FBTC,Fidelity Wise Origin Bitcoin,BTC-USD,2025-05-14,90.22,20000.0,0.25,0.9072,52.999,26.248,38.607,229.757
419,FBTC,Fidelity Wise Origin Bitcoin,Fidelity,FBTC,Fidelity Wise Origin Bitcoin,BTC-USD,2025-05-15,90.11,20000.0,0.25,0.9053,52.837,26.19,34.272,231.679
420,FBTC,Fidelity Wise Origin Bitcoin,Fidelity,FBTC,Fidelity Wise Origin Bitcoin,BTC-USD,2025-05-16,90.88,20000.0,0.25,0.9023,52.64,26.251,31.058,230.864
421,FBTC,Fidelity Wise Origin Bitcoin,Fidelity,FBTC,Fidelity Wise Origin Bitcoin,BTC-USD,2025-05-19,92.16,20000.0,0.25,0.8936,52.061,26.093,25.656,235.375
422,FBTC,Fidelity Wise Origin Bitcoin,Fidelity,FBTC,Fidelity Wise Origin Bitcoin,BTC-USD,2025-05-20,93.51,20000.0,0.25,0.927,52.075,24.659,25.649,230.615
423,FBTC,Fidelity Wise Origin Bitcoin,Fidelity,FBTC,Fidelity Wise Origin Bitcoin,BTC-USD,2025-05-21,94.91,20000.0,0.25,0.901,50.194,23.73,25.587,240.2
424,FBTC,Fidelity Wise Origin Bitcoin,Fidelity,FBTC,Fidelity Wise Origin Bitcoin,BTC-USD,2025-05-22,97.06,20000.0,0.25,0.9046,49.381,23.679,25.542,248.38
425,FBTC,Fidelity Wise Origin Bitcoin,Fidelity,FBTC,Fidelity Wise Origin Bitcoin,BTC-USD,2025-05-23,94.98,20000.0,0.25,0.8935,49.56,23.591,22.898,257.954
426,FBTC,Fidelity Wise Origin Bitcoin,Fidelity,FBTC,Fidelity Wise Origin Bitcoin,BTC-USD,2025-05-27,95.98,20000.0,0.25,0.8944,49.561,23.439,24.46,263.453
427,FBTC,Fidelity Wise Origin Bitcoin,Fidelity,FBTC,Fidelity Wise Origin Bitcoin,BTC-USD,2025-05-28,93.39,20000.0,0.25,0.8982,49.847,23.726,23.053,269.481
428,FBTC,Fidelity Wise Origin Bitcoin,Fidelity,FBTC,Fidelity Wise Origin Bitcoin,BTC-USD,2025-05-29,92.21,20000.0,0.25,0.8964,49.938,23.738,23.321,278.534
429,FBTC,Fidelity Wise Origin Bitcoin,Fidelity,FBTC,Fidelity Wise Origin Bitcoin,BTC-USD,2025-05-30,91.38,20000.0,0.25,0.8912,49.396,23.756,23.294,281.411
430,FBTC,Fidelity Wise Origin Bitcoin,Fidelity,FBTC,Fidelity Wise Origin Bitcoin,BTC-USD,2025-06-02,91.2,20000.0,0.25,0.8844,49.255,23.983,26.034,279.51
431,FBTC,Fidelity Wise Origin Bitcoin,Fidelity,FBTC,Fidelity Wise Origin Bitcoin,BTC-USD,2025-06-03,92.76,20000.0,0.25,0.8877,49.031,24.188,25.533,281.611
432,FBTC,Fidelity Wise Origin Bitcoin,Fidelity,FBTC,Fidelity Wise Origin Bitcoin,BTC-USD,2025-06-04,91.65,20000.0,0.25,0.8691,44.558,24.215,25.533,282.258
433,FBTC,Fidelity Wise Origin Bitcoin,Fidelity,FBTC,Fidelity Wise Origin Bitcoin,BTC-USD,2025-06-05,88.96,20000.0,0.25,0.8688,44.092,24.211,22.971,291.608
434,FBTC,Fidelity Wise Origin Bitcoin,Fidelity,FBTC,Fidelity Wise Origin Bitcoin,BTC-USD,2025-06-06,91.05,20000.0,0.25,0.8699,44.265,24.082,26.175,296.898
435,FBTC,Fidelity Wise Origin Bitcoin,Fidelity,FBTC,Fidelity Wise Origin Bitcoin,BTC-USD,2025-06-09,94.86,20000.0,0.25,0.8557,44.192,24.114,26.175,296.388
436,FBTC,Fidelity Wise Origin Bitcoin,Fidelity,FBTC,Fidelity Wise Origin Bitcoin,BTC-USD,2025-06-10,95.67,20000.0,0.25,0.8375,42.962,23.852,26.148,295.957
437,FBTC,Fidelity Wise Origin Bitcoin,Fidelity,FBTC,Fidelity Wise Origin Bitcoin,BTC-USD,2025-06-11,94.99,20000.0,0.25,0.8354,43.011,23.864,31.303,288.501
438,FBTC,Fidelity Wise Origin Bitcoin,Fidelity,FBTC,Fidelity Wise Origin Bitcoin,BTC-USD,2025-06-12,93.23,20000.0,0.25,0.8276,42.799,23.77,29.973,284.889
439,FBTC,Fidelity Wise Origin Bitcoin,Fidelity,FBTC,Fidelity Wise Origin Bitcoin,BTC-USD,2025-06-13,91.79,20000.0,0.25,0.8322,42.412,23.916,25.505,288.092
440,FBTC,Fidelity Wise Origin Bitcoin,Fidelity,FBTC,Fidelity Wise Origin Bitcoin,BTC-USD,2025-06-16,94.93,20000.0,0.25,0.8424,42.663,24.396,22.074,284.87
441,FBTC,Fidelity Wise Origin Bitcoin,Fidelity,FBTC,Fidelity Wise Origin Bitcoin,BTC-USD,2025-06-17,91.42,20000.0,0.25,0.8547,43.5,24.754,22.11,289.24
442,FBTC,Fidelity Wise Origin Bitcoin,Fidelity,FBTC,Fidelity Wise Origin Bitcoin,BTC-USD,2025-06-18,90.63,20000.0,0.25,0.84,42.449,24.763,26.263,286.537
443,FBTC,Fidelity Wise Origin Bitcoin,Fidelity,FBTC,Fidelity Wise Origin Bitcoin,BTC-USD,2025-06-20,90.08,20000.0,0.25,0.8371,42.48,24.8,31.023,287.142
444,FBTC,Fidelity Wise Origin Bitcoin,Fidelity,FBTC,Fidelity Wise Origin Bitcoin,BTC-USD,2025-06-23,90.11,20000.0,0.25,0.8254,42.247,24.931,31.023,271.806
445,FBTC,Fidelity Wise Origin Bitcoin,Fidelity,FBTC,Fidelity Wise Origin Bitcoin,BTC-USD,2025-06-24,92.23,20000.0,0.25,0.826,42.449,25.25,31.059,261.339
446,FBTC,Fidelity Wise Origin Bitcoin,Fidelity,FBTC,Fidelity Wise Origin Bitcoin,BTC-USD,2025-06-25,94.13,20000.0,0.25,0.8172,41.702,25.3,31.076,258.941
447,FBTC,Fidelity Wise Origin Bitcoin,Fidelity,FBTC,Fidelity Wise Origin Bitcoin,BTC-USD,2025-06-26,93.95,20000.0,0.25,0.8178,41.513,25.28,31.745,249.448
448,FBTC,Fidelity Wise Origin Bitcoin,Fidelity,FBTC,Fidelity Wise Origin Bitcoin,BTC-USD,2025-06-27,93.28,20000.0,0.25,0.8154,41.22,25.342,35.971,242.006
449,FBTC,Fidelity Wise Origin Bitcoin,Fidelity,FBTC,Fidelity Wise Origin Bitcoin,BTC-USD,2025-06-30,93.99,20000.0,0.25,0.8625,41.046,22.933,39.412,237.018
450,FBTC,Fidelity Wise Origin Bitcoin,Fidelity,FBTC,Fidelity Wise Origin Bitcoin,BTC-USD,2025-07-01,91.95,20000.0,0.25,0.8735,39.316,18.596,39.428,233.566
451,FBTC,Fidelity Wise Origin Bitcoin,Fidelity,FBTC,Fidelity Wise Origin Bitcoin,BTC-USD,2025-07-02,95.82,20000.0,0.25,0.8814,39.811,18.526,36.699,243.113
452,FBTC,Fidelity Wise Origin Bitcoin,Fidelity,FBTC,Fidelity Wise Origin Bitcoin,BTC-USD,2025-07-03,95.45,20000.0,0.25,0.8346,36.332,18.12,36.678,238.329
453,FBTC,Fidelity Wise Origin Bitcoin,Fidelity,FBTC,Fidelity Wise Origin Bitcoin,BTC-USD,2025-07-07,94.33,20000.0,0.25,0.8551,36.213,17.732,36.678,238.333
454,FBTC,Fidelity Wise Origin Bitcoin,Fidelity,FBTC,Fidelity Wise Origin Bitcoin,BTC-USD,2025-07-08,94.98,20000.0,0.25,0.8499,33.608,17.721,34.003,231.398
455,FBTC,Fidelity Wise Origin Bitcoin,Fidelity,FBTC,Fidelity Wise Origin Bitcoin,BTC-USD,2025-07-09,97.65,20000.0,0.25,0.846,32.855,17.808,30.799,232.52
456,FBTC,Fidelity Wise Origin Bitcoin,Fidelity,FBTC,Fidelity Wise Origin Bitcoin,BTC-USD,2025-07-10,99.04,20000.0,0.25,0.7912,31.303,18.088,30.653,234.903
457,FBTC,Fidelity Wise Origin Bitcoin,Fidelity,FBTC,Fidelity Wise Origin Bitcoin,BTC-USD,2025-07-11,103.16,20000.0,0.25,0.7998,32.11,19.115,30.799,250.69
458,FBTC,Fidelity Wise Origin Bitcoin,Fidelity,FBTC,Fidelity Wise Origin Bitcoin,BTC-USD,2025-07-14,104.72,20000.0,0.25,0.7961,31.976,19.112,22.48,268.364
459,FBTC,Fidelity Wise Origin Bitcoin,Fidelity,FBTC,Fidelity Wise Origin Bitcoin,BTC-USD,2025-07-15,101.64,20000.0,0.25,0.8119,32.805,19.402,22.48,281.867
460,FBTC,Fidelity Wise Origin Bitcoin,Fidelity,FBTC,Fidelity Wise Origin Bitcoin,BTC-USD,2025-07-16,104.14,20000.0,0.25,0.814,33.033,19.711,22.385,293.106
461,FBTC,Fidelity Wise Origin Bitcoin,Fidelity,FBTC,Fidelity Wise Origin Bitcoin,BTC-USD,2025-07-17,103.88,20000.0,0.25,0.8104,32.696,19.762,27.842,300.304
462,FBTC,Fidelity Wise Origin Bitcoin,Fidelity,FBTC,Fidelity Wise Origin Bitcoin,BTC-USD,2025-07-18,102.47,20000.0,0.25,0.8413,31.843,19.511,31.806,311.203
463,FBTC,Fidelity Wise Origin Bitcoin,Fidelity,FBTC,Fidelity Wise Origin Bitcoin,BTC-USD,2025-07-21,101.88,20000.0,0.25,0.8432,31.688,19.126,32.349,319.508
464,FBTC,Fidelity Wise Origin Bitcoin,Fidelity,FBTC,Fidelity Wise Origin Bitcoin,BTC-USD,2025-07-22,104.16,20000.0,0.25,0.846,31.908,19.137,28.745,327.272
465,FBTC,Fidelity Wise Origin Bitcoin,Fidelity,FBTC,Fidelity Wise Origin Bitcoin,BTC-USD,2025-07-23,103.38,20000.0,0.25,0.8432,31.846,19.01,29.656,328.056
466,FBTC,Fidelity Wise Origin Bitcoin,Fidelity,FBTC,Fidelity Wise Origin Bitcoin,BTC-USD,2025-07-24,103.9,20000.0,0.25,0.8404,31.779,18.971,29.621,330.929
467,FBTC,Fidelity Wise Origin Bitcoin,Fidelity,FBTC,Fidelity Wise Origin Bitcoin,BTC-USD,2025-07-25,101.97,20000.0,0.25,0.8527,32.11,19.027,29.621,335.144
468,FBTC,Fidelity Wise Origin Bitcoin,Fidelity,FBTC,Fidelity Wise Origin Bitcoin,BTC-USD,2025-07-28,103.06,20000.0,0.25,0.8496,31.964,18.928,27.363,345.264
469,FBTC,Fidelity Wise Origin Bitcoin,Fidelity,FBTC,Fidelity Wise Origin Bitcoin,BTC-USD,2025-07-29,102.5,20000.0,0.25,0.8456,31.68,18.953,27.997,351.097
470,FBTC,Fidelity Wise Origin Bitcoin,Fidelity,FBTC,Fidelity Wise Origin Bitcoin,BTC-USD,2025-07-30,101.97,20000.0,0.25,0.8466,31.727,18.98,28.984,354.285
471,FBTC,Fidelity Wise Origin Bitcoin,Fidelity,FBTC,Fidelity Wise Origin Bitcoin,BTC-USD,2025-07-31,101.84,20000.0,0.25,0.8217,31.079,19.1,35.34,360.535
472,FBTC,Fidelity Wise Origin Bitcoin,Fidelity,FBTC,Fidelity Wise Origin Bitcoin,BTC-USD,2025-08-01,98.66,20000.0,0.25,0.8492,31.898,19.121,35.34,369.618
473,FBTC,Fidelity Wise Origin Bitcoin,Fidelity,FBTC,Fidelity Wise Origin Bitcoin,BTC-USD,2025-08-04,100.12,20000.0,0.25,0.85,31.93,19.016,40.1,374.256
474,FBTC,Fidelity Wise Origin Bitcoin,Fidelity,FBTC,Fidelity Wise Origin Bitcoin,BTC-USD,2025-08-05,99.15,20000.0,0.25,0.8546,30.315,19.007,40.06,377.962
475,FBTC,Fidelity Wise Origin Bitcoin,Fidelity,FBTC,Fidelity Wise Origin Bitcoin,BTC-USD,2025-08-06,100.62,20000.0,0.25,0.8621,30.239,18.603,40.06,383.411
476,FBTC,Fidelity Wise Origin Bitcoin,Fidelity,FBTC,Fidelity Wise Origin Bitcoin,BTC-USD,2025-08-07,102.65,20000.0,0.25,0.861,30.292,18.424,40.06,382.504
477,FBTC,Fidelity Wise Origin Bitcoin,Fidelity,FBTC,Fidelity Wise Origin Bitcoin,BTC-USD,2025-08-08,101.6,20000.0,0.25,0.8524,29.866,18.105,45.318,378.811
478,FBTC,Fidelity Wise Origin Bitcoin,Fidelity,FBTC,Fidelity Wise Origin Bitcoin,BTC-USD,2025-08-11,103.88,20000.0,0.25,0.854,29.952,18.054,45.318,369.422
479,FBTC,Fidelity Wise Origin Bitcoin,Fidelity,FBTC,Fidelity Wise Origin Bitcoin,BTC-USD,2025-08-12,104.42,20000.0,0.25,0.851,29.949,18.076,50.197,358.547
480,FBTC,Fidelity Wise Origin Bitcoin,Fidelity,FBTC,Fidelity Wise Origin Bitcoin,BTC-USD,2025-08-13,107.27,20000.0,0.25,0.8593,30.343,17.969,50.197,361.464
481,FBTC,Fidelity Wise Origin Bitcoin,Fidelity,FBTC,Fidelity Wise Origin Bitcoin,BTC-USD,2025-08-14,102.97,20000.0,0.25,0.8746,31.538,17.977,50.197,367.448
482,FBTC,Fidelity Wise Origin Bitcoin,Fidelity,FBTC,Fidelity Wise Origin Bitcoin,BTC-USD,2025-08-15,102.03,20000.0,0.25,0.8735,31.505,17.965,47.067,364.959
483,FBTC,Fidelity Wise Origin Bitcoin,Fidelity,FBTC,Fidelity Wise Origin Bitcoin,BTC-USD,2025-08-18,101.47,20000.0,0.25,0.8828,31.411,17.868,43.089,352.733
484,FBTC,Fidelity Wise Origin Bitcoin,Fidelity,FBTC,Fidelity Wise Origin Bitcoin,BTC-USD,2025-08-19,98.62,20000.0,0.25,0.8809,31.668,17.836,35.701,356.956
485,FBTC,Fidelity Wise Origin Bitcoin,Fidelity,FBTC,Fidelity Wise Origin Bitcoin,BTC-USD,2025-08-20,99.68,20000.0,0.25,0.9095,31.404,17.6,37.761,355.835
486,FBTC,Fidelity Wise Origin Bitcoin,Fidelity,FBTC,Fidelity Wise Origin Bitcoin,BTC-USD,2025-08-21,97.79,20000.0,0.25,0.9161,31.601,17.605,41.978,355.317
487,FBTC,Fidelity Wise Origin Bitcoin,Fidelity,FBTC,Fidelity Wise Origin Bitcoin,BTC-USD,2025-08-22,101.79,20000.0,0.25,0.9143,32.098,17.247,46.005,371.286
488,FBTC,Fidelity Wise Origin Bitcoin,Fidelity,FBTC,Fidelity Wise Origin Bitcoin,BTC-USD,2025-08-25,96.63,20000.0,0.25,0.9138,33.803,17.22,46.042,373.91
489,FBTC,Fidelity Wise Origin Bitcoin,Fidelity,FBTC,Fidelity Wise Origin Bitcoin,BTC-USD,2025-08-26,96.94,20000.0,0.25,0.9111,33.744,17.334,46.042,375.031
490,FBTC,Fidelity Wise Origin Bitcoin,Fidelity,FBTC,Fidelity Wise Origin Bitcoin,BTC-USD,2025-08-27,97.8,20000.0,0.25,0.9209,33.777,17.146,41.166,373.221
491,FBTC,Fidelity Wise Origin Bitcoin,Fidelity,FBTC,Fidelity Wise Origin Bitcoin,BTC-USD,2025-08-28,97.67,20000.0,0.25,0.9198,33.619,16.817,36.47,370.48
492,FBTC,Fidelity Wise Origin Bitcoin,Fidelity,FBTC,Fidelity Wise Origin Bitcoin,BTC-USD,2025-08-29,94.39,20000.0,0.25,0.9175,34.281,16.767,30.028,375.79
493,FBTC,Fidelity Wise Origin Bitcoin,Fidelity,FBTC,Fidelity Wise Origin Bitcoin,BTC-USD,2025-09-02,96.67,20000.0,0.25,0.9159,34.019,16.752,30.03,367.292
494,FBTC,Fidelity Wise Origin Bitcoin,Fidelity,FBTC,Fidelity Wise Origin Bitcoin,BTC-USD,2025-09-03,97.93,20000.0,0.25,0.9191,33.802,16.841,25.358,367.812
495,FBTC,Fidelity Wise Origin Bitcoin,Fidelity,FBTC,Fidelity Wise Origin Bitcoin,BTC-USD,2025-09-04,95.79,20000.0,0.25,0.9508,33.096,17.031,25.37,367.586
496,FBTC,Fidelity Wise Origin Bitcoin,Fidelity,FBTC,Fidelity Wise Origin Bitcoin,BTC-USD,2025-09-05,97.36,20000.0,0.25,0.9504,33.217,17.284,25.358,369.599
497,FBTC,Fidelity Wise Origin Bitcoin,Fidelity,FBTC,Fidelity Wise Origin Bitcoin,BTC-USD,2025-09-08,97.81,20000.0,0.25,0.9503,33.192,17.332,27.36,368.94
498,FBTC,Fidelity Wise Origin Bitcoin,Fidelity,FBTC,Fidelity Wise Origin Bitcoin,BTC-USD,2025-09-09,97.14,20000.0,0.25,0.9585,32.988,17.331,24.768,372.116
499,FBTC,Fidelity Wise Origin Bitcoin,Fidelity,FBTC,Fidelity Wise Origin Bitcoin,BTC-USD,2025-09-10,99.11,20000.0,0.25,0.9583,33.047,16.97,24.765,378.421
500,FBTC,Fidelity Wise Origin Bitcoin,Fidelity,FBTC,Fidelity Wise Origin Bitcoin,BTC-USD,2025-09-11,99.91,20000.0,0.25,0.9484,32.386,15.986,20.901,374.674
501,FBTC,Fidelity Wise Origin Bitcoin,Fidelity,FBTC,Fidelity Wise Origin Bitcoin,BTC-USD,2025-09-12,101.99,20000.0,0.25,0.9315,31.618,15.781,20.901,362.055
502,FBTC,Fidelity Wise Origin Bitcoin,Fidelity,FBTC,Fidelity Wise Origin Bitcoin,BTC-USD,2025-09-15,100.6,20000.0,0.25,0.9353,31.707,15.711,20.852,348.846
503,FBTC,Fidelity Wise Origin Bitcoin,Fidelity,FBTC,Fidelity Wise Origin Bitcoin,BTC-USD,2025-09-16,101.93,20000.0,0.25,0.9427,31.749,15.662,18.46,349.836
504,FBTC,Fidelity Wise Origin Bitcoin,Fidelity,FBTC,Fidelity Wise Origin Bitcoin,BTC-USD,2025-09-17,100.89,20000.0,0.25,0.9651,31.847,15.293,23.559,357.526
505,FBTC,Fidelity Wise Origin Bitcoin,Fidelity,FBTC,Fidelity Wise Origin Bitcoin,BTC-USD,2025-09-18,102.47,20000.0,0.25,0.9645,31.665,14.904,23.559,352.008
506,FBTC,Fidelity Wise Origin Bitcoin,Fidelity,FBTC,Fidelity Wise Origin Bitcoin,BTC-USD,2025-09-19,100.43,20000.0,0.25,0.9655,31.734,14.856,20.296,348.606
507,FBTC,Fidelity Wise Origin Bitcoin,Fidelity,FBTC,Fidelity Wise Origin Bitcoin,BTC-USD,2025-09-22,97.81,20000.0,0.25,0.9678,32.227,14.858,15.225,348.065
508,FBTC,Fidelity Wise Origin Bitcoin,Fidelity,FBTC,Fidelity Wise Origin Bitcoin,BTC-USD,2025-09-23,97.37,20000.0,0.25,0.9673,32.204,14.764,15.5,329.657
509,FBTC,Fidelity Wise Origin Bitcoin,Fidelity,FBTC,Fidelity Wise Origin Bitcoin,BTC-USD,2025-09-24,98.95,20000.0,0.25,0.97,32.329,14.723,15.5,321.683
510,FBTC,Fidelity Wise Origin Bitcoin,Fidelity,FBTC,Fidelity Wise Origin Bitcoin,BTC-USD,2025-09-25,95.38,20000.0,0.25,0.9633,32.912,14.566,15.511,330.739
511,FBTC,Fidelity Wise Origin Bitcoin,Fidelity,FBTC,Fidelity Wise Origin Bitcoin,BTC-USD,2025-09-26,95.21,20000.0,0.25,0.9435,31.807,14.314,19.786,336.421
512,FBTC,Fidelity Wise Origin Bitcoin,Fidelity,FBTC,Fidelity Wise Origin Bitcoin,BTC-USD,2025-09-29,99.81,20000.0,0.25,0.9607,33.237,14.237,19.824,347.216
513,FBTC,Fidelity Wise Origin Bitcoin,Fidelity,FBTC,Fidelity Wise Origin Bitcoin,BTC-USD,2025-09-30,99.81,20000.0,0.25,0.9603,33.135,14.244,24.497,340.131
514,FBTC,Fidelity Wise Origin Bitcoin,Fidelity,FBTC,Fidelity Wise Origin Bitcoin,BTC-USD,2025-10-01,102.51,20000.0,0.25,0.9422,33.533,14.411,24.497,343.361
515,FBTC,Fidelity Wise Origin Bitcoin,Fidelity,FBTC,Fidelity Wise Origin Bitcoin,BTC-USD,2025-10-02,105.54,20000.0,0.25,0.9445,33.582,14.53,24.497,357.524
516,FBTC,Fidelity Wise Origin Bitcoin,Fidelity,FBTC,Fidelity Wise Origin Bitcoin,BTC-USD,2025-10-03,107.17,20000.0,0.25,0.9899,33.602,14.017,24.459,378.964
517,FBTC,Fidelity Wise Origin Bitcoin,Fidelity,FBTC,Fidelity Wise Origin Bitcoin,BTC-USD,2025-10-06,109.44,20000.0,0.25,0.9759,32.846,12.57,24.448,396.641
518,FBTC,Fidelity Wise Origin Bitcoin,Fidelity,FBTC,Fidelity Wise Origin Bitcoin,BTC-USD,2025-10-07,106.12,20000.0,0.25,0.9848,33.348,12.602,22.442,423.142
519,FBTC,Fidelity Wise Origin Bitcoin,Fidelity,FBTC,Fidelity Wise Origin Bitcoin,BTC-USD,2025-10-08,107.65,20000.0,0.25,0.9742,32.872,12.175,26.239,433.491
520,FBTC,Fidelity Wise Origin Bitcoin,Fidelity,FBTC,Fidelity Wise Origin Bitcoin,BTC-USD,2025-10-09,105.56,20000.0,0.25,0.9728,32.772,11.69,26.585,435.999
521,FBTC,Fidelity Wise Origin Bitcoin,Fidelity,FBTC,Fidelity Wise Origin Bitcoin,BTC-USD,2025-10-10,101.73,20000.0,0.25,0.8897,33.644,12.917,26.764,471.978
522,FBTC,Fidelity Wise Origin Bitcoin,Fidelity,FBTC,Fidelity Wise Origin Bitcoin,BTC-USD,2025-10-13,101.05,20000.0,0.25,0.8732,33.556,13.702,26.758,492.322
523,FBTC,Fidelity Wise Origin Bitcoin,Fidelity,FBTC,Fidelity Wise Origin Bitcoin,BTC-USD,2025-10-14,98.21,20000.0,0.25,0.8806,34.036,13.915,26.725,514.538
524,FBTC,Fidelity Wise Origin Bitcoin,Fidelity,FBTC,Fidelity Wise Origin Bitcoin,BTC-USD,2025-10-15,97.03,20000.0,0.25,0.8737,33.781,13.95,32.997,525.339
525,FBTC,Fidelity Wise Origin Bitcoin,Fidelity,FBTC,Fidelity Wise Origin Bitcoin,BTC-USD,2025-10-16,94.37,20000.0,0.25,0.8796,34.197,14.018,27.898,551.395
526,FBTC,Fidelity Wise Origin Bitcoin,Fidelity,FBTC,Fidelity Wise Origin Bitcoin,BTC-USD,2025-10-17,92.86,20000.0,0.25,0.8809,34.299,13.923,27.892,584.618
527,FBTC,Fidelity Wise Origin Bitcoin,Fidelity,FBTC,Fidelity Wise Origin Bitcoin,BTC-USD,2025-10-20,96.69,20000.0,0.25,0.8879,35.187,13.726,27.892,600.793
528,FBTC,Fidelity Wise Origin Bitcoin,Fidelity,FBTC,Fidelity Wise Origin Bitcoin,BTC-USD,2025-10-21,97.55,20000.0,0.25,0.872,35.164,14.604,30.988,623.43
529,FBTC,Fidelity Wise Origin Bitcoin,Fidelity,FBTC,Fidelity Wise Origin Bitcoin,BTC-USD,2025-10-22,93.96,20000.0,0.25,0.8781,35.945,15.917,26.727,648.666
530,FBTC,Fidelity Wise Origin Bitcoin,Fidelity,FBTC,Fidelity Wise Origin Bitcoin,BTC-USD,2025-10-23,96.14,20000.0,0.25,0.8809,36.281,15.91,26.727,652.612
531,FBTC,Fidelity Wise Origin Bitcoin,Fidelity,FBTC,Fidelity Wise Origin Bitcoin,BTC-USD,2025-10-24,96.48,20000.0,0.25,0.8874,36.292,15.685,31.348,637.42
532,FBTC,Fidelity Wise Origin Bitcoin,Fidelity,FBTC,Fidelity Wise Origin Bitcoin,BTC-USD,2025-10-27,100.27,20000.0,0.25,0.8914,36.599,15.711,27.082,633.715
533,FBTC,Fidelity Wise Origin Bitcoin,Fidelity,FBTC,Fidelity Wise Origin Bitcoin,BTC-USD,2025-10-28,99.09,20000.0,0.25,0.8918,36.556,15.718,30.267,631.602
534,FBTC,Fidelity Wise Origin Bitcoin,Fidelity,FBTC,Fidelity Wise Origin Bitcoin,BTC-USD,2025-10-29,96.41,20000.0,0.25,0.8946,36.931,15.731,25.594,649.179
535,FBTC,Fidelity Wise Origin Bitcoin,Fidelity,FBTC,Fidelity Wise Origin Bitcoin,BTC-USD,2025-10-30,92.74,20000.0,0.25,0.9039,37.614,16.41,25.594,651.038
536,FBTC,Fidelity Wise Origin Bitcoin,Fidelity,FBTC,Fidelity Wise Origin Bitcoin,BTC-USD,2025-10-31,95.69,20000.0,0.25,0.9114,37.959,16.98,25.594,645.749
537,FBTC,Fidelity Wise Origin Bitcoin,Fidelity,FBTC,Fidelity Wise Origin Bitcoin,BTC-USD,2025-11-03,92.89,20000.0,0.25,0.9141,38.364,16.978,25.601,642.598
538,FBTC,Fidelity Wise Origin Bitcoin,Fidelity,FBTC,Fidelity Wise Origin Bitcoin,BTC-USD,2025-11-04,87.81,20000.0,0.25,0.9268,39.642,17.076,25.608,665.479
539,FBTC,Fidelity Wise Origin Bitcoin,Fidelity,FBTC,Fidelity Wise Origin Bitcoin,BTC-USD,2025-11-05,90.52,20000.0,0.25,0.9362,40.192,17.169,31.646,643.338
540,FBTC,Fidelity Wise Origin Bitcoin,Fidelity,FBTC,Fidelity Wise Origin Bitcoin,BTC-USD,2025-11-06,87.95,20000.0,0.25,0.9371,40.079,17.168,25.207,648.527
541,FBTC,Fidelity Wise Origin Bitcoin,Fidelity,FBTC,Fidelity Wise Origin Bitcoin,BTC-USD,2025-11-07,90.44,20000.0,0.25,0.9409,39.802,17.247,33.04,651.108
542,FBTC,Fidelity Wise Origin Bitcoin,Fidelity,FBTC,Fidelity Wise Origin Bitcoin,BTC-USD,2025-11-10,92.43,20000.0,0.25,0.9392,40.073,17.246,31.852,623.373
543,FBTC,Fidelity Wise Origin Bitcoin,Fidelity,FBTC,Fidelity Wise Origin Bitcoin,BTC-USD,2025-11-11,89.59,20000.0,0.25,0.9433,40.523,17.25,31.855,601.729
544,FBTC,Fidelity Wise Origin Bitcoin,Fidelity,FBTC,Fidelity Wise Origin Bitcoin,BTC-USD,2025-11-12,88.5,20000.0,0.25,0.9431,40.206,17.246,37.02,585.55
545,FBTC,Fidelity Wise Origin Bitcoin,Fidelity,FBTC,Fidelity Wise Origin Bitcoin,BTC-USD,2025-11-13,85.43,20000.0,0.25,0.9519,40.698,17.572,30.752,593.517
546,FBTC,Fidelity Wise Origin Bitcoin,Fidelity,FBTC,Fidelity Wise Origin Bitcoin,BTC-USD,2025-11-14,82.15,20000.0,0.25,0.9323,41.248,17.735,30.776,582.428
547,FBTC,Fidelity Wise Origin Bitcoin,Fidelity,FBTC,Fidelity Wise Origin Bitcoin,BTC-USD,2025-11-17,80.02,20000.0,0.25,0.9292,40.53,17.716,30.776,571.288
548,FBTC,Fidelity Wise Origin Bitcoin,Fidelity,FBTC,Fidelity Wise Origin Bitcoin,BTC-USD,2025-11-18,80.9,20000.0,0.25,0.9364,39.382,17.716,38.946,572.572
549,FBTC,Fidelity Wise Origin Bitcoin,Fidelity,FBTC,Fidelity Wise Origin Bitcoin,BTC-USD,2025-11-19,77.93,20000.0,0.25,0.951,39.985,18.15,35.866,570.531
550,FBTC,Fidelity Wise Origin Bitcoin,Fidelity,FBTC,Fidelity Wise Origin Bitcoin,BTC-USD,2025-11-20,75.22,20000.0,0.25,0.9276,40.421,18.198,40.947,590.355
551,FBTC,Fidelity Wise Origin Bitcoin,Fidelity,FBTC,Fidelity Wise Origin Bitcoin,BTC-USD,2025-11-21,73.72,20000.0,0.25,0.9343,40.544,18.046,40.923,624.707
552,FBTC,Fidelity Wise Origin Bitcoin,Fidelity,FBTC,Fidelity Wise Origin Bitcoin,BTC-USD,2025-11-24,77.69,20000.0,0.25,0.9562,41.723,18.412,36.319,636.149
553,FBTC,Fidelity Wise Origin Bitcoin,Fidelity,FBTC,Fidelity Wise Origin Bitcoin,BTC-USD,2025-11-25,76.08,20000.0,0.25,0.9586,41.489,18.54,42.494,640.582
554,FBTC,Fidelity Wise Origin Bitcoin,Fidelity,FBTC,Fidelity Wise Origin Bitcoin,BTC-USD,2025-11-26,78.39,20000.0,0.25,0.9522,41.928,18.46,39.308,646.387
555,FBTC,Fidelity Wise Origin Bitcoin,Fidelity,FBTC,Fidelity Wise Origin Bitcoin,BTC-USD,2025-11-28,79.08,20000.0,0.25,0.9511,41.827,18.288,39.308,630.788
556,FBTC,Fidelity Wise Origin Bitcoin,Fidelity,FBTC,Fidelity Wise Origin Bitcoin,BTC-USD,2025-12-01,74.52,20000.0,0.25,0.9619,43.176,18.028,39.308,632.285
557,FBTC,Fidelity Wise Origin Bitcoin,Fidelity,FBTC,Fidelity Wise Origin Bitcoin,BTC-USD,2025-12-02,79.35,20000.0,0.25,0.9773,45.293,18.048,39.308,640.602
558,FBTC,Fidelity Wise Origin Bitcoin,Fidelity,FBTC,Fidelity Wise Origin Bitcoin,BTC-USD,2025-12-03,81.05,20000.0,0.25,0.9762,45.568,18.046,39.309,629.475
559,FBTC,Fidelity Wise Origin Bitcoin,Fidelity,FBTC,Fidelity Wise Origin Bitcoin,BTC-USD,2025-12-04,80.66,20000.0,0.25,0.9739,45.314,18.166,42.16,588.612
560,FBTC,Fidelity Wise Origin Bitcoin,Fidelity,FBTC,Fidelity Wise Origin Bitcoin,BTC-USD,2025-12-05,77.87,20000.0,0.25,0.9795,45.711,18.174,36.135,591.743
561,FBTC,Fidelity Wise Origin Bitcoin,Fidelity,FBTC,Fidelity Wise Origin Bitcoin,BTC-USD,2025-12-08,79.14,20000.0,0.25,0.9773,45.618,17.873,40.996,575.927
562,FBTC,Fidelity Wise Origin Bitcoin,Fidelity,FBTC,Fidelity Wise Origin Bitcoin,BTC-USD,2025-12-09,81.18,20000.0,0.25,0.9791,45.974,17.814,33.738,574.128
563,FBTC,Fidelity Wise Origin Bitcoin,Fidelity,FBTC,Fidelity Wise Origin Bitcoin,BTC-USD,2025-12-10,80.66,20000.0,0.25,0.9786,45.845,17.81,44.184,572.005
564,FBTC,Fidelity Wise Origin Bitcoin,Fidelity,FBTC,Fidelity Wise Origin Bitcoin,BTC-USD,2025-12-11,79.98,20000.0,0.25,0.9758,45.836,17.966,44.177,578.823
565,FBTC,Fidelity Wise Origin Bitcoin,Fidelity,FBTC,Fidelity Wise Origin Bitcoin,BTC-USD,2025-12-12,78.67,20000.0,0.25,0.97,45.727,17.906,47.93,578.373
566,FBTC,Fidelity Wise Origin Bitcoin,Fidelity,FBTC,Fidelity Wise Origin Bitcoin,BTC-USD,2025-12-15,74.74,20000.0,0.25,0.9762,46.62,17.918,47.93,569.676
567,FBTC,Fidelity Wise Origin Bitcoin,Fidelity,FBTC,Fidelity Wise Origin Bitcoin,BTC-USD,2025-12-16,76.35,20000.0,0.25,0.9782,46.706,17.956,50.512,556.843
568,FBTC,Fidelity Wise Origin Bitcoin,Fidelity,FBTC,Fidelity Wise Origin Bitcoin,BTC-USD,2025-12-17,74.85,20000.0,0.25,0.9785,46.817,17.95,52.937,557.543
569,FBTC,Fidelity Wise Origin Bitcoin,Fidelity,FBTC,Fidelity Wise Origin Bitcoin,BTC-USD,2025-12-18,73.75,20000.0,0.25,0.9773,46.668,17.967,59.535,546.108
570,FBTC,Fidelity Wise Origin Bitcoin,Fidelity,FBTC,Fidelity Wise Origin Bitcoin,BTC-USD,2025-12-19,76.69,20000.0,0.25,0.9854,47.044,18.077,66.975,529.227
571,FBTC,Fidelity Wise Origin Bitcoin,Fidelity,FBTC,Fidelity Wise Origin Bitcoin,BTC-USD,2025-12-22,76.96,20000.0,0.25,0.9869,47.065,18.017,62.474,494.947
572,FBTC,Fidelity Wise Origin Bitcoin,Fidelity,FBTC,Fidelity Wise Origin Bitcoin,BTC-USD,2025-12-23,76.34,20000.0,0.25,0.9799,45.869,17.974,62.474,456.187
573,FBTC,Fidelity Wise Origin Bitcoin,Fidelity,FBTC,Fidelity Wise Origin Bitcoin,BTC-USD,2025-12-24,76.02,20000.0,0.25,0.9788,45.859,18.003,65.238,440.518
574,FBTC,Fidelity Wise Origin Bitcoin,Fidelity,FBTC,Fidelity Wise Origin Bitcoin,BTC-USD,2025-12-26,76.28,20000.0,0.25,0.9918,45.428,17.946,60.563,441.483
575,FBTC,Fidelity Wise Origin Bitcoin,Fidelity,FBTC,Fidelity Wise Origin Bitcoin,BTC-USD,2025-12-29,75.88,20000.0,0.25,0.9848,44.87,17.739,63.987,429.125
576,FBTC,Fidelity Wise Origin Bitcoin,Fidelity,FBTC,Fidelity Wise Origin Bitcoin,BTC-USD,2025-12-30,76.55,20000.0,0.25,0.9808,44.761,17.758,63.987,434.96
577,FBTC,Fidelity Wise Origin Bitcoin,Fidelity,FBTC,Fidelity Wise Origin Bitcoin,BTC-USD,2025-12-31,76.23,20000.0,0.25,0.9791,44.419,17.808,65.586,423.916
578,FBTC,Fidelity Wise Origin Bitcoin,Fidelity,FBTC,Fidelity Wise Origin Bitcoin,BTC-USD,2026-01-02,78.19,20000.0,0.25,0.9758,44.572,17.791,65.586,422.921
579,FBTC,Fidelity Wise Origin Bitcoin,Fidelity,FBTC,Fidelity Wise Origin Bitcoin,BTC-USD,2026-01-05,82.1,20000.0,0.25,0.9841,45.758,17.851,65.586,430.232
580,FBTC,Fidelity Wise Origin Bitcoin,Fidelity,FBTC,Fidelity Wise Origin Bitcoin,BTC-USD,2026-01-06,80.55,20000.0,0.25,0.9817,45.75,18.149,67.503,436.386
581,FBTC,Fidelity Wise Origin Bitcoin,Fidelity,FBTC,Fidelity Wise Origin Bitcoin,BTC-USD,2026-01-07,79.23,20000.0,0.25,1.0375,45.321,17.353,67.503,431.875
582,FBTC,Fidelity Wise Origin Bitcoin,Fidelity,FBTC,Fidelity Wise Origin Bitcoin,BTC-USD,2026-01-08,79.12,20000.0,0.25,1.052,45.321,16.769,62.58,435.65
583,FBTC,Fidelity Wise Origin Bitcoin,Fidelity,FBTC,Fidelity Wise Origin Bitcoin,BTC-USD,2026-01-09,78.59,20000.0,0.25,1.0485,45.039,16.599,66.443,425.919
584,FBTC,Fidelity Wise Origin Bitcoin,Fidelity,FBTC,Fidelity Wise Origin Bitcoin,BTC-USD,2026-01-12,79.69,20000.0,0.25,1.0547,45.147,16.597,63.444,424.126
585,FBTC,Fidelity Wise Origin Bitcoin,Fidelity,FBTC,Fidelity Wise Origin Bitcoin,BTC-USD,2026-01-13,82.33,20000.0,0.25,1.0363,45.442,16.756,63.508,427.418
586,FBTC,Fidelity Wise Origin Bitcoin,Fidelity,FBTC,Fidelity Wise Origin Bitcoin,BTC-USD,2026-01-14,85.12,20000.0,0.25,1.0439,45.925,17.08,54.59,432.062
587,FBTC,Fidelity Wise Origin Bitcoin,Fidelity,FBTC,Fidelity Wise Origin Bitcoin,BTC-USD,2026-01-15,82.99,20000.0,0.25,1.0466,45.339,17.148,59.303,427.599
588,FBTC,Fidelity Wise Origin Bitcoin,Fidelity,FBTC,Fidelity Wise Origin Bitcoin,BTC-USD,2026-01-16,83.23,20000.0,0.25,1.06,45.291,16.285,56.654,424.253
589,FBTC,Fidelity Wise Origin Bitcoin,Fidelity,FBTC,Fidelity Wise Origin Bitcoin,BTC-USD,2026-01-20,77.98,20000.0,0.25,1.0253,46.537,15.346,54.293,409.589
590,FBTC,Fidelity Wise Origin Bitcoin,Fidelity,FBTC,Fidelity Wise Origin Bitcoin,BTC-USD,2026-01-21,78.49,20000.0,0.25,1.023,46.266,15.372,39.437,425.956
591,FBTC,Fidelity Wise Origin Bitcoin,Fidelity,FBTC,Fidelity Wise Origin Bitcoin,BTC-USD,2026-01-22,77.83,20000.0,0.25,1.0235,46.255,15.467,36.121,421.394
592,FBTC,Fidelity Wise Origin Bitcoin,Fidelity,FBTC,Fidelity Wise Origin Bitcoin,BTC-USD,2026-01-23,77.92,20000.0,0.25,1.0158,45.428,15.178,39.773,411.155
593,FBTC,Fidelity Wise Origin Bitcoin,Fidelity,FBTC,Fidelity Wise Origin Bitcoin,BTC-USD,2026-01-26,76.26,20000.0,0.25,1.0173,45.541,15.237,39.779,417.31
594,FBTC,Fidelity Wise Origin Bitcoin,Fidelity,FBTC,Fidelity Wise Origin Bitcoin,BTC-USD,2026-01-27,77.83,20000.0,0.25,1.0203,45.561,15.392,42.875,424.551
595,FBTC,Fidelity Wise Origin Bitcoin,Fidelity,FBTC,Fidelity Wise Origin Bitcoin,BTC-USD,2026-01-28,77.55,20000.0,0.25,1.0129,44.965,14.586,41.278,418.568
596,FBTC,Fidelity Wise Origin Bitcoin,Fidelity,FBTC,Fidelity Wise Origin Bitcoin,BTC-USD,2026-01-29,73.15,20000.0,0.25,1.0113,45.794,13.953,37.827,436.985
597,FBTC,Fidelity Wise Origin Bitcoin,Fidelity,FBTC,Fidelity Wise Origin Bitcoin,BTC-USD,2026-01-30,73.02,20000.0,0.25,1.0104,45.494,13.951,37.827,443.814
598,FBTC,Fidelity Wise Origin Bitcoin,Fidelity,FBTC,Fidelity Wise Origin Bitcoin,BTC-USD,2026-02-02,67.89,20000.0,0.25,1.01,46.426,13.774,36.178,469.106
599,FBTC,Fidelity Wise Origin Bitcoin,Fidelity,FBTC,Fidelity Wise Origin Bitcoin,BTC-USD,2026-02-03,66.58,20000.0,0.25,0.9899,45.958,14.233,36.178,482.837
600,FBTC,Fidelity Wise Origin Bitcoin,Fidelity,FBTC,Fidelity Wise Origin Bitcoin,BTC-USD,2026-02-04,63.9,20000.0,0.25,0.9923,46.296,14.251,39.674,499.726
601,FBTC,Fidelity Wise Origin Bitcoin,Fidelity,FBTC,Fidelity Wise Origin Bitcoin,BTC-USD,2026-02-05,55.45,20000.0,0.25,0.969,53.587,14.182,34.975,548.361
602,FBTC,Fidelity Wise Origin Bitcoin,Fidelity,FBTC,Fidelity Wise Origin Bitcoin,BTC-USD,2026-02-06,60.96,20000.0,0.25,0.94,57.286,14.56,40.331,562.739
603,FBTC,Fidelity Wise Origin Bitcoin,Fidelity,FBTC,Fidelity Wise Origin Bitcoin,BTC-USD,2026-02-09,61.605,20000.0,0.25,0.939,57.169,14.928,52.698,569.372
604,FBTC,Fidelity Wise Origin Bitcoin,Fidelity,FBTC,Fidelity Wise Origin Bitcoin,BTC-USD,2026-02-10,59.9,20000.0,0.25,0.9406,57.332,15.072,50.684,567.55
605,FBTC,Fidelity Wise Origin Bitcoin,Fidelity,FBTC,Fidelity Wise Origin Bitcoin,BTC-USD,2026-02-11,58.82,20000.0,0.25,0.9362,57.071,14.729,43.259,573.259
606,FBTC,Fidelity Wise Origin Bitcoin,Fidelity,FBTC,Fidelity Wise Origin Bitcoin,BTC-USD,2026-02-12,56.91,20000.0,0.25,0.9452,56.934,15.227,58.102,577.646
607,FBTC,Fidelity Wise Origin Bitcoin,Fidelity,FBTC,Fidelity Wise Origin Bitcoin,BTC-USD,2026-02-13,59.89,20000.0,0.25,0.9526,57.96,15.485,58.102,569.367
608,FBTC,Fidelity Wise Origin Bitcoin,Fidelity,FBTC,Fidelity Wise Origin Bitcoin,BTC-USD,2026-02-17,59.02,20000.0,0.25,0.9513,57.9,15.505,57.355,563.289
609,FBTC,Fidelity Wise Origin Bitcoin,Fidelity,FBTC,Fidelity Wise Origin Bitcoin,BTC-USD,2026-02-18,57.69,20000.0,0.25,0.9494,57.63,14.893,66.009,562.066
610,FBTC,Fidelity Wise Origin Bitcoin,Fidelity,FBTC,Fidelity Wise Origin Bitcoin,BTC-USD,2026-02-19,58.46,20000.0,0.25,0.9606,57.397,14.62,70.436,548.572
611,FBTC,Fidelity Wise Origin Bitcoin,Fidelity,FBTC,Fidelity Wise Origin Bitcoin,BTC-USD,2026-02-20,59.01,20000.0,0.25,0.9587,57.365,14.648,70.436,533.386
612,FBTC,Fidelity Wise Origin Bitcoin,Fidelity,FBTC,Fidelity Wise Origin Bitcoin,BTC-USD,2026-02-23,56.13,20000.0,0.25,0.95,56.923,14.201,66.376,537.313
613,FBTC,Fidelity Wise Origin Bitcoin,Fidelity,FBTC,Fidelity Wise Origin Bitcoin,BTC-USD,2026-02-24,56.13,20000.0,0.25,0.9489,56.841,14.123,62.156,536.974
614,FBTC,Fidelity Wise Origin Bitcoin,Fidelity,FBTC,Fidelity Wise Origin Bitcoin,BTC-USD,2026-02-25,60.3,20000.0,0.25,0.9634,58.556,14.422,62.192,535.229
615,FBTC,Fidelity Wise Origin Bitcoin,Fidelity,FBTC,Fidelity Wise Origin Bitcoin,BTC-USD,2026-02-26,58.74,20000.0,0.25,0.9635,58.66,14.931,63.999,537.045
616,FBTC,Fidelity Wise Origin Bitcoin,Fidelity,FBTC,Fidelity Wise Origin Bitcoin,BTC-USD,2026-02-27,57.15,20000.0,0.25,0.9591,57.752,14.835,64.11,530.443
617,FBTC,Fidelity Wise Origin Bitcoin,Fidelity,FBTC,Fidelity Wise Origin Bitcoin,BTC-USD,2026-03-02,60.26,20000.0,0.25,0.9596,57.297,14.951,64.11,527.669
618,FBTC,Fidelity Wise Origin Bitcoin,Fidelity,FBTC,Fidelity Wise Origin Bitcoin,BTC-USD,2026-03-03,59.45,20000.0,0.25,0.9602,57.071,15.014,77.895,513.523
619,FBTC,Fidelity Wise Origin Bitcoin,Fidelity,FBTC,Fidelity Wise Origin Bitcoin,BTC-USD,2026-03-04,63.68,20000.0,0.25,0.9687,59.047,14.972,77.895,492.904
620,FBTC,Fidelity Wise Origin Bitcoin,Fidelity,FBTC,Fidelity Wise Origin Bitcoin,BTC-USD,2026-03-05,62.05,20000.0,0.25,0.967,58.868,14.928,79.0,465.094
621,FBTC,Fidelity Wise Origin Bitcoin,Fidelity,FBTC,Fidelity Wise Origin Bitcoin,BTC-USD,2026-03-06,59.31,20000.0,0.25,0.9695,59.32,14.999,75.521,437.305
622,FBTC,Fidelity Wise Origin Bitcoin,Fidelity,FBTC,Fidelity Wise Origin Bitcoin,BTC-USD,2026-03-09,60.13,20000.0,0.25,0.9692,59.113,15.121,76.57,382.026
623,FBTC,Fidelity Wise Origin Bitcoin,Fidelity,FBTC,Fidelity Wise Origin Bitcoin,BTC-USD,2026-03-10,61.03,20000.0,0.25,0.9672,59.252,15.18,71.103,366.492
624,FBTC,Fidelity Wise Origin Bitcoin,Fidelity,FBTC,Fidelity Wise Origin Bitcoin,BTC-USD,2026-03-11,61.57,20000.0,0.25,0.9693,59.31,14.945,66.691,355.254
625,FBTC,Fidelity Wise Origin Bitcoin,Fidelity,FBTC,Fidelity Wise Origin Bitcoin,BTC-USD,2026-03-12,61.37,20000.0,0.25,0.9704,59.256,14.95,65.702,357.05
626,FBTC,Fidelity Wise Origin Bitcoin,Fidelity,FBTC,Fidelity Wise Origin Bitcoin,BTC-USD,2026-03-13,61.98,20000.0,0.25,0.9664,58.5,14.854,65.702,357.114
627,FBTC,Fidelity Wise Origin Bitcoin,Fidelity,FBTC,Fidelity Wise Origin Bitcoin,BTC-USD,2026-03-16,64.44,20000.0,0.25,0.9566,58.924,15.028,50.97,350.797
628,FBTC,Fidelity Wise Origin Bitcoin,Fidelity,FBTC,Fidelity Wise Origin Bitcoin,BTC-USD,2026-03-17,64.94,20000.0,0.25,0.9539,58.855,15.568,54.718,350.215
629,FBTC,Fidelity Wise Origin Bitcoin,Fidelity,FBTC,Fidelity Wise Origin Bitcoin,BTC-USD,2026-03-18,61.89,20000.0,0.25,0.9587,59.547,15.725,50.829,350.742
630,FBTC,Fidelity Wise Origin Bitcoin,Fidelity,FBTC,Fidelity Wise Origin Bitcoin,BTC-USD,2026-03-19,61.19,20000.0,0.25,0.9534,58.921,15.673,42.209,347.67
631,FBTC,Fidelity Wise Origin Bitcoin,Fidelity,FBTC,Fidelity Wise Origin Bitcoin,BTC-USD,2026-03-20,61.12,20000.0,0.25,0.9521,58.904,15.794,43.335,346.93
632,FBTC,Fidelity Wise Origin Bitcoin,Fidelity,FBTC,Fidelity Wise Origin Bitcoin,BTC-USD,2026-03-23,61.55,20000.0,0.25,0.9527,58.939,15.777,43.335,341.46
633,FBTC,Fidelity Wise Origin Bitcoin,Fidelity,FBTC,Fidelity Wise Origin Bitcoin,BTC-USD,2026-03-24,60.4,20000.0,0.25,0.9534,59.022,15.965,43.197,338.448
634,FBTC,Fidelity Wise Origin Bitcoin,Fidelity,FBTC,Fidelity Wise Origin Bitcoin,BTC-USD,2026-03-25,61.69,20000.0,0.25,0.9554,59.226,16.048,43.197,337.152
635,FBTC,Fidelity Wise Origin Bitcoin,Fidelity,FBTC,Fidelity Wise Origin Bitcoin,BTC-USD,2026-03-26,59.66,20000.0,0.25,0.955,59.542,16.035,43.197,332.057
636,FBTC,Fidelity Wise Origin Bitcoin,Fidelity,FBTC,Fidelity Wise Origin Bitcoin,BTC-USD,2026-03-27,57.47,20000.0,0.25,0.957,59.87,16.002,35.64,332.745
637,FBTC,Fidelity Wise Origin Bitcoin,Fidelity,FBTC,Fidelity Wise Origin Bitcoin,BTC-USD,2026-03-30,57.89,20000.0,0.25,0.9577,59.921,15.959,35.507,339.498
638,FBTC,Fidelity Wise Origin Bitcoin,Fidelity,FBTC,Fidelity Wise Origin Bitcoin,BTC-USD,2026-03-31,59.03,20000.0,0.25,0.9573,59.807,15.963,43.455,329.742
639,FBTC,Fidelity Wise Origin Bitcoin,Fidelity,FBTC,Fidelity Wise Origin Bitcoin,BTC-USD,2026-04-01,59.36,20000.0,0.25,0.9529,58.804,15.985,29.67,330.521
640,FBTC,Fidelity Wise Origin Bitcoin,Fidelity,FBTC,Fidelity Wise Origin Bitcoin,BTC-USD,2026-04-02,58.36,20000.0,0.25,0.9537,58.785,15.568,29.67,322.429
641,FBTC,Fidelity Wise Origin Bitcoin,Fidelity,FBTC,Fidelity Wise Origin Bitcoin,BTC-USD,2026-04-06,60.72,20000.0,0.25,0.9607,59.453,15.602,28.677,321.666
642,FBTC,Fidelity Wise Origin Bitcoin,Fidelity,FBTC,Fidelity Wise Origin Bitcoin,BTC-USD,2026-04-07,60.09,20000.0,0.25,0.9315,59.462,18.825,28.677,315.818
643,FBTC,Fidelity Wise Origin Bitcoin,Fidelity,FBTC,Fidelity Wise Origin Bitcoin,BTC-USD,2026-04-08,62.14,20000.0,0.25,0.9276,59.97,20.942,27.614,311.202
644,FBTC,Fidelity Wise Origin Bitcoin,Fidelity,FBTC,Fidelity Wise Origin Bitcoin,BTC-USD,2026-04-09,62.83,20000.0,0.25,0.927,59.937,20.913,39.462,307.567
645,FBTC,Fidelity Wise Origin Bitcoin,Fidelity,FBTC,Fidelity Wise Origin Bitcoin,BTC-USD,2026-04-10,63.85,20000.0,0.25,0.932,59.602,20.727,31.515,303.061
646,FBTC,Fidelity Wise Origin Bitcoin,Fidelity,FBTC,Fidelity Wise Origin Bitcoin,BTC-USD,2026-04-13,63.9,20000.0,0.25,0.9222,59.097,20.804,35.529,302.671
647,FBTC,Fidelity Wise Origin Bitcoin,Fidelity,FBTC,Fidelity Wise Origin Bitcoin,BTC-USD,2026-04-14,64.71,20000.0,0.25,0.9208,59.044,20.97,35.529,298.26
648,FBTC,Fidelity Wise Origin Bitcoin,Fidelity,FBTC,Fidelity Wise Origin Bitcoin,BTC-USD,2026-04-15,65.36,20000.0,0.25,0.9211,59.099,20.966,40.073,288.216
649,FBTC,Fidelity Wise Origin Bitcoin,Fidelity,FBTC,Fidelity Wise Origin Bitcoin,BTC-USD,2026-04-16,65.63,20000.0,0.25,0.9283,57.728,20.725,44.922,284.288
650,FBTC,Fidelity Wise Origin Bitcoin,Fidelity,FBTC,Fidelity Wise Origin Bitcoin,BTC-USD,2026-04-17,67.48,20000.0,0.25,0.9305,58.039,20.705,44.922,291.618
651,FBTC,Fidelity Wise Origin Bitcoin,Fidelity,FBTC,Fidelity Wise Origin Bitcoin,BTC-USD,2026-04-20,66.44,20000.0,0.25,0.9309,58.088,20.611,44.931,288.691
652,FBTC,Fidelity Wise Origin Bitcoin,Fidelity,FBTC,Fidelity Wise Origin Bitcoin,BTC-USD,2026-04-21,65.32,20000.0,0.25,0.9283,58.157,21.146,49.444,288.772
653,FBTC,Fidelity Wise Origin Bitcoin,Fidelity,FBTC,Fidelity Wise Origin Bitcoin,BTC-USD,2026-04-22,68.69,20000.0,0.25,0.9364,59.033,21.856,49.454,286.688
654,FBTC,Fidelity Wise Origin Bitcoin,Fidelity,FBTC,Fidelity Wise Origin Bitcoin,BTC-USD,2026-04-23,67.67,20000.0,0.25,0.9342,58.911,21.994,49.456,283.593
655,FBTC,Fidelity Wise Origin Bitcoin,Fidelity,FBTC,Fidelity Wise Origin Bitcoin,BTC-USD,2026-04-24,67.61,20000.0,0.25,0.9334,58.911,22.048,53.305,284.029
656,FBTC,Fidelity Wise Origin Bitcoin,Fidelity,FBTC,Fidelity Wise Origin Bitcoin,BTC-USD,2026-04-27,66.95,20000.0,0.25,0.9276,57.765,22.103,55.952,282.648
657,FBTC,Fidelity Wise Origin Bitcoin,Fidelity,FBTC,Fidelity Wise Origin Bitcoin,BTC-USD,2026-04-28,66.48,20000.0,0.25,0.9269,57.776,22.118,55.952,272.101
658,FBTC,Fidelity Wise Origin Bitcoin,Fidelity,FBTC,Fidelity Wise Origin Bitcoin,BTC-USD,2026-04-29,65.71,20000.0,0.25,0.9176,55.881,22.112,58.237,267.439
659,FBTC,Fidelity Wise Origin Bitcoin,Fidelity,FBTC,Fidelity Wise Origin Bitcoin,BTC-USD,2026-04-30,66.53,20000.0,0.25,0.9275,55.802,21.769,51.808,256.069
660,FBTC,Fidelity Wise Origin Bitcoin,Fidelity,FBTC,Fidelity Wise Origin Bitcoin,BTC-USD,2026-05-01,68.3,20000.0,0.25,0.9245,55.39,21.746,51.885,257.319
661,FBTC,Fidelity Wise Origin Bitcoin,Fidelity,FBTC,Fidelity Wise Origin Bitcoin,BTC-USD,2026-05-04,69.72,20000.0,0.25,0.9214,46.826,21.715,51.885,259.594
662,FBTC,Fidelity Wise Origin Bitcoin,Fidelity,FBTC,Fidelity Wise Origin Bitcoin,BTC-USD,2026-05-05,71.08,20000.0,0.25,0.9713,42.963,21.483,51.885,258.617
663,FBTC,Fidelity Wise Origin Bitcoin,Fidelity,FBTC,Fidelity Wise Origin Bitcoin,BTC-USD,2026-05-06,70.92,20000.0,0.25,0.9745,42.941,21.294,53.307,257.15
664,FBTC,Fidelity Wise Origin Bitcoin,Fidelity,FBTC,Fidelity Wise Origin Bitcoin,BTC-USD,2026-05-07,69.8,20000.0,0.25,0.9678,42.645,21.191,53.307,257.19
665,FBTC,Fidelity Wise Origin Bitcoin,Fidelity,FBTC,Fidelity Wise Origin Bitcoin,BTC-USD,2026-05-08,69.81,20000.0,0.25,0.9744,42.429,21.152,45.353,252.538
666,FBTC,Fidelity Wise Origin Bitcoin,Fidelity,FBTC,Fidelity Wise Origin Bitcoin,BTC-USD,2026-05-11,71.35,20000.0,0.25,0.9662,41.935,20.654,45.353,253.917
667,FBTC,Fidelity Wise Origin Bitcoin,Fidelity,FBTC,Fidelity Wise Origin Bitcoin,BTC-USD,2026-05-12,70.36,20000.0,0.25,0.9512,40.909,20.464,39.528,248.159
668,FBTC,Fidelity Wise Origin Bitcoin,Fidelity,FBTC,Fidelity Wise Origin Bitcoin,BTC-USD,2026-05-13,69.3,20000.0,0.25,0.9548,40.919,20.447,39.556,242.125
669,FBTC,Fidelity Wise Origin Bitcoin,Fidelity,FBTC,Fidelity Wise Origin Bitcoin,BTC-USD,2026-05-14,70.89,20000.0,0.25,0.951,40.771,20.384,35.031,245.887
670,FBTC,Fidelity Wise Origin Bitcoin,Fidelity,FBTC,Fidelity Wise Origin Bitcoin,BTC-USD,2026-05-15,68.84,20000.0,0.25,0.9552,41.264,20.39,26.356,245.009
671,FBTC,Fidelity Wise Origin Bitcoin,Fidelity,FBTC,Fidelity Wise Origin Bitcoin,BTC-USD,2026-05-18,66.87,20000.0,0.25,0.9603,41.748,20.367,26.385,236.59
672,FBTC,Fidelity Wise Origin Bitcoin,Fidelity,FBTC,Fidelity Wise Origin Bitcoin,BTC-USD,2026-05-19,66.82,20000.0,0.25,0.9581,40.317,20.367,31.221,232.049
673,FBTC,Fidelity Wise Origin Bitcoin,Fidelity,FBTC,Fidelity Wise Origin Bitcoin,BTC-USD,2026-05-20,67.57,20000.0,0.25,0.9615,40.347,20.308,21.237,230.106
674,FBTC,Fidelity Wise Origin Bitcoin,Fidelity,FBTC,Fidelity Wise Origin Bitcoin,BTC-USD,2026-05-21,67.56,20000.0,0.25,0.9304,37.734,20.07,25.931,224.399
675,FBTC,Fidelity Wise Origin Bitcoin,Fidelity,FBTC,Fidelity Wise Origin Bitcoin,BTC-USD,2026-05-22,65.98,20000.0,0.25,0.9227,37.657,19.683,25.981,221.514
676,FBTC,Fidelity Wise Origin Bitcoin,Fidelity,FBTC,Fidelity Wise Origin Bitcoin,BTC-USD,2026-05-26,66.06,20000.0,0.25,0.9169,37.156,19.666,29.334,222.276
677,FBTC,Fidelity Wise Origin Bitcoin,Fidelity,FBTC,Fidelity Wise Origin Bitcoin,BTC-USD,2026-05-27,65.22,20000.0,0.25,0.8917,35.751,19.543,26.576,222.346
678,FBTC,Fidelity Wise Origin Bitcoin,Fidelity,FBTC,Fidelity Wise Origin Bitcoin,BTC-USD,2026-05-28,63.84,20000.0,0.25,0.8949,35.926,19.641,26.605,225.799
679,FBTC,Fidelity Wise Origin Bitcoin,Fidelity,FBTC,Fidelity Wise Origin Bitcoin,BTC-USD,2026-05-29,63.9,20000.0,0.25,0.8597,33.054,19.579,29.743,224.112
680,FBTC,Fidelity Wise Origin Bitcoin,Fidelity,FBTC,Fidelity Wise Origin Bitcoin,BTC-USD,2026-06-01,62.2,20000.0,0.25,0.8588,33.089,19.585,28.259,231.64
681,FBTC,Fidelity Wise Origin Bitcoin,Fidelity,FBTC,Fidelity Wise Origin Bitcoin,BTC-USD,2026-06-02,58.46,20000.0,0.25,0.8529,34.233,19.552,28.259,236.78
682,FBTC,Fidelity Wise Origin Bitcoin,Fidelity,FBTC,Fidelity Wise Origin Bitcoin,BTC-USD,2026-06-03,56.91,20000.0,0.25,0.839,34.535,19.508,28.271,233.075
683,FBTC,Fidelity Wise Origin Bitcoin,Fidelity,FBTC,Fidelity Wise Origin Bitcoin,BTC-USD,2026-06-04,55.27,20000.0,0.25,0.844,34.856,20.203,28.271,239.707
684,FBTC,Fidelity Wise Origin Bitcoin,Fidelity,FBTC,Fidelity Wise Origin Bitcoin,BTC-USD,2026-06-05,52.46,20000.0,0.25,0.8624,36.286,20.317,26.866,262.165
685,FBTC,Fidelity Wise Origin Bitcoin,Fidelity,FBTC,Fidelity Wise Origin Bitcoin,BTC-USD,2026-06-08,55.17,20000.0,0.25,0.8892,37.878,20.677,26.897,267.896
686,FBTC,Fidelity Wise Origin Bitcoin,Fidelity,FBTC,Fidelity Wise Origin Bitcoin,BTC-USD,2026-06-09,54.01,20000.0,0.25,0.8884,38.006,20.663,23.003,276.301
687,FBTC,Fidelity Wise Origin Bitcoin,Fidelity,FBTC,Fidelity Wise Origin Bitcoin,BTC-USD,2026-06-10,53.88,20000.0,0.25,0.9057,37.022,20.516,25.47,276.098
688,FBTC,Fidelity Wise Origin Bitcoin,Fidelity,FBTC,Fidelity Wise Origin Bitcoin,BTC-USD,2026-06-11,55.29,20000.0,0.25,0.9064,37.43,20.112,25.501,276.829
689,FBTC,Fidelity Wise Origin Bitcoin,Fidelity,FBTC,Fidelity Wise Origin Bitcoin,BTC-USD,2026-06-12,55.35,20000.0,0.25,0.8882,36.218,19.953,25.978,275.02
690,FBTC,Fidelity Wise Origin Bitcoin,Fidelity,FBTC,Fidelity Wise Origin Bitcoin,BTC-USD,2026-06-15,57.96,20000.0,0.25,0.9047,37.466,19.972,25.983,273.852
691,FBTC,Fidelity Wise Origin Bitcoin,Fidelity,FBTC,Fidelity Wise Origin Bitcoin,BTC-USD,2026-06-16,57.13,20000.0,0.25,0.9093,37.568,19.906,25.983,267.085
692,FBTC,Fidelity Wise Origin Bitcoin,Fidelity,FBTC,Fidelity Wise Origin Bitcoin,BTC-USD,2026-06-17,55.89,20000.0,0.25,0.9119,37.768,19.929,28.942,262.483
693,FBTC,Fidelity Wise Origin Bitcoin,Fidelity,FBTC,Fidelity Wise Origin Bitcoin,BTC-USD,2026-06-18,54.77,20000.0,0.25,0.9089,37.796,19.742,24.118,267.863
694,FBTC,Fidelity Wise Origin Bitcoin,Fidelity,FBTC,Fidelity Wise Origin Bitcoin,BTC-USD,2026-06-22,56.02,20000.0,0.25,0.9087,37.834,19.682,24.154,272.131
695,FBTC,Fidelity Wise Origin Bitcoin,Fidelity,FBTC,Fidelity Wise Origin Bitcoin,BTC-USD,2026-06-23,54.25,20000.0,0.25,0.9166,37.787,19.871,19.431,271.55
696,FBTC,Fidelity Wise Origin Bitcoin,Fidelity,FBTC,Fidelity Wise Origin Bitcoin,BTC-USD,2026-06-24,52.05,20000.0,0.25,0.9266,37.957,20.134,19.431,281.755
697,FBTC,Fidelity Wise Origin Bitcoin,Fidelity,FBTC,Fidelity Wise Origin Bitcoin,BTC-USD,2026-06-25,51.47,20000.0,0.25,0.9201,37.96,20.207,19.318,289.534
698,FBTC,Fidelity Wise Origin Bitcoin,Fidelity,FBTC,Fidelity Wise Origin Bitcoin,BTC-USD,2026-06-26,51.98,20000.0,0.25,0.9226,37.778,20.238,27.761,288.399
699,FBTC,Fidelity Wise Origin Bitcoin,Fidelity,FBTC,Fidelity Wise Origin Bitcoin,BTC-USD,2026-06-29,52.52,20000.0,0.25,0.9239,37.832,20.251,39.311,287.761
700,FBTC,Fidelity Wise Origin Bitcoin,Fidelity,FBTC,Fidelity Wise Origin Bitcoin,BTC-USD,2026-06-30,51.05,20000.0,0.25,0.9268,38.096,20.263,33.908,292.984
701,FBTC,Fidelity Wise Origin Bitcoin,Fidelity,FBTC,Fidelity Wise Origin Bitcoin,BTC-USD,2026-07-01,52.23,20000.0,0.25,0.9128,37.458,20.105,33.914,290.248
702,FBTC,Fidelity Wise Origin Bitcoin,Fidelity,FBTC,Fidelity Wise Origin Bitcoin,BTC-USD,2026-07-02,53.52,20000.0,0.25,1.0021,37.822,17.118,33.914,279.419
703,FBTC,Fidelity Wise Origin Bitcoin,Fidelity,FBTC,Fidelity Wise Origin Bitcoin,BTC-USD,2026-07-06,55.43,20000.0,0.25,1.0087,37.884,14.502,35.751,284.345
704,FBTC,Fidelity Wise Origin Bitcoin,Fidelity,FBTC,Fidelity Wise Origin Bitcoin,BTC-USD,2026-07-07,55.53,20000.0,0.25,1.0039,37.796,14.745,38.862,271.081
705,FBTC,Fidelity Wise Origin Bitcoin,Fidelity,FBTC,Fidelity Wise Origin Bitcoin,BTC-USD,2026-07-08,54.17,20000.0,0.25,1.0084,37.886,14.828,38.947,245.966
706,FBTC,Fidelity Wise Origin Bitcoin,Fidelity,FBTC,Fidelity Wise Origin Bitcoin,BTC-USD,2026-07-09,54.96,20000.0,0.25,1.0244,38.044,14.373,38.862,240.625
707,FBTC,Fidelity Wise Origin Bitcoin,Fidelity,FBTC,Fidelity Wise Origin Bitcoin,BTC-USD,2026-07-10,55.615,20000.0,0.25,1.0233,38.031,13.96,38.862,232.401
708,FBTC,Fidelity Wise Origin Bitcoin,Fidelity,FBTC,Fidelity Wise Origin Bitcoin,BTC-USD,2026-07-13,54.13,20000.0,0.25,1.0194,38.268,13.971,36.363,243.406
709,FBTC,Fidelity Wise Origin Bitcoin,Fidelity,FBTC,Fidelity Wise Origin Bitcoin,BTC-USD,2026-07-14,56.22,20000.0,0.25,1.0113,39.157,14.005,36.363,247.665
710,FBTC,Fidelity Wise Origin Bitcoin,Fidelity,FBTC,Fidelity Wise Origin Bitcoin,BTC-USD,2026-07-15,56.54,20000.0,0.25,1.0094,38.684,14.131,35.887,245.883
711,FBTC,Fidelity Wise Origin Bitcoin,Fidelity,FBTC,Fidelity Wise Origin Bitcoin,BTC-USD,2026-07-16,55.93,20000.0,0.25,1.0084,38.63,14.157,35.887,237.013
712,FBTC,Fidelity Wise Origin Bitcoin,Fidelity,FBTC,Fidelity Wise Origin Bitcoin,BTC-USD,2026-07-17,55.82,20000.0,0.25,1.0151,38.518,13.389,35.88,241.641
713,FBTC,Fidelity Wise Origin Bitcoin,Fidelity,FBTC,Fidelity Wise Origin Bitcoin,BTC-USD,2026-07-20,56.69,20000.0,0.25,0.9873,37.109,12.075,32.887,245.06
714,FBTC,Fidelity Wise Origin Bitcoin,Fidelity,FBTC,Fidelity Wise Origin Bitcoin,BTC-USD,2026-07-21,57.83,20000.0,0.25,0.9899,37.325,11.665,32.921,240.287
715,FBTC,Fidelity Wise Origin Bitcoin,Fidelity,FBTC,Fidelity Wise Origin Bitcoin,BTC-USD,2026-07-22,57.38,20000.0,0.25,0.9925,37.338,11.504,32.887,232.47
716,FBTC,Fidelity Wise Origin Bitcoin,Fidelity,FBTC,Fidelity Wise Origin Bitcoin,BTC-USD,2026-07-23,56.39,20000.0,0.25,0.9936,37.432,11.381,32.887,230.604
717,FBTC,Fidelity Wise Origin Bitcoin,Fidelity,FBTC,Fidelity Wise Origin Bitcoin,BTC-USD,2026-07-24,55.83,20000.0,0.25,0.9939,37.451,11.368,32.856,219.044
718,FBTC,Fidelity Wise Origin Bitcoin,Fidelity,FBTC,Fidelity Wise Origin Bitcoin,BTC-USD,2026-07-27,56.51,20000.0,0.25,0.9915,37.53,11.941,25.787,203.666
719,FBTC,Fidelity Wise Origin Bitcoin,Fidelity,FBTC,Fidelity Wise Origin Bitcoin,BTC-USD,2026-07-28,55.54,20000.0,0.25,0.9864,37.52,12.518,17.384,200.835
720,FBTC,Fidelity Wise Origin Bitcoin,Fidelity,FBTC,Fidelity Wise Origin Bitcoin,BTC-USD,2026-07-29,55.29,20000.0,0.25,0.9835,37.022,12.518,5.814,204.274
721,FBTC,Fidelity Wise Origin Bitcoin,Fidelity,FBTC,Fidelity Wise Origin Bitcoin,BTC-USD,2026-07-30,56.36,20000.0,0.25,0.987,36.983,12.601,5.814,197.814
722,FBTC,Fidelity Wise Origin Bitcoin,Fidelity,FBTC,Fidelity Wise Origin Bitcoin,BTC-USD,2026-07-31,54.71,20000.0,0.25,0.9835,37.054,12.525,5.88,200.426
723,FBTC,Fidelity Wise Origin Bitcoin,Fidelity,FBTC,Fidelity Wise Origin Bitcoin,BTC-USD,2026-08-03,55.59,20000.0,0.25,0.9893,37.285,12.495,13.826,202.744
724,FBTC,Fidelity Wise Origin Bitcoin,Fidelity,FBTC,Fidelity Wise Origin Bitcoin,BTC-USD,2026-08-04,55.89,20000.0,0.25,0.9882,37.251,12.51,11.96,192.513
725,FBTC,Fidelity Wise Origin Bitcoin,Fidelity,FBTC,Fidelity Wise Origin Bitcoin,BTC-USD,2026-08-05,56.42,20000.0,0.25,0.9891,37.341,12.511,8.848,193.664
726,FBTC,Fidelity Wise Origin Bitcoin,Fidelity,FBTC,Fidelity Wise Origin Bitcoin,BTC-USD,2026-08-06,56.06,20000.0,0.25,0.9868,36.968,12.484,13.331,193.851
727,FBTC,Fidelity Wise Origin Bitcoin,Fidelity,FBTC,Fidelity Wise Origin Bitcoin,BTC-USD,2026-08-07,56.53,20000.0,0.25,0.9868,36.995,12.482,13.365,189.026
728,FBTC,Fidelity Wise Origin Bitcoin,Fidelity,FBTC,Fidelity Wise Origin Bitcoin,BTC-USD,2026-08-10,55.65,20000.0,0.25,0.987,37.001,12.482,13.361,193.247
729,FBTC,Fidelity Wise Origin Bitcoin,Fidelity,FBTC,Fidelity Wise Origin Bitcoin,BTC-USD,2026-08-11,55.23,20000.0,0.25,0.9863,36.599,12.476,13.361,177.388
730,FBTC,Fidelity Wise Origin Bitcoin,Fidelity,FBTC,Fidelity Wise Origin Bitcoin,BTC-USD,2026-08-12,55.11,20000.0,0.25,0.9828,36.222,12.434,18.183,168.131
731,FBTC,Fidelity Wise Origin Bitcoin,Fidelity,FBTC,Fidelity Wise Origin Bitcoin,BTC-USD,2026-08-13,55.09,20000.0,0.25,0.9807,35.84,12.424,21.25,166.914
732,FBTC,Fidelity Wise Origin Bitcoin,Fidelity,FBTC,Fidelity Wise Origin Bitcoin,BTC-USD,2026-08-14,54.74,20000.0,0.25,0.9806,35.842,12.415,21.25,167.931
733,FBTC,Fidelity Wise Origin Bitcoin,Fidelity,FBTC,Fidelity Wise Origin Bitcoin,BTC-USD,2026-08-17,55.94,20000.0,0.25,0.978,36.088,12.403,21.256,170.628
734,FBTC,Fidelity Wise Origin Bitcoin,Fidelity,FBTC,Fidelity Wise Origin Bitcoin,BTC-USD,2026-08-18,56.23,20000.0,0.25,0.9787,36.123,12.419,21.256,163.982
735,FBTC,Fidelity Wise Origin Bitcoin,Fidelity,FBTC,Fidelity Wise Origin Bitcoin,BTC-USD,2026-08-19,59.6,20000.0,0.25,0.9621,37.978,12.499,21.256,187.814
736,FBTC,Fidelity Wise Origin Bitcoin,Fidelity,FBTC,Fidelity Wise Origin Bitcoin,BTC-USD,2026-08-20,63.27,20000.0,0.25,0.9762,40.01,12.619,21.256,204.073
737,FBTC,Fidelity Wise Origin Bitcoin,Fidelity,FBTC,Fidelity Wise Origin Bitcoin,BTC-USD,2026-08-21,67.02,20000.0,0.25,0.9611,41.668,12.709,21.256,222.876
738,FBTC,Fidelity Wise Origin Bitcoin,Fidelity,FBTC,Fidelity Wise Origin Bitcoin,BTC-USD,2026-08-24,68.56,20000.0,0.25,0.9605,41.661,12.912,21.256,237.487
739,FBTC,Fidelity Wise Origin Bitcoin,Fidelity,FBTC,Fidelity Wise Origin Bitcoin,BTC-USD,2026-08-25,68.72,20000.0,0.25,0.9597,41.661,12.988,28.279,246.256
740,FBTC,Fidelity Wise Origin Bitcoin,Fidelity,FBTC,Fidelity Wise Origin Bitcoin,BTC-USD,2026-08-26,68.31,20000.0,0.25,0.9586,41.275,13.187,28.268,246.254
741,FBTC,Fidelity Wise Origin Bitcoin,Fidelity,FBTC,Fidelity Wise Origin Bitcoin,BTC-USD,2026-08-27,69.56,20000.0,0.25,0.9648,39.22,13.228,28.268,248.668
742,GBTC,Grayscale Bitcoin Trust,Grayscale,GBTC,Grayscale Bitcoin Trust,BTC-USD,2025-03-07,68.79,18000.0,1.5,1.0292,46.467,19.279,87.95,195.251
743,GBTC,Grayscale Bitcoin Trust,Grayscale,GBTC,Grayscale Bitcoin Trust,BTC-USD,2025-03-10,62.43,18000.0,1.5,1.0051,49.175,18.09,79.314,197.13
744,GBTC,Grayscale Bitcoin Trust,Grayscale,GBTC,Grayscale Bitcoin Trust,BTC-USD,2025-03-11,65.7,18000.0,1.5,1.0027,50.41,17.982,79.909,195.591
745,GBTC,Grayscale Bitcoin Trust,Grayscale,GBTC,Grayscale Bitcoin Trust,BTC-USD,2025-03-12,65.57,18000.0,1.5,0.9948,49.193,18.082,89.882,197.174
746,GBTC,Grayscale Bitcoin Trust,Grayscale,GBTC,Grayscale Bitcoin Trust,BTC-USD,2025-03-13,63.38,18000.0,1.5,0.9953,49.547,18.074,99.193,197.051
747,GBTC,Grayscale Bitcoin Trust,Grayscale,GBTC,Grayscale Bitcoin Trust,BTC-USD,2025-03-14,66.95,18000.0,1.5,1.0092,50.813,18.494,88.376,196.096
748,GBTC,Grayscale Bitcoin Trust,Grayscale,GBTC,Grayscale Bitcoin Trust,BTC-USD,2025-03-17,66.81,18000.0,1.5,1.0137,50.034,18.505,94.17,195.265
749,GBTC,Grayscale Bitcoin Trust,Grayscale,GBTC,Grayscale Bitcoin Trust,BTC-USD,2025-03-18,65.08,18000.0,1.5,1.0154,50.178,18.549,94.523,190.895
750,GBTC,Grayscale Bitcoin Trust,Grayscale,GBTC,Grayscale Bitcoin Trust,BTC-USD,2025-03-19,67.59,18000.0,1.5,1.0042,49.57,18.665,94.523,189.333
751,GBTC,Grayscale Bitcoin Trust,Grayscale,GBTC,Grayscale Bitcoin Trust,BTC-USD,2025-03-20,66.5,18000.0,1.5,0.9862,48.88,18.443,104.525,186.977
752,GBTC,Grayscale Bitcoin Trust,Grayscale,GBTC,Grayscale Bitcoin Trust,BTC-USD,2025-03-21,66.32,18000.0,1.5,0.9863,48.872,18.444,104.171,183.222
753,GBTC,Grayscale Bitcoin Trust,Grayscale,GBTC,Grayscale Bitcoin Trust,BTC-USD,2025-03-24,69.77,18000.0,1.5,0.992,49.527,18.514,99.275,176.557
754,GBTC,Grayscale Bitcoin Trust,Grayscale,GBTC,Grayscale Bitcoin Trust,BTC-USD,2025-03-25,69.72,18000.0,1.5,0.9732,47.741,17.926,103.374,171.979
755,GBTC,Grayscale Bitcoin Trust,Grayscale,GBTC,Grayscale Bitcoin Trust,BTC-USD,2025-03-26,68.41,18000.0,1.5,0.9709,47.383,18.071,103.374,155.431
756,GBTC,Grayscale Bitcoin Trust,Grayscale,GBTC,Grayscale Bitcoin Trust,BTC-USD,2025-03-27,68.8,18000.0,1.5,0.9729,47.36,18.051,110.622,141.88
757,GBTC,Grayscale Bitcoin Trust,Grayscale,GBTC,Grayscale Bitcoin Trust,BTC-USD,2025-03-28,66.18,18000.0,1.5,0.9812,47.976,17.903,96.739,138.111
758,GBTC,Grayscale Bitcoin Trust,Grayscale,GBTC,Grayscale Bitcoin Trust,BTC-USD,2025-03-31,65.17,18000.0,1.5,0.9822,48.037,17.623,92.488,130.157
759,GBTC,Grayscale Bitcoin Trust,Grayscale,GBTC,Grayscale Bitcoin Trust,BTC-USD,2025-04-01,67.16,18000.0,1.5,0.9765,47.622,17.561,92.99,120.525
760,GBTC,Grayscale Bitcoin Trust,Grayscale,GBTC,Grayscale Bitcoin Trust,BTC-USD,2025-04-02,68.7,18000.0,1.5,0.9446,47.828,20.646,92.99,117.1
761,GBTC,Grayscale Bitcoin Trust,Grayscale,GBTC,Grayscale Bitcoin Trust,BTC-USD,2025-04-03,64.76,18000.0,1.5,0.9292,48.483,24.772,92.99,118.401
762,GBTC,Grayscale Bitcoin Trust,Grayscale,GBTC,Grayscale Bitcoin Trust,BTC-USD,2025-04-04,66.32,18000.0,1.5,0.9227,47.445,24.928,81.897,124.091
763,GBTC,Grayscale Bitcoin Trust,Grayscale,GBTC,Grayscale Bitcoin Trust,BTC-USD,2025-04-07,61.59,18000.0,1.5,0.9445,49.441,25.245,69.7,136.267
764,GBTC,Grayscale Bitcoin Trust,Grayscale,GBTC,Grayscale Bitcoin Trust,BTC-USD,2025-04-08,60.61,18000.0,1.5,0.93,49.454,25.451,89.474,132.162
765,GBTC,Grayscale Bitcoin Trust,Grayscale,GBTC,Grayscale Bitcoin Trust,BTC-USD,2025-04-09,65.04,18000.0,1.5,0.9256,51.693,25.366,88.065,140.992
766,GBTC,Grayscale Bitcoin Trust,Grayscale,GBTC,Grayscale Bitcoin Trust,BTC-USD,2025-04-10,62.82,18000.0,1.5,0.9212,51.655,25.281,88.897,144.035
767,GBTC,Grayscale Bitcoin Trust,Grayscale,GBTC,Grayscale Bitcoin Trust,BTC-USD,2025-04-11,66.27,18000.0,1.5,0.9345,52.457,25.326,79.586,146.297
768,GBTC,Grayscale Bitcoin Trust,Grayscale,GBTC,Grayscale Bitcoin Trust,BTC-USD,2025-04-14,67.12,18000.0,1.5,0.9358,52.513,25.148,79.585,144.578
769,GBTC,Grayscale Bitcoin Trust,Grayscale,GBTC,Grayscale Bitcoin Trust,BTC-USD,2025-04-15,66.38,18000.0,1.5,0.9358,51.662,25.148,78.715,143.811
770,GBTC,Grayscale Bitcoin Trust,Grayscale,GBTC,Grayscale Bitcoin Trust,BTC-USD,2025-04-16,66.62,18000.0,1.5,0.9365,51.571,25.142,81.699,144.073
771,GBTC,Grayscale Bitcoin Trust,Grayscale,GBTC,Grayscale Bitcoin Trust,BTC-USD,2025-04-17,67.09,18000.0,1.5,0.938,51.545,25.119,89.996,142.596
772,GBTC,Grayscale Bitcoin Trust,Grayscale,GBTC,Grayscale Bitcoin Trust,BTC-USD,2025-04-21,69.06,18000.0,1.5,0.9398,51.952,24.985,78.211,147.018
773,GBTC,Grayscale Bitcoin Trust,Grayscale,GBTC,Grayscale Bitcoin Trust,BTC-USD,2025-04-22,72.29,18000.0,1.5,0.9206,52.772,25.114,78.224,156.222
774,GBTC,Grayscale Bitcoin Trust,Grayscale,GBTC,Grayscale Bitcoin Trust,BTC-USD,2025-04-23,73.84,18000.0,1.5,0.9174,52.522,25.323,78.211,159.322
775,GBTC,Grayscale Bitcoin Trust,Grayscale,GBTC,Grayscale Bitcoin Trust,BTC-USD,2025-04-24,73.92,18000.0,1.5,0.9179,52.525,25.294,76.737,161.426
776,GBTC,Grayscale Bitcoin Trust,Grayscale,GBTC,Grayscale Bitcoin Trust,BTC-USD,2025-04-25,75.34,18000.0,1.5,0.9162,52.302,25.359,76.686,164.674
777,GBTC,Grayscale Bitcoin Trust,Grayscale,GBTC,Grayscale Bitcoin Trust,BTC-USD,2025-04-28,74.81,18000.0,1.5,0.9159,52.282,25.433,69.764,168.786
778,GBTC,Grayscale Bitcoin Trust,Grayscale,GBTC,Grayscale Bitcoin Trust,BTC-USD,2025-04-29,75.25,18000.0,1.5,0.9098,51.873,25.433,69.636,166.893
779,GBTC,Grayscale Bitcoin Trust,Grayscale,GBTC,Grayscale Bitcoin Trust,BTC-USD,2025-04-30,74.27,18000.0,1.5,0.9105,51.93,25.535,69.493,168.732
780,GBTC,Grayscale Bitcoin Trust,Grayscale,GBTC,Grayscale Bitcoin Trust,BTC-USD,2025-05-01,76.22,18000.0,1.5,0.9169,51.984,25.481,69.493,170.325
781,GBTC,Grayscale Bitcoin Trust,Grayscale,GBTC,Grayscale Bitcoin Trust,BTC-USD,2025-05-02,76.55,18000.0,1.5,0.9165,51.912,25.477,69.716,169.089
782,GBTC,Grayscale Bitcoin Trust,Grayscale,GBTC,Grayscale Bitcoin Trust,BTC-USD,2025-05-05,74.42,18000.0,1.5,0.9193,52.226,25.513,69.716,164.353
783,GBTC,Grayscale Bitcoin Trust,Grayscale,GBTC,Grayscale Bitcoin Trust,BTC-USD,2025-05-06,74.93,18000.0,1.5,0.9145,52.19,25.538,74.87,155.359
784,GBTC,Grayscale Bitcoin Trust,Grayscale,GBTC,Grayscale Bitcoin Trust,BTC-USD,2025-05-07,75.9,18000.0,1.5,0.9137,52.15,25.593,74.87,137.036
785,GBTC,Grayscale Bitcoin Trust,Grayscale,GBTC,Grayscale Bitcoin Trust,BTC-USD,2025-05-08,79.98,18000.0,1.5,0.9078,53.041,25.589,54.608,136.556
786,GBTC,Grayscale Bitcoin Trust,Grayscale,GBTC,Grayscale Bitcoin Trust,BTC-USD,2025-05-09,81.47,18000.0,1.5,0.9071,53.042,25.923,42.775,125.777
787,GBTC,Grayscale Bitcoin Trust,Grayscale,GBTC,Grayscale Bitcoin Trust,BTC-USD,2025-05-12,80.33,18000.0,1.5,0.9086,53.104,26.038,33.18,127.417
788,GBTC,Grayscale Bitcoin Trust,Grayscale,GBTC,Grayscale Bitcoin Trust,BTC-USD,2025-05-13,82.73,18000.0,1.5,0.9118,53.393,26.278,34.328,129.89
789,GBTC,Grayscale Bitcoin Trust,Grayscale,GBTC,Grayscale Bitcoin Trust,BTC-USD,2025-05-14,81.52,18000.0,1.5,0.9075,53.012,26.223,38.299,130.485
790,GBTC,Grayscale Bitcoin Trust,Grayscale,GBTC,Grayscale Bitcoin Trust,BTC-USD,2025-05-15,81.38,18000.0,1.5,0.9057,52.855,26.17,33.957,134.415
791,GBTC,Grayscale Bitcoin Trust,Grayscale,GBTC,Grayscale Bitcoin Trust,BTC-USD,2025-05-16,82.13,18000.0,1.5,0.9025,52.648,26.236,30.873,136.115
792,GBTC,Grayscale Bitcoin Trust,Grayscale,GBTC,Grayscale Bitcoin Trust,BTC-USD,2025-05-19,83.24,18000.0,1.5,0.8936,52.06,26.077,25.034,139.677
793,GBTC,Grayscale Bitcoin Trust,Grayscale,GBTC,Grayscale Bitcoin Trust,BTC-USD,2025-05-20,84.49,18000.0,1.5,0.9266,52.075,24.688,24.827,138.571
794,GBTC,Grayscale Bitcoin Trust,Grayscale,GBTC,Grayscale Bitcoin Trust,BTC-USD,2025-05-21,85.73,18000.0,1.5,0.9003,50.178,23.746,24.805,145.723
795,GBTC,Grayscale Bitcoin Trust,Grayscale,GBTC,Grayscale Bitcoin Trust,BTC-USD,2025-05-22,87.72,18000.0,1.5,0.9046,49.396,23.695,24.769,149.426
796,GBTC,Grayscale Bitcoin Trust,Grayscale,GBTC,Grayscale Bitcoin Trust,BTC-USD,2025-05-23,85.76,18000.0,1.5,0.8942,49.603,23.602,22.156,155.87
797,GBTC,Grayscale Bitcoin Trust,Grayscale,GBTC,Grayscale Bitcoin Trust,BTC-USD,2025-05-27,86.67,18000.0,1.5,0.8951,49.606,23.456,24.05,156.886
798,GBTC,Grayscale Bitcoin Trust,Grayscale,GBTC,Grayscale Bitcoin Trust,BTC-USD,2025-05-28,84.31,18000.0,1.5,0.8992,49.908,23.75,22.713,157.537
799,GBTC,Grayscale Bitcoin Trust,Grayscale,GBTC,Grayscale Bitcoin Trust,BTC-USD,2025-05-29,83.26,18000.0,1.5,0.8972,49.996,23.765,22.713,167.443
800,GBTC,Grayscale Bitcoin Trust,Grayscale,GBTC,Grayscale Bitcoin Trust,BTC-USD,2025-05-30,82.47,18000.0,1.5,0.8923,49.459,23.779,22.68,168.141
801,GBTC,Grayscale Bitcoin Trust,Grayscale,GBTC,Grayscale Bitcoin Trust,BTC-USD,2025-06-02,82.35,18000.0,1.5,0.8856,49.322,23.993,25.455,167.6
802,GBTC,Grayscale Bitcoin Trust,Grayscale,GBTC,Grayscale Bitcoin Trust,BTC-USD,2025-06-03,83.8,18000.0,1.5,0.8889,49.105,24.22,25.233,168.925
803,GBTC,Grayscale Bitcoin Trust,Grayscale,GBTC,Grayscale Bitcoin Trust,BTC-USD,2025-06-04,82.72,18000.0,1.5,0.8691,44.585,24.262,25.233,169.857
804,GBTC,Grayscale Bitcoin Trust,Grayscale,GBTC,Grayscale Bitcoin Trust,BTC-USD,2025-06-05,80.25,18000.0,1.5,0.8679,44.087,24.268,22.744,176.618
805,GBTC,Grayscale Bitcoin Trust,Grayscale,GBTC,Grayscale Bitcoin Trust,BTC-USD,2025-06-06,82.23,18000.0,1.5,0.8698,44.282,24.13,25.612,178.216
806,GBTC,Grayscale Bitcoin Trust,Grayscale,GBTC,Grayscale Bitcoin Trust,BTC-USD,2025-06-09,85.67,18000.0,1.5,0.8558,44.217,24.162,25.612,177.912
807,GBTC,Grayscale Bitcoin Trust,Grayscale,GBTC,Grayscale Bitcoin Trust,BTC-USD,2025-06-10,86.35,18000.0,1.5,0.8378,42.99,23.895,25.579,180.469
808,GBTC,Grayscale Bitcoin Trust,Grayscale,GBTC,Grayscale Bitcoin Trust,BTC-USD,2025-06-11,85.77,18000.0,1.5,0.8354,43.03,23.907,30.851,177.326
809,GBTC,Grayscale Bitcoin Trust,Grayscale,GBTC,Grayscale Bitcoin Trust,BTC-USD,2025-06-12,84.19,18000.0,1.5,0.8277,42.827,23.821,29.703,175.687
810,GBTC,Grayscale Bitcoin Trust,Grayscale,GBTC,Grayscale Bitcoin Trust,BTC-USD,2025-06-13,82.83,18000.0,1.5,0.8322,42.451,23.99,25.732,177.991
811,GBTC,Grayscale Bitcoin Trust,Grayscale,GBTC,Grayscale Bitcoin Trust,BTC-USD,2025-06-16,85.65,18000.0,1.5,0.8421,42.691,24.473,22.07,177.218
812,GBTC,Grayscale Bitcoin Trust,Grayscale,GBTC,Grayscale Bitcoin Trust,BTC-USD,2025-06-17,82.5,18000.0,1.5,0.8542,43.518,24.823,22.095,179.851
813,GBTC,Grayscale Bitcoin Trust,Grayscale,GBTC,Grayscale Bitcoin Trust,BTC-USD,2025-06-18,81.76,18000.0,1.5,0.8395,42.467,24.836,26.298,179.583
814,GBTC,Grayscale Bitcoin Trust,Grayscale,GBTC,Grayscale Bitcoin Trust,BTC-USD,2025-06-20,81.33,18000.0,1.5,0.8362,42.493,24.883,30.889,179.231
815,GBTC,Grayscale Bitcoin Trust,Grayscale,GBTC,Grayscale Bitcoin Trust,BTC-USD,2025-06-23,81.3,18000.0,1.5,0.8243,42.261,25.032,30.889,168.178
816,GBTC,Grayscale Bitcoin Trust,Grayscale,GBTC,Grayscale Bitcoin Trust,BTC-USD,2025-06-24,83.24,18000.0,1.5,0.8248,42.47,25.361,30.974,162.307
817,GBTC,Grayscale Bitcoin Trust,Grayscale,GBTC,Grayscale Bitcoin Trust,BTC-USD,2025-06-25,84.89,18000.0,1.5,0.8152,41.683,25.393,31.14,158.312
818,GBTC,Grayscale Bitcoin Trust,Grayscale,GBTC,Grayscale Bitcoin Trust,BTC-USD,2025-06-26,84.75,18000.0,1.5,0.816,41.503,25.369,31.023,154.532
819,GBTC,Grayscale Bitcoin Trust,Grayscale,GBTC,Grayscale Bitcoin Trust,BTC-USD,2025-06-27,84.16,18000.0,1.5,0.8139,41.217,25.427,35.356,152.2
820,GBTC,Grayscale Bitcoin Trust,Grayscale,GBTC,Grayscale Bitcoin Trust,BTC-USD,2025-06-30,84.83,18000.0,1.5,0.8613,41.038,23.001,39.211,145.451
821,GBTC,Grayscale Bitcoin Trust,Grayscale,GBTC,Grayscale Bitcoin Trust,BTC-USD,2025-07-01,82.96,18000.0,1.5,0.8724,39.299,18.649,39.377,147.246
822,GBTC,Grayscale Bitcoin Trust,Grayscale,GBTC,Grayscale Bitcoin Trust,BTC-USD,2025-07-02,86.43,18000.0,1.5,0.8804,39.82,18.629,36.601,155.099
823,GBTC,Grayscale Bitcoin Trust,Grayscale,GBTC,Grayscale Bitcoin Trust,BTC-USD,2025-07-03,86.07,18000.0,1.5,0.8339,36.37,18.245,36.589,155.281
824,GBTC,Grayscale Bitcoin Trust,Grayscale,GBTC,Grayscale Bitcoin Trust,BTC-USD,2025-07-07,85.04,18000.0,1.5,0.8557,36.277,17.824,36.423,157.636
825,GBTC,Grayscale Bitcoin Trust,Grayscale,GBTC,Grayscale Bitcoin Trust,BTC-USD,2025-07-08,85.64,18000.0,1.5,0.8503,33.665,17.814,33.56,152.303
826,GBTC,Grayscale Bitcoin Trust,Grayscale,GBTC,Grayscale Bitcoin Trust,BTC-USD,2025-07-09,88.08,18000.0,1.5,0.8486,32.987,17.915,30.692,156.649
827,GBTC,Grayscale Bitcoin Trust,Grayscale,GBTC,Grayscale Bitcoin Trust,BTC-USD,2025-07-10,89.3,18000.0,1.5,0.7949,31.498,18.233,30.527,159.716
828,GBTC,Grayscale Bitcoin Trust,Grayscale,GBTC,Grayscale Bitcoin Trust,BTC-USD,2025-07-11,93.04,18000.0,1.5,0.8037,32.318,19.271,30.692,173.312
829,GBTC,Grayscale Bitcoin Trust,Grayscale,GBTC,Grayscale Bitcoin Trust,BTC-USD,2025-07-14,94.38,18000.0,1.5,0.7998,32.182,19.271,22.386,183.274
830,GBTC,Grayscale Bitcoin Trust,Grayscale,GBTC,Grayscale Bitcoin Trust,BTC-USD,2025-07-15,91.63,18000.0,1.5,0.8151,32.99,19.545,22.386,187.421
831,GBTC,Grayscale Bitcoin Trust,Grayscale,GBTC,Grayscale Bitcoin Trust,BTC-USD,2025-07-16,93.9,18000.0,1.5,0.8172,33.222,19.861,22.386,191.717
832,GBTC,Grayscale Bitcoin Trust,Grayscale,GBTC,Grayscale Bitcoin Trust,BTC-USD,2025-07-17,93.66,18000.0,1.5,0.8142,32.902,19.912,28.027,191.208
833,GBTC,Grayscale Bitcoin Trust,Grayscale,GBTC,Grayscale Bitcoin Trust,BTC-USD,2025-07-18,92.36,18000.0,1.5,0.8435,32.016,19.695,32.212,195.408
834,GBTC,Grayscale Bitcoin Trust,Grayscale,GBTC,Grayscale Bitcoin Trust,BTC-USD,2025-07-21,91.84,18000.0,1.5,0.8453,31.875,19.34,32.49,198.059
835,GBTC,Grayscale Bitcoin Trust,Grayscale,GBTC,Grayscale Bitcoin Trust,BTC-USD,2025-07-22,93.9,18000.0,1.5,0.8481,32.095,19.35,28.955,200.718
836,GBTC,Grayscale Bitcoin Trust,Grayscale,GBTC,Grayscale Bitcoin Trust,BTC-USD,2025-07-23,93.16,18000.0,1.5,0.8455,32.031,19.213,29.752,202.087
837,GBTC,Grayscale Bitcoin Trust,Grayscale,GBTC,Grayscale Bitcoin Trust,BTC-USD,2025-07-24,93.68,18000.0,1.5,0.8425,31.957,19.172,29.892,204.628
838,GBTC,Grayscale Bitcoin Trust,Grayscale,GBTC,Grayscale Bitcoin Trust,BTC-USD,2025-07-25,91.87,18000.0,1.5,0.8552,32.306,19.242,29.892,205.751
839,GBTC,Grayscale Bitcoin Trust,Grayscale,GBTC,Grayscale Bitcoin Trust,BTC-USD,2025-07-28,92.88,18000.0,1.5,0.852,32.159,19.145,28.118,207.222
840,GBTC,Grayscale Bitcoin Trust,Grayscale,GBTC,Grayscale Bitcoin Trust,BTC-USD,2025-07-29,92.38,18000.0,1.5,0.8481,31.875,19.168,28.411,210.217
841,GBTC,Grayscale Bitcoin Trust,Grayscale,GBTC,Grayscale Bitcoin Trust,BTC-USD,2025-07-30,91.88,18000.0,1.5,0.849,31.923,19.197,28.947,212.864
842,GBTC,Grayscale Bitcoin Trust,Grayscale,GBTC,Grayscale Bitcoin Trust,BTC-USD,2025-07-31,91.78,18000.0,1.5,0.8236,31.266,19.318,35.227,212.269
843,GBTC,Grayscale Bitcoin Trust,Grayscale,GBTC,Grayscale Bitcoin Trust,BTC-USD,2025-08-01,88.89,18000.0,1.5,0.8511,32.091,19.352,35.227,215.84
844,GBTC,Grayscale Bitcoin Trust,Grayscale,GBTC,Grayscale Bitcoin Trust,BTC-USD,2025-08-04,90.23,18000.0,1.5,0.8521,32.122,19.239,40.111,214.798
845,GBTC,Grayscale Bitcoin Trust,Grayscale,GBTC,Grayscale Bitcoin Trust,BTC-USD,2025-08-05,89.38,18000.0,1.5,0.857,30.513,19.227,40.097,215.336
846,GBTC,Grayscale Bitcoin Trust,Grayscale,GBTC,Grayscale Bitcoin Trust,BTC-USD,2025-08-06,90.68,18000.0,1.5,0.8645,30.43,18.817,40.111,216.197
847,GBTC,Grayscale Bitcoin Trust,Grayscale,GBTC,Grayscale Bitcoin Trust,BTC-USD,2025-08-07,92.44,18000.0,1.5,0.8626,30.454,18.623,40.111,216.013
848,GBTC,Grayscale Bitcoin Trust,Grayscale,GBTC,Grayscale Bitcoin Trust,BTC-USD,2025-08-08,91.58,18000.0,1.5,0.8535,30.014,18.297,45.383,212.876
849,GBTC,Grayscale Bitcoin Trust,Grayscale,GBTC,Grayscale Bitcoin Trust,BTC-USD,2025-08-11,93.59,18000.0,1.5,0.8547,30.091,18.244,45.383,196.739
850,GBTC,Grayscale Bitcoin Trust,Grayscale,GBTC,Grayscale Bitcoin Trust,BTC-USD,2025-08-12,94.06,18000.0,1.5,0.8516,30.084,18.264,50.417,187.306
851,GBTC,Grayscale Bitcoin Trust,Grayscale,GBTC,Grayscale Bitcoin Trust,BTC-USD,2025-08-13,96.6,18000.0,1.5,0.8598,30.463,18.137,50.417,188.073
852,GBTC,Grayscale Bitcoin Trust,Grayscale,GBTC,Grayscale Bitcoin Trust,BTC-USD,2025-08-14,92.75,18000.0,1.5,0.8749,31.644,18.136,50.417,191.334
853,GBTC,Grayscale Bitcoin Trust,Grayscale,GBTC,Grayscale Bitcoin Trust,BTC-USD,2025-08-15,91.9,18000.0,1.5,0.8736,31.603,18.12,47.067,190.477
854,GBTC,Grayscale Bitcoin Trust,Grayscale,GBTC,Grayscale Bitcoin Trust,BTC-USD,2025-08-18,91.39,18000.0,1.5,0.8832,31.514,18.019,42.88,182.037
855,GBTC,Grayscale Bitcoin Trust,Grayscale,GBTC,Grayscale Bitcoin Trust,BTC-USD,2025-08-19,88.83,18000.0,1.5,0.8806,31.748,17.977,35.869,186.504
856,GBTC,Grayscale Bitcoin Trust,Grayscale,GBTC,Grayscale Bitcoin Trust,BTC-USD,2025-08-20,89.79,18000.0,1.5,0.9074,31.459,17.771,38.259,184.851
857,GBTC,Grayscale Bitcoin Trust,Grayscale,GBTC,Grayscale Bitcoin Trust,BTC-USD,2025-08-21,88.1,18000.0,1.5,0.9138,31.649,17.775,42.29,180.904
858,GBTC,Grayscale Bitcoin Trust,Grayscale,GBTC,Grayscale Bitcoin Trust,BTC-USD,2025-08-22,91.73,18000.0,1.5,0.9126,32.154,17.416,46.004,183.637
859,GBTC,Grayscale Bitcoin Trust,Grayscale,GBTC,Grayscale Bitcoin Trust,BTC-USD,2025-08-25,87.02,18000.0,1.5,0.9141,33.904,17.384,46.004,184.669
860,GBTC,Grayscale Bitcoin Trust,Grayscale,GBTC,Grayscale Bitcoin Trust,BTC-USD,2025-08-26,87.31,18000.0,1.5,0.9112,33.84,17.498,45.996,186.524
861,GBTC,Grayscale Bitcoin Trust,Grayscale,GBTC,Grayscale Bitcoin Trust,BTC-USD,2025-08-27,88.07,18000.0,1.5,0.9207,33.873,17.331,41.205,184.231
862,GBTC,Grayscale Bitcoin Trust,Grayscale,GBTC,Grayscale Bitcoin Trust,BTC-USD,2025-08-28,87.95,18000.0,1.5,0.9197,33.705,16.976,36.814,180.944
863,GBTC,Grayscale Bitcoin Trust,Grayscale,GBTC,Grayscale Bitcoin Trust,BTC-USD,2025-08-29,84.99,18000.0,1.5,0.9172,34.351,16.911,30.56,183.02
864,GBTC,Grayscale Bitcoin Trust,Grayscale,GBTC,Grayscale Bitcoin Trust,BTC-USD,2025-09-02,87.02,18000.0,1.5,0.9147,34.065,16.892,30.581,177.143
865,GBTC,Grayscale Bitcoin Trust,Grayscale,GBTC,Grayscale Bitcoin Trust,BTC-USD,2025-09-03,88.16,18000.0,1.5,0.9166,33.816,16.983,25.712,177.849
866,GBTC,Grayscale Bitcoin Trust,Grayscale,GBTC,Grayscale Bitcoin Trust,BTC-USD,2025-09-04,86.23,18000.0,1.5,0.9478,33.107,17.173,25.765,176.801
867,GBTC,Grayscale Bitcoin Trust,Grayscale,GBTC,Grayscale Bitcoin Trust,BTC-USD,2025-09-05,87.66,18000.0,1.5,0.9474,33.239,17.444,25.712,179.878
868,GBTC,Grayscale Bitcoin Trust,Grayscale,GBTC,Grayscale Bitcoin Trust,BTC-USD,2025-09-08,88.04,18000.0,1.5,0.9475,33.217,17.491,27.63,175.507
869,GBTC,Grayscale Bitcoin Trust,Grayscale,GBTC,Grayscale Bitcoin Trust,BTC-USD,2025-09-09,87.42,18000.0,1.5,0.9558,33.019,17.49,24.939,176.681
870,GBTC,Grayscale Bitcoin Trust,Grayscale,GBTC,Grayscale Bitcoin Trust,BTC-USD,2025-09-10,89.22,18000.0,1.5,0.9561,33.071,17.103,24.939,177.437
871,GBTC,Grayscale Bitcoin Trust,Grayscale,GBTC,Grayscale Bitcoin Trust,BTC-USD,2025-09-11,89.92,18000.0,1.5,0.9461,32.415,16.137,21.0,176.009
872,GBTC,Grayscale Bitcoin Trust,Grayscale,GBTC,Grayscale Bitcoin Trust,BTC-USD,2025-09-12,91.75,18000.0,1.5,0.9294,31.65,15.93,21.0,172.831
873,GBTC,Grayscale Bitcoin Trust,Grayscale,GBTC,Grayscale Bitcoin Trust,BTC-USD,2025-09-15,90.49,18000.0,1.5,0.9331,31.735,15.854,20.864,167.806
874,GBTC,Grayscale Bitcoin Trust,Grayscale,GBTC,Grayscale Bitcoin Trust,BTC-USD,2025-09-16,91.73,18000.0,1.5,0.9416,31.794,15.792,18.595,171.099
875,GBTC,Grayscale Bitcoin Trust,Grayscale,GBTC,Grayscale Bitcoin Trust,BTC-USD,2025-09-17,90.79,18000.0,1.5,0.9646,31.891,15.395,23.829,184.393
876,GBTC,Grayscale Bitcoin Trust,Grayscale,GBTC,Grayscale Bitcoin Trust,BTC-USD,2025-09-18,92.24,18000.0,1.5,0.964,31.704,14.997,23.733,180.992
877,GBTC,Grayscale Bitcoin Trust,Grayscale,GBTC,Grayscale Bitcoin Trust,BTC-USD,2025-09-19,90.34,18000.0,1.5,0.9659,31.811,14.985,20.268,180.339
878,GBTC,Grayscale Bitcoin Trust,Grayscale,GBTC,Grayscale Bitcoin Trust,BTC-USD,2025-09-22,87.98,18000.0,1.5,0.9683,32.304,14.986,15.544,182.186
879,GBTC,Grayscale Bitcoin Trust,Grayscale,GBTC,Grayscale Bitcoin Trust,BTC-USD,2025-09-23,87.58,18000.0,1.5,0.9677,32.283,14.898,15.737,177.934
880,GBTC,Grayscale Bitcoin Trust,Grayscale,GBTC,Grayscale Bitcoin Trust,BTC-USD,2025-09-24,89.01,18000.0,1.5,0.9705,32.407,14.851,15.737,174.596
881,GBTC,Grayscale Bitcoin Trust,Grayscale,GBTC,Grayscale Bitcoin Trust,BTC-USD,2025-09-25,85.76,18000.0,1.5,0.9642,32.999,14.686,15.833,181.387
882,GBTC,Grayscale Bitcoin Trust,Grayscale,GBTC,Grayscale Bitcoin Trust,BTC-USD,2025-09-26,85.65,18000.0,1.5,0.9449,31.907,14.432,20.059,184.279
883,GBTC,Grayscale Bitcoin Trust,Grayscale,GBTC,Grayscale Bitcoin Trust,BTC-USD,2025-09-29,89.73,18000.0,1.5,0.9611,33.296,14.336,20.263,192.674
884,GBTC,Grayscale Bitcoin Trust,Grayscale,GBTC,Grayscale Bitcoin Trust,BTC-USD,2025-09-30,89.77,18000.0,1.5,0.9604,33.19,14.346,24.728,191.064
885,GBTC,Grayscale Bitcoin Trust,Grayscale,GBTC,Grayscale Bitcoin Trust,BTC-USD,2025-10-01,92.2,18000.0,1.5,0.9424,33.588,14.509,24.728,193.721
886,GBTC,Grayscale Bitcoin Trust,Grayscale,GBTC,Grayscale Bitcoin Trust,BTC-USD,2025-10-02,94.93,18000.0,1.5,0.9444,33.626,14.621,24.696,205.306
887,GBTC,Grayscale Bitcoin Trust,Grayscale,GBTC,Grayscale Bitcoin Trust,BTC-USD,2025-10-03,96.36,18000.0,1.5,0.9902,33.645,14.082,24.632,221.278
888,GBTC,Grayscale Bitcoin Trust,Grayscale,GBTC,Grayscale Bitcoin Trust,BTC-USD,2025-10-06,98.43,18000.0,1.5,0.9763,32.883,12.617,24.61,232.606
889,GBTC,Grayscale Bitcoin Trust,Grayscale,GBTC,Grayscale Bitcoin Trust,BTC-USD,2025-10-07,95.37,18000.0,1.5,0.9867,33.426,12.657,22.691,254.554
890,GBTC,Grayscale Bitcoin Trust,Grayscale,GBTC,Grayscale Bitcoin Trust,BTC-USD,2025-10-08,96.78,18000.0,1.5,0.9765,32.972,12.252,26.648,268.157
891,GBTC,Grayscale Bitcoin Trust,Grayscale,GBTC,Grayscale Bitcoin Trust,BTC-USD,2025-10-09,94.9,18000.0,1.5,0.9751,32.864,11.757,26.704,284.043
892,GBTC,Grayscale Bitcoin Trust,Grayscale,GBTC,Grayscale Bitcoin Trust,BTC-USD,2025-10-10,91.42,18000.0,1.5,0.8924,33.75,12.962,26.946,315.887
893,GBTC,Grayscale Bitcoin Trust,Grayscale,GBTC,Grayscale Bitcoin Trust,BTC-USD,2025-10-13,90.86,18000.0,1.5,0.8762,33.653,13.703,26.843,331.182
894,GBTC,Grayscale Bitcoin Trust,Grayscale,GBTC,Grayscale Bitcoin Trust,BTC-USD,2025-10-14,88.29,18000.0,1.5,0.8837,34.138,13.92,26.78,355.596
895,GBTC,Grayscale Bitcoin Trust,Grayscale,GBTC,Grayscale Bitcoin Trust,BTC-USD,2025-10-15,87.23,18000.0,1.5,0.8767,33.88,13.957,32.985,367.45
896,GBTC,Grayscale Bitcoin Trust,Grayscale,GBTC,Grayscale Bitcoin Trust,BTC-USD,2025-10-16,84.8,18000.0,1.5,0.8827,34.305,14.032,27.752,383.994
897,GBTC,Grayscale Bitcoin Trust,Grayscale,GBTC,Grayscale Bitcoin Trust,BTC-USD,2025-10-17,83.46,18000.0,1.5,0.8839,34.397,13.921,27.689,400.211
898,GBTC,Grayscale Bitcoin Trust,Grayscale,GBTC,Grayscale Bitcoin Trust,BTC-USD,2025-10-20,86.89,18000.0,1.5,0.8905,35.263,13.69,27.689,414.886
899,GBTC,Grayscale Bitcoin Trust,Grayscale,GBTC,Grayscale Bitcoin Trust,BTC-USD,2025-10-21,87.64,18000.0,1.5,0.8747,35.233,14.549,30.71,438.813
900,GBTC,Grayscale Bitcoin Trust,Grayscale,GBTC,Grayscale Bitcoin Trust,BTC-USD,2025-10-22,84.5,18000.0,1.5,0.8806,35.968,15.78,26.564,466.192
901,GBTC,Grayscale Bitcoin Trust,Grayscale,GBTC,Grayscale Bitcoin Trust,BTC-USD,2025-10-23,86.42,18000.0,1.5,0.8831,36.29,15.766,26.564,476.072
902,GBTC,Grayscale Bitcoin Trust,Grayscale,GBTC,Grayscale Bitcoin Trust,BTC-USD,2025-10-24,86.69,18000.0,1.5,0.8896,36.3,15.534,31.295,473.731
903,GBTC,Grayscale Bitcoin Trust,Grayscale,GBTC,Grayscale Bitcoin Trust,BTC-USD,2025-10-27,90.09,18000.0,1.5,0.8934,36.598,15.55,27.071,475.358
904,GBTC,Grayscale Bitcoin Trust,Grayscale,GBTC,Grayscale Bitcoin Trust,BTC-USD,2025-10-28,89.02,18000.0,1.5,0.8937,36.55,15.556,30.162,475.948
905,GBTC,Grayscale Bitcoin Trust,Grayscale,GBTC,Grayscale Bitcoin Trust,BTC-USD,2025-10-29,86.66,18000.0,1.5,0.8961,36.91,15.565,25.493,502.639
906,GBTC,Grayscale Bitcoin Trust,Grayscale,GBTC,Grayscale Bitcoin Trust,BTC-USD,2025-10-30,83.34,18000.0,1.5,0.9054,37.607,16.268,25.493,508.843
907,GBTC,Grayscale Bitcoin Trust,Grayscale,GBTC,Grayscale Bitcoin Trust,BTC-USD,2025-10-31,86.02,18000.0,1.5,0.9136,37.982,16.865,25.493,509.22
908,GBTC,Grayscale Bitcoin Trust,Grayscale,GBTC,Grayscale Bitcoin Trust,BTC-USD,2025-11-03,83.5,18000.0,1.5,0.9165,38.396,16.872,25.496,506.745
909,GBTC,Grayscale Bitcoin Trust,Grayscale,GBTC,Grayscale Bitcoin Trust,BTC-USD,2025-11-04,78.87,18000.0,1.5,0.9302,39.729,16.997,25.496,521.822
910,GBTC,Grayscale Bitcoin Trust,Grayscale,GBTC,Grayscale Bitcoin Trust,BTC-USD,2025-11-05,81.35,18000.0,1.5,0.9401,40.3,17.101,31.551,506.612
911,GBTC,Grayscale Bitcoin Trust,Grayscale,GBTC,Grayscale Bitcoin Trust,BTC-USD,2025-11-06,78.98,18000.0,1.5,0.9418,40.215,17.111,25.061,506.014
912,GBTC,Grayscale Bitcoin Trust,Grayscale,GBTC,Grayscale Bitcoin Trust,BTC-USD,2025-11-07,81.3,18000.0,1.5,0.9467,39.986,17.217,33.007,497.086
913,GBTC,Grayscale Bitcoin Trust,Grayscale,GBTC,Grayscale Bitcoin Trust,BTC-USD,2025-11-10,83.05,18000.0,1.5,0.9446,40.246,17.218,31.83,470.837
914,GBTC,Grayscale Bitcoin Trust,Grayscale,GBTC,Grayscale Bitcoin Trust,BTC-USD,2025-11-11,80.47,18000.0,1.5,0.9488,40.702,17.224,31.836,458.249
915,GBTC,Grayscale Bitcoin Trust,Grayscale,GBTC,Grayscale Bitcoin Trust,BTC-USD,2025-11-12,79.49,18000.0,1.5,0.9488,40.39,17.22,37.15,438.293
916,GBTC,Grayscale Bitcoin Trust,Grayscale,GBTC,Grayscale Bitcoin Trust,BTC-USD,2025-11-13,76.68,18000.0,1.5,0.9579,40.9,17.568,30.916,447.897
917,GBTC,Grayscale Bitcoin Trust,Grayscale,GBTC,Grayscale Bitcoin Trust,BTC-USD,2025-11-14,73.78,18000.0,1.5,0.937,41.427,17.759,30.953,432.559
918,GBTC,Grayscale Bitcoin Trust,Grayscale,GBTC,Grayscale Bitcoin Trust,BTC-USD,2025-11-17,71.84,18000.0,1.5,0.9339,40.704,17.738,30.953,442.668
919,GBTC,Grayscale Bitcoin Trust,Grayscale,GBTC,Grayscale Bitcoin Trust,BTC-USD,2025-11-18,72.64,18000.0,1.5,0.9404,39.53,17.742,38.309,446.135
920,GBTC,Grayscale Bitcoin Trust,Grayscale,GBTC,Grayscale Bitcoin Trust,BTC-USD,2025-11-19,69.99,18000.0,1.5,0.9549,40.12,18.163,35.285,444.039
921,GBTC,Grayscale Bitcoin Trust,Grayscale,GBTC,Grayscale Bitcoin Trust,BTC-USD,2025-11-20,67.56,18000.0,1.5,0.9311,40.552,18.224,40.499,448.015
922,GBTC,Grayscale Bitcoin Trust,Grayscale,GBTC,Grayscale Bitcoin Trust,BTC-USD,2025-11-21,66.16,18000.0,1.5,0.938,40.687,18.079,40.493,469.526
923,GBTC,Grayscale Bitcoin Trust,Grayscale,GBTC,Grayscale Bitcoin Trust,BTC-USD,2025-11-24,69.73,18000.0,1.5,0.96,41.871,18.443,35.803,477.067
924,GBTC,Grayscale Bitcoin Trust,Grayscale,GBTC,Grayscale Bitcoin Trust,BTC-USD,2025-11-25,68.36,18000.0,1.5,0.9625,41.625,18.545,42.123,482.061
925,GBTC,Grayscale Bitcoin Trust,Grayscale,GBTC,Grayscale Bitcoin Trust,BTC-USD,2025-11-26,70.38,18000.0,1.5,0.955,42.035,18.471,39.073,482.21
926,GBTC,Grayscale Bitcoin Trust,Grayscale,GBTC,Grayscale Bitcoin Trust,BTC-USD,2025-11-28,71.01,18000.0,1.5,0.9541,41.937,18.299,39.073,459.133
927,GBTC,Grayscale Bitcoin Trust,Grayscale,GBTC,Grayscale Bitcoin Trust,BTC-USD,2025-12-01,66.92,18000.0,1.5,0.9645,43.271,18.027,39.073,460.887
928,GBTC,Grayscale Bitcoin Trust,Grayscale,GBTC,Grayscale Bitcoin Trust,BTC-USD,2025-12-02,71.25,18000.0,1.5,0.9797,45.382,18.039,39.073,462.638
929,GBTC,Grayscale Bitcoin Trust,Grayscale,GBTC,Grayscale Bitcoin Trust,BTC-USD,2025-12-03,72.73,18000.0,1.5,0.9781,45.642,18.039,39.03,461.769
930,GBTC,Grayscale Bitcoin Trust,Grayscale,GBTC,Grayscale Bitcoin Trust,BTC-USD,2025-12-04,72.38,18000.0,1.5,0.9757,45.381,18.16,41.848,440.931
931,GBTC,Grayscale Bitcoin Trust,Grayscale,GBTC,Grayscale Bitcoin Trust,BTC-USD,2025-12-05,69.9,18000.0,1.5,0.9811,45.768,18.161,35.793,445.078
932,GBTC,Grayscale Bitcoin Trust,Grayscale,GBTC,Grayscale Bitcoin Trust,BTC-USD,2025-12-08,70.99,18000.0,1.5,0.9786,45.672,17.871,40.441,437.284
933,GBTC,Grayscale Bitcoin Trust,Grayscale,GBTC,Grayscale Bitcoin Trust,BTC-USD,2025-12-09,72.82,18000.0,1.5,0.9805,46.029,17.811,33.808,440.046
934,GBTC,Grayscale Bitcoin Trust,Grayscale,GBTC,Grayscale Bitcoin Trust,BTC-USD,2025-12-10,72.35,18000.0,1.5,0.9798,45.892,17.804,44.152,444.79
935,GBTC,Grayscale Bitcoin Trust,Grayscale,GBTC,Grayscale Bitcoin Trust,BTC-USD,2025-12-11,71.79,18000.0,1.5,0.9772,45.88,17.938,44.128,447.055
936,GBTC,Grayscale Bitcoin Trust,Grayscale,GBTC,Grayscale Bitcoin Trust,BTC-USD,2025-12-12,70.58,18000.0,1.5,0.9715,45.769,17.862,47.685,448.492
937,GBTC,Grayscale Bitcoin Trust,Grayscale,GBTC,Grayscale Bitcoin Trust,BTC-USD,2025-12-15,67.05,18000.0,1.5,0.9775,46.653,17.86,47.685,440.982
938,GBTC,Grayscale Bitcoin Trust,Grayscale,GBTC,Grayscale Bitcoin Trust,BTC-USD,2025-12-16,68.49,18000.0,1.5,0.9795,46.738,17.897,50.237,436.044
939,GBTC,Grayscale Bitcoin Trust,Grayscale,GBTC,Grayscale Bitcoin Trust,BTC-USD,2025-12-17,67.1,18000.0,1.5,0.98,46.858,17.893,52.642,423.801
940,GBTC,Grayscale Bitcoin Trust,Grayscale,GBTC,Grayscale Bitcoin Trust,BTC-USD,2025-12-18,66.11,18000.0,1.5,0.9787,46.706,17.908,60.041,424.0
941,GBTC,Grayscale Bitcoin Trust,Grayscale,GBTC,Grayscale Bitcoin Trust,BTC-USD,2025-12-19,68.84,18000.0,1.5,0.9877,47.126,18.051,67.423,415.424
942,GBTC,Grayscale Bitcoin Trust,Grayscale,GBTC,Grayscale Bitcoin Trust,BTC-USD,2025-12-22,69.03,18000.0,1.5,0.989,47.142,18.001,62.817,388.604
943,GBTC,Grayscale Bitcoin Trust,Grayscale,GBTC,Grayscale Bitcoin Trust,BTC-USD,2025-12-23,68.5,18000.0,1.5,0.9826,45.974,17.974,62.817,366.191
944,GBTC,Grayscale Bitcoin Trust,Grayscale,GBTC,Grayscale Bitcoin Trust,BTC-USD,2025-12-24,68.2,18000.0,1.5,0.9814,45.963,18.001,65.844,351.592
945,GBTC,Grayscale Bitcoin Trust,Grayscale,GBTC,Grayscale Bitcoin Trust,BTC-USD,2025-12-26,68.4,18000.0,1.5,0.9944,45.528,17.937,61.078,348.965
946,GBTC,Grayscale Bitcoin Trust,Grayscale,GBTC,Grayscale Bitcoin Trust,BTC-USD,2025-12-29,68.05,18000.0,1.5,0.9874,44.968,17.726,64.488,342.029
947,GBTC,Grayscale Bitcoin Trust,Grayscale,GBTC,Grayscale Bitcoin Trust,BTC-USD,2025-12-30,68.61,18000.0,1.5,0.9834,44.858,17.756,64.488,347.853
948,GBTC,Grayscale Bitcoin Trust,Grayscale,GBTC,Grayscale Bitcoin Trust,BTC-USD,2025-12-31,68.36,18000.0,1.5,0.9814,44.508,17.813,65.863,341.709
949,GBTC,Grayscale Bitcoin Trust,Grayscale,GBTC,Grayscale Bitcoin Trust,BTC-USD,2026-01-02,70.14,18000.0,1.5,0.978,44.654,17.789,65.863,344.133
950,GBTC,Grayscale Bitcoin Trust,Grayscale,GBTC,Grayscale Bitcoin Trust,BTC-USD,2026-01-05,73.61,18000.0,1.5,0.9855,45.807,17.841,65.863,345.978
951,GBTC,Grayscale Bitcoin Trust,Grayscale,GBTC,Grayscale Bitcoin Trust,BTC-USD,2026-01-06,72.2,18000.0,1.5,0.983,45.803,18.149,67.79,349.239
952,GBTC,Grayscale Bitcoin Trust,Grayscale,GBTC,Grayscale Bitcoin Trust,BTC-USD,2026-01-07,71.0,18000.0,1.5,1.0385,45.366,17.36,67.79,345.957
953,GBTC,Grayscale Bitcoin Trust,Grayscale,GBTC,Grayscale Bitcoin Trust,BTC-USD,2026-01-08,70.96,18000.0,1.5,1.0526,45.37,16.812,63.088,343.465
954,GBTC,Grayscale Bitcoin Trust,Grayscale,GBTC,Grayscale Bitcoin Trust,BTC-USD,2026-01-09,70.48,18000.0,1.5,1.0491,45.084,16.64,66.032,338.683
955,GBTC,Grayscale Bitcoin Trust,Grayscale,GBTC,Grayscale Bitcoin Trust,BTC-USD,2026-01-12,71.41,18000.0,1.5,1.0551,45.181,16.625,63.503,332.744
956,GBTC,Grayscale Bitcoin Trust,Grayscale,GBTC,Grayscale Bitcoin Trust,BTC-USD,2026-01-13,73.78,18000.0,1.5,1.0366,45.47,16.775,63.533,334.881
957,GBTC,Grayscale Bitcoin Trust,Grayscale,GBTC,Grayscale Bitcoin Trust,BTC-USD,2026-01-14,76.31,18000.0,1.5,1.0445,45.971,17.117,54.662,340.042
958,GBTC,Grayscale Bitcoin Trust,Grayscale,GBTC,Grayscale Bitcoin Trust,BTC-USD,2026-01-15,74.33,18000.0,1.5,1.0476,45.408,17.211,59.24,333.171
959,GBTC,Grayscale Bitcoin Trust,Grayscale,GBTC,Grayscale Bitcoin Trust,BTC-USD,2026-01-16,74.58,18000.0,1.5,1.061,45.366,16.369,56.659,332.974
960,GBTC,Grayscale Bitcoin Trust,Grayscale,GBTC,Grayscale Bitcoin Trust,BTC-USD,2026-01-20,69.89,18000.0,1.5,1.0258,46.629,15.536,54.283,321.402
961,GBTC,Grayscale Bitcoin Trust,Grayscale,GBTC,Grayscale Bitcoin Trust,BTC-USD,2026-01-21,70.34,18000.0,1.5,1.0237,46.367,15.566,39.491,318.472
962,GBTC,Grayscale Bitcoin Trust,Grayscale,GBTC,Grayscale Bitcoin Trust,BTC-USD,2026-01-22,69.75,18000.0,1.5,1.0244,46.358,15.655,36.156,306.943
963,GBTC,Grayscale Bitcoin Trust,Grayscale,GBTC,Grayscale Bitcoin Trust,BTC-USD,2026-01-23,69.82,18000.0,1.5,1.0167,45.533,15.372,39.718,305.874
964,GBTC,Grayscale Bitcoin Trust,Grayscale,GBTC,Grayscale Bitcoin Trust,BTC-USD,2026-01-26,68.31,18000.0,1.5,1.0182,45.65,15.436,39.727,303.307
965,GBTC,Grayscale Bitcoin Trust,Grayscale,GBTC,Grayscale Bitcoin Trust,BTC-USD,2026-01-27,69.69,18000.0,1.5,1.0215,45.676,15.585,42.795,309.959
966,GBTC,Grayscale Bitcoin Trust,Grayscale,GBTC,Grayscale Bitcoin Trust,BTC-USD,2026-01-28,69.46,18000.0,1.5,1.0141,45.075,14.772,41.197,312.717
967,GBTC,Grayscale Bitcoin Trust,Grayscale,GBTC,Grayscale Bitcoin Trust,BTC-USD,2026-01-29,65.53,18000.0,1.5,1.012,45.878,14.122,37.762,331.242
968,GBTC,Grayscale Bitcoin Trust,Grayscale,GBTC,Grayscale Bitcoin Trust,BTC-USD,2026-01-30,65.37,18000.0,1.5,1.0111,45.578,14.114,37.762,333.92
969,GBTC,Grayscale Bitcoin Trust,Grayscale,GBTC,Grayscale Bitcoin Trust,BTC-USD,2026-02-02,60.82,18000.0,1.5,1.0089,46.424,13.907,36.358,344.635
970,GBTC,Grayscale Bitcoin Trust,Grayscale,GBTC,Grayscale Bitcoin Trust,BTC-USD,2026-02-03,59.61,18000.0,1.5,0.9888,45.943,14.311,36.357,360.344
971,GBTC,Grayscale Bitcoin Trust,Grayscale,GBTC,Grayscale Bitcoin Trust,BTC-USD,2026-02-04,57.22,18000.0,1.5,0.9908,46.259,14.316,40.068,371.372
972,GBTC,Grayscale Bitcoin Trust,Grayscale,GBTC,Grayscale Bitcoin Trust,BTC-USD,2026-02-05,49.66,18000.0,1.5,0.9671,53.504,14.219,35.34,396.174
973,GBTC,Grayscale Bitcoin Trust,Grayscale,GBTC,Grayscale Bitcoin Trust,BTC-USD,2026-02-06,54.63,18000.0,1.5,0.9397,57.271,14.559,40.842,398.737
974,GBTC,Grayscale Bitcoin Trust,Grayscale,GBTC,Grayscale Bitcoin Trust,BTC-USD,2026-02-09,55.19,18000.0,1.5,0.9386,57.145,14.912,53.238,406.233
975,GBTC,Grayscale Bitcoin Trust,Grayscale,GBTC,Grayscale Bitcoin Trust,BTC-USD,2026-02-10,53.63,18000.0,1.5,0.9403,57.317,15.073,51.711,406.78
976,GBTC,Grayscale Bitcoin Trust,Grayscale,GBTC,Grayscale Bitcoin Trust,BTC-USD,2026-02-11,52.67,18000.0,1.5,0.9358,57.041,14.708,43.998,405.593
977,GBTC,Grayscale Bitcoin Trust,Grayscale,GBTC,Grayscale Bitcoin Trust,BTC-USD,2026-02-12,50.95,18000.0,1.5,0.9452,56.922,15.184,58.839,398.492
978,GBTC,Grayscale Bitcoin Trust,Grayscale,GBTC,Grayscale Bitcoin Trust,BTC-USD,2026-02-13,53.63,18000.0,1.5,0.9526,57.955,15.452,58.871,391.76
979,GBTC,Grayscale Bitcoin Trust,Grayscale,GBTC,Grayscale Bitcoin Trust,BTC-USD,2026-02-17,52.81,18000.0,1.5,0.9515,57.898,15.462,58.077,388.134
980,GBTC,Grayscale Bitcoin Trust,Grayscale,GBTC,Grayscale Bitcoin Trust,BTC-USD,2026-02-18,51.64,18000.0,1.5,0.9495,57.629,14.862,66.581,380.885
981,GBTC,Grayscale Bitcoin Trust,Grayscale,GBTC,Grayscale Bitcoin Trust,BTC-USD,2026-02-19,52.32,18000.0,1.5,0.9608,57.397,14.573,70.885,373.421
982,GBTC,Grayscale Bitcoin Trust,Grayscale,GBTC,Grayscale Bitcoin Trust,BTC-USD,2026-02-20,52.81,18000.0,1.5,0.9588,57.356,14.594,70.885,363.439
983,GBTC,Grayscale Bitcoin Trust,Grayscale,GBTC,Grayscale Bitcoin Trust,BTC-USD,2026-02-23,50.23,18000.0,1.5,0.95,56.908,14.143,66.879,363.678
984,GBTC,Grayscale Bitcoin Trust,Grayscale,GBTC,Grayscale Bitcoin Trust,BTC-USD,2026-02-24,50.27,18000.0,1.5,0.949,56.842,14.124,62.708,358.545
985,GBTC,Grayscale Bitcoin Trust,Grayscale,GBTC,Grayscale Bitcoin Trust,BTC-USD,2026-02-25,53.94,18000.0,1.5,0.9629,58.513,14.365,62.89,354.655
986,GBTC,Grayscale Bitcoin Trust,Grayscale,GBTC,Grayscale Bitcoin Trust,BTC-USD,2026-02-26,52.58,18000.0,1.5,0.9629,58.603,14.834,64.313,353.248
987,GBTC,Grayscale Bitcoin Trust,Grayscale,GBTC,Grayscale Bitcoin Trust,BTC-USD,2026-02-27,51.13,18000.0,1.5,0.9587,57.707,14.751,64.393,345.687
988,GBTC,Grayscale Bitcoin Trust,Grayscale,GBTC,Grayscale Bitcoin Trust,BTC-USD,2026-03-02,53.89,18000.0,1.5,0.959,57.239,14.861,64.455,330.748
989,GBTC,Grayscale Bitcoin Trust,Grayscale,GBTC,Grayscale Bitcoin Trust,BTC-USD,2026-03-03,53.18,18000.0,1.5,0.9599,57.022,14.914,78.127,320.447
990,GBTC,Grayscale Bitcoin Trust,Grayscale,GBTC,Grayscale Bitcoin Trust,BTC-USD,2026-03-04,56.99,18000.0,1.5,0.9687,59.027,14.881,78.127,308.417
991,GBTC,Grayscale Bitcoin Trust,Grayscale,GBTC,Grayscale Bitcoin Trust,BTC-USD,2026-03-05,55.53,18000.0,1.5,0.9671,58.856,14.844,79.471,282.77
992,GBTC,Grayscale Bitcoin Trust,Grayscale,GBTC,Grayscale Bitcoin Trust,BTC-USD,2026-03-06,53.06,18000.0,1.5,0.9699,59.326,14.925,76.059,256.594
993,GBTC,Grayscale Bitcoin Trust,Grayscale,GBTC,Grayscale Bitcoin Trust,BTC-USD,2026-03-09,53.79,18000.0,1.5,0.9697,59.117,15.047,76.776,222.631
994,GBTC,Grayscale Bitcoin Trust,Grayscale,GBTC,Grayscale Bitcoin Trust,BTC-USD,2026-03-10,54.6,18000.0,1.5,0.9677,59.258,15.104,71.212,217.661
995,GBTC,Grayscale Bitcoin Trust,Grayscale,GBTC,Grayscale Bitcoin Trust,BTC-USD,2026-03-11,55.05,18000.0,1.5,0.9697,59.313,14.889,66.991,207.202
996,GBTC,Grayscale Bitcoin Trust,Grayscale,GBTC,Grayscale Bitcoin Trust,BTC-USD,2026-03-12,54.89,18000.0,1.5,0.9707,59.256,14.893,65.778,204.793
997,GBTC,Grayscale Bitcoin Trust,Grayscale,GBTC,Grayscale Bitcoin Trust,BTC-USD,2026-03-13,55.47,18000.0,1.5,0.9668,58.506,14.806,65.778,213.91
998,GBTC,Grayscale Bitcoin Trust,Grayscale,GBTC,Grayscale Bitcoin Trust,BTC-USD,2026-03-16,57.64,18000.0,1.5,0.9566,58.915,14.999,50.937,214.364
999,GBTC,Grayscale Bitcoin Trust,Grayscale,GBTC,Grayscale Bitcoin Trust,BTC-USD,2026-03-17,58.08,18000.0,1.5,0.9538,58.837,15.533,54.946,208.211
1000,GBTC,Grayscale Bitcoin Trust,Grayscale,GBTC,Grayscale Bitcoin Trust,BTC-USD,2026-03-18,55.34,18000.0,1.5,0.9587,59.535,15.697,51.249,204.557
1001,GBTC,Grayscale Bitcoin Trust,Grayscale,GBTC,Grayscale Bitcoin Trust,BTC-USD,2026-03-19,54.71,18000.0,1.5,0.9528,58.865,15.608,42.66,208.491
1002,GBTC,Grayscale Bitcoin Trust,Grayscale,GBTC,Grayscale Bitcoin Trust,BTC-USD,2026-03-20,54.65,18000.0,1.5,0.9515,58.852,15.724,43.3,210.891
1003,GBTC,Grayscale Bitcoin Trust,Grayscale,GBTC,Grayscale Bitcoin Trust,BTC-USD,2026-03-23,55.02,18000.0,1.5,0.9522,58.886,15.701,43.3,211.131
1004,GBTC,Grayscale Bitcoin Trust,Grayscale,GBTC,Grayscale Bitcoin Trust,BTC-USD,2026-03-24,53.97,18000.0,1.5,0.9529,58.973,15.901,43.3,211.597
1005,GBTC,Grayscale Bitcoin Trust,Grayscale,GBTC,Grayscale Bitcoin Trust,BTC-USD,2026-03-25,55.18,18000.0,1.5,0.9551,59.2,16.025,43.502,214.566
1006,GBTC,Grayscale Bitcoin Trust,Grayscale,GBTC,Grayscale Bitcoin Trust,BTC-USD,2026-03-26,53.34,18000.0,1.5,0.9548,59.525,16.012,43.502,212.538
1007,GBTC,Grayscale Bitcoin Trust,Grayscale,GBTC,Grayscale Bitcoin Trust,BTC-USD,2026-03-27,51.37,18000.0,1.5,0.9571,59.862,15.971,36.026,210.223
1008,GBTC,Grayscale Bitcoin Trust,Grayscale,GBTC,Grayscale Bitcoin Trust,BTC-USD,2026-03-30,51.74,18000.0,1.5,0.9578,59.912,15.917,35.824,208.266
1009,GBTC,Grayscale Bitcoin Trust,Grayscale,GBTC,Grayscale Bitcoin Trust,BTC-USD,2026-03-31,52.76,18000.0,1.5,0.9573,59.791,15.922,43.695,208.492
1010,GBTC,Grayscale Bitcoin Trust,Grayscale,GBTC,Grayscale Bitcoin Trust,BTC-USD,2026-04-01,53.05,18000.0,1.5,0.9531,58.805,15.952,30.023,204.508
1011,GBTC,Grayscale Bitcoin Trust,Grayscale,GBTC,Grayscale Bitcoin Trust,BTC-USD,2026-04-02,52.15,18000.0,1.5,0.954,58.784,15.523,30.023,196.197
1012,GBTC,Grayscale Bitcoin Trust,Grayscale,GBTC,Grayscale Bitcoin Trust,BTC-USD,2026-04-06,54.26,18000.0,1.5,0.9609,59.453,15.563,28.68,190.107
1013,GBTC,Grayscale Bitcoin Trust,Grayscale,GBTC,Grayscale Bitcoin Trust,BTC-USD,2026-04-07,53.7,18000.0,1.5,0.9317,59.46,18.777,28.68,189.202
1014,GBTC,Grayscale Bitcoin Trust,Grayscale,GBTC,Grayscale Bitcoin Trust,BTC-USD,2026-04-08,55.52,18000.0,1.5,0.9278,59.964,20.885,27.746,186.164
1015,GBTC,Grayscale Bitcoin Trust,Grayscale,GBTC,Grayscale Bitcoin Trust,BTC-USD,2026-04-09,56.11,18000.0,1.5,0.9274,59.935,20.862,39.908,180.179
1016,GBTC,Grayscale Bitcoin Trust,Grayscale,GBTC,Grayscale Bitcoin Trust,BTC-USD,2026-04-10,57.04,18000.0,1.5,0.9324,59.603,20.679,31.787,176.979
1017,GBTC,Grayscale Bitcoin Trust,Grayscale,GBTC,Grayscale Bitcoin Trust,BTC-USD,2026-04-13,57.09,18000.0,1.5,0.9225,59.086,20.736,36.031,173.096
1018,GBTC,Grayscale Bitcoin Trust,Grayscale,GBTC,Grayscale Bitcoin Trust,BTC-USD,2026-04-14,57.81,18000.0,1.5,0.921,59.02,20.884,36.031,163.137
1019,GBTC,Grayscale Bitcoin Trust,Grayscale,GBTC,Grayscale Bitcoin Trust,BTC-USD,2026-04-15,58.37,18000.0,1.5,0.9212,59.068,20.874,40.434,159.594
1020,GBTC,Grayscale Bitcoin Trust,Grayscale,GBTC,Grayscale Bitcoin Trust,BTC-USD,2026-04-16,58.64,18000.0,1.5,0.9287,57.711,20.623,45.077,157.449
1021,GBTC,Grayscale Bitcoin Trust,Grayscale,GBTC,Grayscale Bitcoin Trust,BTC-USD,2026-04-17,60.29,18000.0,1.5,0.9309,58.024,20.602,45.077,160.539
1022,GBTC,Grayscale Bitcoin Trust,Grayscale,GBTC,Grayscale Bitcoin Trust,BTC-USD,2026-04-20,59.37,18000.0,1.5,0.9313,58.071,20.509,45.132,155.944
1023,GBTC,Grayscale Bitcoin Trust,Grayscale,GBTC,Grayscale Bitcoin Trust,BTC-USD,2026-04-21,58.35,18000.0,1.5,0.9287,58.143,21.059,49.828,153.381
1024,GBTC,Grayscale Bitcoin Trust,Grayscale,GBTC,Grayscale Bitcoin Trust,BTC-USD,2026-04-22,61.37,18000.0,1.5,0.9368,59.023,21.779,49.828,149.399
1025,GBTC,Grayscale Bitcoin Trust,Grayscale,GBTC,Grayscale Bitcoin Trust,BTC-USD,2026-04-23,60.48,18000.0,1.5,0.9346,58.903,21.913,49.829,144.141
1026,GBTC,Grayscale Bitcoin Trust,Grayscale,GBTC,Grayscale Bitcoin Trust,BTC-USD,2026-04-24,60.37,18000.0,1.5,0.9339,58.903,21.956,53.592,140.248
1027,GBTC,Grayscale Bitcoin Trust,Grayscale,GBTC,Grayscale Bitcoin Trust,BTC-USD,2026-04-27,59.77,18000.0,1.5,0.9283,57.766,22.016,55.79,137.829
1028,GBTC,Grayscale Bitcoin Trust,Grayscale,GBTC,Grayscale Bitcoin Trust,BTC-USD,2026-04-28,59.34,18000.0,1.5,0.9276,57.778,22.033,55.775,133.499
1029,GBTC,Grayscale Bitcoin Trust,Grayscale,GBTC,Grayscale Bitcoin Trust,BTC-USD,2026-04-29,58.68,18000.0,1.5,0.9189,55.92,22.029,57.957,132.061
1030,GBTC,Grayscale Bitcoin Trust,Grayscale,GBTC,Grayscale Bitcoin Trust,BTC-USD,2026-04-30,59.4,18000.0,1.5,0.9285,55.831,21.706,51.512,124.46
1031,GBTC,Grayscale Bitcoin Trust,Grayscale,GBTC,Grayscale Bitcoin Trust,BTC-USD,2026-05-01,60.97,18000.0,1.5,0.9256,55.423,21.683,51.513,123.378
1032,GBTC,Grayscale Bitcoin Trust,Grayscale,GBTC,Grayscale Bitcoin Trust,BTC-USD,2026-05-04,62.23,18000.0,1.5,0.9236,46.889,21.653,51.513,125.276
1033,GBTC,Grayscale Bitcoin Trust,Grayscale,GBTC,Grayscale Bitcoin Trust,BTC-USD,2026-05-05,63.46,18000.0,1.5,0.9722,42.972,21.448,51.513,124.287
1034,GBTC,Grayscale Bitcoin Trust,Grayscale,GBTC,Grayscale Bitcoin Trust,BTC-USD,2026-05-06,63.3,18000.0,1.5,0.9753,42.954,21.271,53.182,123.59
1035,GBTC,Grayscale Bitcoin Trust,Grayscale,GBTC,Grayscale Bitcoin Trust,BTC-USD,2026-05-07,62.28,18000.0,1.5,0.9684,42.646,21.156,53.182,122.163
1036,GBTC,Grayscale Bitcoin Trust,Grayscale,GBTC,Grayscale Bitcoin Trust,BTC-USD,2026-05-08,62.31,18000.0,1.5,0.9752,42.433,21.113,45.066,121.421
1037,GBTC,Grayscale Bitcoin Trust,Grayscale,GBTC,Grayscale Bitcoin Trust,BTC-USD,2026-05-11,63.67,18000.0,1.5,0.9668,41.93,20.606,45.066,120.31
1038,GBTC,Grayscale Bitcoin Trust,Grayscale,GBTC,Grayscale Bitcoin Trust,BTC-USD,2026-05-12,62.79,18000.0,1.5,0.9515,40.888,20.408,39.298,117.57
1039,GBTC,Grayscale Bitcoin Trust,Grayscale,GBTC,Grayscale Bitcoin Trust,BTC-USD,2026-05-13,61.84,18000.0,1.5,0.9546,40.885,20.396,39.456,112.226
1040,GBTC,Grayscale Bitcoin Trust,Grayscale,GBTC,Grayscale Bitcoin Trust,BTC-USD,2026-05-14,63.27,18000.0,1.5,0.9512,40.753,20.341,35.188,112.427
1041,GBTC,Grayscale Bitcoin Trust,Grayscale,GBTC,Grayscale Bitcoin Trust,BTC-USD,2026-05-15,61.44,18000.0,1.5,0.9554,41.247,20.348,26.459,112.392
1042,GBTC,Grayscale Bitcoin Trust,Grayscale,GBTC,Grayscale Bitcoin Trust,BTC-USD,2026-05-18,59.66,18000.0,1.5,0.9607,41.741,20.327,26.514,106.961
1043,GBTC,Grayscale Bitcoin Trust,Grayscale,GBTC,Grayscale Bitcoin Trust,BTC-USD,2026-05-19,59.6,18000.0,1.5,0.9586,40.31,20.326,31.218,103.197
1044,GBTC,Grayscale Bitcoin Trust,Grayscale,GBTC,Grayscale Bitcoin Trust,BTC-USD,2026-05-20,60.29,18000.0,1.5,0.9624,40.347,20.255,21.356,101.847
1045,GBTC,Grayscale Bitcoin Trust,Grayscale,GBTC,Grayscale Bitcoin Trust,BTC-USD,2026-05-21,60.27,18000.0,1.5,0.9338,37.823,20.051,26.045,100.023
1046,GBTC,Grayscale Bitcoin Trust,Grayscale,GBTC,Grayscale Bitcoin Trust,BTC-USD,2026-05-22,58.85,18000.0,1.5,0.9263,37.772,19.692,26.045,100.391
1047,GBTC,Grayscale Bitcoin Trust,Grayscale,GBTC,Grayscale Bitcoin Trust,BTC-USD,2026-05-26,58.94,18000.0,1.5,0.9202,37.257,19.668,29.747,101.72
1048,GBTC,Grayscale Bitcoin Trust,Grayscale,GBTC,Grayscale Bitcoin Trust,BTC-USD,2026-05-27,58.15,18000.0,1.5,0.8963,35.889,19.548,27.548,102.309
1049,GBTC,Grayscale Bitcoin Trust,Grayscale,GBTC,Grayscale Bitcoin Trust,BTC-USD,2026-05-28,56.94,18000.0,1.5,0.8993,36.059,19.639,27.548,105.915
1050,GBTC,Grayscale Bitcoin Trust,Grayscale,GBTC,Grayscale Bitcoin Trust,BTC-USD,2026-05-29,57.02,18000.0,1.5,0.8634,33.153,19.572,30.731,106.687
1051,GBTC,Grayscale Bitcoin Trust,Grayscale,GBTC,Grayscale Bitcoin Trust,BTC-USD,2026-06-01,55.48,18000.0,1.5,0.863,33.202,19.579,29.505,110.215
1052,GBTC,Grayscale Bitcoin Trust,Grayscale,GBTC,Grayscale Bitcoin Trust,BTC-USD,2026-06-02,52.16,18000.0,1.5,0.8553,34.299,19.537,29.505,113.099
1053,GBTC,Grayscale Bitcoin Trust,Grayscale,GBTC,Grayscale Bitcoin Trust,BTC-USD,2026-06-03,50.73,18000.0,1.5,0.8425,34.629,19.481,29.548,110.532
1054,GBTC,Grayscale Bitcoin Trust,Grayscale,GBTC,Grayscale Bitcoin Trust,BTC-USD,2026-06-04,49.34,18000.0,1.5,0.8474,34.896,20.097,29.548,112.992
1055,GBTC,Grayscale Bitcoin Trust,Grayscale,GBTC,Grayscale Bitcoin Trust,BTC-USD,2026-06-05,46.8,18000.0,1.5,0.8666,36.369,20.229,27.909,121.989
1056,GBTC,Grayscale Bitcoin Trust,Grayscale,GBTC,Grayscale Bitcoin Trust,BTC-USD,2026-06-08,49.17,18000.0,1.5,0.8921,37.904,20.555,27.916,124.116
1057,GBTC,Grayscale Bitcoin Trust,Grayscale,GBTC,Grayscale Bitcoin Trust,BTC-USD,2026-06-09,48.14,18000.0,1.5,0.8909,38.019,20.535,23.988,127.484
1058,GBTC,Grayscale Bitcoin Trust,Grayscale,GBTC,Grayscale Bitcoin Trust,BTC-USD,2026-06-10,48.02,18000.0,1.5,0.9095,37.06,20.375,26.212,130.498
1059,GBTC,Grayscale Bitcoin Trust,Grayscale,GBTC,Grayscale Bitcoin Trust,BTC-USD,2026-06-11,49.32,18000.0,1.5,0.9112,37.498,19.965,26.219,133.599
1060,GBTC,Grayscale Bitcoin Trust,Grayscale,GBTC,Grayscale Bitcoin Trust,BTC-USD,2026-06-12,49.34,18000.0,1.5,0.8929,36.277,19.798,26.689,135.099
1061,GBTC,Grayscale Bitcoin Trust,Grayscale,GBTC,Grayscale Bitcoin Trust,BTC-USD,2026-06-15,51.65,18000.0,1.5,0.9087,37.508,19.81,26.697,133.696
1062,GBTC,Grayscale Bitcoin Trust,Grayscale,GBTC,Grayscale Bitcoin Trust,BTC-USD,2026-06-16,50.91,18000.0,1.5,0.9133,37.61,19.744,26.697,130.902
1063,GBTC,Grayscale Bitcoin Trust,Grayscale,GBTC,Grayscale Bitcoin Trust,BTC-USD,2026-06-17,49.85,18000.0,1.5,0.9153,37.79,19.759,29.464,128.783
1064,GBTC,Grayscale Bitcoin Trust,Grayscale,GBTC,Grayscale Bitcoin Trust,BTC-USD,2026-06-18,48.8,18000.0,1.5,0.913,37.833,19.556,24.808,131.166
1065,GBTC,Grayscale Bitcoin Trust,Grayscale,GBTC,Grayscale Bitcoin Trust,BTC-USD,2026-06-22,49.96,18000.0,1.5,0.9129,37.869,19.486,24.859,130.278
1066,GBTC,Grayscale Bitcoin Trust,Grayscale,GBTC,Grayscale Bitcoin Trust,BTC-USD,2026-06-23,48.35,18000.0,1.5,0.9209,37.828,19.692,20.194,126.341
1067,GBTC,Grayscale Bitcoin Trust,Grayscale,GBTC,Grayscale Bitcoin Trust,BTC-USD,2026-06-24,46.41,18000.0,1.5,0.9303,37.969,19.937,20.194,127.832
1068,GBTC,Grayscale Bitcoin Trust,Grayscale,GBTC,Grayscale Bitcoin Trust,BTC-USD,2026-06-25,45.9,18000.0,1.5,0.9236,37.971,20.016,19.538,128.319
1069,GBTC,Grayscale Bitcoin Trust,Grayscale,GBTC,Grayscale Bitcoin Trust,BTC-USD,2026-06-26,46.28,18000.0,1.5,0.9258,37.767,20.031,28.107,127.656
1070,GBTC,Grayscale Bitcoin Trust,Grayscale,GBTC,Grayscale Bitcoin Trust,BTC-USD,2026-06-29,46.77,18000.0,1.5,0.9271,37.825,20.049,39.618,125.28
1071,GBTC,Grayscale Bitcoin Trust,Grayscale,GBTC,Grayscale Bitcoin Trust,BTC-USD,2026-06-30,45.52,18000.0,1.5,0.9287,38.049,20.053,34.379,122.905
1072,GBTC,Grayscale Bitcoin Trust,Grayscale,GBTC,Grayscale Bitcoin Trust,BTC-USD,2026-07-01,46.5,18000.0,1.5,0.9133,37.365,19.892,34.497,119.565
1073,GBTC,Grayscale Bitcoin Trust,Grayscale,GBTC,Grayscale Bitcoin Trust,BTC-USD,2026-07-02,47.64,18000.0,1.5,1.0022,37.727,16.879,34.497,115.023
1074,GBTC,Grayscale Bitcoin Trust,Grayscale,GBTC,Grayscale Bitcoin Trust,BTC-USD,2026-07-06,49.4,18000.0,1.5,1.0107,37.85,14.226,36.114,114.506
1075,GBTC,Grayscale Bitcoin Trust,Grayscale,GBTC,Grayscale Bitcoin Trust,BTC-USD,2026-07-07,49.46,18000.0,1.5,1.0062,37.766,14.457,39.274,110.418
1076,GBTC,Grayscale Bitcoin Trust,Grayscale,GBTC,Grayscale Bitcoin Trust,BTC-USD,2026-07-08,48.24,18000.0,1.5,1.0106,37.851,14.542,39.624,100.275
1077,GBTC,Grayscale Bitcoin Trust,Grayscale,GBTC,Grayscale Bitcoin Trust,BTC-USD,2026-07-09,49.0,18000.0,1.5,1.0272,38.033,14.085,39.624,96.231
1078,GBTC,Grayscale Bitcoin Trust,Grayscale,GBTC,Grayscale Bitcoin Trust,BTC-USD,2026-07-10,49.56,18000.0,1.5,1.0258,38.014,13.67,39.624,92.008
1079,GBTC,Grayscale Bitcoin Trust,Grayscale,GBTC,Grayscale Bitcoin Trust,BTC-USD,2026-07-13,48.22,18000.0,1.5,1.0223,38.263,13.682,37.402,89.482
1080,GBTC,Grayscale Bitcoin Trust,Grayscale,GBTC,Grayscale Bitcoin Trust,BTC-USD,2026-07-14,50.03,18000.0,1.5,1.0124,39.105,13.732,37.788,88.061
1081,GBTC,Grayscale Bitcoin Trust,Grayscale,GBTC,Grayscale Bitcoin Trust,BTC-USD,2026-07-15,50.34,18000.0,1.5,1.0105,38.635,13.879,37.31,86.11
1082,GBTC,Grayscale Bitcoin Trust,Grayscale,GBTC,Grayscale Bitcoin Trust,BTC-USD,2026-07-16,49.78,18000.0,1.5,1.0097,38.588,13.902,37.058,83.314
1083,GBTC,Grayscale Bitcoin Trust,Grayscale,GBTC,Grayscale Bitcoin Trust,BTC-USD,2026-07-17,49.71,18000.0,1.5,1.0166,38.472,13.091,37.058,83.809
1084,GBTC,Grayscale Bitcoin Trust,Grayscale,GBTC,Grayscale Bitcoin Trust,BTC-USD,2026-07-20,50.45,18000.0,1.5,0.9881,37.035,11.736,34.29,84.159
1085,GBTC,Grayscale Bitcoin Trust,Grayscale,GBTC,Grayscale Bitcoin Trust,BTC-USD,2026-07-21,51.49,18000.0,1.5,0.991,37.271,11.339,34.542,82.121
1086,GBTC,Grayscale Bitcoin Trust,Grayscale,GBTC,Grayscale Bitcoin Trust,BTC-USD,2026-07-22,51.08,18000.0,1.5,0.9935,37.287,11.205,34.29,81.785
1087,GBTC,Grayscale Bitcoin Trust,Grayscale,GBTC,Grayscale Bitcoin Trust,BTC-USD,2026-07-23,50.19,18000.0,1.5,0.9946,37.382,11.074,34.29,81.256
1088,GBTC,Grayscale Bitcoin Trust,Grayscale,GBTC,Grayscale Bitcoin Trust,BTC-USD,2026-07-24,49.72,18000.0,1.5,0.9946,37.395,11.076,34.148,77.724
1089,GBTC,Grayscale Bitcoin Trust,Grayscale,GBTC,Grayscale Bitcoin Trust,BTC-USD,2026-07-27,50.28,18000.0,1.5,0.9924,37.466,11.615,27.338,74.138
1090,GBTC,Grayscale Bitcoin Trust,Grayscale,GBTC,Grayscale Bitcoin Trust,BTC-USD,2026-07-28,49.44,18000.0,1.5,0.9874,37.45,12.177,18.911,72.165
1091,GBTC,Grayscale Bitcoin Trust,Grayscale,GBTC,Grayscale Bitcoin Trust,BTC-USD,2026-07-29,49.2,18000.0,1.5,0.9846,36.955,12.185,7.4,71.582
1092,GBTC,Grayscale Bitcoin Trust,Grayscale,GBTC,Grayscale Bitcoin Trust,BTC-USD,2026-07-30,50.16,18000.0,1.5,0.9883,36.924,12.276,7.303,71.346
1093,GBTC,Grayscale Bitcoin Trust,Grayscale,GBTC,Grayscale Bitcoin Trust,BTC-USD,2026-07-31,48.73,18000.0,1.5,0.9839,36.962,12.194,7.303,74.633
1094,GBTC,Grayscale Bitcoin Trust,Grayscale,GBTC,Grayscale Bitcoin Trust,BTC-USD,2026-08-03,49.43,18000.0,1.5,0.9889,37.158,12.124,14.895,76.66
1095,GBTC,Grayscale Bitcoin Trust,Grayscale,GBTC,Grayscale Bitcoin Trust,BTC-USD,2026-08-04,49.73,18000.0,1.5,0.988,37.128,12.133,13.218,74.978
1096,GBTC,Grayscale Bitcoin Trust,Grayscale,GBTC,Grayscale Bitcoin Trust,BTC-USD,2026-08-05,50.19,18000.0,1.5,0.9888,37.214,12.135,10.367,75.253
1097,GBTC,Grayscale Bitcoin Trust,Grayscale,GBTC,Grayscale Bitcoin Trust,BTC-USD,2026-08-06,49.88,18000.0,1.5,0.9866,36.844,12.11,14.928,74.669
1098,GBTC,Grayscale Bitcoin Trust,Grayscale,GBTC,Grayscale Bitcoin Trust,BTC-USD,2026-08-07,50.3,18000.0,1.5,0.9867,36.873,12.107,14.689,74.932
1099,GBTC,Grayscale Bitcoin Trust,Grayscale,GBTC,Grayscale Bitcoin Trust,BTC-USD,2026-08-10,49.53,18000.0,1.5,0.9868,36.875,12.107,14.592,78.139
1100,GBTC,Grayscale Bitcoin Trust,Grayscale,GBTC,Grayscale Bitcoin Trust,BTC-USD,2026-08-11,49.13,18000.0,1.5,0.9859,36.466,12.102,14.481,76.875
1101,GBTC,Grayscale Bitcoin Trust,Grayscale,GBTC,Grayscale Bitcoin Trust,BTC-USD,2026-08-12,49.04,18000.0,1.5,0.9824,36.09,12.06,19.309,75.511
1102,GBTC,Grayscale Bitcoin Trust,Grayscale,GBTC,Grayscale Bitcoin Trust,BTC-USD,2026-08-13,49.05,18000.0,1.5,0.9802,35.7,12.048,22.271,75.903
1103,GBTC,Grayscale Bitcoin Trust,Grayscale,GBTC,Grayscale Bitcoin Trust,BTC-USD,2026-08-14,48.68,18000.0,1.5,0.9802,35.708,12.04,22.271,75.687
1104,GBTC,Grayscale Bitcoin Trust,Grayscale,GBTC,Grayscale Bitcoin Trust,BTC-USD,2026-08-17,49.75,18000.0,1.5,0.9775,35.95,12.022,22.278,77.376
1105,GBTC,Grayscale Bitcoin Trust,Grayscale,GBTC,Grayscale Bitcoin Trust,BTC-USD,2026-08-18,50.0,18000.0,1.5,0.9782,35.985,12.038,22.271,76.585
1106,GBTC,Grayscale Bitcoin Trust,Grayscale,GBTC,Grayscale Bitcoin Trust,BTC-USD,2026-08-19,53.0,18000.0,1.5,0.9619,37.851,12.117,22.271,87.802
1107,GBTC,Grayscale Bitcoin Trust,Grayscale,GBTC,Grayscale Bitcoin Trust,BTC-USD,2026-08-20,56.28,18000.0,1.5,0.9764,39.911,12.254,22.278,95.018
1108,GBTC,Grayscale Bitcoin Trust,Grayscale,GBTC,Grayscale Bitcoin Trust,BTC-USD,2026-08-21,59.63,18000.0,1.5,0.9615,41.581,12.349,22.278,103.183
1109,GBTC,Grayscale Bitcoin Trust,Grayscale,GBTC,Grayscale Bitcoin Trust,BTC-USD,2026-08-24,60.96,18000.0,1.5,0.9609,41.57,12.54,22.196,110.788
1110,GBTC,Grayscale Bitcoin Trust,Grayscale,GBTC,Grayscale Bitcoin Trust,BTC-USD,2026-08-25,61.07,18000.0,1.5,0.9602,41.57,12.601,28.976,114.341
1111,GBTC,Grayscale Bitcoin Trust,Grayscale,GBTC,Grayscale Bitcoin Trust,BTC-USD,2026-08-26,60.73,18000.0,1.5,0.9588,41.169,12.788,28.898,115.682
1112,GBTC,Grayscale Bitcoin Trust,Grayscale,GBTC,Grayscale Bitcoin Trust,BTC-USD,2026-08-27,61.86,18000.0,1.5,0.9659,39.139,12.846,28.976,116.798
1113,ARKB,ARK 21Shares Bitcoin ETF,ARK / 21Shares,ARKB,ARK 21Shares Bitcoin ETF,BTC-USD,2025-03-07,28.9633,5000.0,0.21,1.0273,46.403,19.318,88.837,105.625
1114,ARKB,ARK 21Shares Bitcoin ETF,ARK / 21Shares,ARKB,ARK 21Shares Bitcoin ETF,BTC-USD,2025-03-10,26.35,5000.0,0.21,0.9992,48.967,18.211,80.028,109.353
1115,ARKB,ARK 21Shares Bitcoin ETF,ARK / 21Shares,ARKB,ARK 21Shares Bitcoin ETF,BTC-USD,2025-03-11,27.63,5000.0,0.21,0.9932,50.044,18.139,80.861,108.859
1116,ARKB,ARK 21Shares Bitcoin ETF,ARK / 21Shares,ARKB,ARK 21Shares Bitcoin ETF,BTC-USD,2025-03-12,27.58,5000.0,0.21,0.9834,48.745,18.195,90.028,109.651
1117,ARKB,ARK 21Shares Bitcoin ETF,ARK / 21Shares,ARKB,ARK 21Shares Bitcoin ETF,BTC-USD,2025-03-13,26.6567,5000.0,0.21,0.984,49.097,18.181,99.029,110.011
1118,ARKB,ARK 21Shares Bitcoin ETF,ARK / 21Shares,ARKB,ARK 21Shares Bitcoin ETF,BTC-USD,2025-03-14,28.1433,5000.0,0.21,0.9983,50.376,18.603,88.284,111.81
1119,ARKB,ARK 21Shares Bitcoin ETF,ARK / 21Shares,ARKB,ARK 21Shares Bitcoin ETF,BTC-USD,2025-03-17,28.12,5000.0,0.21,1.002,49.572,18.608,93.408,113.088
1120,ARKB,ARK 21Shares Bitcoin ETF,ARK / 21Shares,ARKB,ARK 21Shares Bitcoin ETF,BTC-USD,2025-03-18,27.3767,5000.0,0.21,1.0039,49.734,18.677,93.68,115.373
1121,ARKB,ARK 21Shares Bitcoin ETF,ARK / 21Shares,ARKB,ARK 21Shares Bitcoin ETF,BTC-USD,2025-03-19,28.4233,5000.0,0.21,0.9915,49.08,18.779,93.68,114.79
1122,ARKB,ARK 21Shares Bitcoin ETF,ARK / 21Shares,ARKB,ARK 21Shares Bitcoin ETF,BTC-USD,2025-03-20,28.0,5000.0,0.21,0.9741,48.456,18.69,103.215,114.576
1123,ARKB,ARK 21Shares Bitcoin ETF,ARK / 21Shares,ARKB,ARK 21Shares Bitcoin ETF,BTC-USD,2025-03-21,27.9083,5000.0,0.21,0.9742,48.451,18.692,102.943,113.714
1124,ARKB,ARK 21Shares Bitcoin ETF,ARK / 21Shares,ARKB,ARK 21Shares Bitcoin ETF,BTC-USD,2025-03-24,29.35,5000.0,0.21,0.9801,49.108,18.769,98.236,109.558
1125,ARKB,ARK 21Shares Bitcoin ETF,ARK / 21Shares,ARKB,ARK 21Shares Bitcoin ETF,BTC-USD,2025-03-25,29.3267,5000.0,0.21,0.9615,47.35,18.223,102.113,106.575
1126,ARKB,ARK 21Shares Bitcoin ETF,ARK / 21Shares,ARKB,ARK 21Shares Bitcoin ETF,BTC-USD,2025-03-26,28.77,5000.0,0.21,0.9589,46.987,18.371,102.113,98.746
1127,ARKB,ARK 21Shares Bitcoin ETF,ARK / 21Shares,ARKB,ARK 21Shares Bitcoin ETF,BTC-USD,2025-03-27,28.9467,5000.0,0.21,0.961,46.968,18.352,109.06,90.158
1128,ARKB,ARK 21Shares Bitcoin ETF,ARK / 21Shares,ARKB,ARK 21Shares Bitcoin ETF,BTC-USD,2025-03-28,27.8567,5000.0,0.21,0.9695,47.577,18.174,94.803,88.529
1129,ARKB,ARK 21Shares Bitcoin ETF,ARK / 21Shares,ARKB,ARK 21Shares Bitcoin ETF,BTC-USD,2025-03-31,27.4,5000.0,0.21,0.9711,47.65,17.865,90.751,82.015
1130,ARKB,ARK 21Shares Bitcoin ETF,ARK / 21Shares,ARKB,ARK 21Shares Bitcoin ETF,BTC-USD,2025-04-01,28.2633,5000.0,0.21,0.9662,47.268,17.806,90.775,76.729
1131,ARKB,ARK 21Shares Bitcoin ETF,ARK / 21Shares,ARKB,ARK 21Shares Bitcoin ETF,BTC-USD,2025-04-02,28.92,5000.0,0.21,0.9345,47.487,20.845,90.787,74.716
1132,ARKB,ARK 21Shares Bitcoin ETF,ARK / 21Shares,ARKB,ARK 21Shares Bitcoin ETF,BTC-USD,2025-04-03,27.2533,5000.0,0.21,0.9184,48.152,24.967,90.787,74.302
1133,ARKB,ARK 21Shares Bitcoin ETF,ARK / 21Shares,ARKB,ARK 21Shares Bitcoin ETF,BTC-USD,2025-04-04,27.9233,5000.0,0.21,0.9101,47.058,25.118,80.047,76.199
1134,ARKB,ARK 21Shares Bitcoin ETF,ARK / 21Shares,ARKB,ARK 21Shares Bitcoin ETF,BTC-USD,2025-04-07,25.9633,5000.0,0.21,0.9314,49.006,25.421,68.249,83.435
1135,ARKB,ARK 21Shares Bitcoin ETF,ARK / 21Shares,ARKB,ARK 21Shares Bitcoin ETF,BTC-USD,2025-04-08,25.5133,5000.0,0.21,0.9184,49.029,25.549,88.634,80.49
1136,ARKB,ARK 21Shares Bitcoin ETF,ARK / 21Shares,ARKB,ARK 21Shares Bitcoin ETF,BTC-USD,2025-04-09,27.3533,5000.0,0.21,0.9139,51.231,25.47,85.662,85.195
1137,ARKB,ARK 21Shares Bitcoin ETF,ARK / 21Shares,ARKB,ARK 21Shares Bitcoin ETF,BTC-USD,2025-04-10,26.4567,5000.0,0.21,0.9092,51.179,25.395,86.748,85.519
1138,ARKB,ARK 21Shares Bitcoin ETF,ARK / 21Shares,ARKB,ARK 21Shares Bitcoin ETF,BTC-USD,2025-04-11,27.88,5000.0,0.21,0.9221,51.952,25.427,77.747,85.998
1139,ARKB,ARK 21Shares Bitcoin ETF,ARK / 21Shares,ARKB,ARK 21Shares Bitcoin ETF,BTC-USD,2025-04-14,28.25,5000.0,0.21,0.9236,52.005,25.224,77.735,85.131
1140,ARKB,ARK 21Shares Bitcoin ETF,ARK / 21Shares,ARKB,ARK 21Shares Bitcoin ETF,BTC-USD,2025-04-15,27.9433,5000.0,0.21,0.9234,51.156,25.224,77.184,84.054
1141,ARKB,ARK 21Shares Bitcoin ETF,ARK / 21Shares,ARKB,ARK 21Shares Bitcoin ETF,BTC-USD,2025-04-16,28.05,5000.0,0.21,0.9236,51.05,25.222,80.275,82.27
1142,ARKB,ARK 21Shares Bitcoin ETF,ARK / 21Shares,ARKB,ARK 21Shares Bitcoin ETF,BTC-USD,2025-04-17,28.2367,5000.0,0.21,0.9244,51.004,25.212,88.709,82.527
1143,ARKB,ARK 21Shares Bitcoin ETF,ARK / 21Shares,ARKB,ARK 21Shares Bitcoin ETF,BTC-USD,2025-04-21,29.0667,5000.0,0.21,0.9264,51.416,25.08,76.79,87.754
1144,ARKB,ARK 21Shares Bitcoin ETF,ARK / 21Shares,ARKB,ARK 21Shares Bitcoin ETF,BTC-USD,2025-04-22,30.4367,5000.0,0.21,0.9087,52.258,25.185,76.838,93.999
1145,ARKB,ARK 21Shares Bitcoin ETF,ARK / 21Shares,ARKB,ARK 21Shares Bitcoin ETF,BTC-USD,2025-04-23,31.0967,5000.0,0.21,0.9055,52.024,25.406,76.79,97.17
1146,ARKB,ARK 21Shares Bitcoin ETF,ARK / 21Shares,ARKB,ARK 21Shares Bitcoin ETF,BTC-USD,2025-04-24,31.14,5000.0,0.21,0.9061,52.027,25.379,75.547,101.623
1147,ARKB,ARK 21Shares Bitcoin ETF,ARK / 21Shares,ARKB,ARK 21Shares Bitcoin ETF,BTC-USD,2025-04-25,31.73,5000.0,0.21,0.9039,51.778,25.429,74.885,104.614
1148,ARKB,ARK 21Shares Bitcoin ETF,ARK / 21Shares,ARKB,ARK 21Shares Bitcoin ETF,BTC-USD,2025-04-28,31.5167,5000.0,0.21,0.9038,51.763,25.493,67.497,105.723
1149,ARKB,ARK 21Shares Bitcoin ETF,ARK / 21Shares,ARKB,ARK 21Shares Bitcoin ETF,BTC-USD,2025-04-29,31.7,5000.0,0.21,0.8977,51.358,25.492,67.483,104.758
1150,ARKB,ARK 21Shares Bitcoin ETF,ARK / 21Shares,ARKB,ARK 21Shares Bitcoin ETF,BTC-USD,2025-04-30,31.2967,5000.0,0.21,0.8985,51.414,25.586,67.442,106.124
1151,ARKB,ARK 21Shares Bitcoin ETF,ARK / 21Shares,ARKB,ARK 21Shares Bitcoin ETF,BTC-USD,2025-05-01,32.1133,5000.0,0.21,0.9047,51.465,25.535,67.442,106.028
1152,ARKB,ARK 21Shares Bitcoin ETF,ARK / 21Shares,ARKB,ARK 21Shares Bitcoin ETF,BTC-USD,2025-05-02,32.26,5000.0,0.21,0.9042,51.388,25.53,67.648,105.106
1153,ARKB,ARK 21Shares Bitcoin ETF,ARK / 21Shares,ARKB,ARK 21Shares Bitcoin ETF,BTC-USD,2025-05-05,31.3667,5000.0,0.21,0.9071,51.704,25.569,67.648,104.515
1154,ARKB,ARK 21Shares Bitcoin ETF,ARK / 21Shares,ARKB,ARK 21Shares Bitcoin ETF,BTC-USD,2025-05-06,31.5767,5000.0,0.21,0.9023,51.663,25.586,72.867,101.345
1155,ARKB,ARK 21Shares Bitcoin ETF,ARK / 21Shares,ARKB,ARK 21Shares Bitcoin ETF,BTC-USD,2025-05-07,31.99,5000.0,0.21,0.9013,51.613,25.635,72.758,92.271
1156,ARKB,ARK 21Shares Bitcoin ETF,ARK / 21Shares,ARKB,ARK 21Shares Bitcoin ETF,BTC-USD,2025-05-08,33.6967,5000.0,0.21,0.8956,52.491,25.626,52.361,91.961
1157,ARKB,ARK 21Shares Bitcoin ETF,ARK / 21Shares,ARKB,ARK 21Shares Bitcoin ETF,BTC-USD,2025-05-09,34.3333,5000.0,0.21,0.895,52.502,25.96,42.047,85.867
1158,ARKB,ARK 21Shares Bitcoin ETF,ARK / 21Shares,ARKB,ARK 21Shares Bitcoin ETF,BTC-USD,2025-05-12,33.8633,5000.0,0.21,0.8964,52.561,26.072,32.522,87.418
1159,ARKB,ARK 21Shares Bitcoin ETF,ARK / 21Shares,ARKB,ARK 21Shares Bitcoin ETF,BTC-USD,2025-05-13,34.8633,5000.0,0.21,0.8995,52.839,26.303,33.995,87.126
1160,ARKB,ARK 21Shares Bitcoin ETF,ARK / 21Shares,ARKB,ARK 21Shares Bitcoin ETF,BTC-USD,2025-05-14,34.3367,5000.0,0.21,0.8952,52.463,26.258,38.248,86.584
1161,ARKB,ARK 21Shares Bitcoin ETF,ARK / 21Shares,ARKB,ARK 21Shares Bitcoin ETF,BTC-USD,2025-05-15,34.3,5000.0,0.21,0.8934,52.307,26.206,34.204,87.838
1162,ARKB,ARK 21Shares Bitcoin ETF,ARK / 21Shares,ARKB,ARK 21Shares Bitcoin ETF,BTC-USD,2025-05-16,34.61,5000.0,0.21,0.8904,52.114,26.275,31.163,86.857
1163,ARKB,ARK 21Shares Bitcoin ETF,ARK / 21Shares,ARKB,ARK 21Shares Bitcoin ETF,BTC-USD,2025-05-19,35.0967,5000.0,0.21,0.8819,51.547,26.123,25.431,87.0
1164,ARKB,ARK 21Shares Bitcoin ETF,ARK / 21Shares,ARKB,ARK 21Shares Bitcoin ETF,BTC-USD,2025-05-20,35.63,5000.0,0.21,0.9147,51.566,24.73,25.431,83.49
1165,ARKB,ARK 21Shares Bitcoin ETF,ARK / 21Shares,ARKB,ARK 21Shares Bitcoin ETF,BTC-USD,2025-05-21,36.1467,5000.0,0.21,0.8884,49.662,23.794,25.377,82.638
1166,ARKB,ARK 21Shares Bitcoin ETF,ARK / 21Shares,ARKB,ARK 21Shares Bitcoin ETF,BTC-USD,2025-05-22,36.9967,5000.0,0.21,0.8913,48.841,23.765,25.377,83.418
1167,ARKB,ARK 21Shares Bitcoin ETF,ARK / 21Shares,ARKB,ARK 21Shares Bitcoin ETF,BTC-USD,2025-05-23,36.1667,5000.0,0.21,0.8814,49.04,23.626,22.797,81.172
1168,ARKB,ARK 21Shares Bitcoin ETF,ARK / 21Shares,ARKB,ARK 21Shares Bitcoin ETF,BTC-USD,2025-05-27,36.57,5000.0,0.21,0.8827,49.037,23.437,24.422,79.921
1169,ARKB,ARK 21Shares Bitcoin ETF,ARK / 21Shares,ARKB,ARK 21Shares Bitcoin ETF,BTC-USD,2025-05-28,35.5667,5000.0,0.21,0.8869,49.353,23.746,23.859,80.54
1170,ARKB,ARK 21Shares Bitcoin ETF,ARK / 21Shares,ARKB,ARK 21Shares Bitcoin ETF,BTC-USD,2025-05-29,35.12,5000.0,0.21,0.8853,49.45,23.749,24.147,87.357
1171,ARKB,ARK 21Shares Bitcoin ETF,ARK / 21Shares,ARKB,ARK 21Shares Bitcoin ETF,BTC-USD,2025-05-30,34.7767,5000.0,0.21,0.8798,48.889,23.758,24.023,87.646
1172,ARKB,ARK 21Shares Bitcoin ETF,ARK / 21Shares,ARKB,ARK 21Shares Bitcoin ETF,BTC-USD,2025-06-02,34.75,5000.0,0.21,0.8734,48.748,23.946,26.73,87.346
1173,ARKB,ARK 21Shares Bitcoin ETF,ARK / 21Shares,ARKB,ARK 21Shares Bitcoin ETF,BTC-USD,2025-06-03,35.33,5000.0,0.21,0.8773,48.545,24.108,26.529,88.682
1174,ARKB,ARK 21Shares Bitcoin ETF,ARK / 21Shares,ARKB,ARK 21Shares Bitcoin ETF,BTC-USD,2025-06-04,34.91,5000.0,0.21,0.8603,44.188,24.128,26.529,87.897
1175,ARKB,ARK 21Shares Bitcoin ETF,ARK / 21Shares,ARKB,ARK 21Shares Bitcoin ETF,BTC-USD,2025-06-05,33.8733,5000.0,0.21,0.8631,43.842,24.109,23.88,96.613
1176,ARKB,ARK 21Shares Bitcoin ETF,ARK / 21Shares,ARKB,ARK 21Shares Bitcoin ETF,BTC-USD,2025-06-06,34.67,5000.0,0.21,0.8644,44.015,23.974,27.027,96.705
1177,ARKB,ARK 21Shares Bitcoin ETF,ARK / 21Shares,ARKB,ARK 21Shares Bitcoin ETF,BTC-USD,2025-06-09,36.1167,5000.0,0.21,0.8502,43.941,24.003,27.027,97.707
1178,ARKB,ARK 21Shares Bitcoin ETF,ARK / 21Shares,ARKB,ARK 21Shares Bitcoin ETF,BTC-USD,2025-06-10,36.4133,5000.0,0.21,0.8324,42.735,23.745,26.903,98.261
1179,ARKB,ARK 21Shares Bitcoin ETF,ARK / 21Shares,ARKB,ARK 21Shares Bitcoin ETF,BTC-USD,2025-06-11,36.1433,5000.0,0.21,0.8305,42.79,23.756,32.015,97.818
1180,ARKB,ARK 21Shares Bitcoin ETF,ARK / 21Shares,ARKB,ARK 21Shares Bitcoin ETF,BTC-USD,2025-06-12,35.51,5000.0,0.21,0.822,42.548,23.657,30.543,98.921
1181,ARKB,ARK 21Shares Bitcoin ETF,ARK / 21Shares,ARKB,ARK 21Shares Bitcoin ETF,BTC-USD,2025-06-13,34.9633,5000.0,0.21,0.8266,42.168,23.81,26.29,99.263
1182,ARKB,ARK 21Shares Bitcoin ETF,ARK / 21Shares,ARKB,ARK 21Shares Bitcoin ETF,BTC-USD,2025-06-16,36.15,5000.0,0.21,0.8374,42.429,24.269,22.661,97.785
1183,ARKB,ARK 21Shares Bitcoin ETF,ARK / 21Shares,ARKB,ARK 21Shares Bitcoin ETF,BTC-USD,2025-06-17,34.82,5000.0,0.21,0.8495,43.259,24.626,22.717,100.812
1184,ARKB,ARK 21Shares Bitcoin ETF,ARK / 21Shares,ARKB,ARK 21Shares Bitcoin ETF,BTC-USD,2025-06-18,34.52,5000.0,0.21,0.835,42.217,24.633,27.239,100.078
1185,ARKB,ARK 21Shares Bitcoin ETF,ARK / 21Shares,ARKB,ARK 21Shares Bitcoin ETF,BTC-USD,2025-06-20,34.34,5000.0,0.21,0.8317,42.243,24.679,31.902,99.233
1186,ARKB,ARK 21Shares Bitcoin ETF,ARK / 21Shares,ARKB,ARK 21Shares Bitcoin ETF,BTC-USD,2025-06-23,34.32,5000.0,0.21,0.8196,42.004,24.828,31.902,95.436
1187,ARKB,ARK 21Shares Bitcoin ETF,ARK / 21Shares,ARKB,ARK 21Shares Bitcoin ETF,BTC-USD,2025-06-24,35.13,5000.0,0.21,0.8202,42.208,25.146,32.196,89.811
1188,ARKB,ARK 21Shares Bitcoin ETF,ARK / 21Shares,ARKB,ARK 21Shares Bitcoin ETF,BTC-USD,2025-06-25,35.84,5000.0,0.21,0.8109,41.438,25.184,32.196,89.179
1189,ARKB,ARK 21Shares Bitcoin ETF,ARK / 21Shares,ARKB,ARK 21Shares Bitcoin ETF,BTC-USD,2025-06-26,35.79,5000.0,0.21,0.8108,41.23,25.172,32.416,85.662
1190,ARKB,ARK 21Shares Bitcoin ETF,ARK / 21Shares,ARKB,ARK 21Shares Bitcoin ETF,BTC-USD,2025-06-27,35.53,5000.0,0.21,0.8079,40.922,25.236,36.417,84.902
1191,ARKB,ARK 21Shares Bitcoin ETF,ARK / 21Shares,ARKB,ARK 21Shares Bitcoin ETF,BTC-USD,2025-06-30,35.79,5000.0,0.21,0.8554,40.735,22.792,39.865,78.857
1192,ARKB,ARK 21Shares Bitcoin ETF,ARK / 21Shares,ARKB,ARK 21Shares Bitcoin ETF,BTC-USD,2025-07-01,35.02,5000.0,0.21,0.8663,38.944,18.334,40.205,78.534
1193,ARKB,ARK 21Shares Bitcoin ETF,ARK / 21Shares,ARKB,ARK 21Shares Bitcoin ETF,BTC-USD,2025-07-02,36.49,5000.0,0.21,0.8744,39.464,18.304,37.728,79.99
1194,ARKB,ARK 21Shares Bitcoin ETF,ARK / 21Shares,ARKB,ARK 21Shares Bitcoin ETF,BTC-USD,2025-07-03,36.33,5000.0,0.21,0.8295,36.092,17.939,37.443,78.403
1195,ARKB,ARK 21Shares Bitcoin ETF,ARK / 21Shares,ARKB,ARK 21Shares Bitcoin ETF,BTC-USD,2025-07-07,35.92,5000.0,0.21,0.8487,35.946,17.596,37.443,77.906
1196,ARKB,ARK 21Shares Bitcoin ETF,ARK / 21Shares,ARKB,ARK 21Shares Bitcoin ETF,BTC-USD,2025-07-08,36.175,5000.0,0.21,0.8444,33.389,17.585,35.169,68.067
1197,ARKB,ARK 21Shares Bitcoin ETF,ARK / 21Shares,ARKB,ARK 21Shares Bitcoin ETF,BTC-USD,2025-07-09,37.18,5000.0,0.21,0.8441,32.751,17.674,32.146,66.355
1198,ARKB,ARK 21Shares Bitcoin ETF,ARK / 21Shares,ARKB,ARK 21Shares Bitcoin ETF,BTC-USD,2025-07-10,37.72,5000.0,0.21,0.7931,31.331,17.983,31.988,64.92
1199,ARKB,ARK 21Shares Bitcoin ETF,ARK / 21Shares,ARKB,ARK 21Shares Bitcoin ETF,BTC-USD,2025-07-11,39.29,5000.0,0.21,0.8017,32.137,19.011,32.146,66.951
1200,ARKB,ARK 21Shares Bitcoin ETF,ARK / 21Shares,ARKB,ARK 21Shares Bitcoin ETF,BTC-USD,2025-07-14,39.87,5000.0,0.21,0.798,32.007,19.01,24.13,66.371
1201,ARKB,ARK 21Shares Bitcoin ETF,ARK / 21Shares,ARKB,ARK 21Shares Bitcoin ETF,BTC-USD,2025-07-15,38.7,5000.0,0.21,0.8136,32.831,19.3,24.226,67.95
1202,ARKB,ARK 21Shares Bitcoin ETF,ARK / 21Shares,ARKB,ARK 21Shares Bitcoin ETF,BTC-USD,2025-07-16,39.65,5000.0,0.21,0.8158,33.058,19.606,24.282,69.69
1203,ARKB,ARK 21Shares Bitcoin ETF,ARK / 21Shares,ARKB,ARK 21Shares Bitcoin ETF,BTC-USD,2025-07-17,39.56,5000.0,0.21,0.8128,32.735,19.655,29.868,69.757
1204,ARKB,ARK 21Shares Bitcoin ETF,ARK / 21Shares,ARKB,ARK 21Shares Bitcoin ETF,BTC-USD,2025-07-18,39.02,5000.0,0.21,0.8408,31.824,19.467,34.009,68.537
1205,ARKB,ARK 21Shares Bitcoin ETF,ARK / 21Shares,ARKB,ARK 21Shares Bitcoin ETF,BTC-USD,2025-07-21,38.82,5000.0,0.21,0.8425,31.673,19.098,33.973,68.96
1206,ARKB,ARK 21Shares Bitcoin ETF,ARK / 21Shares,ARKB,ARK 21Shares Bitcoin ETF,BTC-USD,2025-07-22,39.66,5000.0,0.21,0.8447,31.875,19.104,30.424,69.58
1207,ARKB,ARK 21Shares Bitcoin ETF,ARK / 21Shares,ARKB,ARK 21Shares Bitcoin ETF,BTC-USD,2025-07-23,39.37,5000.0,0.21,0.8418,31.809,18.972,31.177,68.99
1208,ARKB,ARK 21Shares Bitcoin ETF,ARK / 21Shares,ARKB,ARK 21Shares Bitcoin ETF,BTC-USD,2025-07-24,39.57,5000.0,0.21,0.839,31.737,18.926,31.018,69.218
1209,ARKB,ARK 21Shares Bitcoin ETF,ARK / 21Shares,ARKB,ARK 21Shares Bitcoin ETF,BTC-USD,2025-07-25,38.83,5000.0,0.21,0.8514,32.071,18.987,31.018,69.313
1210,ARKB,ARK 21Shares Bitcoin ETF,ARK / 21Shares,ARKB,ARK 21Shares Bitcoin ETF,BTC-USD,2025-07-28,39.25,5000.0,0.21,0.8482,31.927,18.889,29.174,71.061
1211,ARKB,ARK 21Shares Bitcoin ETF,ARK / 21Shares,ARKB,ARK 21Shares Bitcoin ETF,BTC-USD,2025-07-29,39.05,5000.0,0.21,0.8444,31.644,18.91,29.828,71.815
1212,ARKB,ARK 21Shares Bitcoin ETF,ARK / 21Shares,ARKB,ARK 21Shares Bitcoin ETF,BTC-USD,2025-07-30,38.84,5000.0,0.21,0.8454,31.692,18.939,30.696,72.757
1213,ARKB,ARK 21Shares Bitcoin ETF,ARK / 21Shares,ARKB,ARK 21Shares Bitcoin ETF,BTC-USD,2025-07-31,38.78,5000.0,0.21,0.8205,31.037,19.042,36.9,72.955
1214,ARKB,ARK 21Shares Bitcoin ETF,ARK / 21Shares,ARKB,ARK 21Shares Bitcoin ETF,BTC-USD,2025-08-01,37.59,5000.0,0.21,0.8474,31.832,19.055,36.804,77.356
1215,ARKB,ARK 21Shares Bitcoin ETF,ARK / 21Shares,ARKB,ARK 21Shares Bitcoin ETF,BTC-USD,2025-08-04,38.13,5000.0,0.21,0.8479,31.851,18.937,41.579,77.364
1216,ARKB,ARK 21Shares Bitcoin ETF,ARK / 21Shares,ARKB,ARK 21Shares Bitcoin ETF,BTC-USD,2025-08-05,37.79,5000.0,0.21,0.8532,30.25,18.925,41.483,78.126
1217,ARKB,ARK 21Shares Bitcoin ETF,ARK / 21Shares,ARKB,ARK 21Shares Bitcoin ETF,BTC-USD,2025-08-06,38.32,5000.0,0.21,0.8606,30.153,18.492,41.483,78.722
1218,ARKB,ARK 21Shares Bitcoin ETF,ARK / 21Shares,ARKB,ARK 21Shares Bitcoin ETF,BTC-USD,2025-08-07,39.1,5000.0,0.21,0.8597,30.204,18.304,41.483,79.64
1219,ARKB,ARK 21Shares Bitcoin ETF,ARK / 21Shares,ARKB,ARK 21Shares Bitcoin ETF,BTC-USD,2025-08-08,38.71,5000.0,0.21,0.8512,29.788,17.989,46.584,79.108
1220,ARKB,ARK 21Shares Bitcoin ETF,ARK / 21Shares,ARKB,ARK 21Shares Bitcoin ETF,BTC-USD,2025-08-11,39.55,5000.0,0.21,0.8519,29.844,17.916,46.584,76.761
1221,ARKB,ARK 21Shares Bitcoin ETF,ARK / 21Shares,ARKB,ARK 21Shares Bitcoin ETF,BTC-USD,2025-08-12,39.75,5000.0,0.21,0.8489,29.84,17.941,51.248,78.516
1222,ARKB,ARK 21Shares Bitcoin ETF,ARK / 21Shares,ARKB,ARK 21Shares Bitcoin ETF,BTC-USD,2025-08-13,40.84,5000.0,0.21,0.8575,30.236,17.823,51.248,78.182
1223,ARKB,ARK 21Shares Bitcoin ETF,ARK / 21Shares,ARKB,ARK 21Shares Bitcoin ETF,BTC-USD,2025-08-14,39.25,5000.0,0.21,0.8704,31.366,17.822,51.248,80.733
1224,ARKB,ARK 21Shares Bitcoin ETF,ARK / 21Shares,ARKB,ARK 21Shares Bitcoin ETF,BTC-USD,2025-08-15,38.88,5000.0,0.21,0.8693,31.328,17.805,47.942,82.418
1225,ARKB,ARK 21Shares Bitcoin ETF,ARK / 21Shares,ARKB,ARK 21Shares Bitcoin ETF,BTC-USD,2025-08-18,38.66,5000.0,0.21,0.8792,31.244,17.703,43.642,80.539
1226,ARKB,ARK 21Shares Bitcoin ETF,ARK / 21Shares,ARKB,ARK 21Shares Bitcoin ETF,BTC-USD,2025-08-19,37.58,5000.0,0.21,0.8764,31.471,17.653,36.696,81.894
1227,ARKB,ARK 21Shares Bitcoin ETF,ARK / 21Shares,ARKB,ARK 21Shares Bitcoin ETF,BTC-USD,2025-08-20,37.99,5000.0,0.21,0.9026,31.176,17.464,38.272,81.662
1228,ARKB,ARK 21Shares Bitcoin ETF,ARK / 21Shares,ARKB,ARK 21Shares Bitcoin ETF,BTC-USD,2025-08-21,37.27,5000.0,0.21,0.9088,31.365,17.476,42.803,82.708
1229,ARKB,ARK 21Shares Bitcoin ETF,ARK / 21Shares,ARKB,ARK 21Shares Bitcoin ETF,BTC-USD,2025-08-22,38.78,5000.0,0.21,0.9064,31.828,17.088,46.724,87.42
1230,ARKB,ARK 21Shares Bitcoin ETF,ARK / 21Shares,ARKB,ARK 21Shares Bitcoin ETF,BTC-USD,2025-08-25,36.82,5000.0,0.21,0.9066,33.538,17.061,46.724,88.411
1231,ARKB,ARK 21Shares Bitcoin ETF,ARK / 21Shares,ARKB,ARK 21Shares Bitcoin ETF,BTC-USD,2025-08-26,36.94,5000.0,0.21,0.9034,33.469,17.183,46.724,90.249
1232,ARKB,ARK 21Shares Bitcoin ETF,ARK / 21Shares,ARKB,ARK 21Shares Bitcoin ETF,BTC-USD,2025-08-27,37.25,5000.0,0.21,0.9124,33.5,17.038,41.642,90.681
1233,ARKB,ARK 21Shares Bitcoin ETF,ARK / 21Shares,ARKB,ARK 21Shares Bitcoin ETF,BTC-USD,2025-08-28,37.2,5000.0,0.21,0.9112,33.349,16.726,37.124,90.131
1234,ARKB,ARK 21Shares Bitcoin ETF,ARK / 21Shares,ARKB,ARK 21Shares Bitcoin ETF,BTC-USD,2025-08-29,35.96,5000.0,0.21,0.909,34.006,16.676,31.234,93.938
1235,ARKB,ARK 21Shares Bitcoin ETF,ARK / 21Shares,ARKB,ARK 21Shares Bitcoin ETF,BTC-USD,2025-09-02,36.83,5000.0,0.21,0.9068,33.729,16.657,31.344,90.329
1236,ARKB,ARK 21Shares Bitcoin ETF,ARK / 21Shares,ARKB,ARK 21Shares Bitcoin ETF,BTC-USD,2025-09-03,37.3,5000.0,0.21,0.9098,33.506,16.741,26.555,91.229
1237,ARKB,ARK 21Shares Bitcoin ETF,ARK / 21Shares,ARKB,ARK 21Shares Bitcoin ETF,BTC-USD,2025-09-04,36.49,5000.0,0.21,0.9404,32.796,16.934,26.666,91.046
1238,ARKB,ARK 21Shares Bitcoin ETF,ARK / 21Shares,ARKB,ARK 21Shares Bitcoin ETF,BTC-USD,2025-09-05,37.1,5000.0,0.21,0.94,32.928,17.208,26.666,92.274
1239,ARKB,ARK 21Shares Bitcoin ETF,ARK / 21Shares,ARKB,ARK 21Shares Bitcoin ETF,BTC-USD,2025-09-08,37.25,5000.0,0.21,0.9393,32.897,17.269,28.508,92.563
1240,ARKB,ARK 21Shares Bitcoin ETF,ARK / 21Shares,ARKB,ARK 21Shares Bitcoin ETF,BTC-USD,2025-09-09,36.99,5000.0,0.21,0.9485,32.717,17.263,26.017,93.225
1241,ARKB,ARK 21Shares Bitcoin ETF,ARK / 21Shares,ARKB,ARK 21Shares Bitcoin ETF,BTC-USD,2025-09-10,37.74,5000.0,0.21,0.9485,32.778,16.904,25.806,95.517
1242,ARKB,ARK 21Shares Bitcoin ETF,ARK / 21Shares,ARKB,ARK 21Shares Bitcoin ETF,BTC-USD,2025-09-11,38.05,5000.0,0.21,0.9388,32.124,15.928,21.668,93.147
1243,ARKB,ARK 21Shares Bitcoin ETF,ARK / 21Shares,ARKB,ARK 21Shares Bitcoin ETF,BTC-USD,2025-09-12,38.86,5000.0,0.21,0.922,31.372,15.748,21.668,89.509
1244,ARKB,ARK 21Shares Bitcoin ETF,ARK / 21Shares,ARKB,ARK 21Shares Bitcoin ETF,BTC-USD,2025-09-15,38.34,5000.0,0.21,0.9257,31.456,15.675,21.64,85.811
1245,ARKB,ARK 21Shares Bitcoin ETF,ARK / 21Shares,ARKB,ARK 21Shares Bitcoin ETF,BTC-USD,2025-09-16,38.85,5000.0,0.21,0.9338,31.508,15.613,19.237,84.717
1246,ARKB,ARK 21Shares Bitcoin ETF,ARK / 21Shares,ARKB,ARK 21Shares Bitcoin ETF,BTC-USD,2025-09-17,38.44,5000.0,0.21,0.957,31.611,15.21,24.477,87.478
1247,ARKB,ARK 21Shares Bitcoin ETF,ARK / 21Shares,ARKB,ARK 21Shares Bitcoin ETF,BTC-USD,2025-09-18,39.04,5000.0,0.21,0.9564,31.424,14.813,24.477,85.079
1248,ARKB,ARK 21Shares Bitcoin ETF,ARK / 21Shares,ARKB,ARK 21Shares Bitcoin ETF,BTC-USD,2025-09-19,38.25,5000.0,0.21,0.9579,31.514,14.785,21.576,84.752
1249,ARKB,ARK 21Shares Bitcoin ETF,ARK / 21Shares,ARKB,ARK 21Shares Bitcoin ETF,BTC-USD,2025-09-22,37.27,5000.0,0.21,0.96,31.995,14.783,16.506,84.324
1250,ARKB,ARK 21Shares Bitcoin ETF,ARK / 21Shares,ARKB,ARK 21Shares Bitcoin ETF,BTC-USD,2025-09-23,37.09,5000.0,0.21,0.9596,31.973,14.685,16.308,79.442
1251,ARKB,ARK 21Shares Bitcoin ETF,ARK / 21Shares,ARKB,ARK 21Shares Bitcoin ETF,BTC-USD,2025-09-24,37.71,5000.0,0.21,0.9626,32.111,14.658,16.308,76.748
1252,ARKB,ARK 21Shares Bitcoin ETF,ARK / 21Shares,ARKB,ARK 21Shares Bitcoin ETF,BTC-USD,2025-09-25,36.34,5000.0,0.21,0.9569,32.716,14.503,16.446,79.88
1253,ARKB,ARK 21Shares Bitcoin ETF,ARK / 21Shares,ARKB,ARK 21Shares Bitcoin ETF,BTC-USD,2025-09-26,36.28,5000.0,0.21,0.9371,31.61,14.241,20.833,79.263
1254,ARKB,ARK 21Shares Bitcoin ETF,ARK / 21Shares,ARKB,ARK 21Shares Bitcoin ETF,BTC-USD,2025-09-29,38.02,5000.0,0.21,0.9543,33.025,14.147,21.016,82.853
1255,ARKB,ARK 21Shares Bitcoin ETF,ARK / 21Shares,ARKB,ARK 21Shares Bitcoin ETF,BTC-USD,2025-09-30,38.02,5000.0,0.21,0.954,32.929,14.155,25.885,78.951
1256,ARKB,ARK 21Shares Bitcoin ETF,ARK / 21Shares,ARKB,ARK 21Shares Bitcoin ETF,BTC-USD,2025-10-01,39.05,5000.0,0.21,0.9364,33.329,14.313,25.885,79.368
1257,ARKB,ARK 21Shares Bitcoin ETF,ARK / 21Shares,ARKB,ARK 21Shares Bitcoin ETF,BTC-USD,2025-10-02,40.205,5000.0,0.21,0.939,33.39,14.445,25.929,80.925
1258,ARKB,ARK 21Shares Bitcoin ETF,ARK / 21Shares,ARKB,ARK 21Shares Bitcoin ETF,BTC-USD,2025-10-03,40.83,5000.0,0.21,0.9835,33.407,13.942,25.885,85.225
1259,ARKB,ARK 21Shares Bitcoin ETF,ARK / 21Shares,ARKB,ARK 21Shares Bitcoin ETF,BTC-USD,2025-10-06,41.7,5000.0,0.21,0.9697,32.649,12.489,25.733,86.58
1260,ARKB,ARK 21Shares Bitcoin ETF,ARK / 21Shares,ARKB,ARK 21Shares Bitcoin ETF,BTC-USD,2025-10-07,40.41,5000.0,0.21,0.9797,33.186,12.532,23.78,91.111
1261,ARKB,ARK 21Shares Bitcoin ETF,ARK / 21Shares,ARKB,ARK 21Shares Bitcoin ETF,BTC-USD,2025-10-08,41.01,5000.0,0.21,0.9694,32.718,12.107,27.467,90.937
1262,ARKB,ARK 21Shares Bitcoin ETF,ARK / 21Shares,ARKB,ARK 21Shares Bitcoin ETF,BTC-USD,2025-10-09,40.22,5000.0,0.21,0.968,32.615,11.622,27.933,92.369
1263,ARKB,ARK 21Shares Bitcoin ETF,ARK / 21Shares,ARKB,ARK 21Shares Bitcoin ETF,BTC-USD,2025-10-10,38.74,5000.0,0.21,0.8871,33.517,12.794,28.147,101.202
1264,ARKB,ARK 21Shares Bitcoin ETF,ARK / 21Shares,ARKB,ARK 21Shares Bitcoin ETF,BTC-USD,2025-10-13,38.51,5000.0,0.21,0.871,33.422,13.53,28.106,107.462
1265,ARKB,ARK 21Shares Bitcoin ETF,ARK / 21Shares,ARKB,ARK 21Shares Bitcoin ETF,BTC-USD,2025-10-14,37.43,5000.0,0.21,0.8785,33.906,13.748,28.106,110.477
1266,ARKB,ARK 21Shares Bitcoin ETF,ARK / 21Shares,ARKB,ARK 21Shares Bitcoin ETF,BTC-USD,2025-10-15,36.98,5000.0,0.21,0.8723,33.672,13.791,34.239,112.651
1267,ARKB,ARK 21Shares Bitcoin ETF,ARK / 21Shares,ARKB,ARK 21Shares Bitcoin ETF,BTC-USD,2025-10-16,35.95,5000.0,0.21,0.8785,34.105,13.868,28.999,117.329
1268,ARKB,ARK 21Shares Bitcoin ETF,ARK / 21Shares,ARKB,ARK 21Shares Bitcoin ETF,BTC-USD,2025-10-17,35.38,5000.0,0.21,0.8798,34.204,13.771,28.959,127.107
1269,ARKB,ARK 21Shares Bitcoin ETF,ARK / 21Shares,ARKB,ARK 21Shares Bitcoin ETF,BTC-USD,2025-10-20,36.85,5000.0,0.21,0.8871,35.107,13.572,28.959,130.894
1270,ARKB,ARK 21Shares Bitcoin ETF,ARK / 21Shares,ARKB,ARK 21Shares Bitcoin ETF,BTC-USD,2025-10-21,37.18,5000.0,0.21,0.8713,35.083,14.46,31.912,138.946
1271,ARKB,ARK 21Shares Bitcoin ETF,ARK / 21Shares,ARKB,ARK 21Shares Bitcoin ETF,BTC-USD,2025-10-22,35.825,5000.0,0.21,0.8772,35.852,15.76,28.16,143.95
1272,ARKB,ARK 21Shares Bitcoin ETF,ARK / 21Shares,ARKB,ARK 21Shares Bitcoin ETF,BTC-USD,2025-10-23,36.63,5000.0,0.21,0.8796,36.167,15.744,28.053,148.348
1273,ARKB,ARK 21Shares Bitcoin ETF,ARK / 21Shares,ARKB,ARK 21Shares Bitcoin ETF,BTC-USD,2025-10-24,36.74,5000.0,0.21,0.8857,36.176,15.534,32.092,145.87
1274,ARKB,ARK 21Shares Bitcoin ETF,ARK / 21Shares,ARKB,ARK 21Shares Bitcoin ETF,BTC-USD,2025-10-27,38.18,5000.0,0.21,0.89,36.5,15.577,27.768,147.386
1275,ARKB,ARK 21Shares Bitcoin ETF,ARK / 21Shares,ARKB,ARK 21Shares Bitcoin ETF,BTC-USD,2025-10-28,37.75,5000.0,0.21,0.8905,36.457,15.582,30.837,145.701
1276,ARKB,ARK 21Shares Bitcoin ETF,ARK / 21Shares,ARKB,ARK 21Shares Bitcoin ETF,BTC-USD,2025-10-29,36.73,5000.0,0.21,0.8935,36.841,15.6,25.715,153.448
1277,ARKB,ARK 21Shares Bitcoin ETF,ARK / 21Shares,ARKB,ARK 21Shares Bitcoin ETF,BTC-USD,2025-10-30,35.33,5000.0,0.21,0.903,37.541,16.305,25.715,156.244
1278,ARKB,ARK 21Shares Bitcoin ETF,ARK / 21Shares,ARKB,ARK 21Shares Bitcoin ETF,BTC-USD,2025-10-31,36.48,5000.0,0.21,0.9106,37.909,16.916,25.715,158.966
1279,ARKB,ARK 21Shares Bitcoin ETF,ARK / 21Shares,ARKB,ARK 21Shares Bitcoin ETF,BTC-USD,2025-11-03,35.39,5000.0,0.21,0.9139,38.338,16.924,25.978,157.866
1280,ARKB,ARK 21Shares Bitcoin ETF,ARK / 21Shares,ARKB,ARK 21Shares Bitcoin ETF,BTC-USD,2025-11-04,33.45,5000.0,0.21,0.9272,39.644,17.039,25.978,166.418
1281,ARKB,ARK 21Shares Bitcoin ETF,ARK / 21Shares,ARKB,ARK 21Shares Bitcoin ETF,BTC-USD,2025-11-05,34.5,5000.0,0.21,0.937,40.212,17.142,31.731,162.76
1282,ARKB,ARK 21Shares Bitcoin ETF,ARK / 21Shares,ARKB,ARK 21Shares Bitcoin ETF,BTC-USD,2025-11-06,33.51,5000.0,0.21,0.9381,40.105,17.143,25.431,166.947
1283,ARKB,ARK 21Shares Bitcoin ETF,ARK / 21Shares,ARKB,ARK 21Shares Bitcoin ETF,BTC-USD,2025-11-07,34.49,5000.0,0.21,0.9439,39.906,17.253,33.067,166.952
1284,ARKB,ARK 21Shares Bitcoin ETF,ARK / 21Shares,ARKB,ARK 21Shares Bitcoin ETF,BTC-USD,2025-11-10,35.21,5000.0,0.21,0.9412,40.147,17.256,32.114,161.795
1285,ARKB,ARK 21Shares Bitcoin ETF,ARK / 21Shares,ARKB,ARK 21Shares Bitcoin ETF,BTC-USD,2025-11-11,34.14,5000.0,0.21,0.9449,40.584,17.258,32.252,156.42
1286,ARKB,ARK 21Shares Bitcoin ETF,ARK / 21Shares,ARKB,ARK 21Shares Bitcoin ETF,BTC-USD,2025-11-12,33.73,5000.0,0.21,0.9448,40.271,17.254,37.437,156.115
1287,ARKB,ARK 21Shares Bitcoin ETF,ARK / 21Shares,ARKB,ARK 21Shares Bitcoin ETF,BTC-USD,2025-11-13,32.55,5000.0,0.21,0.9537,40.77,17.591,31.225,163.105
1288,ARKB,ARK 21Shares Bitcoin ETF,ARK / 21Shares,ARKB,ARK 21Shares Bitcoin ETF,BTC-USD,2025-11-14,31.31,5000.0,0.21,0.9336,41.308,17.764,31.225,164.331
1289,ARKB,ARK 21Shares Bitcoin ETF,ARK / 21Shares,ARKB,ARK 21Shares Bitcoin ETF,BTC-USD,2025-11-17,30.49,5000.0,0.21,0.9311,40.614,17.748,31.225,174.856
1290,ARKB,ARK 21Shares Bitcoin ETF,ARK / 21Shares,ARKB,ARK 21Shares Bitcoin ETF,BTC-USD,2025-11-18,30.82,5000.0,0.21,0.9387,39.474,17.748,38.705,180.5
1291,ARKB,ARK 21Shares Bitcoin ETF,ARK / 21Shares,ARKB,ARK 21Shares Bitcoin ETF,BTC-USD,2025-11-19,29.7,5000.0,0.21,0.9531,40.062,18.165,35.678,178.674
1292,ARKB,ARK 21Shares Bitcoin ETF,ARK / 21Shares,ARKB,ARK 21Shares Bitcoin ETF,BTC-USD,2025-11-20,28.67,5000.0,0.21,0.9294,40.5,18.236,41.287,183.998
1293,ARKB,ARK 21Shares Bitcoin ETF,ARK / 21Shares,ARKB,ARK 21Shares Bitcoin ETF,BTC-USD,2025-11-21,28.06,5000.0,0.21,0.9367,40.646,18.099,41.164,194.12
1294,ARKB,ARK 21Shares Bitcoin ETF,ARK / 21Shares,ARKB,ARK 21Shares Bitcoin ETF,BTC-USD,2025-11-24,29.59,5000.0,0.21,0.9595,41.868,18.484,37.218,194.801
1295,ARKB,ARK 21Shares Bitcoin ETF,ARK / 21Shares,ARKB,ARK 21Shares Bitcoin ETF,BTC-USD,2025-11-25,29.01,5000.0,0.21,0.9618,41.615,18.585,43.15,198.595
1296,ARKB,ARK 21Shares Bitcoin ETF,ARK / 21Shares,ARKB,ARK 21Shares Bitcoin ETF,BTC-USD,2025-11-26,29.86,5000.0,0.21,0.9541,42.022,18.52,40.173,199.073
1297,ARKB,ARK 21Shares Bitcoin ETF,ARK / 21Shares,ARKB,ARK 21Shares Bitcoin ETF,BTC-USD,2025-11-28,30.14,5000.0,0.21,0.9532,41.931,18.357,40.173,194.429
1298,ARKB,ARK 21Shares Bitcoin ETF,ARK / 21Shares,ARKB,ARK 21Shares Bitcoin ETF,BTC-USD,2025-12-01,28.39,5000.0,0.21,0.9644,43.294,18.093,40.173,197.326
1299,ARKB,ARK 21Shares Bitcoin ETF,ARK / 21Shares,ARKB,ARK 21Shares Bitcoin ETF,BTC-USD,2025-12-02,30.26,5000.0,0.21,0.9812,45.472,18.119,40.173,196.82
1300,ARKB,ARK 21Shares Bitcoin ETF,ARK / 21Shares,ARKB,ARK 21Shares Bitcoin ETF,BTC-USD,2025-12-03,30.89,5000.0,0.21,0.9796,45.731,18.12,40.018,198.707
1301,ARKB,ARK 21Shares Bitcoin ETF,ARK / 21Shares,ARKB,ARK 21Shares Bitcoin ETF,BTC-USD,2025-12-04,30.73,5000.0,0.21,0.9775,45.479,18.231,42.538,191.509
1302,ARKB,ARK 21Shares Bitcoin ETF,ARK / 21Shares,ARKB,ARK 21Shares Bitcoin ETF,BTC-USD,2025-12-05,29.68,5000.0,0.21,0.9828,45.861,18.236,36.785,195.459
1303,ARKB,ARK 21Shares Bitcoin ETF,ARK / 21Shares,ARKB,ARK 21Shares Bitcoin ETF,BTC-USD,2025-12-08,30.15,5000.0,0.21,0.9802,45.748,17.913,41.349,192.779
1304,ARKB,ARK 21Shares Bitcoin ETF,ARK / 21Shares,ARKB,ARK 21Shares Bitcoin ETF,BTC-USD,2025-12-09,30.92,5000.0,0.21,0.9819,46.1,17.856,34.237,191.188
1305,ARKB,ARK 21Shares Bitcoin ETF,ARK / 21Shares,ARKB,ARK 21Shares Bitcoin ETF,BTC-USD,2025-12-10,30.72,5000.0,0.21,0.9813,45.97,17.85,44.785,188.32
1306,ARKB,ARK 21Shares Bitcoin ETF,ARK / 21Shares,ARKB,ARK 21Shares Bitcoin ETF,BTC-USD,2025-12-11,30.47,5000.0,0.21,0.9786,45.958,17.99,44.753,191.234
1307,ARKB,ARK 21Shares Bitcoin ETF,ARK / 21Shares,ARKB,ARK 21Shares Bitcoin ETF,BTC-USD,2025-12-12,29.95,5000.0,0.21,0.9732,45.858,17.92,48.297,187.599
1308,ARKB,ARK 21Shares Bitcoin ETF,ARK / 21Shares,ARKB,ARK 21Shares Bitcoin ETF,BTC-USD,2025-12-15,28.48,5000.0,0.21,0.9784,46.705,17.905,48.384,185.32
1309,ARKB,ARK 21Shares Bitcoin ETF,ARK / 21Shares,ARKB,ARK 21Shares Bitcoin ETF,BTC-USD,2025-12-16,29.06,5000.0,0.21,0.9801,46.774,17.929,50.554,182.13
1310,ARKB,ARK 21Shares Bitcoin ETF,ARK / 21Shares,ARKB,ARK 21Shares Bitcoin ETF,BTC-USD,2025-12-17,28.51,5000.0,0.21,0.9801,46.874,17.925,52.706,168.734
1311,ARKB,ARK 21Shares Bitcoin ETF,ARK / 21Shares,ARKB,ARK 21Shares Bitcoin ETF,BTC-USD,2025-12-18,28.09,5000.0,0.21,0.9787,46.716,17.935,59.913,165.153
1312,ARKB,ARK 21Shares Bitcoin ETF,ARK / 21Shares,ARKB,ARK 21Shares Bitcoin ETF,BTC-USD,2025-12-19,29.21,5000.0,0.21,0.9867,47.085,18.045,67.224,160.104
1313,ARKB,ARK 21Shares Bitcoin ETF,ARK / 21Shares,ARKB,ARK 21Shares Bitcoin ETF,BTC-USD,2025-12-22,29.31,5000.0,0.21,0.9882,47.106,17.988,61.693,151.976
1314,ARKB,ARK 21Shares Bitcoin ETF,ARK / 21Shares,ARKB,ARK 21Shares Bitcoin ETF,BTC-USD,2025-12-23,29.1,5000.0,0.21,0.9813,45.923,17.957,61.693,140.181
1315,ARKB,ARK 21Shares Bitcoin ETF,ARK / 21Shares,ARKB,ARK 21Shares Bitcoin ETF,BTC-USD,2025-12-24,28.97,5000.0,0.21,0.9802,45.914,17.99,64.504,136.749
1316,ARKB,ARK 21Shares Bitcoin ETF,ARK / 21Shares,ARKB,ARK 21Shares Bitcoin ETF,BTC-USD,2025-12-26,29.05,5000.0,0.21,0.9932,45.477,17.928,59.571,131.651
1317,ARKB,ARK 21Shares Bitcoin ETF,ARK / 21Shares,ARKB,ARK 21Shares Bitcoin ETF,BTC-USD,2025-12-29,28.91,5000.0,0.21,0.9862,44.919,17.714,62.963,128.866
1318,ARKB,ARK 21Shares Bitcoin ETF,ARK / 21Shares,ARKB,ARK 21Shares Bitcoin ETF,BTC-USD,2025-12-30,29.17,5000.0,0.21,0.9823,44.81,17.731,62.963,129.454
1319,ARKB,ARK 21Shares Bitcoin ETF,ARK / 21Shares,ARKB,ARK 21Shares Bitcoin ETF,BTC-USD,2025-12-31,29.04,5000.0,0.21,0.9806,44.465,17.775,64.912,122.279
1320,ARKB,ARK 21Shares Bitcoin ETF,ARK / 21Shares,ARKB,ARK 21Shares Bitcoin ETF,BTC-USD,2026-01-02,29.79,5000.0,0.21,0.977,44.606,17.75,64.823,129.747
1321,ARKB,ARK 21Shares Bitcoin ETF,ARK / 21Shares,ARKB,ARK 21Shares Bitcoin ETF,BTC-USD,2026-01-05,31.29,5000.0,0.21,0.9854,45.8,17.816,64.823,133.186
1322,ARKB,ARK 21Shares Bitcoin ETF,ARK / 21Shares,ARKB,ARK 21Shares Bitcoin ETF,BTC-USD,2026-01-06,30.71,5000.0,0.21,0.983,45.79,18.102,67.079,134.645
1323,ARKB,ARK 21Shares Bitcoin ETF,ARK / 21Shares,ARKB,ARK 21Shares Bitcoin ETF,BTC-USD,2026-01-07,30.185,5000.0,0.21,1.0385,45.352,17.334,67.079,131.078
1324,ARKB,ARK 21Shares Bitcoin ETF,ARK / 21Shares,ARKB,ARK 21Shares Bitcoin ETF,BTC-USD,2026-01-08,30.18,5000.0,0.21,1.0526,45.358,16.802,62.426,129.315
1325,ARKB,ARK 21Shares Bitcoin ETF,ARK / 21Shares,ARKB,ARK 21Shares Bitcoin ETF,BTC-USD,2026-01-09,29.95,5000.0,0.21,1.0492,45.08,16.635,65.868,127.985
1326,ARKB,ARK 21Shares Bitcoin ETF,ARK / 21Shares,ARKB,ARK 21Shares Bitcoin ETF,BTC-USD,2026-01-12,30.36,5000.0,0.21,1.0553,45.183,16.628,62.581,128.313
1327,ARKB,ARK 21Shares Bitcoin ETF,ARK / 21Shares,ARKB,ARK 21Shares Bitcoin ETF,BTC-USD,2026-01-13,31.35,5000.0,0.21,1.036,45.451,16.795,62.61,128.531
1328,ARKB,ARK 21Shares Bitcoin ETF,ARK / 21Shares,ARKB,ARK 21Shares Bitcoin ETF,BTC-USD,2026-01-14,32.46,5000.0,0.21,1.0444,45.985,17.18,53.775,132.153
1329,ARKB,ARK 21Shares Bitcoin ETF,ARK / 21Shares,ARKB,ARK 21Shares Bitcoin ETF,BTC-USD,2026-01-15,31.63,5000.0,0.21,1.047,45.4,17.256,58.367,127.454
1330,ARKB,ARK 21Shares Bitcoin ETF,ARK / 21Shares,ARKB,ARK 21Shares Bitcoin ETF,BTC-USD,2026-01-16,31.71,5000.0,0.21,1.0604,45.35,16.393,56.048,124.954
1331,ARKB,ARK 21Shares Bitcoin ETF,ARK / 21Shares,ARKB,ARK 21Shares Bitcoin ETF,BTC-USD,2026-01-20,29.73,5000.0,0.21,1.0245,46.568,15.519,53.896,122.069
1332,ARKB,ARK 21Shares Bitcoin ETF,ARK / 21Shares,ARKB,ARK 21Shares Bitcoin ETF,BTC-USD,2026-01-21,29.91,5000.0,0.21,1.0224,46.31,15.558,39.176,122.866
1333,ARKB,ARK 21Shares Bitcoin ETF,ARK / 21Shares,ARKB,ARK 21Shares Bitcoin ETF,BTC-USD,2026-01-22,29.66,5000.0,0.21,1.0231,46.302,15.645,35.926,122.502
1334,ARKB,ARK 21Shares Bitcoin ETF,ARK / 21Shares,ARKB,ARK 21Shares Bitcoin ETF,BTC-USD,2026-01-23,29.69,5000.0,0.21,1.0154,45.479,15.361,39.749,124.514
1335,ARKB,ARK 21Shares Bitcoin ETF,ARK / 21Shares,ARKB,ARK 21Shares Bitcoin ETF,BTC-USD,2026-01-26,29.05,5000.0,0.21,1.0171,45.6,15.428,39.767,124.387
1336,ARKB,ARK 21Shares Bitcoin ETF,ARK / 21Shares,ARKB,ARK 21Shares Bitcoin ETF,BTC-USD,2026-01-27,29.64,5000.0,0.21,1.02,45.614,15.573,43.111,127.069
1337,ARKB,ARK 21Shares Bitcoin ETF,ARK / 21Shares,ARKB,ARK 21Shares Bitcoin ETF,BTC-USD,2026-01-28,29.54,5000.0,0.21,1.0126,45.017,14.769,41.956,132.396
1338,ARKB,ARK 21Shares Bitcoin ETF,ARK / 21Shares,ARKB,ARK 21Shares Bitcoin ETF,BTC-USD,2026-01-29,27.91,5000.0,0.21,1.0089,45.74,14.081,38.481,142.331
1339,ARKB,ARK 21Shares Bitcoin ETF,ARK / 21Shares,ARKB,ARK 21Shares Bitcoin ETF,BTC-USD,2026-01-30,27.8,5000.0,0.21,1.0077,45.421,14.053,38.481,148.815
1340,ARKB,ARK 21Shares Bitcoin ETF,ARK / 21Shares,ARKB,ARK 21Shares Bitcoin ETF,BTC-USD,2026-02-02,25.87,5000.0,0.21,1.006,46.291,13.864,36.85,166.624
1341,ARKB,ARK 21Shares Bitcoin ETF,ARK / 21Shares,ARKB,ARK 21Shares Bitcoin ETF,BTC-USD,2026-02-03,25.36,5000.0,0.21,0.9859,45.81,14.272,36.85,178.18
1342,ARKB,ARK 21Shares Bitcoin ETF,ARK / 21Shares,ARKB,ARK 21Shares Bitcoin ETF,BTC-USD,2026-02-04,24.35,5000.0,0.21,0.988,46.128,14.28,40.374,183.619
1343,ARKB,ARK 21Shares Bitcoin ETF,ARK / 21Shares,ARKB,ARK 21Shares Bitcoin ETF,BTC-USD,2026-02-05,21.14,5000.0,0.21,0.9646,53.365,14.185,35.845,191.985
1344,ARKB,ARK 21Shares Bitcoin ETF,ARK / 21Shares,ARKB,ARK 21Shares Bitcoin ETF,BTC-USD,2026-02-06,23.24,5000.0,0.21,0.9368,57.1,14.538,41.572,193.903
1345,ARKB,ARK 21Shares Bitcoin ETF,ARK / 21Shares,ARKB,ARK 21Shares Bitcoin ETF,BTC-USD,2026-02-09,23.49,5000.0,0.21,0.9359,56.991,14.918,53.91,196.759
1346,ARKB,ARK 21Shares Bitcoin ETF,ARK / 21Shares,ARKB,ARK 21Shares Bitcoin ETF,BTC-USD,2026-02-10,22.82,5000.0,0.21,0.9376,57.17,15.09,52.173,197.282
1347,ARKB,ARK 21Shares Bitcoin ETF,ARK / 21Shares,ARKB,ARK 21Shares Bitcoin ETF,BTC-USD,2026-02-11,22.42,5000.0,0.21,0.933,56.897,14.744,44.942,201.21
1348,ARKB,ARK 21Shares Bitcoin ETF,ARK / 21Shares,ARKB,ARK 21Shares Bitcoin ETF,BTC-USD,2026-02-12,21.68,5000.0,0.21,0.9422,56.778,15.263,59.642,200.099
1349,ARKB,ARK 21Shares Bitcoin ETF,ARK / 21Shares,ARKB,ARK 21Shares Bitcoin ETF,BTC-USD,2026-02-13,22.82,5000.0,0.21,0.9497,57.812,15.533,59.642,200.991
1350,ARKB,ARK 21Shares Bitcoin ETF,ARK / 21Shares,ARKB,ARK 21Shares Bitcoin ETF,BTC-USD,2026-02-17,22.48,5000.0,0.21,0.9486,57.756,15.548,58.423,202.202
1351,ARKB,ARK 21Shares Bitcoin ETF,ARK / 21Shares,ARKB,ARK 21Shares Bitcoin ETF,BTC-USD,2026-02-18,21.98,5000.0,0.21,0.9466,57.491,14.961,67.396,201.03
1352,ARKB,ARK 21Shares Bitcoin ETF,ARK / 21Shares,ARKB,ARK 21Shares Bitcoin ETF,BTC-USD,2026-02-19,22.29,5000.0,0.21,0.9579,57.27,14.692,71.461,199.611
1353,ARKB,ARK 21Shares Bitcoin ETF,ARK / 21Shares,ARKB,ARK 21Shares Bitcoin ETF,BTC-USD,2026-02-20,22.48,5000.0,0.21,0.9556,57.212,14.719,71.461,196.335
1354,ARKB,ARK 21Shares Bitcoin ETF,ARK / 21Shares,ARKB,ARK 21Shares Bitcoin ETF,BTC-USD,2026-02-23,21.385,5000.0,0.21,0.9465,56.739,14.246,67.689,196.93
1355,ARKB,ARK 21Shares Bitcoin ETF,ARK / 21Shares,ARKB,ARK 21Shares Bitcoin ETF,BTC-USD,2026-02-24,21.41,5000.0,0.21,0.9455,56.675,14.235,63.647,195.39
1356,ARKB,ARK 21Shares Bitcoin ETF,ARK / 21Shares,ARKB,ARK 21Shares Bitcoin ETF,BTC-USD,2026-02-25,22.98,5000.0,0.21,0.9599,58.371,14.487,63.647,197.285
1357,ARKB,ARK 21Shares Bitcoin ETF,ARK / 21Shares,ARKB,ARK 21Shares Bitcoin ETF,BTC-USD,2026-02-26,22.38,5000.0,0.21,0.9599,58.473,15.001,64.833,198.693
1358,ARKB,ARK 21Shares Bitcoin ETF,ARK / 21Shares,ARKB,ARK 21Shares Bitcoin ETF,BTC-USD,2026-02-27,21.78,5000.0,0.21,0.9551,57.54,14.895,65.113,192.985
1359,ARKB,ARK 21Shares Bitcoin ETF,ARK / 21Shares,ARKB,ARK 21Shares Bitcoin ETF,BTC-USD,2026-03-02,22.96,5000.0,0.21,0.9546,57.024,14.993,64.833,197.335
1360,ARKB,ARK 21Shares Bitcoin ETF,ARK / 21Shares,ARKB,ARK 21Shares Bitcoin ETF,BTC-USD,2026-03-03,22.65,5000.0,0.21,0.9554,56.808,15.053,78.61,195.19
1361,ARKB,ARK 21Shares Bitcoin ETF,ARK / 21Shares,ARKB,ARK 21Shares Bitcoin ETF,BTC-USD,2026-03-04,24.26,5000.0,0.21,0.964,58.789,15.024,78.889,186.828
1362,ARKB,ARK 21Shares Bitcoin ETF,ARK / 21Shares,ARKB,ARK 21Shares Bitcoin ETF,BTC-USD,2026-03-05,23.64,5000.0,0.21,0.9624,58.618,14.99,80.006,168.695
1363,ARKB,ARK 21Shares Bitcoin ETF,ARK / 21Shares,ARKB,ARK 21Shares Bitcoin ETF,BTC-USD,2026-03-06,22.6,5000.0,0.21,0.965,59.074,15.063,76.658,156.604
1364,ARKB,ARK 21Shares Bitcoin ETF,ARK / 21Shares,ARKB,ARK 21Shares Bitcoin ETF,BTC-USD,2026-03-09,22.93,5000.0,0.21,0.9649,58.882,15.21,77.059,147.693
1365,ARKB,ARK 21Shares Bitcoin ETF,ARK / 21Shares,ARKB,ARK 21Shares Bitcoin ETF,BTC-USD,2026-03-10,23.255,5000.0,0.21,0.9626,59.01,15.281,71.029,147.077
1366,ARKB,ARK 21Shares Bitcoin ETF,ARK / 21Shares,ARKB,ARK 21Shares Bitcoin ETF,BTC-USD,2026-03-11,23.46,5000.0,0.21,0.9647,59.069,15.059,66.671,145.802
1367,ARKB,ARK 21Shares Bitcoin ETF,ARK / 21Shares,ARKB,ARK 21Shares Bitcoin ETF,BTC-USD,2026-03-12,23.39,5000.0,0.21,0.9656,59.009,15.07,66.215,146.151
1368,ARKB,ARK 21Shares Bitcoin ETF,ARK / 21Shares,ARKB,ARK 21Shares Bitcoin ETF,BTC-USD,2026-03-13,23.62,5000.0,0.21,0.962,58.28,14.999,66.215,147.167
1369,ARKB,ARK 21Shares Bitcoin ETF,ARK / 21Shares,ARKB,ARK 21Shares Bitcoin ETF,BTC-USD,2026-03-16,24.55,5000.0,0.21,0.9523,58.716,15.189,51.516,148.024
1370,ARKB,ARK 21Shares Bitcoin ETF,ARK / 21Shares,ARKB,ARK 21Shares Bitcoin ETF,BTC-USD,2026-03-17,24.75,5000.0,0.21,0.9498,58.658,15.742,55.103,144.974
1371,ARKB,ARK 21Shares Bitcoin ETF,ARK / 21Shares,ARKB,ARK 21Shares Bitcoin ETF,BTC-USD,2026-03-18,23.59,5000.0,0.21,0.9546,59.349,15.899,51.513,143.381
1372,ARKB,ARK 21Shares Bitcoin ETF,ARK / 21Shares,ARKB,ARK 21Shares Bitcoin ETF,BTC-USD,2026-03-19,23.31,5000.0,0.21,0.9494,58.724,15.837,42.758,144.625
1373,ARKB,ARK 21Shares Bitcoin ETF,ARK / 21Shares,ARKB,ARK 21Shares Bitcoin ETF,BTC-USD,2026-03-20,23.28,5000.0,0.21,0.948,58.708,15.959,43.746,143.576
1374,ARKB,ARK 21Shares Bitcoin ETF,ARK / 21Shares,ARKB,ARK 21Shares Bitcoin ETF,BTC-USD,2026-03-23,23.45,5000.0,0.21,0.9488,58.747,15.933,43.746,144.004
1375,ARKB,ARK 21Shares Bitcoin ETF,ARK / 21Shares,ARKB,ARK 21Shares Bitcoin ETF,BTC-USD,2026-03-24,23.01,5000.0,0.21,0.9495,58.831,16.118,43.746,144.268
1376,ARKB,ARK 21Shares Bitcoin ETF,ARK / 21Shares,ARKB,ARK 21Shares Bitcoin ETF,BTC-USD,2026-03-25,23.52,5000.0,0.21,0.9516,59.054,16.236,44.175,142.43
1377,ARKB,ARK 21Shares Bitcoin ETF,ARK / 21Shares,ARKB,ARK 21Shares Bitcoin ETF,BTC-USD,2026-03-26,22.73,5000.0,0.21,0.9515,59.387,16.225,44.175,143.01
1378,ARKB,ARK 21Shares Bitcoin ETF,ARK / 21Shares,ARKB,ARK 21Shares Bitcoin ETF,BTC-USD,2026-03-27,21.9,5000.0,0.21,0.9535,59.709,16.194,36.87,139.73
1379,ARKB,ARK 21Shares Bitcoin ETF,ARK / 21Shares,ARKB,ARK 21Shares Bitcoin ETF,BTC-USD,2026-03-30,22.06,5000.0,0.21,0.9542,59.76,16.156,36.441,140.847
1380,ARKB,ARK 21Shares Bitcoin ETF,ARK / 21Shares,ARKB,ARK 21Shares Bitcoin ETF,BTC-USD,2026-03-31,22.49,5000.0,0.21,0.9536,59.64,16.161,44.412,130.857
1381,ARKB,ARK 21Shares Bitcoin ETF,ARK / 21Shares,ARKB,ARK 21Shares Bitcoin ETF,BTC-USD,2026-04-01,22.62,5000.0,0.21,0.9489,58.622,16.181,30.636,123.935
1382,ARKB,ARK 21Shares Bitcoin ETF,ARK / 21Shares,ARKB,ARK 21Shares Bitcoin ETF,BTC-USD,2026-04-02,22.24,5000.0,0.21,0.9497,58.606,15.787,30.636,115.259
1383,ARKB,ARK 21Shares Bitcoin ETF,ARK / 21Shares,ARKB,ARK 21Shares Bitcoin ETF,BTC-USD,2026-04-06,23.15,5000.0,0.21,0.9568,59.285,15.857,29.519,110.797
1384,ARKB,ARK 21Shares Bitcoin ETF,ARK / 21Shares,ARKB,ARK 21Shares Bitcoin ETF,BTC-USD,2026-04-07,22.9,5000.0,0.21,0.9274,59.293,19.057,29.519,109.581
1385,ARKB,ARK 21Shares Bitcoin ETF,ARK / 21Shares,ARKB,ARK 21Shares Bitcoin ETF,BTC-USD,2026-04-08,23.69,5000.0,0.21,0.9234,59.811,21.179,28.883,105.405
1386,ARKB,ARK 21Shares Bitcoin ETF,ARK / 21Shares,ARKB,ARK 21Shares Bitcoin ETF,BTC-USD,2026-04-09,23.95,5000.0,0.21,0.9229,59.78,21.154,40.889,103.611
1387,ARKB,ARK 21Shares Bitcoin ETF,ARK / 21Shares,ARKB,ARK 21Shares Bitcoin ETF,BTC-USD,2026-04-10,24.31,5000.0,0.21,0.9278,59.441,20.957,33.047,101.857
1388,ARKB,ARK 21Shares Bitcoin ETF,ARK / 21Shares,ARKB,ARK 21Shares Bitcoin ETF,BTC-USD,2026-04-13,24.35,5000.0,0.21,0.9179,58.896,20.949,36.346,100.352
1389,ARKB,ARK 21Shares Bitcoin ETF,ARK / 21Shares,ARKB,ARK 21Shares Bitcoin ETF,BTC-USD,2026-04-14,24.66,5000.0,0.21,0.9164,58.836,21.104,36.346,95.184
1390,ARKB,ARK 21Shares Bitcoin ETF,ARK / 21Shares,ARKB,ARK 21Shares Bitcoin ETF,BTC-USD,2026-04-15,24.91,5000.0,0.21,0.9167,58.893,21.102,41.057,90.507
1391,ARKB,ARK 21Shares Bitcoin ETF,ARK / 21Shares,ARKB,ARK 21Shares Bitcoin ETF,BTC-USD,2026-04-16,25.02,5000.0,0.21,0.9243,57.55,20.843,46.18,91.311
1392,ARKB,ARK 21Shares Bitcoin ETF,ARK / 21Shares,ARKB,ARK 21Shares Bitcoin ETF,BTC-USD,2026-04-17,25.72,5000.0,0.21,0.9266,57.861,20.817,46.18,91.033
1393,ARKB,ARK 21Shares Bitcoin ETF,ARK / 21Shares,ARKB,ARK 21Shares Bitcoin ETF,BTC-USD,2026-04-20,25.32,5000.0,0.21,0.927,57.912,20.724,46.401,86.788
1394,ARKB,ARK 21Shares Bitcoin ETF,ARK / 21Shares,ARKB,ARK 21Shares Bitcoin ETF,BTC-USD,2026-04-21,24.89,5000.0,0.21,0.9244,57.982,21.261,50.712,85.041
1395,ARKB,ARK 21Shares Bitcoin ETF,ARK / 21Shares,ARKB,ARK 21Shares Bitcoin ETF,BTC-USD,2026-04-22,26.17,5000.0,0.21,0.9324,58.851,21.96,51.184,80.435
1396,ARKB,ARK 21Shares Bitcoin ETF,ARK / 21Shares,ARKB,ARK 21Shares Bitcoin ETF,BTC-USD,2026-04-23,25.795,5000.0,0.21,0.9302,58.729,22.088,51.351,77.558
1397,ARKB,ARK 21Shares Bitcoin ETF,ARK / 21Shares,ARKB,ARK 21Shares Bitcoin ETF,BTC-USD,2026-04-24,25.77,5000.0,0.21,0.9295,58.729,22.141,54.945,76.548
1398,ARKB,ARK 21Shares Bitcoin ETF,ARK / 21Shares,ARKB,ARK 21Shares Bitcoin ETF,BTC-USD,2026-04-27,25.52,5000.0,0.21,0.9246,57.647,22.207,57.754,71.701
1399,ARKB,ARK 21Shares Bitcoin ETF,ARK / 21Shares,ARKB,ARK 21Shares Bitcoin ETF,BTC-USD,2026-04-28,25.325,5000.0,0.21,0.9239,57.659,22.224,57.754,69.411
1400,ARKB,ARK 21Shares Bitcoin ETF,ARK / 21Shares,ARKB,ARK 21Shares Bitcoin ETF,BTC-USD,2026-04-29,25.04,5000.0,0.21,0.9152,55.806,22.221,59.836,67.762
1401,ARKB,ARK 21Shares Bitcoin ETF,ARK / 21Shares,ARKB,ARK 21Shares Bitcoin ETF,BTC-USD,2026-04-30,25.35,5000.0,0.21,0.9248,55.719,21.902,53.436,62.263
1402,ARKB,ARK 21Shares Bitcoin ETF,ARK / 21Shares,ARKB,ARK 21Shares Bitcoin ETF,BTC-USD,2026-05-01,26.02,5000.0,0.21,0.9219,55.317,21.881,53.797,60.307
1403,ARKB,ARK 21Shares Bitcoin ETF,ARK / 21Shares,ARKB,ARK 21Shares Bitcoin ETF,BTC-USD,2026-05-04,26.57,5000.0,0.21,0.9193,46.808,21.854,53.838,58.299
1404,ARKB,ARK 21Shares Bitcoin ETF,ARK / 21Shares,ARKB,ARK 21Shares Bitcoin ETF,BTC-USD,2026-05-05,27.1,5000.0,0.21,0.9686,42.953,21.64,53.838,56.879
1405,ARKB,ARK 21Shares Bitcoin ETF,ARK / 21Shares,ARKB,ARK 21Shares Bitcoin ETF,BTC-USD,2026-05-06,27.03,5000.0,0.21,0.9718,42.932,21.453,55.138,55.35
1406,ARKB,ARK 21Shares Bitcoin ETF,ARK / 21Shares,ARKB,ARK 21Shares Bitcoin ETF,BTC-USD,2026-05-07,26.58,5000.0,0.21,0.9651,42.625,21.33,55.138,54.246
1407,ARKB,ARK 21Shares Bitcoin ETF,ARK / 21Shares,ARKB,ARK 21Shares Bitcoin ETF,BTC-USD,2026-05-08,26.6,5000.0,0.21,0.9721,42.418,21.284,46.971,50.976
1408,ARKB,ARK 21Shares Bitcoin ETF,ARK / 21Shares,ARKB,ARK 21Shares Bitcoin ETF,BTC-USD,2026-05-11,27.19,5000.0,0.21,0.9636,41.905,20.761,47.196,49.933
1409,ARKB,ARK 21Shares Bitcoin ETF,ARK / 21Shares,ARKB,ARK 21Shares Bitcoin ETF,BTC-USD,2026-05-12,26.8,5000.0,0.21,0.9487,40.877,20.564,41.71,48.805
1410,ARKB,ARK 21Shares Bitcoin ETF,ARK / 21Shares,ARKB,ARK 21Shares Bitcoin ETF,BTC-USD,2026-05-13,26.38,5000.0,0.21,0.9523,40.891,20.552,41.71,47.272
1411,ARKB,ARK 21Shares Bitcoin ETF,ARK / 21Shares,ARKB,ARK 21Shares Bitcoin ETF,BTC-USD,2026-05-14,26.99,5000.0,0.21,0.9488,40.756,20.494,36.99,49.874
1412,ARKB,ARK 21Shares Bitcoin ETF,ARK / 21Shares,ARKB,ARK 21Shares Bitcoin ETF,BTC-USD,2026-05-15,26.25,5000.0,0.21,0.9516,41.19,20.475,28.179,48.597
1413,ARKB,ARK 21Shares Bitcoin ETF,ARK / 21Shares,ARKB,ARK 21Shares Bitcoin ETF,BTC-USD,2026-05-18,25.48,5000.0,0.21,0.9578,41.705,20.448,28.334,47.213
1414,ARKB,ARK 21Shares Bitcoin ETF,ARK / 21Shares,ARKB,ARK 21Shares Bitcoin ETF,BTC-USD,2026-05-19,25.47,5000.0,0.21,0.9555,40.277,20.449,32.714,46.942
1415,ARKB,ARK 21Shares Bitcoin ETF,ARK / 21Shares,ARKB,ARK 21Shares Bitcoin ETF,BTC-USD,2026-05-20,25.75,5000.0,0.21,0.9592,40.308,20.37,22.899,45.671
1416,ARKB,ARK 21Shares Bitcoin ETF,ARK / 21Shares,ARKB,ARK 21Shares Bitcoin ETF,BTC-USD,2026-05-21,25.76,5000.0,0.21,0.9297,37.76,20.153,27.541,44.525
1417,ARKB,ARK 21Shares Bitcoin ETF,ARK / 21Shares,ARKB,ARK 21Shares Bitcoin ETF,BTC-USD,2026-05-22,25.135,5000.0,0.21,0.9228,37.701,19.755,27.657,43.744
1418,ARKB,ARK 21Shares Bitcoin ETF,ARK / 21Shares,ARKB,ARK 21Shares Bitcoin ETF,BTC-USD,2026-05-26,25.17,5000.0,0.21,0.9173,37.211,19.738,30.841,45.466
1419,ARKB,ARK 21Shares Bitcoin ETF,ARK / 21Shares,ARKB,ARK 21Shares Bitcoin ETF,BTC-USD,2026-05-27,24.84,5000.0,0.21,0.8928,35.828,19.613,28.546,45.28
1420,ARKB,ARK 21Shares Bitcoin ETF,ARK / 21Shares,ARKB,ARK 21Shares Bitcoin ETF,BTC-USD,2026-05-28,24.31,5000.0,0.21,0.896,36.007,19.713,28.625,46.792
1421,ARKB,ARK 21Shares Bitcoin ETF,ARK / 21Shares,ARKB,ARK 21Shares Bitcoin ETF,BTC-USD,2026-05-29,24.35,5000.0,0.21,0.8611,33.147,19.652,31.898,46.426
1422,ARKB,ARK 21Shares Bitcoin ETF,ARK / 21Shares,ARKB,ARK 21Shares Bitcoin ETF,BTC-USD,2026-06-01,23.71,5000.0,0.21,0.8599,33.173,19.657,30.56,47.655
1423,ARKB,ARK 21Shares Bitcoin ETF,ARK / 21Shares,ARKB,ARK 21Shares Bitcoin ETF,BTC-USD,2026-06-02,22.29,5000.0,0.21,0.8534,34.304,19.621,30.56,48.618
1424,ARKB,ARK 21Shares Bitcoin ETF,ARK / 21Shares,ARKB,ARK 21Shares Bitcoin ETF,BTC-USD,2026-06-03,21.68,5000.0,0.21,0.8407,34.62,19.545,30.56,48.842
1425,ARKB,ARK 21Shares Bitcoin ETF,ARK / 21Shares,ARKB,ARK 21Shares Bitcoin ETF,BTC-USD,2026-06-04,21.08,5000.0,0.21,0.8463,34.916,20.166,30.56,49.272
1426,ARKB,ARK 21Shares Bitcoin ETF,ARK / 21Shares,ARKB,ARK 21Shares Bitcoin ETF,BTC-USD,2026-06-05,20.0,5000.0,0.21,0.8652,36.369,20.289,29.316,51.602
1427,ARKB,ARK 21Shares Bitcoin ETF,ARK / 21Shares,ARKB,ARK 21Shares Bitcoin ETF,BTC-USD,2026-06-08,21.02,5000.0,0.21,0.8911,37.921,20.625,29.316,51.599
1428,ARKB,ARK 21Shares Bitcoin ETF,ARK / 21Shares,ARKB,ARK 21Shares Bitcoin ETF,BTC-USD,2026-06-09,20.58,5000.0,0.21,0.8902,38.048,20.611,25.993,52.68
1429,ARKB,ARK 21Shares Bitcoin ETF,ARK / 21Shares,ARKB,ARK 21Shares Bitcoin ETF,BTC-USD,2026-06-10,20.52,5000.0,0.21,0.9083,37.08,20.461,28.034,53.173
1430,ARKB,ARK 21Shares Bitcoin ETF,ARK / 21Shares,ARKB,ARK 21Shares Bitcoin ETF,BTC-USD,2026-06-11,21.08,5000.0,0.21,0.9105,37.518,20.034,28.55,53.59
1431,ARKB,ARK 21Shares Bitcoin ETF,ARK / 21Shares,ARKB,ARK 21Shares Bitcoin ETF,BTC-USD,2026-06-12,21.08,5000.0,0.21,0.8925,36.312,19.871,28.658,52.721
1432,ARKB,ARK 21Shares Bitcoin ETF,ARK / 21Shares,ARKB,ARK 21Shares Bitcoin ETF,BTC-USD,2026-06-15,22.09,5000.0,0.21,0.9095,37.589,19.908,28.828,49.82
1433,ARKB,ARK 21Shares Bitcoin ETF,ARK / 21Shares,ARKB,ARK 21Shares Bitcoin ETF,BTC-USD,2026-06-16,21.77,5000.0,0.21,0.9142,37.694,19.84,29.071,46.517
1434,ARKB,ARK 21Shares Bitcoin ETF,ARK / 21Shares,ARKB,ARK 21Shares Bitcoin ETF,BTC-USD,2026-06-17,21.3,5000.0,0.21,0.9166,37.888,19.86,32.222,44.881
1435,ARKB,ARK 21Shares Bitcoin ETF,ARK / 21Shares,ARKB,ARK 21Shares Bitcoin ETF,BTC-USD,2026-06-18,20.88,5000.0,0.21,0.9133,37.908,19.671,27.686,46.397
1436,ARKB,ARK 21Shares Bitcoin ETF,ARK / 21Shares,ARKB,ARK 21Shares Bitcoin ETF,BTC-USD,2026-06-22,21.36,5000.0,0.21,0.9128,37.93,19.593,28.122,47.039
1437,ARKB,ARK 21Shares Bitcoin ETF,ARK / 21Shares,ARKB,ARK 21Shares Bitcoin ETF,BTC-USD,2026-06-23,20.68,5000.0,0.21,0.9202,37.865,19.789,23.72,47.201
1438,ARKB,ARK 21Shares Bitcoin ETF,ARK / 21Shares,ARKB,ARK 21Shares Bitcoin ETF,BTC-USD,2026-06-24,19.86,5000.0,0.21,0.9297,38.002,20.021,23.72,48.388
1439,ARKB,ARK 21Shares Bitcoin ETF,ARK / 21Shares,ARKB,ARK 21Shares Bitcoin ETF,BTC-USD,2026-06-25,19.64,5000.0,0.21,0.9231,38.005,20.096,23.717,47.16
1440,ARKB,ARK 21Shares Bitcoin ETF,ARK / 21Shares,ARKB,ARK 21Shares Bitcoin ETF,BTC-USD,2026-06-26,19.8,5000.0,0.21,0.9254,37.806,20.108,32.059,47.359
1441,ARKB,ARK 21Shares Bitcoin ETF,ARK / 21Shares,ARKB,ARK 21Shares Bitcoin ETF,BTC-USD,2026-06-29,20.0,5000.0,0.21,0.9267,37.855,20.113,43.208,46.062
1442,ARKB,ARK 21Shares Bitcoin ETF,ARK / 21Shares,ARKB,ARK 21Shares Bitcoin ETF,BTC-USD,2026-06-30,19.46,5000.0,0.21,0.9287,38.089,20.118,37.875,45.629
1443,ARKB,ARK 21Shares Bitcoin ETF,ARK / 21Shares,ARKB,ARK 21Shares Bitcoin ETF,BTC-USD,2026-07-01,19.89,5000.0,0.21,0.9133,37.401,19.943,37.875,45.213
1444,ARKB,ARK 21Shares Bitcoin ETF,ARK / 21Shares,ARKB,ARK 21Shares Bitcoin ETF,BTC-USD,2026-07-02,20.37,5000.0,0.21,1.0027,37.745,16.897,37.853,43.862
1445,ARKB,ARK 21Shares Bitcoin ETF,ARK / 21Shares,ARKB,ARK 21Shares Bitcoin ETF,BTC-USD,2026-07-06,21.13,5000.0,0.21,1.0118,37.859,14.177,39.392,43.446
1446,ARKB,ARK 21Shares Bitcoin ETF,ARK / 21Shares,ARKB,ARK 21Shares Bitcoin ETF,BTC-USD,2026-07-07,21.16,5000.0,0.21,1.0071,37.772,14.413,42.409,42.643
1447,ARKB,ARK 21Shares Bitcoin ETF,ARK / 21Shares,ARKB,ARK 21Shares Bitcoin ETF,BTC-USD,2026-07-08,20.63,5000.0,0.21,1.0127,37.9,14.511,42.386,40.589
1448,ARKB,ARK 21Shares Bitcoin ETF,ARK / 21Shares,ARKB,ARK 21Shares Bitcoin ETF,BTC-USD,2026-07-09,20.97,5000.0,0.21,1.0293,38.092,14.096,42.386,40.09
1449,ARKB,ARK 21Shares Bitcoin ETF,ARK / 21Shares,ARKB,ARK 21Shares Bitcoin ETF,BTC-USD,2026-07-10,21.2,5000.0,0.21,1.0275,38.064,13.685,42.386,39.75
1450,ARKB,ARK 21Shares Bitcoin ETF,ARK / 21Shares,ARKB,ARK 21Shares Bitcoin ETF,BTC-USD,2026-07-13,20.63,5000.0,0.21,1.0237,38.305,13.695,39.949,39.081
1451,ARKB,ARK 21Shares Bitcoin ETF,ARK / 21Shares,ARKB,ARK 21Shares Bitcoin ETF,BTC-USD,2026-07-14,21.42,5000.0,0.21,1.0148,39.177,13.735,40.062,38.734
1452,ARKB,ARK 21Shares Bitcoin ETF,ARK / 21Shares,ARKB,ARK 21Shares Bitcoin ETF,BTC-USD,2026-07-15,21.55,5000.0,0.21,1.0131,38.714,13.878,39.857,37.988
1453,ARKB,ARK 21Shares Bitcoin ETF,ARK / 21Shares,ARKB,ARK 21Shares Bitcoin ETF,BTC-USD,2026-07-16,21.31,5000.0,0.21,1.0123,38.662,13.901,39.857,37.413
1454,ARKB,ARK 21Shares Bitcoin ETF,ARK / 21Shares,ARKB,ARK 21Shares Bitcoin ETF,BTC-USD,2026-07-17,21.28,5000.0,0.21,1.0191,38.549,13.103,39.361,37.937
1455,ARKB,ARK 21Shares Bitcoin ETF,ARK / 21Shares,ARKB,ARK 21Shares Bitcoin ETF,BTC-USD,2026-07-20,21.6,5000.0,0.21,0.991,37.14,11.776,36.343,37.887
1456,ARKB,ARK 21Shares Bitcoin ETF,ARK / 21Shares,ARKB,ARK 21Shares Bitcoin ETF,BTC-USD,2026-07-21,22.04,5000.0,0.21,0.9937,37.369,11.385,36.343,37.477
1457,ARKB,ARK 21Shares Bitcoin ETF,ARK / 21Shares,ARKB,ARK 21Shares Bitcoin ETF,BTC-USD,2026-07-22,21.86,5000.0,0.21,0.9963,37.385,11.227,36.343,36.405
1458,ARKB,ARK 21Shares Bitcoin ETF,ARK / 21Shares,ARKB,ARK 21Shares Bitcoin ETF,BTC-USD,2026-07-23,21.47,5000.0,0.21,0.9976,37.489,11.105,36.343,36.134
1459,ARKB,ARK 21Shares Bitcoin ETF,ARK / 21Shares,ARKB,ARK 21Shares Bitcoin ETF,BTC-USD,2026-07-24,21.28,5000.0,0.21,0.9973,37.496,11.131,35.955,34.624
1460,ARKB,ARK 21Shares Bitcoin ETF,ARK / 21Shares,ARKB,ARK 21Shares Bitcoin ETF,BTC-USD,2026-07-27,21.52,5000.0,0.21,0.995,37.565,11.664,29.4,33.186
1461,ARKB,ARK 21Shares Bitcoin ETF,ARK / 21Shares,ARKB,ARK 21Shares Bitcoin ETF,BTC-USD,2026-07-28,21.17,5000.0,0.21,0.9901,37.541,12.195,21.059,33.72
1462,ARKB,ARK 21Shares Bitcoin ETF,ARK / 21Shares,ARKB,ARK 21Shares Bitcoin ETF,BTC-USD,2026-07-29,21.055,5000.0,0.21,0.9873,37.051,12.213,9.91,34.485
1463,ARKB,ARK 21Shares Bitcoin ETF,ARK / 21Shares,ARKB,ARK 21Shares Bitcoin ETF,BTC-USD,2026-07-30,21.48,5000.0,0.21,0.9911,37.025,12.316,9.91,34.223
1464,ARKB,ARK 21Shares Bitcoin ETF,ARK / 21Shares,ARKB,ARK 21Shares Bitcoin ETF,BTC-USD,2026-07-31,20.85,5000.0,0.21,0.9873,37.085,12.227,9.965,34.175
1465,ARKB,ARK 21Shares Bitcoin ETF,ARK / 21Shares,ARKB,ARK 21Shares Bitcoin ETF,BTC-USD,2026-08-03,21.17,5000.0,0.21,0.9928,37.301,12.172,18.078,33.925
1466,ARKB,ARK 21Shares Bitcoin ETF,ARK / 21Shares,ARKB,ARK 21Shares Bitcoin ETF,BTC-USD,2026-08-04,21.29,5000.0,0.21,0.9915,37.257,12.188,15.758,32.994
1467,ARKB,ARK 21Shares Bitcoin ETF,ARK / 21Shares,ARKB,ARK 21Shares Bitcoin ETF,BTC-USD,2026-08-05,21.5,5000.0,0.21,0.9924,37.35,12.194,12.855,32.907
1468,ARKB,ARK 21Shares Bitcoin ETF,ARK / 21Shares,ARKB,ARK 21Shares Bitcoin ETF,BTC-USD,2026-08-06,21.35,5000.0,0.21,0.9901,36.975,12.166,16.743,31.667
1469,ARKB,ARK 21Shares Bitcoin ETF,ARK / 21Shares,ARKB,ARK 21Shares Bitcoin ETF,BTC-USD,2026-08-07,21.54,5000.0,0.21,0.9902,37.003,12.165,16.743,31.073
1470,ARKB,ARK 21Shares Bitcoin ETF,ARK / 21Shares,ARKB,ARK 21Shares Bitcoin ETF,BTC-USD,2026-08-10,21.21,5000.0,0.21,0.99,36.999,12.164,16.743,31.0
1471,ARKB,ARK 21Shares Bitcoin ETF,ARK / 21Shares,ARKB,ARK 21Shares Bitcoin ETF,BTC-USD,2026-08-11,21.05,5000.0,0.21,0.9892,36.591,12.156,16.53,30.363
1472,ARKB,ARK 21Shares Bitcoin ETF,ARK / 21Shares,ARKB,ARK 21Shares Bitcoin ETF,BTC-USD,2026-08-12,21.01,5000.0,0.21,0.9869,36.259,12.136,21.24,29.82
1473,ARKB,ARK 21Shares Bitcoin ETF,ARK / 21Shares,ARKB,ARK 21Shares Bitcoin ETF,BTC-USD,2026-08-13,21.0,5000.0,0.21,0.9843,35.855,12.117,23.829,31.818
1474,ARKB,ARK 21Shares Bitcoin ETF,ARK / 21Shares,ARKB,ARK 21Shares Bitcoin ETF,BTC-USD,2026-08-14,20.85,5000.0,0.21,0.9843,35.859,12.104,23.398,32.18
1475,ARKB,ARK 21Shares Bitcoin ETF,ARK / 21Shares,ARKB,ARK 21Shares Bitcoin ETF,BTC-USD,2026-08-17,21.31,5000.0,0.21,0.9818,36.112,12.093,23.829,33.457
1476,ARKB,ARK 21Shares Bitcoin ETF,ARK / 21Shares,ARKB,ARK 21Shares Bitcoin ETF,BTC-USD,2026-08-18,21.43,5000.0,0.21,0.9825,36.15,12.116,23.398,32.934
1477,ARKB,ARK 21Shares Bitcoin ETF,ARK / 21Shares,ARKB,ARK 21Shares Bitcoin ETF,BTC-USD,2026-08-19,22.7,5000.0,0.21,0.9634,37.939,12.22,23.398,36.152
1478,ARKB,ARK 21Shares Bitcoin ETF,ARK / 21Shares,ARKB,ARK 21Shares Bitcoin ETF,BTC-USD,2026-08-20,24.1,5000.0,0.21,0.9775,39.979,12.345,23.398,38.924
1479,ARKB,ARK 21Shares Bitcoin ETF,ARK / 21Shares,ARKB,ARK 21Shares Bitcoin ETF,BTC-USD,2026-08-21,25.55,5000.0,0.21,0.9635,41.683,12.423,23.398,41.872
1480,ARKB,ARK 21Shares Bitcoin ETF,ARK / 21Shares,ARKB,ARK 21Shares Bitcoin ETF,BTC-USD,2026-08-24,26.12,5000.0,0.21,0.9628,41.657,12.589,23.618,43.451
1481,ARKB,ARK 21Shares Bitcoin ETF,ARK / 21Shares,ARKB,ARK 21Shares Bitcoin ETF,BTC-USD,2026-08-25,26.17,5000.0,0.21,0.9621,41.657,12.649,30.039,44.039
1482,ARKB,ARK 21Shares Bitcoin ETF,ARK / 21Shares,ARKB,ARK 21Shares Bitcoin ETF,BTC-USD,2026-08-26,26.03,5000.0,0.21,0.9613,41.276,12.833,30.039,43.333
1483,ARKB,ARK 21Shares Bitcoin ETF,ARK / 21Shares,ARKB,ARK 21Shares Bitcoin ETF,BTC-USD,2026-08-27,26.51,5000.0,0.21,0.9685,39.241,12.882,30.259,42.77
1484,BITB,Bitwise Bitcoin ETF,Bitwise,BITB,Bitwise Bitcoin ETF,BTC-USD,2025-03-07,47.33,4000.0,0.2,1.0244,46.259,19.18,90.527,86.716
1485,BITB,Bitwise Bitcoin ETF,Bitwise,BITB,Bitwise Bitcoin ETF,BTC-USD,2025-03-10,42.99,4000.0,0.2,1.0002,48.97,18.074,81.948,88.509
1486,BITB,Bitwise Bitcoin ETF,Bitwise,BITB,Bitwise Bitcoin ETF,BTC-USD,2025-03-11,45.21,4000.0,0.2,0.9972,50.181,17.995,83.69,85.216
1487,BITB,Bitwise Bitcoin ETF,Bitwise,BITB,Bitwise Bitcoin ETF,BTC-USD,2025-03-12,45.12,4000.0,0.2,0.9888,48.951,18.089,93.078,84.948
1488,BITB,Bitwise Bitcoin ETF,Bitwise,BITB,Bitwise Bitcoin ETF,BTC-USD,2025-03-13,43.61,4000.0,0.2,0.9897,49.317,18.088,102.268,84.841
1489,BITB,Bitwise Bitcoin ETF,Bitwise,BITB,Bitwise Bitcoin ETF,BTC-USD,2025-03-14,46.08,4000.0,0.2,1.0041,50.615,18.533,91.676,85.569
1490,BITB,Bitwise Bitcoin ETF,Bitwise,BITB,Bitwise Bitcoin ETF,BTC-USD,2025-03-17,45.99,4000.0,0.2,1.0082,49.821,18.545,97.81,85.476
1491,BITB,Bitwise Bitcoin ETF,Bitwise,BITB,Bitwise Bitcoin ETF,BTC-USD,2025-03-18,44.8,4000.0,0.2,1.0098,49.964,18.587,98.5,85.492
1492,BITB,Bitwise Bitcoin ETF,Bitwise,BITB,Bitwise Bitcoin ETF,BTC-USD,2025-03-19,46.55,4000.0,0.2,0.999,49.369,18.685,98.5,84.229
1493,BITB,Bitwise Bitcoin ETF,Bitwise,BITB,Bitwise Bitcoin ETF,BTC-USD,2025-03-20,45.81,4000.0,0.2,0.9812,48.69,18.483,108.182,83.147
1494,BITB,Bitwise Bitcoin ETF,Bitwise,BITB,Bitwise Bitcoin ETF,BTC-USD,2025-03-21,45.68,4000.0,0.2,0.9812,48.682,18.485,107.492,81.33
1495,BITB,Bitwise Bitcoin ETF,Bitwise,BITB,Bitwise Bitcoin ETF,BTC-USD,2025-03-24,48.04,4000.0,0.2,0.987,49.336,18.558,102.448,77.521
1496,BITB,Bitwise Bitcoin ETF,Bitwise,BITB,Bitwise Bitcoin ETF,BTC-USD,2025-03-25,48.0,4000.0,0.2,0.9688,47.595,18.015,106.825,74.05
1497,BITB,Bitwise Bitcoin ETF,Bitwise,BITB,Bitwise Bitcoin ETF,BTC-USD,2025-03-26,47.09,4000.0,0.2,0.9664,47.235,18.164,107.534,64.836
1498,BITB,Bitwise Bitcoin ETF,Bitwise,BITB,Bitwise Bitcoin ETF,BTC-USD,2025-03-27,47.38,4000.0,0.2,0.9685,47.219,18.141,114.096,59.988
1499,BITB,Bitwise Bitcoin ETF,Bitwise,BITB,Bitwise Bitcoin ETF,BTC-USD,2025-03-28,45.58,4000.0,0.2,0.9772,47.836,17.956,100.749,55.358
1500,BITB,Bitwise Bitcoin ETF,Bitwise,BITB,Bitwise Bitcoin ETF,BTC-USD,2025-03-31,44.88,4000.0,0.2,0.9785,47.892,17.635,95.636,51.929
1501,BITB,Bitwise Bitcoin ETF,Bitwise,BITB,Bitwise Bitcoin ETF,BTC-USD,2025-04-01,46.27,4000.0,0.2,0.9738,47.52,17.585,95.645,50.687
1502,BITB,Bitwise Bitcoin ETF,Bitwise,BITB,Bitwise Bitcoin ETF,BTC-USD,2025-04-02,47.33,4000.0,0.2,0.9419,47.722,20.651,95.645,48.918
1503,BITB,Bitwise Bitcoin ETF,Bitwise,BITB,Bitwise Bitcoin ETF,BTC-USD,2025-04-03,44.59,4000.0,0.2,0.926,48.4,24.843,95.645,48.794
1504,BITB,Bitwise Bitcoin ETF,Bitwise,BITB,Bitwise Bitcoin ETF,BTC-USD,2025-04-04,45.69,4000.0,0.2,0.9182,47.315,24.997,84.761,49.261
1505,BITB,Bitwise Bitcoin ETF,Bitwise,BITB,Bitwise Bitcoin ETF,BTC-USD,2025-04-07,42.43,4000.0,0.2,0.9404,49.326,25.325,72.918,51.033
1506,BITB,Bitwise Bitcoin ETF,Bitwise,BITB,Bitwise Bitcoin ETF,BTC-USD,2025-04-08,41.75,4000.0,0.2,0.9262,49.328,25.495,92.798,49.423
1507,BITB,Bitwise Bitcoin ETF,Bitwise,BITB,Bitwise Bitcoin ETF,BTC-USD,2025-04-09,44.77,4000.0,0.2,0.9211,51.53,25.419,91.226,52.759
1508,BITB,Bitwise Bitcoin ETF,Bitwise,BITB,Bitwise Bitcoin ETF,BTC-USD,2025-04-10,43.3,4000.0,0.2,0.9165,51.484,25.347,92.697,54.283
1509,BITB,Bitwise Bitcoin ETF,Bitwise,BITB,Bitwise Bitcoin ETF,BTC-USD,2025-04-11,45.65,4000.0,0.2,0.9295,52.269,25.383,83.507,55.255
1510,BITB,Bitwise Bitcoin ETF,Bitwise,BITB,Bitwise Bitcoin ETF,BTC-USD,2025-04-14,46.22,4000.0,0.2,0.9307,52.312,25.18,82.83,53.628
1511,BITB,Bitwise Bitcoin ETF,Bitwise,BITB,Bitwise Bitcoin ETF,BTC-USD,2025-04-15,45.74,4000.0,0.2,0.9305,51.455,25.179,81.611,52.932
1512,BITB,Bitwise Bitcoin ETF,Bitwise,BITB,Bitwise Bitcoin ETF,BTC-USD,2025-04-16,45.92,4000.0,0.2,0.9312,51.364,25.174,84.766,53.053
1513,BITB,Bitwise Bitcoin ETF,Bitwise,BITB,Bitwise Bitcoin ETF,BTC-USD,2025-04-17,46.23,4000.0,0.2,0.9324,51.33,25.157,92.895,52.467
1514,BITB,Bitwise Bitcoin ETF,Bitwise,BITB,Bitwise Bitcoin ETF,BTC-USD,2025-04-21,47.57,4000.0,0.2,0.9341,51.723,25.007,81.1,54.87
1515,BITB,Bitwise Bitcoin ETF,Bitwise,BITB,Bitwise Bitcoin ETF,BTC-USD,2025-04-22,49.8,4000.0,0.2,0.9155,52.555,25.132,81.128,59.792
1516,BITB,Bitwise Bitcoin ETF,Bitwise,BITB,Bitwise Bitcoin ETF,BTC-USD,2025-04-23,50.89,4000.0,0.2,0.9127,52.346,25.372,81.1,61.367
1517,BITB,Bitwise Bitcoin ETF,Bitwise,BITB,Bitwise Bitcoin ETF,BTC-USD,2025-04-24,50.96,4000.0,0.2,0.9132,52.349,25.348,79.399,62.777
1518,BITB,Bitwise Bitcoin ETF,Bitwise,BITB,Bitwise Bitcoin ETF,BTC-USD,2025-04-25,51.93,4000.0,0.2,0.9111,52.099,25.397,79.31,64.302
1519,BITB,Bitwise Bitcoin ETF,Bitwise,BITB,Bitwise Bitcoin ETF,BTC-USD,2025-04-28,51.59,4000.0,0.2,0.9113,52.093,25.448,72.028,65.332
1520,BITB,Bitwise Bitcoin ETF,Bitwise,BITB,Bitwise Bitcoin ETF,BTC-USD,2025-04-29,51.88,4000.0,0.2,0.9059,51.73,25.476,72.028,65.518
1521,BITB,Bitwise Bitcoin ETF,Bitwise,BITB,Bitwise Bitcoin ETF,BTC-USD,2025-04-30,51.23,4000.0,0.2,0.9067,51.783,25.564,71.894,65.746
1522,BITB,Bitwise Bitcoin ETF,Bitwise,BITB,Bitwise Bitcoin ETF,BTC-USD,2025-05-01,52.59,4000.0,0.2,0.9132,51.842,25.516,71.894,64.945
1523,BITB,Bitwise Bitcoin ETF,Bitwise,BITB,Bitwise Bitcoin ETF,BTC-USD,2025-05-02,52.81,4000.0,0.2,0.9125,51.762,25.509,71.687,64.128
1524,BITB,Bitwise Bitcoin ETF,Bitwise,BITB,Bitwise Bitcoin ETF,BTC-USD,2025-05-05,51.31,4000.0,0.2,0.9157,52.094,25.558,71.687,65.072
1525,BITB,Bitwise Bitcoin ETF,Bitwise,BITB,Bitwise Bitcoin ETF,BTC-USD,2025-05-06,51.68,4000.0,0.2,0.911,52.061,25.578,76.893,63.428
1526,BITB,Bitwise Bitcoin ETF,Bitwise,BITB,Bitwise Bitcoin ETF,BTC-USD,2025-05-07,52.38,4000.0,0.2,0.9103,52.035,25.65,76.572,59.238
1527,BITB,Bitwise Bitcoin ETF,Bitwise,BITB,Bitwise Bitcoin ETF,BTC-USD,2025-05-08,55.15,4000.0,0.2,0.9039,52.906,25.654,56.162,59.136
1528,BITB,Bitwise Bitcoin ETF,Bitwise,BITB,Bitwise Bitcoin ETF,BTC-USD,2025-05-09,56.18,4000.0,0.2,0.9033,52.911,25.986,44.391,55.267
1529,BITB,Bitwise Bitcoin ETF,Bitwise,BITB,Bitwise Bitcoin ETF,BTC-USD,2025-05-12,55.43,4000.0,0.2,0.9047,52.965,26.09,34.514,55.223
1530,BITB,Bitwise Bitcoin ETF,Bitwise,BITB,Bitwise Bitcoin ETF,BTC-USD,2025-05-13,57.07,4000.0,0.2,0.9078,53.242,26.321,35.728,54.764
1531,BITB,Bitwise Bitcoin ETF,Bitwise,BITB,Bitwise Bitcoin ETF,BTC-USD,2025-05-14,56.21,4000.0,0.2,0.9035,52.861,26.267,39.653,55.677
1532,BITB,Bitwise Bitcoin ETF,Bitwise,BITB,Bitwise Bitcoin ETF,BTC-USD,2025-05-15,56.13,4000.0,0.2,0.9016,52.704,26.213,35.324,56.809
1533,BITB,Bitwise Bitcoin ETF,Bitwise,BITB,Bitwise Bitcoin ETF,BTC-USD,2025-05-16,56.64,4000.0,0.2,0.8986,52.506,26.28,32.159,56.462
1534,BITB,Bitwise Bitcoin ETF,Bitwise,BITB,Bitwise Bitcoin ETF,BTC-USD,2025-05-19,57.45,4000.0,0.2,0.8899,51.928,26.114,26.378,57.227
1535,BITB,Bitwise Bitcoin ETF,Bitwise,BITB,Bitwise Bitcoin ETF,BTC-USD,2025-05-20,58.31,4000.0,0.2,0.923,51.944,24.732,26.358,57.152
1536,BITB,Bitwise Bitcoin ETF,Bitwise,BITB,Bitwise Bitcoin ETF,BTC-USD,2025-05-21,59.16,4000.0,0.2,0.8968,50.06,23.797,26.108,60.663
1537,BITB,Bitwise Bitcoin ETF,Bitwise,BITB,Bitwise Bitcoin ETF,BTC-USD,2025-05-22,60.51,4000.0,0.2,0.9002,49.243,23.759,25.724,62.817
1538,BITB,Bitwise Bitcoin ETF,Bitwise,BITB,Bitwise Bitcoin ETF,BTC-USD,2025-05-23,59.2,4000.0,0.2,0.8894,49.432,23.669,23.283,64.639
1539,BITB,Bitwise Bitcoin ETF,Bitwise,BITB,Bitwise Bitcoin ETF,BTC-USD,2025-05-27,59.9,4000.0,0.2,0.8907,49.439,23.505,24.64,65.829
1540,BITB,Bitwise Bitcoin ETF,Bitwise,BITB,Bitwise Bitcoin ETF,BTC-USD,2025-05-28,58.22,4000.0,0.2,0.8952,49.777,23.831,23.638,67.185
1541,BITB,Bitwise Bitcoin ETF,Bitwise,BITB,Bitwise Bitcoin ETF,BTC-USD,2025-05-29,57.45,4000.0,0.2,0.8937,49.879,23.835,23.725,72.589
1542,BITB,Bitwise Bitcoin ETF,Bitwise,BITB,Bitwise Bitcoin ETF,BTC-USD,2025-05-30,56.93,4000.0,0.2,0.8879,49.305,23.849,23.49,73.471
1543,BITB,Bitwise Bitcoin ETF,Bitwise,BITB,Bitwise Bitcoin ETF,BTC-USD,2025-06-02,56.86,4000.0,0.2,0.8813,49.163,24.05,26.32,73.234
1544,BITB,Bitwise Bitcoin ETF,Bitwise,BITB,Bitwise Bitcoin ETF,BTC-USD,2025-06-03,57.82,4000.0,0.2,0.8844,48.932,24.256,26.373,74.805
1545,BITB,Bitwise Bitcoin ETF,Bitwise,BITB,Bitwise Bitcoin ETF,BTC-USD,2025-06-04,57.14,4000.0,0.2,0.8651,44.454,24.284,26.373,73.489
1546,BITB,Bitwise Bitcoin ETF,Bitwise,BITB,Bitwise Bitcoin ETF,BTC-USD,2025-06-05,55.44,4000.0,0.2,0.8647,43.987,24.288,23.705,77.195
1547,BITB,Bitwise Bitcoin ETF,Bitwise,BITB,Bitwise Bitcoin ETF,BTC-USD,2025-06-06,56.76,4000.0,0.2,0.8661,44.164,24.149,26.664,77.64
1548,BITB,Bitwise Bitcoin ETF,Bitwise,BITB,Bitwise Bitcoin ETF,BTC-USD,2025-06-09,59.14,4000.0,0.2,0.8521,44.096,24.178,26.664,79.106
1549,BITB,Bitwise Bitcoin ETF,Bitwise,BITB,Bitwise Bitcoin ETF,BTC-USD,2025-06-10,59.6,4000.0,0.2,0.8339,42.852,23.893,26.616,80.959
1550,BITB,Bitwise Bitcoin ETF,Bitwise,BITB,Bitwise Bitcoin ETF,BTC-USD,2025-06-11,59.21,4000.0,0.2,0.8315,42.891,23.906,32.153,79.806
1551,BITB,Bitwise Bitcoin ETF,Bitwise,BITB,Bitwise Bitcoin ETF,BTC-USD,2025-06-12,58.11,4000.0,0.2,0.824,42.692,23.816,30.939,80.946
1552,BITB,Bitwise Bitcoin ETF,Bitwise,BITB,Bitwise Bitcoin ETF,BTC-USD,2025-06-13,57.22,4000.0,0.2,0.8278,42.284,23.974,26.946,82.116
1553,BITB,Bitwise Bitcoin ETF,Bitwise,BITB,Bitwise Bitcoin ETF,BTC-USD,2025-06-16,59.16,4000.0,0.2,0.8377,42.523,24.449,23.258,82.693
1554,BITB,Bitwise Bitcoin ETF,Bitwise,BITB,Bitwise Bitcoin ETF,BTC-USD,2025-06-17,56.98,4000.0,0.2,0.8499,43.357,24.806,23.305,83.734
1555,BITB,Bitwise Bitcoin ETF,Bitwise,BITB,Bitwise Bitcoin ETF,BTC-USD,2025-06-18,56.52,4000.0,0.2,0.8354,42.311,24.807,27.39,84.477
1556,BITB,Bitwise Bitcoin ETF,Bitwise,BITB,Bitwise Bitcoin ETF,BTC-USD,2025-06-20,56.22,4000.0,0.2,0.8322,42.337,24.852,32.075,84.469
1557,BITB,Bitwise Bitcoin ETF,Bitwise,BITB,Bitwise Bitcoin ETF,BTC-USD,2025-06-23,56.2,4000.0,0.2,0.8202,42.099,24.994,32.075,78.667
1558,BITB,Bitwise Bitcoin ETF,Bitwise,BITB,Bitwise Bitcoin ETF,BTC-USD,2025-06-24,57.49,4000.0,0.2,0.8207,42.289,25.291,32.122,76.214
1559,BITB,Bitwise Bitcoin ETF,Bitwise,BITB,Bitwise Bitcoin ETF,BTC-USD,2025-06-25,58.66,4000.0,0.2,0.8111,41.508,25.33,32.122,74.879
1560,BITB,Bitwise Bitcoin ETF,Bitwise,BITB,Bitwise Bitcoin ETF,BTC-USD,2025-06-26,58.53,4000.0,0.2,0.8119,41.328,25.307,32.468,72.851
1561,BITB,Bitwise Bitcoin ETF,Bitwise,BITB,Bitwise Bitcoin ETF,BTC-USD,2025-06-27,58.14,4000.0,0.2,0.8095,41.028,25.362,37.002,72.634
1562,BITB,Bitwise Bitcoin ETF,Bitwise,BITB,Bitwise Bitcoin ETF,BTC-USD,2025-06-30,58.59,4000.0,0.2,0.8566,40.848,22.942,40.656,69.502
1563,BITB,Bitwise Bitcoin ETF,Bitwise,BITB,Bitwise Bitcoin ETF,BTC-USD,2025-07-01,57.32,4000.0,0.2,0.8676,39.048,18.476,40.719,70.514
1564,BITB,Bitwise Bitcoin ETF,Bitwise,BITB,Bitwise Bitcoin ETF,BTC-USD,2025-07-02,59.74,4000.0,0.2,0.8759,39.574,18.452,38.175,74.801
1565,BITB,Bitwise Bitcoin ETF,Bitwise,BITB,Bitwise Bitcoin ETF,BTC-USD,2025-07-03,59.48,4000.0,0.2,0.8287,36.095,18.053,38.175,74.132
1566,BITB,Bitwise Bitcoin ETF,Bitwise,BITB,Bitwise Bitcoin ETF,BTC-USD,2025-07-07,58.78,4000.0,0.2,0.85,35.994,17.643,37.774,75.55
1567,BITB,Bitwise Bitcoin ETF,Bitwise,BITB,Bitwise Bitcoin ETF,BTC-USD,2025-07-08,59.18,4000.0,0.2,0.8454,33.423,17.628,34.955,73.301
1568,BITB,Bitwise Bitcoin ETF,Bitwise,BITB,Bitwise Bitcoin ETF,BTC-USD,2025-07-09,60.86,4000.0,0.2,0.8455,32.801,17.731,31.995,75.43
1569,BITB,Bitwise Bitcoin ETF,Bitwise,BITB,Bitwise Bitcoin ETF,BTC-USD,2025-07-10,61.74,4000.0,0.2,0.7936,31.353,18.037,31.809,76.247
1570,BITB,Bitwise Bitcoin ETF,Bitwise,BITB,Bitwise Bitcoin ETF,BTC-USD,2025-07-11,64.31,4000.0,0.2,0.8025,32.167,19.064,31.995,78.62
1571,BITB,Bitwise Bitcoin ETF,Bitwise,BITB,Bitwise Bitcoin ETF,BTC-USD,2025-07-14,65.25,4000.0,0.2,0.799,32.045,19.066,23.479,81.836
1572,BITB,Bitwise Bitcoin ETF,Bitwise,BITB,Bitwise Bitcoin ETF,BTC-USD,2025-07-15,63.36,4000.0,0.2,0.8143,32.851,19.34,23.479,86.357
1573,BITB,Bitwise Bitcoin ETF,Bitwise,BITB,Bitwise Bitcoin ETF,BTC-USD,2025-07-16,64.92,4000.0,0.2,0.8164,33.079,19.649,23.479,88.35
1574,BITB,Bitwise Bitcoin ETF,Bitwise,BITB,Bitwise Bitcoin ETF,BTC-USD,2025-07-17,64.76,4000.0,0.2,0.8139,32.771,19.7,28.781,87.882
1575,BITB,Bitwise Bitcoin ETF,Bitwise,BITB,Bitwise Bitcoin ETF,BTC-USD,2025-07-18,63.87,4000.0,0.2,0.8429,31.877,19.492,32.881,89.919
1576,BITB,Bitwise Bitcoin ETF,Bitwise,BITB,Bitwise Bitcoin ETF,BTC-USD,2025-07-21,63.53,4000.0,0.2,0.8446,31.723,19.116,32.927,92.217
1577,BITB,Bitwise Bitcoin ETF,Bitwise,BITB,Bitwise Bitcoin ETF,BTC-USD,2025-07-22,64.92,4000.0,0.2,0.847,31.931,19.123,29.249,94.085
1578,BITB,Bitwise Bitcoin ETF,Bitwise,BITB,Bitwise Bitcoin ETF,BTC-USD,2025-07-23,64.43,4000.0,0.2,0.8442,31.867,18.99,30.115,94.333
1579,BITB,Bitwise Bitcoin ETF,Bitwise,BITB,Bitwise Bitcoin ETF,BTC-USD,2025-07-24,64.78,4000.0,0.2,0.8413,31.798,18.954,30.213,96.035
1580,BITB,Bitwise Bitcoin ETF,Bitwise,BITB,Bitwise Bitcoin ETF,BTC-USD,2025-07-25,63.57,4000.0,0.2,0.8535,32.132,19.016,30.213,97.133
1581,BITB,Bitwise Bitcoin ETF,Bitwise,BITB,Bitwise Bitcoin ETF,BTC-USD,2025-07-28,64.22,4000.0,0.2,0.8505,31.986,18.915,28.275,98.624
1582,BITB,Bitwise Bitcoin ETF,Bitwise,BITB,Bitwise Bitcoin ETF,BTC-USD,2025-07-29,63.91,4000.0,0.2,0.8462,31.688,18.93,28.723,99.874
1583,BITB,Bitwise Bitcoin ETF,Bitwise,BITB,Bitwise Bitcoin ETF,BTC-USD,2025-07-30,63.56,4000.0,0.2,0.8472,31.738,18.96,29.683,102.844
1584,BITB,Bitwise Bitcoin ETF,Bitwise,BITB,Bitwise Bitcoin ETF,BTC-USD,2025-07-31,63.49,4000.0,0.2,0.8211,31.048,19.066,36.167,103.84
1585,BITB,Bitwise Bitcoin ETF,Bitwise,BITB,Bitwise Bitcoin ETF,BTC-USD,2025-08-01,61.51,4000.0,0.2,0.8481,31.865,19.105,36.167,106.719
1586,BITB,Bitwise Bitcoin ETF,Bitwise,BITB,Bitwise Bitcoin ETF,BTC-USD,2025-08-04,62.42,4000.0,0.2,0.8489,31.884,18.977,41.078,106.53
1587,BITB,Bitwise Bitcoin ETF,Bitwise,BITB,Bitwise Bitcoin ETF,BTC-USD,2025-08-05,61.85,4000.0,0.2,0.8559,30.319,18.957,41.078,106.327
1588,BITB,Bitwise Bitcoin ETF,Bitwise,BITB,Bitwise Bitcoin ETF,BTC-USD,2025-08-06,62.72,4000.0,0.2,0.8633,30.227,18.533,41.081,107.052
1589,BITB,Bitwise Bitcoin ETF,Bitwise,BITB,Bitwise Bitcoin ETF,BTC-USD,2025-08-07,63.98,4000.0,0.2,0.8621,30.28,18.355,41.081,108.226
1590,BITB,Bitwise Bitcoin ETF,Bitwise,BITB,Bitwise Bitcoin ETF,BTC-USD,2025-08-08,63.36,4000.0,0.2,0.8534,29.857,18.04,45.937,106.941
1591,BITB,Bitwise Bitcoin ETF,Bitwise,BITB,Bitwise Bitcoin ETF,BTC-USD,2025-08-11,64.76,4000.0,0.2,0.8545,29.925,17.975,45.937,105.158
1592,BITB,Bitwise Bitcoin ETF,Bitwise,BITB,Bitwise Bitcoin ETF,BTC-USD,2025-08-12,65.09,4000.0,0.2,0.8515,29.92,17.997,50.885,103.54
1593,BITB,Bitwise Bitcoin ETF,Bitwise,BITB,Bitwise Bitcoin ETF,BTC-USD,2025-08-13,66.87,4000.0,0.2,0.8599,30.312,17.876,50.885,101.566
1594,BITB,Bitwise Bitcoin ETF,Bitwise,BITB,Bitwise Bitcoin ETF,BTC-USD,2025-08-14,64.19,4000.0,0.2,0.875,31.504,17.887,50.885,103.249
1595,BITB,Bitwise Bitcoin ETF,Bitwise,BITB,Bitwise Bitcoin ETF,BTC-USD,2025-08-15,63.63,4000.0,0.2,0.8735,31.459,17.869,47.724,103.92
1596,BITB,Bitwise Bitcoin ETF,Bitwise,BITB,Bitwise Bitcoin ETF,BTC-USD,2025-08-18,63.26,4000.0,0.2,0.8836,31.376,17.763,43.621,101.557
1597,BITB,Bitwise Bitcoin ETF,Bitwise,BITB,Bitwise Bitcoin ETF,BTC-USD,2025-08-19,61.49,4000.0,0.2,0.8813,31.624,17.726,36.877,101.083
1598,BITB,Bitwise Bitcoin ETF,Bitwise,BITB,Bitwise Bitcoin ETF,BTC-USD,2025-08-20,62.15,4000.0,0.2,0.9095,31.353,17.503,38.988,99.141
1599,BITB,Bitwise Bitcoin ETF,Bitwise,BITB,Bitwise Bitcoin ETF,BTC-USD,2025-08-21,60.98,4000.0,0.2,0.915,31.527,17.516,43.162,98.783
1600,BITB,Bitwise Bitcoin ETF,Bitwise,BITB,Bitwise Bitcoin ETF,BTC-USD,2025-08-22,63.47,4000.0,0.2,0.9125,31.98,17.105,47.077,102.363
1601,BITB,Bitwise Bitcoin ETF,Bitwise,BITB,Bitwise Bitcoin ETF,BTC-USD,2025-08-25,60.27,4000.0,0.2,0.9109,33.662,17.086,47.077,102.004
1602,BITB,Bitwise Bitcoin ETF,Bitwise,BITB,Bitwise Bitcoin ETF,BTC-USD,2025-08-26,60.45,4000.0,0.2,0.9081,33.602,17.208,47.077,101.894
1603,BITB,Bitwise Bitcoin ETF,Bitwise,BITB,Bitwise Bitcoin ETF,BTC-USD,2025-08-27,60.97,4000.0,0.2,0.9174,33.634,17.045,42.032,100.187
1604,BITB,Bitwise Bitcoin ETF,Bitwise,BITB,Bitwise Bitcoin ETF,BTC-USD,2025-08-28,60.9,4000.0,0.2,0.9163,33.48,16.719,37.33,96.538
1605,BITB,Bitwise Bitcoin ETF,Bitwise,BITB,Bitwise Bitcoin ETF,BTC-USD,2025-08-29,58.87,4000.0,0.2,0.9139,34.136,16.67,30.811,96.579
1606,BITB,Bitwise Bitcoin ETF,Bitwise,BITB,Bitwise Bitcoin ETF,BTC-USD,2025-09-02,60.26,4000.0,0.2,0.9111,33.842,16.651,30.843,91.861
1607,BITB,Bitwise Bitcoin ETF,Bitwise,BITB,Bitwise Bitcoin ETF,BTC-USD,2025-09-03,61.05,4000.0,0.2,0.9139,33.616,16.742,26.002,92.195
1608,BITB,Bitwise Bitcoin ETF,Bitwise,BITB,Bitwise Bitcoin ETF,BTC-USD,2025-09-04,59.72,4000.0,0.2,0.9446,32.9,16.938,26.244,92.789
1609,BITB,Bitwise Bitcoin ETF,Bitwise,BITB,Bitwise Bitcoin ETF,BTC-USD,2025-09-05,60.71,4000.0,0.2,0.9442,33.033,17.214,26.244,94.081
1610,BITB,Bitwise Bitcoin ETF,Bitwise,BITB,Bitwise Bitcoin ETF,BTC-USD,2025-09-08,60.98,4000.0,0.2,0.9444,33.012,17.259,28.17,91.628
1611,BITB,Bitwise Bitcoin ETF,Bitwise,BITB,Bitwise Bitcoin ETF,BTC-USD,2025-09-09,60.57,4000.0,0.2,0.9522,32.805,17.258,25.904,91.018
1612,BITB,Bitwise Bitcoin ETF,Bitwise,BITB,Bitwise Bitcoin ETF,BTC-USD,2025-09-10,61.81,4000.0,0.2,0.9524,32.871,16.901,25.904,91.631
1613,BITB,Bitwise Bitcoin ETF,Bitwise,BITB,Bitwise Bitcoin ETF,BTC-USD,2025-09-11,62.3,4000.0,0.2,0.9425,32.218,15.934,21.868,91.494
1614,BITB,Bitwise Bitcoin ETF,Bitwise,BITB,Bitwise Bitcoin ETF,BTC-USD,2025-09-12,63.6,4000.0,0.2,0.9257,31.453,15.732,21.868,88.398
1615,BITB,Bitwise Bitcoin ETF,Bitwise,BITB,Bitwise Bitcoin ETF,BTC-USD,2025-09-15,62.73,4000.0,0.2,0.9294,31.551,15.682,21.808,84.692
1616,BITB,Bitwise Bitcoin ETF,Bitwise,BITB,Bitwise Bitcoin ETF,BTC-USD,2025-09-16,63.57,4000.0,0.2,0.9375,31.604,15.621,19.381,84.07
1617,BITB,Bitwise Bitcoin ETF,Bitwise,BITB,Bitwise Bitcoin ETF,BTC-USD,2025-09-17,62.91,4000.0,0.2,0.9606,31.704,15.226,24.588,86.884
1618,BITB,Bitwise Bitcoin ETF,Bitwise,BITB,Bitwise Bitcoin ETF,BTC-USD,2025-09-18,63.94,4000.0,0.2,0.9602,31.55,14.885,24.528,86.491
1619,BITB,Bitwise Bitcoin ETF,Bitwise,BITB,Bitwise Bitcoin ETF,BTC-USD,2025-09-19,62.61,4000.0,0.2,0.962,31.654,14.867,21.472,87.434
1620,BITB,Bitwise Bitcoin ETF,Bitwise,BITB,Bitwise Bitcoin ETF,BTC-USD,2025-09-22,61.0,4000.0,0.2,0.9639,32.134,14.868,16.495,86.424
1621,BITB,Bitwise Bitcoin ETF,Bitwise,BITB,Bitwise Bitcoin ETF,BTC-USD,2025-09-23,60.72,4000.0,0.2,0.9634,32.116,14.785,16.443,80.041
1622,BITB,Bitwise Bitcoin ETF,Bitwise,BITB,Bitwise Bitcoin ETF,BTC-USD,2025-09-24,61.71,4000.0,0.2,0.9661,32.241,14.743,16.443,77.837
1623,BITB,Bitwise Bitcoin ETF,Bitwise,BITB,Bitwise Bitcoin ETF,BTC-USD,2025-09-25,59.46,4000.0,0.2,0.9603,32.846,14.585,16.503,80.549
1624,BITB,Bitwise Bitcoin ETF,Bitwise,BITB,Bitwise Bitcoin ETF,BTC-USD,2025-09-26,59.37,4000.0,0.2,0.9404,31.731,14.314,20.751,81.191
1625,BITB,Bitwise Bitcoin ETF,Bitwise,BITB,Bitwise Bitcoin ETF,BTC-USD,2025-09-29,62.24,4000.0,0.2,0.958,33.163,14.225,20.839,84.723
1626,BITB,Bitwise Bitcoin ETF,Bitwise,BITB,Bitwise Bitcoin ETF,BTC-USD,2025-09-30,62.22,4000.0,0.2,0.9576,33.06,14.23,25.593,83.272
1627,BITB,Bitwise Bitcoin ETF,Bitwise,BITB,Bitwise Bitcoin ETF,BTC-USD,2025-10-01,63.92,4000.0,0.2,0.9401,33.468,14.386,25.593,83.585
1628,BITB,Bitwise Bitcoin ETF,Bitwise,BITB,Bitwise Bitcoin ETF,BTC-USD,2025-10-02,65.8,4000.0,0.2,0.9421,33.503,14.494,25.681,85.109
1629,BITB,Bitwise Bitcoin ETF,Bitwise,BITB,Bitwise Bitcoin ETF,BTC-USD,2025-10-03,66.82,4000.0,0.2,0.987,33.521,13.987,25.533,87.607
1630,BITB,Bitwise Bitcoin ETF,Bitwise,BITB,Bitwise Bitcoin ETF,BTC-USD,2025-10-06,68.27,4000.0,0.2,0.9734,32.775,12.541,25.533,88.297
1631,BITB,Bitwise Bitcoin ETF,Bitwise,BITB,Bitwise Bitcoin ETF,BTC-USD,2025-10-07,66.14,4000.0,0.2,0.9838,33.324,12.586,23.607,93.245
1632,BITB,Bitwise Bitcoin ETF,Bitwise,BITB,Bitwise Bitcoin ETF,BTC-USD,2025-10-08,67.12,4000.0,0.2,0.9738,32.873,12.185,27.197,94.756
1633,BITB,Bitwise Bitcoin ETF,Bitwise,BITB,Bitwise Bitcoin ETF,BTC-USD,2025-10-09,65.83,4000.0,0.2,0.9723,32.767,11.696,27.354,96.683
1634,BITB,Bitwise Bitcoin ETF,Bitwise,BITB,Bitwise Bitcoin ETF,BTC-USD,2025-10-10,63.4,4000.0,0.2,0.8909,33.67,12.871,27.46,105.345
1635,BITB,Bitwise Bitcoin ETF,Bitwise,BITB,Bitwise Bitcoin ETF,BTC-USD,2025-10-13,63.05,4000.0,0.2,0.8751,33.57,13.579,27.352,110.391
1636,BITB,Bitwise Bitcoin ETF,Bitwise,BITB,Bitwise Bitcoin ETF,BTC-USD,2025-10-14,61.25,4000.0,0.2,0.8829,34.07,13.812,27.311,116.325
1637,BITB,Bitwise Bitcoin ETF,Bitwise,BITB,Bitwise Bitcoin ETF,BTC-USD,2025-10-15,60.52,4000.0,0.2,0.8763,33.828,13.856,33.126,118.45
1638,BITB,Bitwise Bitcoin ETF,Bitwise,BITB,Bitwise Bitcoin ETF,BTC-USD,2025-10-16,58.86,4000.0,0.2,0.8821,34.243,13.924,27.919,124.332
1639,BITB,Bitwise Bitcoin ETF,Bitwise,BITB,Bitwise Bitcoin ETF,BTC-USD,2025-10-17,57.88,4000.0,0.2,0.8838,34.354,13.822,27.899,130.579
1640,BITB,Bitwise Bitcoin ETF,Bitwise,BITB,Bitwise Bitcoin ETF,BTC-USD,2025-10-20,60.29,4000.0,0.2,0.8911,35.258,13.625,27.899,132.075
1641,BITB,Bitwise Bitcoin ETF,Bitwise,BITB,Bitwise Bitcoin ETF,BTC-USD,2025-10-21,60.84,4000.0,0.2,0.8751,35.244,14.541,30.99,139.31
1642,BITB,Bitwise Bitcoin ETF,Bitwise,BITB,Bitwise Bitcoin ETF,BTC-USD,2025-10-22,58.6,4000.0,0.2,0.8812,36.027,15.869,27.08,144.654
1643,BITB,Bitwise Bitcoin ETF,Bitwise,BITB,Bitwise Bitcoin ETF,BTC-USD,2025-10-23,59.94,4000.0,0.2,0.8837,36.351,15.854,27.08,147.791
1644,BITB,Bitwise Bitcoin ETF,Bitwise,BITB,Bitwise Bitcoin ETF,BTC-USD,2025-10-24,60.16,4000.0,0.2,0.8903,36.364,15.622,31.603,145.241
1645,BITB,Bitwise Bitcoin ETF,Bitwise,BITB,Bitwise Bitcoin ETF,BTC-USD,2025-10-27,62.52,4000.0,0.2,0.8942,36.668,15.642,27.356,145.205
1646,BITB,Bitwise Bitcoin ETF,Bitwise,BITB,Bitwise Bitcoin ETF,BTC-USD,2025-10-28,61.81,4000.0,0.2,0.8946,36.62,15.647,30.287,143.989
1647,BITB,Bitwise Bitcoin ETF,Bitwise,BITB,Bitwise Bitcoin ETF,BTC-USD,2025-10-29,60.12,4000.0,0.2,0.8977,37.01,15.666,25.445,153.773
1648,BITB,Bitwise Bitcoin ETF,Bitwise,BITB,Bitwise Bitcoin ETF,BTC-USD,2025-10-30,57.83,4000.0,0.2,0.9071,37.706,16.362,25.445,159.085
1649,BITB,Bitwise Bitcoin ETF,Bitwise,BITB,Bitwise Bitcoin ETF,BTC-USD,2025-10-31,59.67,4000.0,0.2,0.9148,38.052,16.932,25.445,161.161
1650,BITB,Bitwise Bitcoin ETF,Bitwise,BITB,Bitwise Bitcoin ETF,BTC-USD,2025-11-03,57.98,4000.0,0.2,0.9167,38.432,16.927,25.447,162.04
1651,BITB,Bitwise Bitcoin ETF,Bitwise,BITB,Bitwise Bitcoin ETF,BTC-USD,2025-11-04,54.77,4000.0,0.2,0.9304,39.759,17.048,25.447,168.238
1652,BITB,Bitwise Bitcoin ETF,Bitwise,BITB,Bitwise Bitcoin ETF,BTC-USD,2025-11-05,56.48,4000.0,0.2,0.9401,40.32,17.146,31.377,166.785
1653,BITB,Bitwise Bitcoin ETF,Bitwise,BITB,Bitwise Bitcoin ETF,BTC-USD,2025-11-06,54.85,4000.0,0.2,0.9413,40.22,17.149,25.214,169.702
1654,BITB,Bitwise Bitcoin ETF,Bitwise,BITB,Bitwise Bitcoin ETF,BTC-USD,2025-11-07,56.39,4000.0,0.2,0.9451,39.937,17.222,33.273,170.428
1655,BITB,Bitwise Bitcoin ETF,Bitwise,BITB,Bitwise Bitcoin ETF,BTC-USD,2025-11-10,57.63,4000.0,0.2,0.9434,40.21,17.223,32.199,162.884
1656,BITB,Bitwise Bitcoin ETF,Bitwise,BITB,Bitwise Bitcoin ETF,BTC-USD,2025-11-11,55.88,4000.0,0.2,0.947,40.645,17.225,32.238,158.636
1657,BITB,Bitwise Bitcoin ETF,Bitwise,BITB,Bitwise Bitcoin ETF,BTC-USD,2025-11-12,55.2,4000.0,0.2,0.947,40.332,17.222,37.48,157.268
1658,BITB,Bitwise Bitcoin ETF,Bitwise,BITB,Bitwise Bitcoin ETF,BTC-USD,2025-11-13,53.25,4000.0,0.2,0.9561,40.845,17.571,31.483,163.842
1659,BITB,Bitwise Bitcoin ETF,Bitwise,BITB,Bitwise Bitcoin ETF,BTC-USD,2025-11-14,51.24,4000.0,0.2,0.9353,41.372,17.761,31.613,160.2
1660,BITB,Bitwise Bitcoin ETF,Bitwise,BITB,Bitwise Bitcoin ETF,BTC-USD,2025-11-17,49.92,4000.0,0.2,0.9324,40.655,17.741,31.613,165.708
1661,BITB,Bitwise Bitcoin ETF,Bitwise,BITB,Bitwise Bitcoin ETF,BTC-USD,2025-11-18,50.44,4000.0,0.2,0.9401,39.517,17.736,38.751,167.529
1662,BITB,Bitwise Bitcoin ETF,Bitwise,BITB,Bitwise Bitcoin ETF,BTC-USD,2025-11-19,48.62,4000.0,0.2,0.9546,40.096,18.131,35.657,169.003
1663,BITB,Bitwise Bitcoin ETF,Bitwise,BITB,Bitwise Bitcoin ETF,BTC-USD,2025-11-20,46.91,4000.0,0.2,0.9315,40.548,18.18,41.73,171.1
1664,BITB,Bitwise Bitcoin ETF,Bitwise,BITB,Bitwise Bitcoin ETF,BTC-USD,2025-11-21,45.95,4000.0,0.2,0.9383,40.679,18.038,41.691,181.766
1665,BITB,Bitwise Bitcoin ETF,Bitwise,BITB,Bitwise Bitcoin ETF,BTC-USD,2025-11-24,48.45,4000.0,0.2,0.961,41.893,18.417,37.205,184.451
1666,BITB,Bitwise Bitcoin ETF,Bitwise,BITB,Bitwise Bitcoin ETF,BTC-USD,2025-11-25,47.48,4000.0,0.2,0.9639,41.663,18.528,43.291,190.345
1667,BITB,Bitwise Bitcoin ETF,Bitwise,BITB,Bitwise Bitcoin ETF,BTC-USD,2025-11-26,48.86,4000.0,0.2,0.9558,42.056,18.461,40.397,189.941
1668,BITB,Bitwise Bitcoin ETF,Bitwise,BITB,Bitwise Bitcoin ETF,BTC-USD,2025-11-28,49.32,4000.0,0.2,0.9549,41.965,18.296,40.397,180.163
1669,BITB,Bitwise Bitcoin ETF,Bitwise,BITB,Bitwise Bitcoin ETF,BTC-USD,2025-12-01,46.47,4000.0,0.2,0.9656,43.313,18.029,40.46,178.093
1670,BITB,Bitwise Bitcoin ETF,Bitwise,BITB,Bitwise Bitcoin ETF,BTC-USD,2025-12-02,49.5,4000.0,0.2,0.9813,45.448,18.049,40.46,178.672
1671,BITB,Bitwise Bitcoin ETF,Bitwise,BITB,Bitwise Bitcoin ETF,BTC-USD,2025-12-03,50.52,4000.0,0.2,0.9796,45.704,18.052,40.46,176.652
1672,BITB,Bitwise Bitcoin ETF,Bitwise,BITB,Bitwise Bitcoin ETF,BTC-USD,2025-12-04,50.3,4000.0,0.2,0.9772,45.446,18.183,43.112,169.736
1673,BITB,Bitwise Bitcoin ETF,Bitwise,BITB,Bitwise Bitcoin ETF,BTC-USD,2025-12-05,48.55,4000.0,0.2,0.9829,45.849,18.192,37.182,168.225
1674,BITB,Bitwise Bitcoin ETF,Bitwise,BITB,Bitwise Bitcoin ETF,BTC-USD,2025-12-08,49.37,4000.0,0.2,0.9808,45.766,17.892,41.822,164.455
1675,BITB,Bitwise Bitcoin ETF,Bitwise,BITB,Bitwise Bitcoin ETF,BTC-USD,2025-12-09,50.6,4000.0,0.2,0.9822,46.099,17.825,34.905,161.754
1676,BITB,Bitwise Bitcoin ETF,Bitwise,BITB,Bitwise Bitcoin ETF,BTC-USD,2025-12-10,50.29,4000.0,0.2,0.9816,45.967,17.82,45.317,162.476
1677,BITB,Bitwise Bitcoin ETF,Bitwise,BITB,Bitwise Bitcoin ETF,BTC-USD,2025-12-11,49.89,4000.0,0.2,0.9789,45.955,17.958,45.033,166.148
1678,BITB,Bitwise Bitcoin ETF,Bitwise,BITB,Bitwise Bitcoin ETF,BTC-USD,2025-12-12,49.04,4000.0,0.2,0.9732,45.84,17.869,48.875,163.435
1679,BITB,Bitwise Bitcoin ETF,Bitwise,BITB,Bitwise Bitcoin ETF,BTC-USD,2025-12-15,46.61,4000.0,0.2,0.9788,46.7,17.852,49.159,158.835
1680,BITB,Bitwise Bitcoin ETF,Bitwise,BITB,Bitwise Bitcoin ETF,BTC-USD,2025-12-16,47.59,4000.0,0.2,0.9807,46.782,17.883,51.008,160.234
1681,BITB,Bitwise Bitcoin ETF,Bitwise,BITB,Bitwise Bitcoin ETF,BTC-USD,2025-12-17,46.63,4000.0,0.2,0.9812,46.9,17.879,53.225,149.213
1682,BITB,Bitwise Bitcoin ETF,Bitwise,BITB,Bitwise Bitcoin ETF,BTC-USD,2025-12-18,45.93,4000.0,0.2,0.9799,46.752,17.9,60.554,150.602
1683,BITB,Bitwise Bitcoin ETF,Bitwise,BITB,Bitwise Bitcoin ETF,BTC-USD,2025-12-19,47.8,4000.0,0.2,0.9884,47.149,18.027,67.741,145.878
1684,BITB,Bitwise Bitcoin ETF,Bitwise,BITB,Bitwise Bitcoin ETF,BTC-USD,2025-12-22,47.97,4000.0,0.2,0.9899,47.17,17.972,62.086,142.725
1685,BITB,Bitwise Bitcoin ETF,Bitwise,BITB,Bitwise Bitcoin ETF,BTC-USD,2025-12-23,47.61,4000.0,0.2,0.9829,45.973,17.933,62.086,133.527
1686,BITB,Bitwise Bitcoin ETF,Bitwise,BITB,Bitwise Bitcoin ETF,BTC-USD,2025-12-24,47.4,4000.0,0.2,0.9817,45.965,17.968,64.531,128.555
1687,BITB,Bitwise Bitcoin ETF,Bitwise,BITB,Bitwise Bitcoin ETF,BTC-USD,2025-12-26,47.54,4000.0,0.2,0.9945,45.523,17.911,59.344,123.903
1688,BITB,Bitwise Bitcoin ETF,Bitwise,BITB,Bitwise Bitcoin ETF,BTC-USD,2025-12-29,47.31,4000.0,0.2,0.9877,44.971,17.704,62.463,122.323
1689,BITB,Bitwise Bitcoin ETF,Bitwise,BITB,Bitwise Bitcoin ETF,BTC-USD,2025-12-30,47.73,4000.0,0.2,0.9838,44.861,17.723,62.319,125.306
1690,BITB,Bitwise Bitcoin ETF,Bitwise,BITB,Bitwise Bitcoin ETF,BTC-USD,2025-12-31,47.56,4000.0,0.2,0.9817,44.508,17.78,63.801,122.795
1691,BITB,Bitwise Bitcoin ETF,Bitwise,BITB,Bitwise Bitcoin ETF,BTC-USD,2026-01-02,48.8,4000.0,0.2,0.9781,44.649,17.754,63.801,126.227
1692,BITB,Bitwise Bitcoin ETF,Bitwise,BITB,Bitwise Bitcoin ETF,BTC-USD,2026-01-05,51.21,4000.0,0.2,0.9855,45.796,17.803,63.801,133.447
1693,BITB,Bitwise Bitcoin ETF,Bitwise,BITB,Bitwise Bitcoin ETF,BTC-USD,2026-01-06,50.25,4000.0,0.2,0.9831,45.789,18.1,66.013,136.758
1694,BITB,Bitwise Bitcoin ETF,Bitwise,BITB,Bitwise Bitcoin ETF,BTC-USD,2026-01-07,49.41,4000.0,0.2,1.0381,45.344,17.331,65.98,139.277
1695,BITB,Bitwise Bitcoin ETF,Bitwise,BITB,Bitwise Bitcoin ETF,BTC-USD,2026-01-08,49.35,4000.0,0.2,1.0519,45.347,16.809,61.382,139.437
1696,BITB,Bitwise Bitcoin ETF,Bitwise,BITB,Bitwise Bitcoin ETF,BTC-USD,2026-01-09,49.0,4000.0,0.2,1.0483,45.055,16.627,64.705,140.18
1697,BITB,Bitwise Bitcoin ETF,Bitwise,BITB,Bitwise Bitcoin ETF,BTC-USD,2026-01-12,49.69,4000.0,0.2,1.0546,45.165,16.624,61.909,142.413
1698,BITB,Bitwise Bitcoin ETF,Bitwise,BITB,Bitwise Bitcoin ETF,BTC-USD,2026-01-13,51.34,4000.0,0.2,1.0362,45.462,16.781,62.024,141.388
1699,BITB,Bitwise Bitcoin ETF,Bitwise,BITB,Bitwise Bitcoin ETF,BTC-USD,2026-01-14,53.08,4000.0,0.2,1.0436,45.937,17.102,52.939,143.693
1700,BITB,Bitwise Bitcoin ETF,Bitwise,BITB,Bitwise Bitcoin ETF,BTC-USD,2026-01-15,51.72,4000.0,0.2,1.0461,45.349,17.181,57.267,142.988
1701,BITB,Bitwise Bitcoin ETF,Bitwise,BITB,Bitwise Bitcoin ETF,BTC-USD,2026-01-16,51.9,4000.0,0.2,1.0596,45.302,16.307,55.019,140.754
1702,BITB,Bitwise Bitcoin ETF,Bitwise,BITB,Bitwise Bitcoin ETF,BTC-USD,2026-01-20,48.63,4000.0,0.2,1.0248,46.543,15.37,53.015,142.814
1703,BITB,Bitwise Bitcoin ETF,Bitwise,BITB,Bitwise Bitcoin ETF,BTC-USD,2026-01-21,48.95,4000.0,0.2,1.0227,46.28,15.399,38.419,141.51
1704,BITB,Bitwise Bitcoin ETF,Bitwise,BITB,Bitwise Bitcoin ETF,BTC-USD,2026-01-22,48.55,4000.0,0.2,1.0233,46.266,15.49,35.375,139.117
1705,BITB,Bitwise Bitcoin ETF,Bitwise,BITB,Bitwise Bitcoin ETF,BTC-USD,2026-01-23,48.59,4000.0,0.2,1.0155,45.441,15.206,39.21,137.147
1706,BITB,Bitwise Bitcoin ETF,Bitwise,BITB,Bitwise Bitcoin ETF,BTC-USD,2026-01-26,47.55,4000.0,0.2,1.0171,45.558,15.27,39.318,135.402
1707,BITB,Bitwise Bitcoin ETF,Bitwise,BITB,Bitwise Bitcoin ETF,BTC-USD,2026-01-27,48.51,4000.0,0.2,1.0199,45.563,15.41,42.612,139.154
1708,BITB,Bitwise Bitcoin ETF,Bitwise,BITB,Bitwise Bitcoin ETF,BTC-USD,2026-01-28,48.38,4000.0,0.2,1.0126,44.967,14.596,41.675,139.837
1709,BITB,Bitwise Bitcoin ETF,Bitwise,BITB,Bitwise Bitcoin ETF,BTC-USD,2026-01-29,45.67,4000.0,0.2,1.0101,45.758,13.959,38.279,148.177
1710,BITB,Bitwise Bitcoin ETF,Bitwise,BITB,Bitwise Bitcoin ETF,BTC-USD,2026-01-30,45.51,4000.0,0.2,1.0098,45.477,13.952,38.279,151.392
1711,BITB,Bitwise Bitcoin ETF,Bitwise,BITB,Bitwise Bitcoin ETF,BTC-USD,2026-02-02,42.34,4000.0,0.2,1.0077,46.334,13.747,36.769,160.346
1712,BITB,Bitwise Bitcoin ETF,Bitwise,BITB,Bitwise Bitcoin ETF,BTC-USD,2026-02-03,41.47,4000.0,0.2,0.9884,45.871,14.123,36.736,169.625
1713,BITB,Bitwise Bitcoin ETF,Bitwise,BITB,Bitwise Bitcoin ETF,BTC-USD,2026-02-04,39.84,4000.0,0.2,0.99,46.167,14.119,40.374,165.89
1714,BITB,Bitwise Bitcoin ETF,Bitwise,BITB,Bitwise Bitcoin ETF,BTC-USD,2026-02-05,34.56,4000.0,0.2,0.9682,53.517,14.051,35.5,176.653
1715,BITB,Bitwise Bitcoin ETF,Bitwise,BITB,Bitwise Bitcoin ETF,BTC-USD,2026-02-06,38.04,4000.0,0.2,0.9412,57.314,14.382,41.81,176.616
1716,BITB,Bitwise Bitcoin ETF,Bitwise,BITB,Bitwise Bitcoin ETF,BTC-USD,2026-02-09,38.44,4000.0,0.2,0.9404,57.202,14.757,54.01,180.36
1717,BITB,Bitwise Bitcoin ETF,Bitwise,BITB,Bitwise Bitcoin ETF,BTC-USD,2026-02-10,37.35,4000.0,0.2,0.942,57.376,14.923,52.462,181.345
1718,BITB,Bitwise Bitcoin ETF,Bitwise,BITB,Bitwise Bitcoin ETF,BTC-USD,2026-02-11,36.69,4000.0,0.2,0.9374,57.099,14.556,44.879,178.915
1719,BITB,Bitwise Bitcoin ETF,Bitwise,BITB,Bitwise Bitcoin ETF,BTC-USD,2026-02-12,35.5,4000.0,0.2,0.9469,56.977,15.026,59.829,178.477
1720,BITB,Bitwise Bitcoin ETF,Bitwise,BITB,Bitwise Bitcoin ETF,BTC-USD,2026-02-13,37.35,4000.0,0.2,0.9542,57.995,15.279,59.829,177.127
1721,BITB,Bitwise Bitcoin ETF,Bitwise,BITB,Bitwise Bitcoin ETF,BTC-USD,2026-02-17,36.79,4000.0,0.2,0.9531,57.945,15.297,58.932,176.36
1722,BITB,Bitwise Bitcoin ETF,Bitwise,BITB,Bitwise Bitcoin ETF,BTC-USD,2026-02-18,35.96,4000.0,0.2,0.9512,57.691,14.723,67.791,173.563
1723,BITB,Bitwise Bitcoin ETF,Bitwise,BITB,Bitwise Bitcoin ETF,BTC-USD,2026-02-19,36.45,4000.0,0.2,0.9623,57.453,14.458,71.597,170.262
1724,BITB,Bitwise Bitcoin ETF,Bitwise,BITB,Bitwise Bitcoin ETF,BTC-USD,2026-02-20,36.79,4000.0,0.2,0.9603,57.414,14.484,71.597,171.667
1725,BITB,Bitwise Bitcoin ETF,Bitwise,BITB,Bitwise Bitcoin ETF,BTC-USD,2026-02-23,35.01,4000.0,0.2,0.951,56.935,14.01,67.966,174.356
1726,BITB,Bitwise Bitcoin ETF,Bitwise,BITB,Bitwise Bitcoin ETF,BTC-USD,2026-02-24,35.01,4000.0,0.2,0.95,56.861,13.957,63.779,173.851
1727,BITB,Bitwise Bitcoin ETF,Bitwise,BITB,Bitwise Bitcoin ETF,BTC-USD,2026-02-25,37.59,4000.0,0.2,0.9646,58.576,14.212,63.792,175.459
1728,BITB,Bitwise Bitcoin ETF,Bitwise,BITB,Bitwise Bitcoin ETF,BTC-USD,2026-02-26,36.65,4000.0,0.2,0.9647,58.66,14.671,65.235,177.692
1729,BITB,Bitwise Bitcoin ETF,Bitwise,BITB,Bitwise Bitcoin ETF,BTC-USD,2026-02-27,35.63,4000.0,0.2,0.9604,57.76,14.587,65.315,176.408
1730,BITB,Bitwise Bitcoin ETF,Bitwise,BITB,Bitwise Bitcoin ETF,BTC-USD,2026-03-02,37.56,4000.0,0.2,0.9604,57.277,14.693,65.235,177.189
1731,BITB,Bitwise Bitcoin ETF,Bitwise,BITB,Bitwise Bitcoin ETF,BTC-USD,2026-03-03,37.06,4000.0,0.2,0.9614,57.066,14.748,79.284,179.353
1732,BITB,Bitwise Bitcoin ETF,Bitwise,BITB,Bitwise Bitcoin ETF,BTC-USD,2026-03-04,39.72,4000.0,0.2,0.9703,59.072,14.701,79.284,176.799
1733,BITB,Bitwise Bitcoin ETF,Bitwise,BITB,Bitwise Bitcoin ETF,BTC-USD,2026-03-05,38.7,4000.0,0.2,0.9686,58.889,14.656,80.688,166.984
1734,BITB,Bitwise Bitcoin ETF,Bitwise,BITB,Bitwise Bitcoin ETF,BTC-USD,2026-03-06,36.98,4000.0,0.2,0.971,59.342,14.728,77.294,163.828
1735,BITB,Bitwise Bitcoin ETF,Bitwise,BITB,Bitwise Bitcoin ETF,BTC-USD,2026-03-09,37.5,4000.0,0.2,0.9711,59.156,14.868,77.824,153.66
1736,BITB,Bitwise Bitcoin ETF,Bitwise,BITB,Bitwise Bitcoin ETF,BTC-USD,2026-03-10,38.05,4000.0,0.2,0.969,59.291,14.932,72.069,154.415
1737,BITB,Bitwise Bitcoin ETF,Bitwise,BITB,Bitwise Bitcoin ETF,BTC-USD,2026-03-11,38.37,4000.0,0.2,0.971,59.346,14.707,67.76,152.386
1738,BITB,Bitwise Bitcoin ETF,Bitwise,BITB,Bitwise Bitcoin ETF,BTC-USD,2026-03-12,38.27,4000.0,0.2,0.972,59.287,14.71,66.491,151.365
1739,BITB,Bitwise Bitcoin ETF,Bitwise,BITB,Bitwise Bitcoin ETF,BTC-USD,2026-03-13,38.67,4000.0,0.2,0.9683,58.551,14.632,66.394,157.153
1740,BITB,Bitwise Bitcoin ETF,Bitwise,BITB,Bitwise Bitcoin ETF,BTC-USD,2026-03-16,40.18,4000.0,0.2,0.9581,58.965,14.841,51.444,158.952
1741,BITB,Bitwise Bitcoin ETF,Bitwise,BITB,Bitwise Bitcoin ETF,BTC-USD,2026-03-17,40.51,4000.0,0.2,0.9553,58.892,15.411,55.353,159.365
1742,BITB,Bitwise Bitcoin ETF,Bitwise,BITB,Bitwise Bitcoin ETF,BTC-USD,2026-03-18,38.58,4000.0,0.2,0.9604,59.604,15.588,51.573,158.699
1743,BITB,Bitwise Bitcoin ETF,Bitwise,BITB,Bitwise Bitcoin ETF,BTC-USD,2026-03-19,38.16,4000.0,0.2,0.9547,58.952,15.525,43.099,159.247
1744,BITB,Bitwise Bitcoin ETF,Bitwise,BITB,Bitwise Bitcoin ETF,BTC-USD,2026-03-20,38.13,4000.0,0.2,0.9534,58.936,15.639,44.302,159.585
1745,BITB,Bitwise Bitcoin ETF,Bitwise,BITB,Bitwise Bitcoin ETF,BTC-USD,2026-03-23,38.38,4000.0,0.2,0.954,58.968,15.613,44.302,154.448
1746,BITB,Bitwise Bitcoin ETF,Bitwise,BITB,Bitwise Bitcoin ETF,BTC-USD,2026-03-24,37.65,4000.0,0.2,0.9548,59.055,15.811,44.302,151.898
1747,BITB,Bitwise Bitcoin ETF,Bitwise,BITB,Bitwise Bitcoin ETF,BTC-USD,2026-03-25,38.47,4000.0,0.2,0.9567,59.269,15.915,44.302,151.117
1748,BITB,Bitwise Bitcoin ETF,Bitwise,BITB,Bitwise Bitcoin ETF,BTC-USD,2026-03-26,37.21,4000.0,0.2,0.9563,59.582,15.905,44.302,148.712
1749,BITB,Bitwise Bitcoin ETF,Bitwise,BITB,Bitwise Bitcoin ETF,BTC-USD,2026-03-27,35.84,4000.0,0.2,0.9584,59.912,15.872,36.828,144.591
1750,BITB,Bitwise Bitcoin ETF,Bitwise,BITB,Bitwise Bitcoin ETF,BTC-USD,2026-03-30,36.11,4000.0,0.2,0.9591,59.964,15.819,36.689,144.814
1751,BITB,Bitwise Bitcoin ETF,Bitwise,BITB,Bitwise Bitcoin ETF,BTC-USD,2026-03-31,36.81,4000.0,0.2,0.9585,59.838,15.827,44.452,137.61
1752,BITB,Bitwise Bitcoin ETF,Bitwise,BITB,Bitwise Bitcoin ETF,BTC-USD,2026-04-01,37.01,4000.0,0.2,0.9544,58.856,15.857,30.403,128.53
1753,BITB,Bitwise Bitcoin ETF,Bitwise,BITB,Bitwise Bitcoin ETF,BTC-USD,2026-04-02,36.39,4000.0,0.2,0.9552,58.838,15.444,30.403,119.58
1754,BITB,Bitwise Bitcoin ETF,Bitwise,BITB,Bitwise Bitcoin ETF,BTC-USD,2026-04-06,37.87,4000.0,0.2,0.9622,59.51,15.492,28.999,112.603
1755,BITB,Bitwise Bitcoin ETF,Bitwise,BITB,Bitwise Bitcoin ETF,BTC-USD,2026-04-07,37.47,4000.0,0.2,0.9328,59.519,18.761,28.999,110.283
1756,BITB,Bitwise Bitcoin ETF,Bitwise,BITB,Bitwise Bitcoin ETF,BTC-USD,2026-04-08,38.74,4000.0,0.2,0.9289,60.021,20.867,28.66,104.274
1757,BITB,Bitwise Bitcoin ETF,Bitwise,BITB,Bitwise Bitcoin ETF,BTC-USD,2026-04-09,39.18,4000.0,0.2,0.9284,59.989,20.839,40.577,98.835
1758,BITB,Bitwise Bitcoin ETF,Bitwise,BITB,Bitwise Bitcoin ETF,BTC-USD,2026-04-10,39.82,4000.0,0.2,0.9334,59.654,20.654,32.776,95.727
1759,BITB,Bitwise Bitcoin ETF,Bitwise,BITB,Bitwise Bitcoin ETF,BTC-USD,2026-04-13,39.85,4000.0,0.2,0.9236,59.149,20.733,36.911,93.179
1760,BITB,Bitwise Bitcoin ETF,Bitwise,BITB,Bitwise Bitcoin ETF,BTC-USD,2026-04-14,40.35,4000.0,0.2,0.9222,59.086,20.882,36.911,87.119
1761,BITB,Bitwise Bitcoin ETF,Bitwise,BITB,Bitwise Bitcoin ETF,BTC-USD,2026-04-15,40.76,4000.0,0.2,0.9224,59.138,20.874,41.674,81.87
1762,BITB,Bitwise Bitcoin ETF,Bitwise,BITB,Bitwise Bitcoin ETF,BTC-USD,2026-04-16,40.94,4000.0,0.2,0.9298,57.773,20.631,46.139,78.368
1763,BITB,Bitwise Bitcoin ETF,Bitwise,BITB,Bitwise Bitcoin ETF,BTC-USD,2026-04-17,42.09,4000.0,0.2,0.932,58.082,20.611,46.049,82.231
1764,BITB,Bitwise Bitcoin ETF,Bitwise,BITB,Bitwise Bitcoin ETF,BTC-USD,2026-04-20,41.46,4000.0,0.2,0.9323,58.128,20.521,46.139,80.131
1765,BITB,Bitwise Bitcoin ETF,Bitwise,BITB,Bitwise Bitcoin ETF,BTC-USD,2026-04-21,40.76,4000.0,0.2,0.9297,58.197,21.06,50.349,78.58
1766,BITB,Bitwise Bitcoin ETF,Bitwise,BITB,Bitwise Bitcoin ETF,BTC-USD,2026-04-22,42.84,4000.0,0.2,0.9376,59.051,21.741,50.783,77.94
1767,BITB,Bitwise Bitcoin ETF,Bitwise,BITB,Bitwise Bitcoin ETF,BTC-USD,2026-04-23,42.23,4000.0,0.2,0.9354,58.93,21.869,50.36,77.62
1768,BITB,Bitwise Bitcoin ETF,Bitwise,BITB,Bitwise Bitcoin ETF,BTC-USD,2026-04-24,42.18,4000.0,0.2,0.9346,58.931,21.926,54.034,77.935
1769,BITB,Bitwise Bitcoin ETF,Bitwise,BITB,Bitwise Bitcoin ETF,BTC-USD,2026-04-27,41.75,4000.0,0.2,0.9294,57.819,21.995,56.696,76.911
1770,BITB,Bitwise Bitcoin ETF,Bitwise,BITB,Bitwise Bitcoin ETF,BTC-USD,2026-04-28,41.45,4000.0,0.2,0.9287,57.829,22.016,56.696,74.404
1771,BITB,Bitwise Bitcoin ETF,Bitwise,BITB,Bitwise Bitcoin ETF,BTC-USD,2026-04-29,40.98,4000.0,0.2,0.9199,55.97,22.013,58.858,73.065
1772,BITB,Bitwise Bitcoin ETF,Bitwise,BITB,Bitwise Bitcoin ETF,BTC-USD,2026-04-30,41.48,4000.0,0.2,0.9292,55.868,21.715,52.43,69.795
1773,BITB,Bitwise Bitcoin ETF,Bitwise,BITB,Bitwise Bitcoin ETF,BTC-USD,2026-05-01,42.59,4000.0,0.2,0.9267,55.49,21.703,52.441,70.518
1774,BITB,Bitwise Bitcoin ETF,Bitwise,BITB,Bitwise Bitcoin ETF,BTC-USD,2026-05-04,43.48,4000.0,0.2,0.9237,46.901,21.677,52.441,70.153
1775,BITB,Bitwise Bitcoin ETF,Bitwise,BITB,Bitwise Bitcoin ETF,BTC-USD,2026-05-05,44.32,4000.0,0.2,0.9704,42.931,21.477,52.441,69.258
1776,BITB,Bitwise Bitcoin ETF,Bitwise,BITB,Bitwise Bitcoin ETF,BTC-USD,2026-05-06,44.22,4000.0,0.2,0.9736,42.91,21.289,53.82,68.291
1777,BITB,Bitwise Bitcoin ETF,Bitwise,BITB,Bitwise Bitcoin ETF,BTC-USD,2026-05-07,43.52,4000.0,0.2,0.9665,42.593,21.172,53.82,68.011
1778,BITB,Bitwise Bitcoin ETF,Bitwise,BITB,Bitwise Bitcoin ETF,BTC-USD,2026-05-08,43.54,4000.0,0.2,0.9734,42.384,21.126,45.457,66.19
1779,BITB,Bitwise Bitcoin ETF,Bitwise,BITB,Bitwise Bitcoin ETF,BTC-USD,2026-05-11,44.51,4000.0,0.2,0.9652,41.894,20.631,45.457,66.052
1780,BITB,Bitwise Bitcoin ETF,Bitwise,BITB,Bitwise Bitcoin ETF,BTC-USD,2026-05-12,43.87,4000.0,0.2,0.9508,40.888,20.449,40.171,65.543
1781,BITB,Bitwise Bitcoin ETF,Bitwise,BITB,Bitwise Bitcoin ETF,BTC-USD,2026-05-13,43.22,4000.0,0.2,0.9539,40.885,20.435,40.171,63.947
1782,BITB,Bitwise Bitcoin ETF,Bitwise,BITB,Bitwise Bitcoin ETF,BTC-USD,2026-05-14,44.22,4000.0,0.2,0.9502,40.74,20.373,35.617,65.075
1783,BITB,Bitwise Bitcoin ETF,Bitwise,BITB,Bitwise Bitcoin ETF,BTC-USD,2026-05-15,42.95,4000.0,0.2,0.9542,41.224,20.374,27.245,65.059
1784,BITB,Bitwise Bitcoin ETF,Bitwise,BITB,Bitwise Bitcoin ETF,BTC-USD,2026-05-18,41.73,4000.0,0.2,0.9592,41.702,20.348,27.395,60.311
1785,BITB,Bitwise Bitcoin ETF,Bitwise,BITB,Bitwise Bitcoin ETF,BTC-USD,2026-05-19,41.68,4000.0,0.2,0.9578,40.296,20.348,32.13,58.993
1786,BITB,Bitwise Bitcoin ETF,Bitwise,BITB,Bitwise Bitcoin ETF,BTC-USD,2026-05-20,42.15,4000.0,0.2,0.9611,40.327,20.29,22.222,57.783
1787,BITB,Bitwise Bitcoin ETF,Bitwise,BITB,Bitwise Bitcoin ETF,BTC-USD,2026-05-21,42.14,4000.0,0.2,0.9312,37.756,20.072,26.726,56.248
1788,BITB,Bitwise Bitcoin ETF,Bitwise,BITB,Bitwise Bitcoin ETF,BTC-USD,2026-05-22,41.14,4000.0,0.2,0.924,37.717,19.72,26.893,55.027
1789,BITB,Bitwise Bitcoin ETF,Bitwise,BITB,Bitwise Bitcoin ETF,BTC-USD,2026-05-26,41.21,4000.0,0.2,0.9176,37.19,19.691,30.509,56.493
1790,BITB,Bitwise Bitcoin ETF,Bitwise,BITB,Bitwise Bitcoin ETF,BTC-USD,2026-05-27,40.66,4000.0,0.2,0.8934,35.813,19.57,27.919,55.784
1791,BITB,Bitwise Bitcoin ETF,Bitwise,BITB,Bitwise Bitcoin ETF,BTC-USD,2026-05-28,39.82,4000.0,0.2,0.8963,35.976,19.656,28.078,57.404
1792,BITB,Bitwise Bitcoin ETF,Bitwise,BITB,Bitwise Bitcoin ETF,BTC-USD,2026-05-29,39.87,4000.0,0.2,0.8598,33.057,19.588,31.222,57.444
1793,BITB,Bitwise Bitcoin ETF,Bitwise,BITB,Bitwise Bitcoin ETF,BTC-USD,2026-06-01,38.81,4000.0,0.2,0.8588,33.089,19.594,29.914,59.316
1794,BITB,Bitwise Bitcoin ETF,Bitwise,BITB,Bitwise Bitcoin ETF,BTC-USD,2026-06-02,36.49,4000.0,0.2,0.8515,34.188,19.554,29.914,60.383
1795,BITB,Bitwise Bitcoin ETF,Bitwise,BITB,Bitwise Bitcoin ETF,BTC-USD,2026-06-03,35.49,4000.0,0.2,0.839,34.517,19.49,29.914,60.636
1796,BITB,Bitwise Bitcoin ETF,Bitwise,BITB,Bitwise Bitcoin ETF,BTC-USD,2026-06-04,34.51,4000.0,0.2,0.8442,34.803,20.114,29.741,62.988
1797,BITB,Bitwise Bitcoin ETF,Bitwise,BITB,Bitwise Bitcoin ETF,BTC-USD,2026-06-05,32.74,4000.0,0.2,0.8634,36.27,20.246,28.535,68.283
1798,BITB,Bitwise Bitcoin ETF,Bitwise,BITB,Bitwise Bitcoin ETF,BTC-USD,2026-06-08,34.4,4000.0,0.2,0.8889,37.809,20.579,28.553,68.462
1799,BITB,Bitwise Bitcoin ETF,Bitwise,BITB,Bitwise Bitcoin ETF,BTC-USD,2026-06-09,33.68,4000.0,0.2,0.8879,37.928,20.56,25.032,70.919
1800,BITB,Bitwise Bitcoin ETF,Bitwise,BITB,Bitwise Bitcoin ETF,BTC-USD,2026-06-10,33.61,4000.0,0.2,0.9064,36.972,20.396,27.526,71.208
1801,BITB,Bitwise Bitcoin ETF,Bitwise,BITB,Bitwise Bitcoin ETF,BTC-USD,2026-06-11,34.51,4000.0,0.2,0.908,37.394,19.964,27.545,71.486
1802,BITB,Bitwise Bitcoin ETF,Bitwise,BITB,Bitwise Bitcoin ETF,BTC-USD,2026-06-12,34.52,4000.0,0.2,0.8889,36.139,19.784,28.12,71.511
1803,BITB,Bitwise Bitcoin ETF,Bitwise,BITB,Bitwise Bitcoin ETF,BTC-USD,2026-06-15,36.15,4000.0,0.2,0.9056,37.397,19.797,28.281,69.948
1804,BITB,Bitwise Bitcoin ETF,Bitwise,BITB,Bitwise Bitcoin ETF,BTC-USD,2026-06-16,35.63,4000.0,0.2,0.9102,37.5,19.737,28.281,67.899
1805,BITB,Bitwise Bitcoin ETF,Bitwise,BITB,Bitwise Bitcoin ETF,BTC-USD,2026-06-17,34.86,4000.0,0.2,0.9128,37.703,19.761,31.278,67.174
1806,BITB,Bitwise Bitcoin ETF,Bitwise,BITB,Bitwise Bitcoin ETF,BTC-USD,2026-06-18,34.13,4000.0,0.2,0.9104,37.744,19.56,26.542,68.967
1807,BITB,Bitwise Bitcoin ETF,Bitwise,BITB,Bitwise Bitcoin ETF,BTC-USD,2026-06-22,34.97,4000.0,0.2,0.9111,37.821,19.522,26.72,69.076
1808,BITB,Bitwise Bitcoin ETF,Bitwise,BITB,Bitwise Bitcoin ETF,BTC-USD,2026-06-23,33.84,4000.0,0.2,0.9198,37.805,19.732,22.051,68.848
1809,BITB,Bitwise Bitcoin ETF,Bitwise,BITB,Bitwise Bitcoin ETF,BTC-USD,2026-06-24,32.48,4000.0,0.2,0.9294,37.954,19.981,22.051,71.171
1810,BITB,Bitwise Bitcoin ETF,Bitwise,BITB,Bitwise Bitcoin ETF,BTC-USD,2026-06-25,32.12,4000.0,0.2,0.9227,37.954,20.056,21.67,71.705
1811,BITB,Bitwise Bitcoin ETF,Bitwise,BITB,Bitwise Bitcoin ETF,BTC-USD,2026-06-26,32.37,4000.0,0.2,0.9251,37.754,20.065,30.155,72.395
1812,BITB,Bitwise Bitcoin ETF,Bitwise,BITB,Bitwise Bitcoin ETF,BTC-USD,2026-06-29,32.74,4000.0,0.2,0.9265,37.824,20.101,41.696,72.01
1813,BITB,Bitwise Bitcoin ETF,Bitwise,BITB,Bitwise Bitcoin ETF,BTC-USD,2026-06-30,31.86,4000.0,0.2,0.9284,38.057,20.105,36.497,71.749
1814,BITB,Bitwise Bitcoin ETF,Bitwise,BITB,Bitwise Bitcoin ETF,BTC-USD,2026-07-01,32.55,4000.0,0.2,0.9129,37.367,19.941,36.527,70.876
1815,BITB,Bitwise Bitcoin ETF,Bitwise,BITB,Bitwise Bitcoin ETF,BTC-USD,2026-07-02,33.35,4000.0,0.2,1.0023,37.727,16.894,36.527,68.897
1816,BITB,Bitwise Bitcoin ETF,Bitwise,BITB,Bitwise Bitcoin ETF,BTC-USD,2026-07-06,34.58,4000.0,0.2,1.0106,37.847,14.248,38.086,68.49
1817,BITB,Bitwise Bitcoin ETF,Bitwise,BITB,Bitwise Bitcoin ETF,BTC-USD,2026-07-07,34.63,4000.0,0.2,1.0058,37.754,14.48,41.423,65.881
1818,BITB,Bitwise Bitcoin ETF,Bitwise,BITB,Bitwise Bitcoin ETF,BTC-USD,2026-07-08,33.77,4000.0,0.2,1.0104,37.851,14.571,41.918,60.379
1819,BITB,Bitwise Bitcoin ETF,Bitwise,BITB,Bitwise Bitcoin ETF,BTC-USD,2026-07-09,34.31,4000.0,0.2,1.0274,38.036,14.106,41.918,58.82
1820,BITB,Bitwise Bitcoin ETF,Bitwise,BITB,Bitwise Bitcoin ETF,BTC-USD,2026-07-10,34.7,4000.0,0.2,1.0258,38.018,13.697,42.018,56.264
1821,BITB,Bitwise Bitcoin ETF,Bitwise,BITB,Bitwise Bitcoin ETF,BTC-USD,2026-07-13,33.78,4000.0,0.2,1.0217,38.248,13.711,39.567,55.097
1822,BITB,Bitwise Bitcoin ETF,Bitwise,BITB,Bitwise Bitcoin ETF,BTC-USD,2026-07-14,35.05,4000.0,0.2,1.0119,39.092,13.761,39.567,54.94
1823,BITB,Bitwise Bitcoin ETF,Bitwise,BITB,Bitwise Bitcoin ETF,BTC-USD,2026-07-15,35.25,4000.0,0.2,1.0101,38.621,13.893,38.991,52.781
1824,BITB,Bitwise Bitcoin ETF,Bitwise,BITB,Bitwise Bitcoin ETF,BTC-USD,2026-07-16,34.88,4000.0,0.2,1.0093,38.571,13.923,38.991,51.536
1825,BITB,Bitwise Bitcoin ETF,Bitwise,BITB,Bitwise Bitcoin ETF,BTC-USD,2026-07-17,34.82,4000.0,0.2,1.016,38.459,13.135,38.93,52.03
1826,BITB,Bitwise Bitcoin ETF,Bitwise,BITB,Bitwise Bitcoin ETF,BTC-USD,2026-07-20,35.35,4000.0,0.2,0.9884,37.073,11.857,35.933,51.145
1827,BITB,Bitwise Bitcoin ETF,Bitwise,BITB,Bitwise Bitcoin ETF,BTC-USD,2026-07-21,36.07,4000.0,0.2,0.9911,37.304,11.474,35.994,49.646
1828,BITB,Bitwise Bitcoin ETF,Bitwise,BITB,Bitwise Bitcoin ETF,BTC-USD,2026-07-22,35.78,4000.0,0.2,0.9937,37.319,11.322,35.933,48.73
1829,BITB,Bitwise Bitcoin ETF,Bitwise,BITB,Bitwise Bitcoin ETF,BTC-USD,2026-07-23,35.15,4000.0,0.2,0.9949,37.415,11.184,35.933,48.474
1830,BITB,Bitwise Bitcoin ETF,Bitwise,BITB,Bitwise Bitcoin ETF,BTC-USD,2026-07-24,34.84,4000.0,0.2,0.9947,37.425,11.199,35.933,45.354
1831,BITB,Bitwise Bitcoin ETF,Bitwise,BITB,Bitwise Bitcoin ETF,BTC-USD,2026-07-27,35.23,4000.0,0.2,0.9924,37.491,11.721,29.074,41.494
1832,BITB,Bitwise Bitcoin ETF,Bitwise,BITB,Bitwise Bitcoin ETF,BTC-USD,2026-07-28,34.63,4000.0,0.2,0.9874,37.483,12.305,20.831,40.241
1833,BITB,Bitwise Bitcoin ETF,Bitwise,BITB,Bitwise Bitcoin ETF,BTC-USD,2026-07-29,34.48,4000.0,0.2,0.9844,36.979,12.301,9.289,40.09
1834,BITB,Bitwise Bitcoin ETF,Bitwise,BITB,Bitwise Bitcoin ETF,BTC-USD,2026-07-30,35.14,4000.0,0.2,0.9878,36.932,12.38,9.289,39.27
1835,BITB,Bitwise Bitcoin ETF,Bitwise,BITB,Bitwise Bitcoin ETF,BTC-USD,2026-07-31,34.13,4000.0,0.2,0.9839,36.992,12.308,9.512,39.067
1836,BITB,Bitwise Bitcoin ETF,Bitwise,BITB,Bitwise Bitcoin ETF,BTC-USD,2026-08-03,34.65,4000.0,0.2,0.9892,37.205,12.26,16.911,38.184
1837,BITB,Bitwise Bitcoin ETF,Bitwise,BITB,Bitwise Bitcoin ETF,BTC-USD,2026-08-04,34.86,4000.0,0.2,0.9885,37.177,12.268,15.129,36.858
1838,BITB,Bitwise Bitcoin ETF,Bitwise,BITB,Bitwise Bitcoin ETF,BTC-USD,2026-08-05,35.18,4000.0,0.2,0.9891,37.261,12.269,11.916,36.42
1839,BITB,Bitwise Bitcoin ETF,Bitwise,BITB,Bitwise Bitcoin ETF,BTC-USD,2026-08-06,34.95,4000.0,0.2,0.9867,36.881,12.24,16.065,35.284
1840,BITB,Bitwise Bitcoin ETF,Bitwise,BITB,Bitwise Bitcoin ETF,BTC-USD,2026-08-07,35.24,4000.0,0.2,0.9865,36.901,12.239,15.974,34.952
1841,BITB,Bitwise Bitcoin ETF,Bitwise,BITB,Bitwise Bitcoin ETF,BTC-USD,2026-08-10,34.71,4000.0,0.2,0.9866,36.904,12.239,15.955,36.138
1842,BITB,Bitwise Bitcoin ETF,Bitwise,BITB,Bitwise Bitcoin ETF,BTC-USD,2026-08-11,34.43,4000.0,0.2,0.9857,36.496,12.235,15.619,35.72
1843,BITB,Bitwise Bitcoin ETF,Bitwise,BITB,Bitwise Bitcoin ETF,BTC-USD,2026-08-12,34.38,4000.0,0.2,0.9824,36.127,12.198,20.008,34.256
1844,BITB,Bitwise Bitcoin ETF,Bitwise,BITB,Bitwise Bitcoin ETF,BTC-USD,2026-08-13,34.39,4000.0,0.2,0.9806,35.753,12.19,22.846,34.319
1845,BITB,Bitwise Bitcoin ETF,Bitwise,BITB,Bitwise Bitcoin ETF,BTC-USD,2026-08-14,34.13,4000.0,0.2,0.9807,35.762,12.184,22.846,34.233
1846,BITB,Bitwise Bitcoin ETF,Bitwise,BITB,Bitwise Bitcoin ETF,BTC-USD,2026-08-17,34.9,4000.0,0.2,0.9786,36.026,12.169,23.155,33.885
1847,BITB,Bitwise Bitcoin ETF,Bitwise,BITB,Bitwise Bitcoin ETF,BTC-USD,2026-08-18,35.07,4000.0,0.2,0.9792,36.058,12.182,23.155,33.465
1848,BITB,Bitwise Bitcoin ETF,Bitwise,BITB,Bitwise Bitcoin ETF,BTC-USD,2026-08-19,37.16,4000.0,0.2,0.9617,37.886,12.272,22.994,39.423
1849,BITB,Bitwise Bitcoin ETF,Bitwise,BITB,Bitwise Bitcoin ETF,BTC-USD,2026-08-20,39.45,4000.0,0.2,0.9758,39.925,12.4,22.994,43.726
1850,BITB,Bitwise Bitcoin ETF,Bitwise,BITB,Bitwise Bitcoin ETF,BTC-USD,2026-08-21,41.82,4000.0,0.2,0.9617,41.622,12.481,22.994,47.427
1851,BITB,Bitwise Bitcoin ETF,Bitwise,BITB,Bitwise Bitcoin ETF,BTC-USD,2026-08-24,42.74,4000.0,0.2,0.9611,41.606,12.657,22.994,50.735
1852,BITB,Bitwise Bitcoin ETF,Bitwise,BITB,Bitwise Bitcoin ETF,BTC-USD,2026-08-25,42.84,4000.0,0.2,0.9603,41.606,12.732,29.38,52.698
1853,BITB,Bitwise Bitcoin ETF,Bitwise,BITB,Bitwise Bitcoin ETF,BTC-USD,2026-08-26,42.59,4000.0,0.2,0.9592,41.22,12.929,29.097,52.725
1854,BITB,Bitwise Bitcoin ETF,Bitwise,BITB,Bitwise Bitcoin ETF,BTC-USD,2026-08-27,43.39,4000.0,0.2,0.9665,39.197,12.987,29.38,52.833
1855,HODL,VanEck Bitcoin Trust,VanEck,HODL,VanEck Bitcoin Trust,BTC-USD,2025-03-07,24.6,1300.0,0.2,1.0213,46.004,18.773,94.962,26.695
1856,HODL,VanEck Bitcoin Trust,VanEck,HODL,VanEck Bitcoin Trust,BTC-USD,2025-03-10,22.4,1300.0,0.2,0.993,48.559,17.713,87.223,26.108
1857,HODL,VanEck Bitcoin Trust,VanEck,HODL,VanEck Bitcoin Trust,BTC-USD,2025-03-11,23.48,1300.0,0.2,0.9868,49.637,17.678,88.26,25.331
1858,HODL,VanEck Bitcoin Trust,VanEck,HODL,VanEck Bitcoin Trust,BTC-USD,2025-03-12,23.45,1300.0,0.2,0.9779,48.381,17.748,97.875,25.31
1859,HODL,VanEck Bitcoin Trust,VanEck,HODL,VanEck Bitcoin Trust,BTC-USD,2025-03-13,22.68,1300.0,0.2,0.9788,48.746,17.751,107.246,24.404
1860,HODL,VanEck Bitcoin Trust,VanEck,HODL,VanEck Bitcoin Trust,BTC-USD,2025-03-14,23.93,1300.0,0.2,0.9927,50.003,18.165,96.761,24.394
1861,HODL,VanEck Bitcoin Trust,VanEck,HODL,VanEck Bitcoin Trust,BTC-USD,2025-03-17,23.92,1300.0,0.2,0.9979,49.26,18.16,102.763,24.144
1862,HODL,VanEck Bitcoin Trust,VanEck,HODL,VanEck Bitcoin Trust,BTC-USD,2025-03-18,23.3,1300.0,0.2,0.9995,49.398,18.194,105.003,23.146
1863,HODL,VanEck Bitcoin Trust,VanEck,HODL,VanEck Bitcoin Trust,BTC-USD,2025-03-19,24.18,1300.0,0.2,0.9887,48.813,18.324,102.808,23.475
1864,HODL,VanEck Bitcoin Trust,VanEck,HODL,VanEck Bitcoin Trust,BTC-USD,2025-03-20,23.8,1300.0,0.2,0.9706,48.106,18.093,112.349,23.623
1865,HODL,VanEck Bitcoin Trust,VanEck,HODL,VanEck Bitcoin Trust,BTC-USD,2025-03-21,23.75,1300.0,0.2,0.9709,48.103,18.085,112.304,23.424
1866,HODL,VanEck Bitcoin Trust,VanEck,HODL,VanEck Bitcoin Trust,BTC-USD,2025-03-24,24.96,1300.0,0.2,0.9775,48.797,18.18,107.638,23.049
1867,HODL,VanEck Bitcoin Trust,VanEck,HODL,VanEck Bitcoin Trust,BTC-USD,2025-03-25,24.93,1300.0,0.2,0.9611,47.168,17.742,111.629,22.56
1868,HODL,VanEck Bitcoin Trust,VanEck,HODL,VanEck Bitcoin Trust,BTC-USD,2025-03-26,24.47,1300.0,0.2,0.96,46.869,17.909,111.674,20.57
1869,HODL,VanEck Bitcoin Trust,VanEck,HODL,VanEck Bitcoin Trust,BTC-USD,2025-03-27,24.63,1300.0,0.2,0.9622,46.858,17.885,119.014,18.93
1870,HODL,VanEck Bitcoin Trust,VanEck,HODL,VanEck Bitcoin Trust,BTC-USD,2025-03-28,23.69,1300.0,0.2,0.9709,47.486,17.726,108.07,15.935
1871,HODL,VanEck Bitcoin Trust,VanEck,HODL,VanEck Bitcoin Trust,BTC-USD,2025-03-31,23.31,1300.0,0.2,0.9725,47.552,17.398,102.907,16.083
1872,HODL,VanEck Bitcoin Trust,VanEck,HODL,VanEck Bitcoin Trust,BTC-USD,2025-04-01,24.04,1300.0,0.2,0.9676,47.172,17.341,102.939,15.683
1873,HODL,VanEck Bitcoin Trust,VanEck,HODL,VanEck Bitcoin Trust,BTC-USD,2025-04-02,24.57,1300.0,0.2,0.9363,47.357,20.336,102.939,15.307
1874,HODL,VanEck Bitcoin Trust,VanEck,HODL,VanEck Bitcoin Trust,BTC-USD,2025-04-03,23.18,1300.0,0.2,0.9208,47.979,24.413,102.939,15.617
1875,HODL,VanEck Bitcoin Trust,VanEck,HODL,VanEck Bitcoin Trust,BTC-USD,2025-04-04,23.75,1300.0,0.2,0.913,46.898,24.573,92.173,16.108
1876,HODL,VanEck Bitcoin Trust,VanEck,HODL,VanEck Bitcoin Trust,BTC-USD,2025-04-07,22.08,1300.0,0.2,0.9343,48.862,24.882,80.195,17.414
1877,HODL,VanEck Bitcoin Trust,VanEck,HODL,VanEck Bitcoin Trust,BTC-USD,2025-04-08,21.71,1300.0,0.2,0.9208,48.891,25.061,100.044,17.682
1878,HODL,VanEck Bitcoin Trust,VanEck,HODL,VanEck Bitcoin Trust,BTC-USD,2025-04-09,23.25,1300.0,0.2,0.9144,51.048,25.021,98.774,18.273
1879,HODL,VanEck Bitcoin Trust,VanEck,HODL,VanEck Bitcoin Trust,BTC-USD,2025-04-10,22.5,1300.0,0.2,0.9102,51.035,24.974,99.33,18.489
1880,HODL,VanEck Bitcoin Trust,VanEck,HODL,VanEck Bitcoin Trust,BTC-USD,2025-04-11,23.71,1300.0,0.2,0.9218,51.761,25.025,91.892,18.984
1881,HODL,VanEck Bitcoin Trust,VanEck,HODL,VanEck Bitcoin Trust,BTC-USD,2025-04-14,24.03,1300.0,0.2,0.9232,51.829,24.855,91.86,19.374
1882,HODL,VanEck Bitcoin Trust,VanEck,HODL,VanEck Bitcoin Trust,BTC-USD,2025-04-15,23.78,1300.0,0.2,0.9234,50.996,24.852,90.743,19.854
1883,HODL,VanEck Bitcoin Trust,VanEck,HODL,VanEck Bitcoin Trust,BTC-USD,2025-04-16,23.87,1300.0,0.2,0.9235,50.882,24.851,89.775,20.05
1884,HODL,VanEck Bitcoin Trust,VanEck,HODL,VanEck Bitcoin Trust,BTC-USD,2025-04-17,24.04,1300.0,0.2,0.9246,50.846,24.835,96.884,19.208
1885,HODL,VanEck Bitcoin Trust,VanEck,HODL,VanEck Bitcoin Trust,BTC-USD,2025-04-21,24.75,1300.0,0.2,0.9265,51.27,24.736,82.501,20.27
1886,HODL,VanEck Bitcoin Trust,VanEck,HODL,VanEck Bitcoin Trust,BTC-USD,2025-04-22,25.92,1300.0,0.2,0.9092,52.146,24.862,82.501,22.89
1887,HODL,VanEck Bitcoin Trust,VanEck,HODL,VanEck Bitcoin Trust,BTC-USD,2025-04-23,26.48,1300.0,0.2,0.9062,51.917,25.088,82.097,23.349
1888,HODL,VanEck Bitcoin Trust,VanEck,HODL,VanEck Bitcoin Trust,BTC-USD,2025-04-24,26.49,1300.0,0.2,0.9066,51.918,25.064,80.846,23.909
1889,HODL,VanEck Bitcoin Trust,VanEck,HODL,VanEck Bitcoin Trust,BTC-USD,2025-04-25,26.99,1300.0,0.2,0.9046,51.673,25.116,80.022,24.496
1890,HODL,VanEck Bitcoin Trust,VanEck,HODL,VanEck Bitcoin Trust,BTC-USD,2025-04-28,26.82,1300.0,0.2,0.9044,51.656,25.175,71.938,24.834
1891,HODL,VanEck Bitcoin Trust,VanEck,HODL,VanEck Bitcoin Trust,BTC-USD,2025-04-29,26.98,1300.0,0.2,0.8982,51.236,25.168,71.537,25.021
1892,HODL,VanEck Bitcoin Trust,VanEck,HODL,VanEck Bitcoin Trust,BTC-USD,2025-04-30,26.63,1300.0,0.2,0.8991,51.295,25.257,71.938,23.996
1893,HODL,VanEck Bitcoin Trust,VanEck,HODL,VanEck Bitcoin Trust,BTC-USD,2025-05-01,27.34,1300.0,0.2,0.9047,51.331,25.227,71.938,24.294
1894,HODL,VanEck Bitcoin Trust,VanEck,HODL,VanEck Bitcoin Trust,BTC-USD,2025-05-02,27.45,1300.0,0.2,0.9044,51.267,25.226,71.537,24.028
1895,HODL,VanEck Bitcoin Trust,VanEck,HODL,VanEck Bitcoin Trust,BTC-USD,2025-05-05,26.7,1300.0,0.2,0.9072,51.574,25.257,71.537,23.722
1896,HODL,VanEck Bitcoin Trust,VanEck,HODL,VanEck Bitcoin Trust,BTC-USD,2025-05-06,26.86,1300.0,0.2,0.9021,51.528,25.288,76.993,22.914
1897,HODL,VanEck Bitcoin Trust,VanEck,HODL,VanEck Bitcoin Trust,BTC-USD,2025-05-07,27.21,1300.0,0.2,0.9012,51.476,25.334,76.993,21.455
1898,HODL,VanEck Bitcoin Trust,VanEck,HODL,VanEck Bitcoin Trust,BTC-USD,2025-05-08,28.66,1300.0,0.2,0.8952,52.345,25.319,57.533,21.031
1899,HODL,VanEck Bitcoin Trust,VanEck,HODL,VanEck Bitcoin Trust,BTC-USD,2025-05-09,29.2,1300.0,0.2,0.8943,52.34,25.666,46.133,20.481
1900,HODL,VanEck Bitcoin Trust,VanEck,HODL,VanEck Bitcoin Trust,BTC-USD,2025-05-12,28.82,1300.0,0.2,0.8956,52.39,25.766,36.402,20.378
1901,HODL,VanEck Bitcoin Trust,VanEck,HODL,VanEck Bitcoin Trust,BTC-USD,2025-05-13,29.67,1300.0,0.2,0.8986,52.665,25.999,37.652,20.333
1902,HODL,VanEck Bitcoin Trust,VanEck,HODL,VanEck Bitcoin Trust,BTC-USD,2025-05-14,29.23,1300.0,0.2,0.8942,52.275,25.939,41.939,19.788
1903,HODL,VanEck Bitcoin Trust,VanEck,HODL,VanEck Bitcoin Trust,BTC-USD,2025-05-15,29.21,1300.0,0.2,0.8923,52.111,25.875,38.448,19.468
1904,HODL,VanEck Bitcoin Trust,VanEck,HODL,VanEck Bitcoin Trust,BTC-USD,2025-05-16,29.43,1300.0,0.2,0.8894,51.905,25.918,35.537,19.415
1905,HODL,VanEck Bitcoin Trust,VanEck,HODL,VanEck Bitcoin Trust,BTC-USD,2025-05-19,29.87,1300.0,0.2,0.8808,51.315,25.732,30.505,20.319
1906,HODL,VanEck Bitcoin Trust,VanEck,HODL,VanEck Bitcoin Trust,BTC-USD,2025-05-20,30.29,1300.0,0.2,0.9139,51.329,24.295,30.505,19.458
1907,HODL,VanEck Bitcoin Trust,VanEck,HODL,VanEck Bitcoin Trust,BTC-USD,2025-05-21,30.72,1300.0,0.2,0.8873,49.394,23.303,30.505,18.172
1908,HODL,VanEck Bitcoin Trust,VanEck,HODL,VanEck Bitcoin Trust,BTC-USD,2025-05-22,31.46,1300.0,0.2,0.889,48.525,23.307,30.022,18.748
1909,HODL,VanEck Bitcoin Trust,VanEck,HODL,VanEck Bitcoin Trust,BTC-USD,2025-05-23,30.77,1300.0,0.2,0.8788,48.733,23.216,27.766,19.19
1910,HODL,VanEck Bitcoin Trust,VanEck,HODL,VanEck Bitcoin Trust,BTC-USD,2025-05-27,31.14,1300.0,0.2,0.8801,48.743,23.058,28.846,19.038
1911,HODL,VanEck Bitcoin Trust,VanEck,HODL,VanEck Bitcoin Trust,BTC-USD,2025-05-28,30.27,1300.0,0.2,0.884,49.054,23.389,29.546,19.152
1912,HODL,VanEck Bitcoin Trust,VanEck,HODL,VanEck Bitcoin Trust,BTC-USD,2025-05-29,29.9,1300.0,0.2,0.8824,49.149,23.392,30.077,19.754
1913,HODL,VanEck Bitcoin Trust,VanEck,HODL,VanEck Bitcoin Trust,BTC-USD,2025-05-30,29.6,1300.0,0.2,0.8766,48.57,23.396,29.376,19.829
1914,HODL,VanEck Bitcoin Trust,VanEck,HODL,VanEck Bitcoin Trust,BTC-USD,2025-06-02,29.56,1300.0,0.2,0.8701,48.436,23.609,31.16,19.569
1915,HODL,VanEck Bitcoin Trust,VanEck,HODL,VanEck Bitcoin Trust,BTC-USD,2025-06-03,30.08,1300.0,0.2,0.8723,48.193,23.86,32.052,19.864
1916,HODL,VanEck Bitcoin Trust,VanEck,HODL,VanEck Bitcoin Trust,BTC-USD,2025-06-04,29.71,1300.0,0.2,0.8562,43.889,23.884,32.052,19.675
1917,HODL,VanEck Bitcoin Trust,VanEck,HODL,VanEck Bitcoin Trust,BTC-USD,2025-06-05,28.83,1300.0,0.2,0.8591,43.554,23.865,29.664,20.05
1918,HODL,VanEck Bitcoin Trust,VanEck,HODL,VanEck Bitcoin Trust,BTC-USD,2025-06-06,29.52,1300.0,0.2,0.8606,43.739,23.741,32.559,20.389
1919,HODL,VanEck Bitcoin Trust,VanEck,HODL,VanEck Bitcoin Trust,BTC-USD,2025-06-09,30.77,1300.0,0.2,0.8478,43.708,23.764,32.559,20.648
1920,HODL,VanEck Bitcoin Trust,VanEck,HODL,VanEck Bitcoin Trust,BTC-USD,2025-06-10,31.0,1300.0,0.2,0.8305,42.525,23.508,31.859,21.025
1921,HODL,VanEck Bitcoin Trust,VanEck,HODL,VanEck Bitcoin Trust,BTC-USD,2025-06-11,30.79,1300.0,0.2,0.8284,42.575,23.525,36.452,21.32
1922,HODL,VanEck Bitcoin Trust,VanEck,HODL,VanEck Bitcoin Trust,BTC-USD,2025-06-12,30.23,1300.0,0.2,0.8206,42.364,23.43,35.202,21.323
1923,HODL,VanEck Bitcoin Trust,VanEck,HODL,VanEck Bitcoin Trust,BTC-USD,2025-06-13,29.76,1300.0,0.2,0.8256,42.001,23.583,31.336,21.772
1924,HODL,VanEck Bitcoin Trust,VanEck,HODL,VanEck Bitcoin Trust,BTC-USD,2025-06-16,30.74,1300.0,0.2,0.8356,42.217,24.025,28.249,22.303
1925,HODL,VanEck Bitcoin Trust,VanEck,HODL,VanEck Bitcoin Trust,BTC-USD,2025-06-17,29.63,1300.0,0.2,0.8474,43.031,24.366,28.99,22.789
1926,HODL,VanEck Bitcoin Trust,VanEck,HODL,VanEck Bitcoin Trust,BTC-USD,2025-06-18,29.38,1300.0,0.2,0.8335,42.014,24.38,32.8,22.712
1927,HODL,VanEck Bitcoin Trust,VanEck,HODL,VanEck Bitcoin Trust,BTC-USD,2025-06-20,29.25,1300.0,0.2,0.8298,42.032,24.436,36.34,23.792
1928,HODL,VanEck Bitcoin Trust,VanEck,HODL,VanEck Bitcoin Trust,BTC-USD,2025-06-23,29.21,1300.0,0.2,0.8175,41.807,24.623,36.34,23.566
1929,HODL,VanEck Bitcoin Trust,VanEck,HODL,VanEck Bitcoin Trust,BTC-USD,2025-06-24,29.91,1300.0,0.2,0.8181,42.017,24.954,37.081,22.485
1930,HODL,VanEck Bitcoin Trust,VanEck,HODL,VanEck Bitcoin Trust,BTC-USD,2025-06-25,30.5,1300.0,0.2,0.8081,41.212,24.978,37.726,21.92
1931,HODL,VanEck Bitcoin Trust,VanEck,HODL,VanEck Bitcoin Trust,BTC-USD,2025-06-26,30.45,1300.0,0.2,0.8082,41.012,24.963,38.281,22.058
1932,HODL,VanEck Bitcoin Trust,VanEck,HODL,VanEck Bitcoin Trust,BTC-USD,2025-06-27,30.23,1300.0,0.2,0.8055,40.707,25.028,41.661,22.023
1933,HODL,VanEck Bitcoin Trust,VanEck,HODL,VanEck Bitcoin Trust,BTC-USD,2025-06-30,30.47,1300.0,0.2,0.8516,40.544,22.68,44.757,21.951
1934,HODL,VanEck Bitcoin Trust,VanEck,HODL,VanEck Bitcoin Trust,BTC-USD,2025-07-01,29.83,1300.0,0.2,0.8622,38.806,18.35,46.013,22.382
1935,HODL,VanEck Bitcoin Trust,VanEck,HODL,VanEck Bitcoin Trust,BTC-USD,2025-07-02,31.04,1300.0,0.2,0.8695,39.275,18.28,43.467,23.317
1936,HODL,VanEck Bitcoin Trust,VanEck,HODL,VanEck Bitcoin Trust,BTC-USD,2025-07-03,30.93,1300.0,0.2,0.8238,35.863,17.894,43.337,23.556
1937,HODL,VanEck Bitcoin Trust,VanEck,HODL,VanEck Bitcoin Trust,BTC-USD,2025-07-07,30.57,1300.0,0.2,0.8437,35.739,17.523,42.081,23.802
1938,HODL,VanEck Bitcoin Trust,VanEck,HODL,VanEck Bitcoin Trust,BTC-USD,2025-07-08,30.78,1300.0,0.2,0.8415,33.257,17.5,38.405,23.456
1939,HODL,VanEck Bitcoin Trust,VanEck,HODL,VanEck Bitcoin Trust,BTC-USD,2025-07-09,31.65,1300.0,0.2,0.8422,32.656,17.602,35.51,24.119
1940,HODL,VanEck Bitcoin Trust,VanEck,HODL,VanEck Bitcoin Trust,BTC-USD,2025-07-10,32.11,1300.0,0.2,0.7912,31.234,17.909,33.688,24.819
1941,HODL,VanEck Bitcoin Trust,VanEck,HODL,VanEck Bitcoin Trust,BTC-USD,2025-07-11,33.44,1300.0,0.2,0.7997,32.031,18.929,35.51,25.688
1942,HODL,VanEck Bitcoin Trust,VanEck,HODL,VanEck Bitcoin Trust,BTC-USD,2025-07-14,33.93,1300.0,0.2,0.7962,31.908,18.93,27.19,26.557
1943,HODL,VanEck Bitcoin Trust,VanEck,HODL,VanEck Bitcoin Trust,BTC-USD,2025-07-15,32.96,1300.0,0.2,0.8112,32.7,19.195,26.768,28.123
1944,HODL,VanEck Bitcoin Trust,VanEck,HODL,VanEck Bitcoin Trust,BTC-USD,2025-07-16,33.76,1300.0,0.2,0.8132,32.92,19.496,26.701,29.16
1945,HODL,VanEck Bitcoin Trust,VanEck,HODL,VanEck Bitcoin Trust,BTC-USD,2025-07-17,33.68,1300.0,0.2,0.81,32.593,19.547,31.159,29.383
1946,HODL,VanEck Bitcoin Trust,VanEck,HODL,VanEck Bitcoin Trust,BTC-USD,2025-07-18,33.21,1300.0,0.2,0.8374,31.677,19.366,35.428,29.897
1947,HODL,VanEck Bitcoin Trust,VanEck,HODL,VanEck Bitcoin Trust,BTC-USD,2025-07-21,33.05,1300.0,0.2,0.8389,31.523,18.997,36.227,30.733
1948,HODL,VanEck Bitcoin Trust,VanEck,HODL,VanEck Bitcoin Trust,BTC-USD,2025-07-22,33.77,1300.0,0.2,0.8412,31.726,18.999,33.523,30.53
1949,HODL,VanEck Bitcoin Trust,VanEck,HODL,VanEck Bitcoin Trust,BTC-USD,2025-07-23,33.53,1300.0,0.2,0.8382,31.658,18.87,35.155,30.718
1950,HODL,VanEck Bitcoin Trust,VanEck,HODL,VanEck Bitcoin Trust,BTC-USD,2025-07-24,33.7,1300.0,0.2,0.8355,31.591,18.831,35.068,32.655
1951,HODL,VanEck Bitcoin Trust,VanEck,HODL,VanEck Bitcoin Trust,BTC-USD,2025-07-25,33.06,1300.0,0.2,0.848,31.936,18.899,35.068,33.608
1952,HODL,VanEck Bitcoin Trust,VanEck,HODL,VanEck Bitcoin Trust,BTC-USD,2025-07-28,33.41,1300.0,0.2,0.8449,31.783,18.789,32.949,33.896
1953,HODL,VanEck Bitcoin Trust,VanEck,HODL,VanEck Bitcoin Trust,BTC-USD,2025-07-29,33.25,1300.0,0.2,0.8404,31.479,18.802,33.165,35.03
1954,HODL,VanEck Bitcoin Trust,VanEck,HODL,VanEck Bitcoin Trust,BTC-USD,2025-07-30,33.07,1300.0,0.2,0.8414,31.528,18.832,34.339,35.662
1955,HODL,VanEck Bitcoin Trust,VanEck,HODL,VanEck Bitcoin Trust,BTC-USD,2025-07-31,33.04,1300.0,0.2,0.8163,30.882,18.957,40.228,35.658
1956,HODL,VanEck Bitcoin Trust,VanEck,HODL,VanEck Bitcoin Trust,BTC-USD,2025-08-01,32.01,1300.0,0.2,0.8445,31.708,18.967,40.228,35.406
1957,HODL,VanEck Bitcoin Trust,VanEck,HODL,VanEck Bitcoin Trust,BTC-USD,2025-08-04,32.47,1300.0,0.2,0.8451,31.727,18.85,45.048,35.437
1958,HODL,VanEck Bitcoin Trust,VanEck,HODL,VanEck Bitcoin Trust,BTC-USD,2025-08-05,32.16,1300.0,0.2,0.8504,30.136,18.842,45.048,35.567
1959,HODL,VanEck Bitcoin Trust,VanEck,HODL,VanEck Bitcoin Trust,BTC-USD,2025-08-06,32.63,1300.0,0.2,0.8579,30.05,18.42,45.136,35.929
1960,HODL,VanEck Bitcoin Trust,VanEck,HODL,VanEck Bitcoin Trust,BTC-USD,2025-08-07,33.27,1300.0,0.2,0.8564,30.098,18.249,45.136,35.449
1961,HODL,VanEck Bitcoin Trust,VanEck,HODL,VanEck Bitcoin Trust,BTC-USD,2025-08-08,32.95,1300.0,0.2,0.8478,29.675,17.931,50.19,35.367
1962,HODL,VanEck Bitcoin Trust,VanEck,HODL,VanEck Bitcoin Trust,BTC-USD,2025-08-11,33.67,1300.0,0.2,0.8488,29.743,17.867,50.19,34.498
1963,HODL,VanEck Bitcoin Trust,VanEck,HODL,VanEck Bitcoin Trust,BTC-USD,2025-08-12,33.86,1300.0,0.2,0.8461,29.743,17.887,55.171,33.493
1964,HODL,VanEck Bitcoin Trust,VanEck,HODL,VanEck Bitcoin Trust,BTC-USD,2025-08-13,34.77,1300.0,0.2,0.8537,30.134,17.802,55.171,32.202
1965,HODL,VanEck Bitcoin Trust,VanEck,HODL,VanEck Bitcoin Trust,BTC-USD,2025-08-14,33.4,1300.0,0.2,0.8672,31.282,17.815,55.171,31.627
1966,HODL,VanEck Bitcoin Trust,VanEck,HODL,VanEck Bitcoin Trust,BTC-USD,2025-08-15,33.1,1300.0,0.2,0.8663,31.257,17.806,51.492,30.809
1967,HODL,VanEck Bitcoin Trust,VanEck,HODL,VanEck Bitcoin Trust,BTC-USD,2025-08-18,32.91,1300.0,0.2,0.8767,31.179,17.697,47.222,29.949
1968,HODL,VanEck Bitcoin Trust,VanEck,HODL,VanEck Bitcoin Trust,BTC-USD,2025-08-19,31.99,1300.0,0.2,0.8736,31.392,17.638,41.115,28.929
1969,HODL,VanEck Bitcoin Trust,VanEck,HODL,VanEck Bitcoin Trust,BTC-USD,2025-08-20,32.35,1300.0,0.2,0.9008,31.116,17.435,41.687,29.961
1970,HODL,VanEck Bitcoin Trust,VanEck,HODL,VanEck Bitcoin Trust,BTC-USD,2025-08-21,31.73,1300.0,0.2,0.9065,31.299,17.456,46.177,28.854
1971,HODL,VanEck Bitcoin Trust,VanEck,HODL,VanEck Bitcoin Trust,BTC-USD,2025-08-22,33.01,1300.0,0.2,0.9037,31.734,17.041,50.603,27.352
1972,HODL,VanEck Bitcoin Trust,VanEck,HODL,VanEck Bitcoin Trust,BTC-USD,2025-08-25,31.35,1300.0,0.2,0.9039,33.437,17.011,50.906,26.818
1973,HODL,VanEck Bitcoin Trust,VanEck,HODL,VanEck Bitcoin Trust,BTC-USD,2025-08-26,31.44,1300.0,0.2,0.9002,33.363,17.146,50.906,26.48
1974,HODL,VanEck Bitcoin Trust,VanEck,HODL,VanEck Bitcoin Trust,BTC-USD,2025-08-27,31.71,1300.0,0.2,0.9096,33.395,16.982,45.925,25.85
1975,HODL,VanEck Bitcoin Trust,VanEck,HODL,VanEck Bitcoin Trust,BTC-USD,2025-08-28,31.67,1300.0,0.2,0.9086,33.225,16.622,41.123,24.918
1976,HODL,VanEck Bitcoin Trust,VanEck,HODL,VanEck Bitcoin Trust,BTC-USD,2025-08-29,30.61,1300.0,0.2,0.9067,33.884,16.563,34.797,25.168
1977,HODL,VanEck Bitcoin Trust,VanEck,HODL,VanEck Bitcoin Trust,BTC-USD,2025-09-02,31.33,1300.0,0.2,0.9039,33.59,16.543,34.797,25.353
1978,HODL,VanEck Bitcoin Trust,VanEck,HODL,VanEck Bitcoin Trust,BTC-USD,2025-09-03,31.74,1300.0,0.2,0.9064,33.359,16.636,30.496,25.281
1979,HODL,VanEck Bitcoin Trust,VanEck,HODL,VanEck Bitcoin Trust,BTC-USD,2025-09-04,31.06,1300.0,0.2,0.9348,32.605,16.832,30.935,25.497
1980,HODL,VanEck Bitcoin Trust,VanEck,HODL,VanEck Bitcoin Trust,BTC-USD,2025-09-05,31.58,1300.0,0.2,0.9344,32.746,17.123,31.437,25.474
1981,HODL,VanEck Bitcoin Trust,VanEck,HODL,VanEck Bitcoin Trust,BTC-USD,2025-09-08,31.71,1300.0,0.2,0.9342,32.721,17.175,33.026,25.553
1982,HODL,VanEck Bitcoin Trust,VanEck,HODL,VanEck Bitcoin Trust,BTC-USD,2025-09-09,31.49,1300.0,0.2,0.9423,32.523,17.174,30.329,25.094
1983,HODL,VanEck Bitcoin Trust,VanEck,HODL,VanEck Bitcoin Trust,BTC-USD,2025-09-10,32.15,1300.0,0.2,0.9432,32.597,16.805,29.89,25.902
1984,HODL,VanEck Bitcoin Trust,VanEck,HODL,VanEck Bitcoin Trust,BTC-USD,2025-09-11,32.41,1300.0,0.2,0.9336,31.981,15.897,25.372,26.031
1985,HODL,VanEck Bitcoin Trust,VanEck,HODL,VanEck Bitcoin Trust,BTC-USD,2025-09-12,33.08,1300.0,0.2,0.9174,31.245,15.725,25.372,26.023
1986,HODL,VanEck Bitcoin Trust,VanEck,HODL,VanEck Bitcoin Trust,BTC-USD,2025-09-15,32.63,1300.0,0.2,0.9211,31.337,15.664,24.818,26.495
1987,HODL,VanEck Bitcoin Trust,VanEck,HODL,VanEck Bitcoin Trust,BTC-USD,2025-09-16,33.07,1300.0,0.2,0.93,31.4,15.587,22.123,27.234
1988,HODL,VanEck Bitcoin Trust,VanEck,HODL,VanEck Bitcoin Trust,BTC-USD,2025-09-17,32.73,1300.0,0.2,0.9539,31.495,15.137,27.06,28.478
1989,HODL,VanEck Bitcoin Trust,VanEck,HODL,VanEck Bitcoin Trust,BTC-USD,2025-09-18,33.22,1300.0,0.2,0.953,31.285,14.701,26.493,29.859
1990,HODL,VanEck Bitcoin Trust,VanEck,HODL,VanEck Bitcoin Trust,BTC-USD,2025-09-19,32.56,1300.0,0.2,0.9546,31.376,14.677,23.434,29.415
1991,HODL,VanEck Bitcoin Trust,VanEck,HODL,VanEck Bitcoin Trust,BTC-USD,2025-09-22,31.72,1300.0,0.2,0.9569,31.865,14.678,18.354,31.058
1992,HODL,VanEck Bitcoin Trust,VanEck,HODL,VanEck Bitcoin Trust,BTC-USD,2025-09-23,31.58,1300.0,0.2,0.9564,31.841,14.581,17.833,31.461
1993,HODL,VanEck Bitcoin Trust,VanEck,HODL,VanEck Bitcoin Trust,BTC-USD,2025-09-24,32.11,1300.0,0.2,0.9594,31.975,14.543,17.833,31.742
1994,HODL,VanEck Bitcoin Trust,VanEck,HODL,VanEck Bitcoin Trust,BTC-USD,2025-09-25,30.93,1300.0,0.2,0.955,32.619,14.402,17.833,34.782
1995,HODL,VanEck Bitcoin Trust,VanEck,HODL,VanEck Bitcoin Trust,BTC-USD,2025-09-26,30.88,1300.0,0.2,0.937,31.584,14.191,21.987,35.506
1996,HODL,VanEck Bitcoin Trust,VanEck,HODL,VanEck Bitcoin Trust,BTC-USD,2025-09-29,32.36,1300.0,0.2,0.9539,33.002,14.122,22.031,37.313
1997,HODL,VanEck Bitcoin Trust,VanEck,HODL,VanEck Bitcoin Trust,BTC-USD,2025-09-30,32.37,1300.0,0.2,0.9534,32.9,14.132,26.552,37.995
1998,HODL,VanEck Bitcoin Trust,VanEck,HODL,VanEck Bitcoin Trust,BTC-USD,2025-10-01,33.24,1300.0,0.2,0.9355,33.296,14.297,26.552,38.493
1999,HODL,VanEck Bitcoin Trust,VanEck,HODL,VanEck Bitcoin Trust,BTC-USD,2025-10-02,34.23,1300.0,0.2,0.9378,33.347,14.423,26.552,40.488
2000,HODL,VanEck Bitcoin Trust,VanEck,HODL,VanEck Bitcoin Trust,BTC-USD,2025-10-03,34.76,1300.0,0.2,0.9823,33.364,13.924,26.446,43.698
2001,HODL,VanEck Bitcoin Trust,VanEck,HODL,VanEck Bitcoin Trust,BTC-USD,2025-10-06,35.49,1300.0,0.2,0.9683,32.606,12.484,25.489,46.228
2002,HODL,VanEck Bitcoin Trust,VanEck,HODL,VanEck Bitcoin Trust,BTC-USD,2025-10-07,34.41,1300.0,0.2,0.9778,33.126,12.52,23.567,49.236
2003,HODL,VanEck Bitcoin Trust,VanEck,HODL,VanEck Bitcoin Trust,BTC-USD,2025-10-08,34.92,1300.0,0.2,0.9681,32.686,12.134,27.452,50.114
2004,HODL,VanEck Bitcoin Trust,VanEck,HODL,VanEck Bitcoin Trust,BTC-USD,2025-10-09,34.24,1300.0,0.2,0.9669,32.597,11.671,27.587,51.296
2005,HODL,VanEck Bitcoin Trust,VanEck,HODL,VanEck Bitcoin Trust,BTC-USD,2025-10-10,32.99,1300.0,0.2,0.8854,33.485,12.853,28.174,54.696
2006,HODL,VanEck Bitcoin Trust,VanEck,HODL,VanEck Bitcoin Trust,BTC-USD,2025-10-13,32.77,1300.0,0.2,0.8688,33.39,13.629,27.963,59.538
2007,HODL,VanEck Bitcoin Trust,VanEck,HODL,VanEck Bitcoin Trust,BTC-USD,2025-10-14,31.86,1300.0,0.2,0.8762,33.867,13.837,28.174,60.805
2008,HODL,VanEck Bitcoin Trust,VanEck,HODL,VanEck Bitcoin Trust,BTC-USD,2025-10-15,31.47,1300.0,0.2,0.8699,33.63,13.872,33.772,62.577
2009,HODL,VanEck Bitcoin Trust,VanEck,HODL,VanEck Bitcoin Trust,BTC-USD,2025-10-16,30.62,1300.0,0.2,0.8756,34.037,13.932,28.835,66.325
2010,HODL,VanEck Bitcoin Trust,VanEck,HODL,VanEck Bitcoin Trust,BTC-USD,2025-10-17,30.12,1300.0,0.2,0.8771,34.145,13.838,28.835,70.981
2011,HODL,VanEck Bitcoin Trust,VanEck,HODL,VanEck Bitcoin Trust,BTC-USD,2025-10-20,31.35,1300.0,0.2,0.8838,35.009,13.616,28.835,72.056
2012,HODL,VanEck Bitcoin Trust,VanEck,HODL,VanEck Bitcoin Trust,BTC-USD,2025-10-21,31.64,1300.0,0.2,0.8677,34.991,14.524,31.7,72.923
2013,HODL,VanEck Bitcoin Trust,VanEck,HODL,VanEck Bitcoin Trust,BTC-USD,2025-10-22,30.48,1300.0,0.2,0.8738,35.773,15.843,28.387,75.612
2014,HODL,VanEck Bitcoin Trust,VanEck,HODL,VanEck Bitcoin Trust,BTC-USD,2025-10-23,31.19,1300.0,0.2,0.8767,36.112,15.835,28.387,76.401
2015,HODL,VanEck Bitcoin Trust,VanEck,HODL,VanEck Bitcoin Trust,BTC-USD,2025-10-24,31.27,1300.0,0.2,0.8831,36.119,15.61,32.603,73.775
2016,HODL,VanEck Bitcoin Trust,VanEck,HODL,VanEck Bitcoin Trust,BTC-USD,2025-10-27,32.51,1300.0,0.2,0.8875,36.446,15.653,28.674,73.327
2017,HODL,VanEck Bitcoin Trust,VanEck,HODL,VanEck Bitcoin Trust,BTC-USD,2025-10-28,32.14,1300.0,0.2,0.888,36.405,15.659,31.531,72.474
2018,HODL,VanEck Bitcoin Trust,VanEck,HODL,VanEck Bitcoin Trust,BTC-USD,2025-10-29,31.28,1300.0,0.2,0.8907,36.774,15.671,27.184,73.944
2019,HODL,VanEck Bitcoin Trust,VanEck,HODL,VanEck Bitcoin Trust,BTC-USD,2025-10-30,30.08,1300.0,0.2,0.9001,37.477,16.379,27.184,77.556
2020,HODL,VanEck Bitcoin Trust,VanEck,HODL,VanEck Bitcoin Trust,BTC-USD,2025-10-31,31.03,1300.0,0.2,0.9079,37.828,16.943,27.184,77.243
2021,HODL,VanEck Bitcoin Trust,VanEck,HODL,VanEck Bitcoin Trust,BTC-USD,2025-11-03,30.14,1300.0,0.2,0.9103,38.222,16.942,27.21,75.496
2022,HODL,VanEck Bitcoin Trust,VanEck,HODL,VanEck Bitcoin Trust,BTC-USD,2025-11-04,28.49,1300.0,0.2,0.9236,39.524,17.056,27.541,76.721
2023,HODL,VanEck Bitcoin Trust,VanEck,HODL,VanEck Bitcoin Trust,BTC-USD,2025-11-05,29.35,1300.0,0.2,0.9324,40.049,17.141,33.529,75.017
2024,HODL,VanEck Bitcoin Trust,VanEck,HODL,VanEck Bitcoin Trust,BTC-USD,2025-11-06,28.52,1300.0,0.2,0.9336,39.945,17.142,27.582,75.218
2025,HODL,VanEck Bitcoin Trust,VanEck,HODL,VanEck Bitcoin Trust,BTC-USD,2025-11-07,29.34,1300.0,0.2,0.9383,39.71,17.238,35.635,74.832
2026,HODL,VanEck Bitcoin Trust,VanEck,HODL,VanEck Bitcoin Trust,BTC-USD,2025-11-10,29.98,1300.0,0.2,0.9366,39.979,17.237,34.828,72.644
2027,HODL,VanEck Bitcoin Trust,VanEck,HODL,VanEck Bitcoin Trust,BTC-USD,2025-11-11,29.06,1300.0,0.2,0.9406,40.427,17.244,34.969,67.847
2028,HODL,VanEck Bitcoin Trust,VanEck,HODL,VanEck Bitcoin Trust,BTC-USD,2025-11-12,28.72,1300.0,0.2,0.9403,40.108,17.24,40.042,66.717
2029,HODL,VanEck Bitcoin Trust,VanEck,HODL,VanEck Bitcoin Trust,BTC-USD,2025-11-13,27.73,1300.0,0.2,0.9488,40.586,17.56,34.584,65.913
2030,HODL,VanEck Bitcoin Trust,VanEck,HODL,VanEck Bitcoin Trust,BTC-USD,2025-11-14,26.66,1300.0,0.2,0.9296,41.142,17.71,34.621,62.834
2031,HODL,VanEck Bitcoin Trust,VanEck,HODL,VanEck Bitcoin Trust,BTC-USD,2025-11-17,25.97,1300.0,0.2,0.9271,40.446,17.693,34.621,61.803
2032,HODL,VanEck Bitcoin Trust,VanEck,HODL,VanEck Bitcoin Trust,BTC-USD,2025-11-18,26.23,1300.0,0.2,0.9344,39.303,17.688,42.24,60.892
2033,HODL,VanEck Bitcoin Trust,VanEck,HODL,VanEck Bitcoin Trust,BTC-USD,2025-11-19,25.26,1300.0,0.2,0.9493,39.92,18.135,39.149,61.616
2034,HODL,VanEck Bitcoin Trust,VanEck,HODL,VanEck Bitcoin Trust,BTC-USD,2025-11-20,24.4,1300.0,0.2,0.9249,40.335,18.216,44.275,61.412
2035,HODL,VanEck Bitcoin Trust,VanEck,HODL,VanEck Bitcoin Trust,BTC-USD,2025-11-21,23.9,1300.0,0.2,0.9318,40.468,18.075,44.168,63.662
2036,HODL,VanEck Bitcoin Trust,VanEck,HODL,VanEck Bitcoin Trust,BTC-USD,2025-11-24,25.21,1300.0,0.2,0.9549,41.706,18.48,39.834,64.009
2037,HODL,VanEck Bitcoin Trust,VanEck,HODL,VanEck Bitcoin Trust,BTC-USD,2025-11-25,24.68,1300.0,0.2,0.9579,41.495,18.616,45.685,69.185
2038,HODL,VanEck Bitcoin Trust,VanEck,HODL,VanEck Bitcoin Trust,BTC-USD,2025-11-26,25.42,1300.0,0.2,0.951,41.92,18.537,42.719,69.053
2039,HODL,VanEck Bitcoin Trust,VanEck,HODL,VanEck Bitcoin Trust,BTC-USD,2025-11-28,25.65,1300.0,0.2,0.9501,41.83,18.377,42.719,67.013
2040,HODL,VanEck Bitcoin Trust,VanEck,HODL,VanEck Bitcoin Trust,BTC-USD,2025-12-01,24.2,1300.0,0.2,0.9594,43.108,18.085,42.914,63.443
2041,HODL,VanEck Bitcoin Trust,VanEck,HODL,VanEck Bitcoin Trust,BTC-USD,2025-12-02,25.75,1300.0,0.2,0.9741,45.186,18.089,42.914,62.879
2042,HODL,VanEck Bitcoin Trust,VanEck,HODL,VanEck Bitcoin Trust,BTC-USD,2025-12-03,26.3,1300.0,0.2,0.973,45.459,18.086,43.351,61.774
2043,HODL,VanEck Bitcoin Trust,VanEck,HODL,VanEck Bitcoin Trust,BTC-USD,2025-12-04,26.16,1300.0,0.2,0.9705,45.191,18.192,45.53,58.589
2044,HODL,VanEck Bitcoin Trust,VanEck,HODL,VanEck Bitcoin Trust,BTC-USD,2025-12-05,25.26,1300.0,0.2,0.976,45.583,18.201,39.602,58.849
2045,HODL,VanEck Bitcoin Trust,VanEck,HODL,VanEck Bitcoin Trust,BTC-USD,2025-12-08,25.68,1300.0,0.2,0.9739,45.499,17.905,43.939,58.656
2046,HODL,VanEck Bitcoin Trust,VanEck,HODL,VanEck Bitcoin Trust,BTC-USD,2025-12-09,26.33,1300.0,0.2,0.9756,45.844,17.843,36.455,58.908
2047,HODL,VanEck Bitcoin Trust,VanEck,HODL,VanEck Bitcoin Trust,BTC-USD,2025-12-10,26.16,1300.0,0.2,0.9749,45.711,17.837,46.854,58.495
2048,HODL,VanEck Bitcoin Trust,VanEck,HODL,VanEck Bitcoin Trust,BTC-USD,2025-12-11,25.95,1300.0,0.2,0.9723,45.699,17.977,46.663,60.899
2049,HODL,VanEck Bitcoin Trust,VanEck,HODL,VanEck Bitcoin Trust,BTC-USD,2025-12-12,25.53,1300.0,0.2,0.9665,45.6,17.934,50.293,61.131
2050,HODL,VanEck Bitcoin Trust,VanEck,HODL,VanEck Bitcoin Trust,BTC-USD,2025-12-15,24.26,1300.0,0.2,0.9727,46.487,17.942,49.921,65.531
2051,HODL,VanEck Bitcoin Trust,VanEck,HODL,VanEck Bitcoin Trust,BTC-USD,2025-12-16,24.78,1300.0,0.2,0.9747,46.576,17.98,52.249,69.416
2052,HODL,VanEck Bitcoin Trust,VanEck,HODL,VanEck Bitcoin Trust,BTC-USD,2025-12-17,24.28,1300.0,0.2,0.9753,46.696,17.975,54.46,67.178
2053,HODL,VanEck Bitcoin Trust,VanEck,HODL,VanEck Bitcoin Trust,BTC-USD,2025-12-18,23.94,1300.0,0.2,0.9738,46.529,17.973,61.255,68.746
2054,HODL,VanEck Bitcoin Trust,VanEck,HODL,VanEck Bitcoin Trust,BTC-USD,2025-12-19,24.88,1300.0,0.2,0.9809,46.862,18.073,68.39,66.489
2055,HODL,VanEck Bitcoin Trust,VanEck,HODL,VanEck Bitcoin Trust,BTC-USD,2025-12-22,24.98,1300.0,0.2,0.9825,46.887,18.017,63.097,63.867
2056,HODL,VanEck Bitcoin Trust,VanEck,HODL,VanEck Bitcoin Trust,BTC-USD,2025-12-23,24.79,1300.0,0.2,0.9756,45.702,17.98,63.097,61.025
2057,HODL,VanEck Bitcoin Trust,VanEck,HODL,VanEck Bitcoin Trust,BTC-USD,2025-12-24,24.67,1300.0,0.2,0.9744,45.692,18.016,64.986,60.198
2058,HODL,VanEck Bitcoin Trust,VanEck,HODL,VanEck Bitcoin Trust,BTC-USD,2025-12-26,24.74,1300.0,0.2,0.9873,45.26,17.951,60.1,54.955
2059,HODL,VanEck Bitcoin Trust,VanEck,HODL,VanEck Bitcoin Trust,BTC-USD,2025-12-29,24.62,1300.0,0.2,0.9802,44.693,17.73,62.98,54.315
2060,HODL,VanEck Bitcoin Trust,VanEck,HODL,VanEck Bitcoin Trust,BTC-USD,2025-12-30,24.85,1300.0,0.2,0.9765,44.589,17.742,62.855,55.124
2061,HODL,VanEck Bitcoin Trust,VanEck,HODL,VanEck Bitcoin Trust,BTC-USD,2025-12-31,24.73,1300.0,0.2,0.9749,44.25,17.781,64.458,55.515
2062,HODL,VanEck Bitcoin Trust,VanEck,HODL,VanEck Bitcoin Trust,BTC-USD,2026-01-02,25.37,1300.0,0.2,0.9717,44.406,17.761,64.429,59.209
2063,HODL,VanEck Bitcoin Trust,VanEck,HODL,VanEck Bitcoin Trust,BTC-USD,2026-01-05,26.66,1300.0,0.2,0.9809,45.629,17.839,64.429,60.387
2064,HODL,VanEck Bitcoin Trust,VanEck,HODL,VanEck Bitcoin Trust,BTC-USD,2026-01-06,26.14,1300.0,0.2,0.9784,45.629,18.161,66.328,61.453
2065,HODL,VanEck Bitcoin Trust,VanEck,HODL,VanEck Bitcoin Trust,BTC-USD,2026-01-07,25.71,1300.0,0.2,1.0335,45.192,17.397,66.328,59.87
2066,HODL,VanEck Bitcoin Trust,VanEck,HODL,VanEck Bitcoin Trust,BTC-USD,2026-01-08,25.69,1300.0,0.2,1.0479,45.194,16.824,61.855,58.888
2067,HODL,VanEck Bitcoin Trust,VanEck,HODL,VanEck Bitcoin Trust,BTC-USD,2026-01-09,25.51,1300.0,0.2,1.0446,44.92,16.663,64.934,58.128
2068,HODL,VanEck Bitcoin Trust,VanEck,HODL,VanEck Bitcoin Trust,BTC-USD,2026-01-12,25.85,1300.0,0.2,1.0504,45.016,16.657,61.484,58.638
2069,HODL,VanEck Bitcoin Trust,VanEck,HODL,VanEck Bitcoin Trust,BTC-USD,2026-01-13,26.72,1300.0,0.2,1.033,45.338,16.799,61.513,56.853
2070,HODL,VanEck Bitcoin Trust,VanEck,HODL,VanEck Bitcoin Trust,BTC-USD,2026-01-14,27.62,1300.0,0.2,1.0405,45.811,17.115,52.81,57.09
2071,HODL,VanEck Bitcoin Trust,VanEck,HODL,VanEck Bitcoin Trust,BTC-USD,2026-01-15,26.94,1300.0,0.2,1.0433,45.23,17.177,56.884,52.342
2072,HODL,VanEck Bitcoin Trust,VanEck,HODL,VanEck Bitcoin Trust,BTC-USD,2026-01-16,27.03,1300.0,0.2,1.0569,45.181,16.303,54.553,48.702
2073,HODL,VanEck Bitcoin Trust,VanEck,HODL,VanEck Bitcoin Trust,BTC-USD,2026-01-20,25.32,1300.0,0.2,1.0229,46.447,15.357,52.342,47.504
2074,HODL,VanEck Bitcoin Trust,VanEck,HODL,VanEck Bitcoin Trust,BTC-USD,2026-01-21,25.47,1300.0,0.2,1.0203,46.168,15.39,37.89,47.012
2075,HODL,VanEck Bitcoin Trust,VanEck,HODL,VanEck Bitcoin Trust,BTC-USD,2026-01-22,25.26,1300.0,0.2,1.0212,46.162,15.47,34.798,47.747
2076,HODL,VanEck Bitcoin Trust,VanEck,HODL,VanEck Bitcoin Trust,BTC-USD,2026-01-23,25.3,1300.0,0.2,1.0132,45.322,15.163,39.201,47.728
2077,HODL,VanEck Bitcoin Trust,VanEck,HODL,VanEck Bitcoin Trust,BTC-USD,2026-01-26,24.75,1300.0,0.2,1.0149,45.445,15.235,39.201,47.536
2078,HODL,VanEck Bitcoin Trust,VanEck,HODL,VanEck Bitcoin Trust,BTC-USD,2026-01-27,25.26,1300.0,0.2,1.018,45.472,15.393,42.613,48.168
2079,HODL,VanEck Bitcoin Trust,VanEck,HODL,VanEck Bitcoin Trust,BTC-USD,2026-01-28,25.18,1300.0,0.2,1.0106,44.864,14.555,41.539,48.276
2080,HODL,VanEck Bitcoin Trust,VanEck,HODL,VanEck Bitcoin Trust,BTC-USD,2026-01-29,23.76,1300.0,0.2,1.0088,45.686,13.93,38.69,49.911
2081,HODL,VanEck Bitcoin Trust,VanEck,HODL,VanEck Bitcoin Trust,BTC-USD,2026-01-30,23.7,1300.0,0.2,1.0082,45.397,13.926,38.69,52.044
2082,HODL,VanEck Bitcoin Trust,VanEck,HODL,VanEck Bitcoin Trust,BTC-USD,2026-02-02,22.05,1300.0,0.2,1.0068,46.285,13.733,37.0,63.789
2083,HODL,VanEck Bitcoin Trust,VanEck,HODL,VanEck Bitcoin Trust,BTC-USD,2026-02-03,21.6,1300.0,0.2,0.988,45.853,14.14,37.0,66.356
2084,HODL,VanEck Bitcoin Trust,VanEck,HODL,VanEck Bitcoin Trust,BTC-USD,2026-02-04,20.75,1300.0,0.2,0.9899,46.164,14.143,40.517,66.984
2085,HODL,VanEck Bitcoin Trust,VanEck,HODL,VanEck Bitcoin Trust,BTC-USD,2026-02-05,18.01,1300.0,0.2,0.9668,53.44,14.059,35.835,69.651
2086,HODL,VanEck Bitcoin Trust,VanEck,HODL,VanEck Bitcoin Trust,BTC-USD,2026-02-06,19.82,1300.0,0.2,0.9398,57.23,14.391,41.346,71.477
2087,HODL,VanEck Bitcoin Trust,VanEck,HODL,VanEck Bitcoin Trust,BTC-USD,2026-02-09,20.02,1300.0,0.2,0.9388,57.107,14.739,53.606,72.765
2088,HODL,VanEck Bitcoin Trust,VanEck,HODL,VanEck Bitcoin Trust,BTC-USD,2026-02-10,19.45,1300.0,0.2,0.9405,57.286,14.91,54.714,72.386
2089,HODL,VanEck Bitcoin Trust,VanEck,HODL,VanEck Bitcoin Trust,BTC-USD,2026-02-11,19.09,1300.0,0.2,0.9363,57.034,14.563,47.648,71.962
2090,HODL,VanEck Bitcoin Trust,VanEck,HODL,VanEck Bitcoin Trust,BTC-USD,2026-02-12,18.48,1300.0,0.2,0.9452,56.881,15.043,62.625,72.134
2091,HODL,VanEck Bitcoin Trust,VanEck,HODL,VanEck Bitcoin Trust,BTC-USD,2026-02-13,19.44,1300.0,0.2,0.9524,57.892,15.29,62.625,71.166
2092,HODL,VanEck Bitcoin Trust,VanEck,HODL,VanEck Bitcoin Trust,BTC-USD,2026-02-17,19.15,1300.0,0.2,0.9513,57.846,15.31,61.279,70.884
2093,HODL,VanEck Bitcoin Trust,VanEck,HODL,VanEck Bitcoin Trust,BTC-USD,2026-02-18,18.72,1300.0,0.2,0.9493,57.568,14.669,70.984,69.308
2094,HODL,VanEck Bitcoin Trust,VanEck,HODL,VanEck Bitcoin Trust,BTC-USD,2026-02-19,18.96,1300.0,0.2,0.9609,57.344,14.355,74.816,67.623
2095,HODL,VanEck Bitcoin Trust,VanEck,HODL,VanEck Bitcoin Trust,BTC-USD,2026-02-20,19.15,1300.0,0.2,0.9591,57.312,14.368,74.816,66.092
2096,HODL,VanEck Bitcoin Trust,VanEck,HODL,VanEck Bitcoin Trust,BTC-USD,2026-02-23,18.23,1300.0,0.2,0.9494,56.804,13.856,70.863,66.567
2097,HODL,VanEck Bitcoin Trust,VanEck,HODL,VanEck Bitcoin Trust,BTC-USD,2026-02-24,18.24,1300.0,0.2,0.9484,56.72,13.78,66.408,66.714
2098,HODL,VanEck Bitcoin Trust,VanEck,HODL,VanEck Bitcoin Trust,BTC-USD,2026-02-25,19.57,1300.0,0.2,0.962,58.377,14.029,66.408,67.197
2099,HODL,VanEck Bitcoin Trust,VanEck,HODL,VanEck Bitcoin Trust,BTC-USD,2026-02-26,19.07,1300.0,0.2,0.9621,58.474,14.531,67.821,68.642
2100,HODL,VanEck Bitcoin Trust,VanEck,HODL,VanEck Bitcoin Trust,BTC-USD,2026-02-27,18.55,1300.0,0.2,0.9584,57.614,14.465,67.938,68.928
2101,HODL,VanEck Bitcoin Trust,VanEck,HODL,VanEck Bitcoin Trust,BTC-USD,2026-03-02,19.55,1300.0,0.2,0.9591,57.174,14.58,67.938,69.751
2102,HODL,VanEck Bitcoin Trust,VanEck,HODL,VanEck Bitcoin Trust,BTC-USD,2026-03-03,19.3,1300.0,0.2,0.9598,56.944,14.631,81.694,68.442
2103,HODL,VanEck Bitcoin Trust,VanEck,HODL,VanEck Bitcoin Trust,BTC-USD,2026-03-04,20.68,1300.0,0.2,0.9684,58.941,14.611,82.935,58.063
2104,HODL,VanEck Bitcoin Trust,VanEck,HODL,VanEck Bitcoin Trust,BTC-USD,2026-03-05,20.15,1300.0,0.2,0.9668,58.766,14.568,84.443,52.002
2105,HODL,VanEck Bitcoin Trust,VanEck,HODL,VanEck Bitcoin Trust,BTC-USD,2026-03-06,19.27,1300.0,0.2,0.969,59.2,14.627,81.226,50.162
2106,HODL,VanEck Bitcoin Trust,VanEck,HODL,VanEck Bitcoin Trust,BTC-USD,2026-03-09,19.52,1300.0,0.2,0.9689,58.991,14.733,81.72,46.891
2107,HODL,VanEck Bitcoin Trust,VanEck,HODL,VanEck Bitcoin Trust,BTC-USD,2026-03-10,19.82,1300.0,0.2,0.9669,59.136,14.786,74.85,46.216
2108,HODL,VanEck Bitcoin Trust,VanEck,HODL,VanEck Bitcoin Trust,BTC-USD,2026-03-11,19.97,1300.0,0.2,0.9689,59.184,14.546,70.521,45.909
2109,HODL,VanEck Bitcoin Trust,VanEck,HODL,VanEck Bitcoin Trust,BTC-USD,2026-03-12,19.92,1300.0,0.2,0.9701,59.132,14.533,69.395,45.853
2110,HODL,VanEck Bitcoin Trust,VanEck,HODL,VanEck Bitcoin Trust,BTC-USD,2026-03-13,20.135,1300.0,0.2,0.9663,58.39,14.446,69.395,45.859
2111,HODL,VanEck Bitcoin Trust,VanEck,HODL,VanEck Bitcoin Trust,BTC-USD,2026-03-16,20.93,1300.0,0.2,0.9563,58.811,14.633,54.418,46.446
2112,HODL,VanEck Bitcoin Trust,VanEck,HODL,VanEck Bitcoin Trust,BTC-USD,2026-03-17,21.1,1300.0,0.2,0.9536,58.737,15.203,56.538,46.458
2113,HODL,VanEck Bitcoin Trust,VanEck,HODL,VanEck Bitcoin Trust,BTC-USD,2026-03-18,20.09,1300.0,0.2,0.9588,59.468,15.413,53.724,46.325
2114,HODL,VanEck Bitcoin Trust,VanEck,HODL,VanEck Bitcoin Trust,BTC-USD,2026-03-19,19.86,1300.0,0.2,0.9538,58.86,15.368,44.07,46.58
2115,HODL,VanEck Bitcoin Trust,VanEck,HODL,VanEck Bitcoin Trust,BTC-USD,2026-03-20,19.84,1300.0,0.2,0.9524,58.84,15.488,44.926,46.584
2116,HODL,VanEck Bitcoin Trust,VanEck,HODL,VanEck Bitcoin Trust,BTC-USD,2026-03-23,19.98,1300.0,0.2,0.953,58.877,15.467,44.926,46.458
2117,HODL,VanEck Bitcoin Trust,VanEck,HODL,VanEck Bitcoin Trust,BTC-USD,2026-03-24,19.6,1300.0,0.2,0.9538,58.963,15.659,44.926,45.47
2118,HODL,VanEck Bitcoin Trust,VanEck,HODL,VanEck Bitcoin Trust,BTC-USD,2026-03-25,20.05,1300.0,0.2,0.956,59.199,15.803,45.342,45.372
2119,HODL,VanEck Bitcoin Trust,VanEck,HODL,VanEck Bitcoin Trust,BTC-USD,2026-03-26,19.36,1300.0,0.2,0.9562,59.551,15.791,45.342,44.77
2120,HODL,VanEck Bitcoin Trust,VanEck,HODL,VanEck Bitcoin Trust,BTC-USD,2026-03-27,18.66,1300.0,0.2,0.958,59.86,15.762,39.063,43.837
2121,HODL,VanEck Bitcoin Trust,VanEck,HODL,VanEck Bitcoin Trust,BTC-USD,2026-03-30,18.81,1300.0,0.2,0.9587,59.917,15.735,37.539,43.257
2122,HODL,VanEck Bitcoin Trust,VanEck,HODL,VanEck Bitcoin Trust,BTC-USD,2026-03-31,19.16,1300.0,0.2,0.9579,59.782,15.749,45.266,42.051
2123,HODL,VanEck Bitcoin Trust,VanEck,HODL,VanEck Bitcoin Trust,BTC-USD,2026-04-01,19.28,1300.0,0.2,0.953,58.752,15.767,31.51,41.867
2124,HODL,VanEck Bitcoin Trust,VanEck,HODL,VanEck Bitcoin Trust,BTC-USD,2026-04-02,18.95,1300.0,0.2,0.9539,58.729,15.313,31.51,39.197
2125,HODL,VanEck Bitcoin Trust,VanEck,HODL,VanEck Bitcoin Trust,BTC-USD,2026-04-06,19.725,1300.0,0.2,0.9611,59.411,15.366,30.003,38.746
2126,HODL,VanEck Bitcoin Trust,VanEck,HODL,VanEck Bitcoin Trust,BTC-USD,2026-04-07,19.51,1300.0,0.2,0.9315,59.421,18.689,29.62,39.171
2127,HODL,VanEck Bitcoin Trust,VanEck,HODL,VanEck Bitcoin Trust,BTC-USD,2026-04-08,20.18,1300.0,0.2,0.9276,59.935,20.84,29.208,38.022
2128,HODL,VanEck Bitcoin Trust,VanEck,HODL,VanEck Bitcoin Trust,BTC-USD,2026-04-09,20.41,1300.0,0.2,0.9272,59.913,20.82,40.645,37.323
2129,HODL,VanEck Bitcoin Trust,VanEck,HODL,VanEck Bitcoin Trust,BTC-USD,2026-04-10,20.75,1300.0,0.2,0.932,59.571,20.651,32.929,36.204
2130,HODL,VanEck Bitcoin Trust,VanEck,HODL,VanEck Bitcoin Trust,BTC-USD,2026-04-13,20.76,1300.0,0.2,0.9221,59.07,20.744,37.173,35.579
2131,HODL,VanEck Bitcoin Trust,VanEck,HODL,VanEck Bitcoin Trust,BTC-USD,2026-04-14,21.02,1300.0,0.2,0.9208,59.022,20.914,37.173,35.25
2132,HODL,VanEck Bitcoin Trust,VanEck,HODL,VanEck Bitcoin Trust,BTC-USD,2026-04-15,21.225,1300.0,0.2,0.921,59.07,20.905,41.445,33.327
2133,HODL,VanEck Bitcoin Trust,VanEck,HODL,VanEck Bitcoin Trust,BTC-USD,2026-04-16,21.32,1300.0,0.2,0.928,57.691,20.675,46.813,32.903
2134,HODL,VanEck Bitcoin Trust,VanEck,HODL,VanEck Bitcoin Trust,BTC-USD,2026-04-17,21.92,1300.0,0.2,0.9304,58.006,20.648,46.813,33.232
2135,HODL,VanEck Bitcoin Trust,VanEck,HODL,VanEck Bitcoin Trust,BTC-USD,2026-04-20,21.57,1300.0,0.2,0.9309,58.062,20.557,48.308,32.543
2136,HODL,VanEck Bitcoin Trust,VanEck,HODL,VanEck Bitcoin Trust,BTC-USD,2026-04-21,21.21,1300.0,0.2,0.9283,58.127,21.084,53.87,32.518
2137,HODL,VanEck Bitcoin Trust,VanEck,HODL,VanEck Bitcoin Trust,BTC-USD,2026-04-22,22.31,1300.0,0.2,0.9364,59.007,21.804,54.251,32.232
2138,HODL,VanEck Bitcoin Trust,VanEck,HODL,VanEck Bitcoin Trust,BTC-USD,2026-04-23,21.985,1300.0,0.2,0.9341,58.883,21.933,54.251,32.134
2139,HODL,VanEck Bitcoin Trust,VanEck,HODL,VanEck Bitcoin Trust,BTC-USD,2026-04-24,21.97,1300.0,0.2,0.9333,58.883,21.994,57.374,31.535
2140,HODL,VanEck Bitcoin Trust,VanEck,HODL,VanEck Bitcoin Trust,BTC-USD,2026-04-27,21.74,1300.0,0.2,0.9277,57.755,22.064,58.366,31.296
2141,HODL,VanEck Bitcoin Trust,VanEck,HODL,VanEck Bitcoin Trust,BTC-USD,2026-04-28,21.59,1300.0,0.2,0.927,57.766,22.084,58.366,29.658
2142,HODL,VanEck Bitcoin Trust,VanEck,HODL,VanEck Bitcoin Trust,BTC-USD,2026-04-29,21.34,1300.0,0.2,0.9183,55.908,22.083,60.459,29.645
2143,HODL,VanEck Bitcoin Trust,VanEck,HODL,VanEck Bitcoin Trust,BTC-USD,2026-04-30,21.6,1300.0,0.2,0.9275,55.808,21.782,55.777,28.029
2144,HODL,VanEck Bitcoin Trust,VanEck,HODL,VanEck Bitcoin Trust,BTC-USD,2026-05-01,22.19,1300.0,0.2,0.9252,55.439,21.773,55.923,26.576
2145,HODL,VanEck Bitcoin Trust,VanEck,HODL,VanEck Bitcoin Trust,BTC-USD,2026-05-04,22.63,1300.0,0.2,0.9229,46.898,21.743,56.005,26.703
2146,HODL,VanEck Bitcoin Trust,VanEck,HODL,VanEck Bitcoin Trust,BTC-USD,2026-05-05,23.09,1300.0,0.2,0.9702,42.96,21.555,56.005,26.193
2147,HODL,VanEck Bitcoin Trust,VanEck,HODL,VanEck Bitcoin Trust,BTC-USD,2026-05-06,23.04,1300.0,0.2,0.9733,42.942,21.38,57.624,24.866
2148,HODL,VanEck Bitcoin Trust,VanEck,HODL,VanEck Bitcoin Trust,BTC-USD,2026-05-07,22.67,1300.0,0.2,0.9662,42.625,21.259,57.624,24.907
2149,HODL,VanEck Bitcoin Trust,VanEck,HODL,VanEck Bitcoin Trust,BTC-USD,2026-05-08,22.68,1300.0,0.2,0.9723,42.398,21.226,49.96,23.963
2150,HODL,VanEck Bitcoin Trust,VanEck,HODL,VanEck Bitcoin Trust,BTC-USD,2026-05-11,23.18,1300.0,0.2,0.9643,41.922,20.753,49.877,24.937
2151,HODL,VanEck Bitcoin Trust,VanEck,HODL,VanEck Bitcoin Trust,BTC-USD,2026-05-12,22.85,1300.0,0.2,0.95,40.922,20.575,44.166,24.427
2152,HODL,VanEck Bitcoin Trust,VanEck,HODL,VanEck Bitcoin Trust,BTC-USD,2026-05-13,22.5,1300.0,0.2,0.9534,40.93,20.562,44.166,24.074
2153,HODL,VanEck Bitcoin Trust,VanEck,HODL,VanEck Bitcoin Trust,BTC-USD,2026-05-14,23.03,1300.0,0.2,0.95,40.796,20.503,39.894,24.323
2154,HODL,VanEck Bitcoin Trust,VanEck,HODL,VanEck Bitcoin Trust,BTC-USD,2026-05-15,22.36,1300.0,0.2,0.9545,41.301,20.517,31.339,24.029
2155,HODL,VanEck Bitcoin Trust,VanEck,HODL,VanEck Bitcoin Trust,BTC-USD,2026-05-18,21.72,1300.0,0.2,0.9593,41.781,20.501,31.339,23.107
2156,HODL,VanEck Bitcoin Trust,VanEck,HODL,VanEck Bitcoin Trust,BTC-USD,2026-05-19,21.71,1300.0,0.2,0.9584,40.394,20.504,35.803,22.781
2157,HODL,VanEck Bitcoin Trust,VanEck,HODL,VanEck Bitcoin Trust,BTC-USD,2026-05-20,21.96,1300.0,0.2,0.9621,40.429,20.438,26.056,22.316
2158,HODL,VanEck Bitcoin Trust,VanEck,HODL,VanEck Bitcoin Trust,BTC-USD,2026-05-21,21.95,1300.0,0.2,0.9337,37.922,20.239,30.464,21.356
2159,HODL,VanEck Bitcoin Trust,VanEck,HODL,VanEck Bitcoin Trust,BTC-USD,2026-05-22,21.44,1300.0,0.2,0.9258,37.85,19.868,30.546,20.273
2160,HODL,VanEck Bitcoin Trust,VanEck,HODL,VanEck Bitcoin Trust,BTC-USD,2026-05-26,21.46,1300.0,0.2,0.9199,37.346,19.851,34.428,20.72
2161,HODL,VanEck Bitcoin Trust,VanEck,HODL,VanEck Bitcoin Trust,BTC-USD,2026-05-27,21.18,1300.0,0.2,0.896,35.984,19.738,31.705,20.745
2162,HODL,VanEck Bitcoin Trust,VanEck,HODL,VanEck Bitcoin Trust,BTC-USD,2026-05-28,20.74,1300.0,0.2,0.8991,36.159,19.833,31.712,21.175
2163,HODL,VanEck Bitcoin Trust,VanEck,HODL,VanEck Bitcoin Trust,BTC-USD,2026-05-29,20.76,1300.0,0.2,0.8638,33.279,19.766,34.758,20.737
2164,HODL,VanEck Bitcoin Trust,VanEck,HODL,VanEck Bitcoin Trust,BTC-USD,2026-06-01,20.21,1300.0,0.2,0.8627,33.309,19.772,33.444,21.403
2165,HODL,VanEck Bitcoin Trust,VanEck,HODL,VanEck Bitcoin Trust,BTC-USD,2026-06-02,19.01,1300.0,0.2,0.855,34.413,19.737,33.444,21.615
2166,HODL,VanEck Bitcoin Trust,VanEck,HODL,VanEck Bitcoin Trust,BTC-USD,2026-06-03,18.48,1300.0,0.2,0.8432,34.775,19.692,34.326,21.869
2167,HODL,VanEck Bitcoin Trust,VanEck,HODL,VanEck Bitcoin Trust,BTC-USD,2026-06-04,17.97,1300.0,0.2,0.8479,35.044,20.318,34.893,21.998
2168,HODL,VanEck Bitcoin Trust,VanEck,HODL,VanEck Bitcoin Trust,BTC-USD,2026-06-05,17.05,1300.0,0.2,0.8669,36.506,20.45,33.275,25.112
2169,HODL,VanEck Bitcoin Trust,VanEck,HODL,VanEck Bitcoin Trust,BTC-USD,2026-06-08,17.92,1300.0,0.2,0.8926,38.053,20.787,33.647,25.285
2170,HODL,VanEck Bitcoin Trust,VanEck,HODL,VanEck Bitcoin Trust,BTC-USD,2026-06-09,17.54,1300.0,0.2,0.8916,38.173,20.766,30.193,25.65
2171,HODL,VanEck Bitcoin Trust,VanEck,HODL,VanEck Bitcoin Trust,BTC-USD,2026-06-10,17.5,1300.0,0.2,0.9097,37.203,20.615,32.153,25.352
2172,HODL,VanEck Bitcoin Trust,VanEck,HODL,VanEck Bitcoin Trust,BTC-USD,2026-06-11,17.97,1300.0,0.2,0.9113,37.626,20.194,32.153,25.602
2173,HODL,VanEck Bitcoin Trust,VanEck,HODL,VanEck Bitcoin Trust,BTC-USD,2026-06-12,17.97,1300.0,0.2,0.8919,36.366,20.008,33.112,25.441
2174,HODL,VanEck Bitcoin Trust,VanEck,HODL,VanEck Bitcoin Trust,BTC-USD,2026-06-15,18.84,1300.0,0.2,0.9099,37.672,20.046,33.112,25.274
2175,HODL,VanEck Bitcoin Trust,VanEck,HODL,VanEck Bitcoin Trust,BTC-USD,2026-06-16,18.56,1300.0,0.2,0.9147,37.782,19.988,33.112,24.918
2176,HODL,VanEck Bitcoin Trust,VanEck,HODL,VanEck Bitcoin Trust,BTC-USD,2026-06-17,18.15,1300.0,0.2,0.9174,37.991,20.014,36.029,24.824
2177,HODL,VanEck Bitcoin Trust,VanEck,HODL,VanEck Bitcoin Trust,BTC-USD,2026-06-18,17.8,1300.0,0.2,0.9138,37.996,19.821,31.558,26.447
2178,HODL,VanEck Bitcoin Trust,VanEck,HODL,VanEck Bitcoin Trust,BTC-USD,2026-06-22,18.21,1300.0,0.2,0.913,37.998,19.726,31.558,27.239
2179,HODL,VanEck Bitcoin Trust,VanEck,HODL,VanEck Bitcoin Trust,BTC-USD,2026-06-23,17.62,1300.0,0.2,0.9197,37.922,19.939,27.992,27.479
2180,HODL,VanEck Bitcoin Trust,VanEck,HODL,VanEck Bitcoin Trust,BTC-USD,2026-06-24,16.92,1300.0,0.2,0.9297,38.077,20.173,27.992,28.267
2181,HODL,VanEck Bitcoin Trust,VanEck,HODL,VanEck Bitcoin Trust,BTC-USD,2026-06-25,16.74,1300.0,0.2,0.9226,38.068,20.252,26.98,30.668
2182,HODL,VanEck Bitcoin Trust,VanEck,HODL,VanEck Bitcoin Trust,BTC-USD,2026-06-26,16.87,1300.0,0.2,0.9256,37.886,20.256,35.485,30.492
2183,HODL,VanEck Bitcoin Trust,VanEck,HODL,VanEck Bitcoin Trust,BTC-USD,2026-06-29,17.07,1300.0,0.2,0.9272,37.955,20.286,45.28,31.664
2184,HODL,VanEck Bitcoin Trust,VanEck,HODL,VanEck Bitcoin Trust,BTC-USD,2026-06-30,16.61,1300.0,0.2,0.9289,38.182,20.291,41.065,31.673
2185,HODL,VanEck Bitcoin Trust,VanEck,HODL,VanEck Bitcoin Trust,BTC-USD,2026-07-01,16.96,1300.0,0.2,0.9126,37.47,20.123,41.905,30.86
2186,HODL,VanEck Bitcoin Trust,VanEck,HODL,VanEck Bitcoin Trust,BTC-USD,2026-07-02,17.37,1300.0,0.2,1.0022,37.813,17.07,41.102,30.214
2187,HODL,VanEck Bitcoin Trust,VanEck,HODL,VanEck Bitcoin Trust,BTC-USD,2026-07-06,18.01,1300.0,0.2,1.0106,37.914,14.404,42.913,29.603
2188,HODL,VanEck Bitcoin Trust,VanEck,HODL,VanEck Bitcoin Trust,BTC-USD,2026-07-07,18.05,1300.0,0.2,1.0055,37.824,14.662,45.346,28.695
2189,HODL,VanEck Bitcoin Trust,VanEck,HODL,VanEck Bitcoin Trust,BTC-USD,2026-07-08,17.59,1300.0,0.2,1.0103,37.931,14.767,45.346,26.136
2190,HODL,VanEck Bitcoin Trust,VanEck,HODL,VanEck Bitcoin Trust,BTC-USD,2026-07-09,17.88,1300.0,0.2,1.0277,38.128,14.296,45.346,25.434
2191,HODL,VanEck Bitcoin Trust,VanEck,HODL,VanEck Bitcoin Trust,BTC-USD,2026-07-10,18.08,1300.0,0.2,1.0261,38.107,13.898,45.346,25.028
2192,HODL,VanEck Bitcoin Trust,VanEck,HODL,VanEck Bitcoin Trust,BTC-USD,2026-07-13,17.59,1300.0,0.2,1.0227,38.359,13.908,43.399,24.443
2193,HODL,VanEck Bitcoin Trust,VanEck,HODL,VanEck Bitcoin Trust,BTC-USD,2026-07-14,18.26,1300.0,0.2,1.0135,39.221,13.951,43.399,24.651
2194,HODL,VanEck Bitcoin Trust,VanEck,HODL,VanEck Bitcoin Trust,BTC-USD,2026-07-15,18.36,1300.0,0.2,1.0117,38.747,14.072,43.118,24.173
2195,HODL,VanEck Bitcoin Trust,VanEck,HODL,VanEck Bitcoin Trust,BTC-USD,2026-07-16,18.16,1300.0,0.2,1.0106,38.687,14.097,42.364,23.933
2196,HODL,VanEck Bitcoin Trust,VanEck,HODL,VanEck Bitcoin Trust,BTC-USD,2026-07-17,18.13,1300.0,0.2,1.0172,38.578,13.333,42.315,23.945
2197,HODL,VanEck Bitcoin Trust,VanEck,HODL,VanEck Bitcoin Trust,BTC-USD,2026-07-20,18.42,1300.0,0.2,0.9896,37.165,11.984,38.918,23.793
2198,HODL,VanEck Bitcoin Trust,VanEck,HODL,VanEck Bitcoin Trust,BTC-USD,2026-07-21,18.795,1300.0,0.2,0.9922,37.39,11.586,39.398,22.278
2199,HODL,VanEck Bitcoin Trust,VanEck,HODL,VanEck Bitcoin Trust,BTC-USD,2026-07-22,18.65,1300.0,0.2,0.9949,37.402,11.418,39.398,21.479
2200,HODL,VanEck Bitcoin Trust,VanEck,HODL,VanEck Bitcoin Trust,BTC-USD,2026-07-23,18.325,1300.0,0.2,0.9961,37.493,11.27,39.398,21.344
2201,HODL,VanEck Bitcoin Trust,VanEck,HODL,VanEck Bitcoin Trust,BTC-USD,2026-07-24,18.15,1300.0,0.2,0.9963,37.509,11.263,38.918,20.519
2202,HODL,VanEck Bitcoin Trust,VanEck,HODL,VanEck Bitcoin Trust,BTC-USD,2026-07-27,18.36,1300.0,0.2,0.9939,37.579,11.801,32.544,17.574
2203,HODL,VanEck Bitcoin Trust,VanEck,HODL,VanEck Bitcoin Trust,BTC-USD,2026-07-28,18.045,1300.0,0.2,0.9889,37.573,12.392,24.039,17.513
2204,HODL,VanEck Bitcoin Trust,VanEck,HODL,VanEck Bitcoin Trust,BTC-USD,2026-07-29,17.96,1300.0,0.2,0.9854,37.052,12.385,13.32,16.471
2205,HODL,VanEck Bitcoin Trust,VanEck,HODL,VanEck Bitcoin Trust,BTC-USD,2026-07-30,18.31,1300.0,0.2,0.9899,37.044,12.476,12.872,16.592
2206,HODL,VanEck Bitcoin Trust,VanEck,HODL,VanEck Bitcoin Trust,BTC-USD,2026-07-31,17.78,1300.0,0.2,0.9855,37.082,12.381,12.872,17.334
2207,HODL,VanEck Bitcoin Trust,VanEck,HODL,VanEck Bitcoin Trust,BTC-USD,2026-08-03,18.05,1300.0,0.2,0.9908,37.294,12.334,20.527,17.754
2208,HODL,VanEck Bitcoin Trust,VanEck,HODL,VanEck Bitcoin Trust,BTC-USD,2026-08-04,18.16,1300.0,0.2,0.99,37.264,12.343,19.202,18.214
2209,HODL,VanEck Bitcoin Trust,VanEck,HODL,VanEck Bitcoin Trust,BTC-USD,2026-08-05,18.33,1300.0,0.2,0.9907,37.35,12.345,17.281,18.749
2210,HODL,VanEck Bitcoin Trust,VanEck,HODL,VanEck Bitcoin Trust,BTC-USD,2026-08-06,18.21,1300.0,0.2,0.9885,36.978,12.319,21.733,18.373
2211,HODL,VanEck Bitcoin Trust,VanEck,HODL,VanEck Bitcoin Trust,BTC-USD,2026-08-07,18.35,1300.0,0.2,0.9881,36.991,12.32,21.665,18.799
2212,HODL,VanEck Bitcoin Trust,VanEck,HODL,VanEck Bitcoin Trust,BTC-USD,2026-08-10,18.09,1300.0,0.2,0.9876,36.976,12.322,20.555,19.25
2213,HODL,VanEck Bitcoin Trust,VanEck,HODL,VanEck Bitcoin Trust,BTC-USD,2026-08-11,17.95,1300.0,0.2,0.9863,36.555,12.312,19.324,18.669
2214,HODL,VanEck Bitcoin Trust,VanEck,HODL,VanEck Bitcoin Trust,BTC-USD,2026-08-12,17.92,1300.0,0.2,0.9827,36.173,12.267,23.699,17.941
2215,HODL,VanEck Bitcoin Trust,VanEck,HODL,VanEck Bitcoin Trust,BTC-USD,2026-08-13,17.91,1300.0,0.2,0.9806,35.79,12.255,26.6,17.657
2216,HODL,VanEck Bitcoin Trust,VanEck,HODL,VanEck Bitcoin Trust,BTC-USD,2026-08-14,17.785,1300.0,0.2,0.9806,35.793,12.244,26.288,17.734
2217,HODL,VanEck Bitcoin Trust,VanEck,HODL,VanEck Bitcoin Trust,BTC-USD,2026-08-17,18.16,1300.0,0.2,0.9771,36.011,12.232,26.288,19.976
2218,HODL,VanEck Bitcoin Trust,VanEck,HODL,VanEck Bitcoin Trust,BTC-USD,2026-08-18,18.27,1300.0,0.2,0.978,36.056,12.259,26.098,19.789
2219,HODL,VanEck Bitcoin Trust,VanEck,HODL,VanEck Bitcoin Trust,BTC-USD,2026-08-19,19.37,1300.0,0.2,0.9622,37.935,12.333,26.098,21.343
2220,HODL,VanEck Bitcoin Trust,VanEck,HODL,VanEck Bitcoin Trust,BTC-USD,2026-08-20,20.57,1300.0,0.2,0.9768,39.993,12.461,26.098,22.29
2221,HODL,VanEck Bitcoin Trust,VanEck,HODL,VanEck Bitcoin Trust,BTC-USD,2026-08-21,21.78,1300.0,0.2,0.9607,41.621,12.57,26.098,23.274
2222,HODL,VanEck Bitcoin Trust,VanEck,HODL,VanEck Bitcoin Trust,BTC-USD,2026-08-24,22.28,1300.0,0.2,0.9603,41.622,12.788,26.098,24.326
2223,HODL,VanEck Bitcoin Trust,VanEck,HODL,VanEck Bitcoin Trust,BTC-USD,2026-08-25,22.33,1300.0,0.2,0.9594,41.623,12.863,31.884,24.623
2224,HODL,VanEck Bitcoin Trust,VanEck,HODL,VanEck Bitcoin Trust,BTC-USD,2026-08-26,22.2,1300.0,0.2,0.9584,41.238,13.06,31.884,24.329
2225,HODL,VanEck Bitcoin Trust,VanEck,HODL,VanEck Bitcoin Trust,BTC-USD,2026-08-27,22.59,1300.0,0.2,0.966,39.225,13.099,31.884,26.675
2226,BTCO,Invesco Galaxy Bitcoin ETF,Invesco / Galaxy,BTCO,Invesco Galaxy Bitcoin ETF,BTC-USD,2025-03-07,86.82,800.0,0.25,1.0181,45.871,18.8,93.355,32.381
2227,BTCO,Invesco Galaxy Bitcoin ETF,Invesco / Galaxy,BTCO,Invesco Galaxy Bitcoin ETF,BTC-USD,2025-03-10,79.1,800.0,0.25,0.9891,48.368,17.693,85.719,32.545
2228,BTCO,Invesco Galaxy Bitcoin ETF,Invesco / Galaxy,BTCO,Invesco Galaxy Bitcoin ETF,BTC-USD,2025-03-11,82.88,800.0,0.25,0.9828,49.429,17.639,84.63,34.042
2229,BTCO,Invesco Galaxy Bitcoin ETF,Invesco / Galaxy,BTCO,Invesco Galaxy Bitcoin ETF,BTC-USD,2025-03-12,82.77,800.0,0.25,0.9744,48.203,17.716,93.509,30.372
2230,BTCO,Invesco Galaxy Bitcoin ETF,Invesco / Galaxy,BTCO,Invesco Galaxy Bitcoin ETF,BTC-USD,2025-03-13,79.97,800.0,0.25,0.9757,48.583,17.718,98.937,29.892
2231,BTCO,Invesco Galaxy Bitcoin ETF,Invesco / Galaxy,BTCO,Invesco Galaxy Bitcoin ETF,BTC-USD,2025-03-14,84.46,800.0,0.25,0.99,49.874,18.173,88.503,28.991
2232,BTCO,Invesco Galaxy Bitcoin ETF,Invesco / Galaxy,BTCO,Invesco Galaxy Bitcoin ETF,BTC-USD,2025-03-17,84.4,800.0,0.25,0.9945,49.108,18.174,94.073,29.114
2233,BTCO,Invesco Galaxy Bitcoin ETF,Invesco / Galaxy,BTCO,Invesco Galaxy Bitcoin ETF,BTC-USD,2025-03-18,82.14,800.0,0.25,0.9965,49.277,18.253,94.661,29.622
2234,BTCO,Invesco Galaxy Bitcoin ETF,Invesco / Galaxy,BTCO,Invesco Galaxy Bitcoin ETF,BTC-USD,2025-03-19,85.32,800.0,0.25,0.9872,48.747,18.358,94.661,29.178
2235,BTCO,Invesco Galaxy Bitcoin ETF,Invesco / Galaxy,BTCO,Invesco Galaxy Bitcoin ETF,BTC-USD,2025-03-20,84.02,800.0,0.25,0.9692,48.057,18.164,103.781,29.167
2236,BTCO,Invesco Galaxy Bitcoin ETF,Invesco / Galaxy,BTCO,Invesco Galaxy Bitcoin ETF,BTC-USD,2025-03-21,83.8,800.0,0.25,0.9694,48.053,18.162,103.192,28.893
2237,BTCO,Invesco Galaxy Bitcoin ETF,Invesco / Galaxy,BTCO,Invesco Galaxy Bitcoin ETF,BTC-USD,2025-03-24,88.08,800.0,0.25,0.9757,48.73,18.249,98.805,27.46
2238,BTCO,Invesco Galaxy Bitcoin ETF,Invesco / Galaxy,BTCO,Invesco Galaxy Bitcoin ETF,BTC-USD,2025-03-25,88.01,800.0,0.25,0.9592,47.103,17.801,102.883,27.264
2239,BTCO,Invesco Galaxy Bitcoin ETF,Invesco / Galaxy,BTCO,Invesco Galaxy Bitcoin ETF,BTC-USD,2025-03-26,86.4,800.0,0.25,0.9578,46.792,17.957,103.791,21.167
2240,BTCO,Invesco Galaxy Bitcoin ETF,Invesco / Galaxy,BTCO,Invesco Galaxy Bitcoin ETF,BTC-USD,2025-03-27,86.85,800.0,0.25,0.9595,46.759,17.943,110.389,19.52
2241,BTCO,Invesco Galaxy Bitcoin ETF,Invesco / Galaxy,BTCO,Invesco Galaxy Bitcoin ETF,BTC-USD,2025-03-28,83.71,800.0,0.25,0.9676,47.319,17.673,96.663,18.625
2242,BTCO,Invesco Galaxy Bitcoin ETF,Invesco / Galaxy,BTCO,Invesco Galaxy Bitcoin ETF,BTC-USD,2025-03-31,82.22,800.0,0.25,0.9701,47.406,17.304,91.847,18.136
2243,BTCO,Invesco Galaxy Bitcoin ETF,Invesco / Galaxy,BTCO,Invesco Galaxy Bitcoin ETF,BTC-USD,2025-04-01,84.82,800.0,0.25,0.9655,47.038,17.244,92.414,17.846
2244,BTCO,Invesco Galaxy Bitcoin ETF,Invesco / Galaxy,BTCO,Invesco Galaxy Bitcoin ETF,BTC-USD,2025-04-02,86.73,800.0,0.25,0.9342,47.243,20.292,94.181,16.192
2245,BTCO,Invesco Galaxy Bitcoin ETF,Invesco / Galaxy,BTCO,Invesco Galaxy Bitcoin ETF,BTC-USD,2025-04-03,81.78,800.0,0.25,0.9174,47.849,24.433,94.786,15.277
2246,BTCO,Invesco Galaxy Bitcoin ETF,Invesco / Galaxy,BTCO,Invesco Galaxy Bitcoin ETF,BTC-USD,2025-04-04,83.77,800.0,0.25,0.9091,46.745,24.578,84.994,15.87
2247,BTCO,Invesco Galaxy Bitcoin ETF,Invesco / Galaxy,BTCO,Invesco Galaxy Bitcoin ETF,BTC-USD,2025-04-07,77.93,800.0,0.25,0.9299,48.675,24.871,74.707,16.868
2248,BTCO,Invesco Galaxy Bitcoin ETF,Invesco / Galaxy,BTCO,Invesco Galaxy Bitcoin ETF,BTC-USD,2025-04-08,76.6,800.0,0.25,0.9167,48.709,25.038,93.741,16.53
2249,BTCO,Invesco Galaxy Bitcoin ETF,Invesco / Galaxy,BTCO,Invesco Galaxy Bitcoin ETF,BTC-USD,2025-04-09,82.07,800.0,0.25,0.9114,50.902,24.997,93.241,14.916
2250,BTCO,Invesco Galaxy Bitcoin ETF,Invesco / Galaxy,BTCO,Invesco Galaxy Bitcoin ETF,BTC-USD,2025-04-10,79.4,800.0,0.25,0.9074,50.893,24.947,99.633,14.984
2251,BTCO,Invesco Galaxy Bitcoin ETF,Invesco / Galaxy,BTCO,Invesco Galaxy Bitcoin ETF,BTC-USD,2025-04-11,83.68,800.0,0.25,0.9197,51.652,24.996,94.204,14.987
2252,BTCO,Invesco Galaxy Bitcoin ETF,Invesco / Galaxy,BTCO,Invesco Galaxy Bitcoin ETF,BTC-USD,2025-04-14,84.74,800.0,0.25,0.921,51.702,24.803,94.204,14.65
2253,BTCO,Invesco Galaxy Bitcoin ETF,Invesco / Galaxy,BTCO,Invesco Galaxy Bitcoin ETF,BTC-USD,2025-04-15,83.91,800.0,0.25,0.9205,50.839,24.802,93.419,14.191
2254,BTCO,Invesco Galaxy Bitcoin ETF,Invesco / Galaxy,BTCO,Invesco Galaxy Bitcoin ETF,BTC-USD,2025-04-16,84.23,800.0,0.25,0.9209,50.741,24.798,96.001,13.504
2255,BTCO,Invesco Galaxy Bitcoin ETF,Invesco / Galaxy,BTCO,Invesco Galaxy Bitcoin ETF,BTC-USD,2025-04-17,84.79,800.0,0.25,0.9221,50.706,24.781,103.548,13.058
2256,BTCO,Invesco Galaxy Bitcoin ETF,Invesco / Galaxy,BTCO,Invesco Galaxy Bitcoin ETF,BTC-USD,2025-04-21,87.3,800.0,0.25,0.9243,51.127,24.65,88.983,13.506
2257,BTCO,Invesco Galaxy Bitcoin ETF,Invesco / Galaxy,BTCO,Invesco Galaxy Bitcoin ETF,BTC-USD,2025-04-22,91.41,800.0,0.25,0.9067,51.977,24.759,88.983,15.115
2258,BTCO,Invesco Galaxy Bitcoin ETF,Invesco / Galaxy,BTCO,Invesco Galaxy Bitcoin ETF,BTC-USD,2025-04-23,93.21,800.0,0.25,0.9037,51.723,24.933,87.425,15.569
2259,BTCO,Invesco Galaxy Bitcoin ETF,Invesco / Galaxy,BTCO,Invesco Galaxy Bitcoin ETF,BTC-USD,2025-04-24,93.49,800.0,0.25,0.9042,51.73,24.912,85.901,15.748
2260,BTCO,Invesco Galaxy Bitcoin ETF,Invesco / Galaxy,BTCO,Invesco Galaxy Bitcoin ETF,BTC-USD,2025-04-25,95.27,800.0,0.25,0.902,51.479,24.962,84.657,16.061
2261,BTCO,Invesco Galaxy Bitcoin ETF,Invesco / Galaxy,BTCO,Invesco Galaxy Bitcoin ETF,BTC-USD,2025-04-28,94.63,800.0,0.25,0.9018,51.462,25.028,78.479,16.524
2262,BTCO,Invesco Galaxy Bitcoin ETF,Invesco / Galaxy,BTCO,Invesco Galaxy Bitcoin ETF,BTC-USD,2025-04-29,95.21,800.0,0.25,0.8957,51.052,25.029,77.874,16.445
2263,BTCO,Invesco Galaxy Bitcoin ETF,Invesco / Galaxy,BTCO,Invesco Galaxy Bitcoin ETF,BTC-USD,2025-04-30,94.01,800.0,0.25,0.8965,51.107,25.116,77.874,16.228
2264,BTCO,Invesco Galaxy Bitcoin ETF,Invesco / Galaxy,BTCO,Invesco Galaxy Bitcoin ETF,BTC-USD,2025-05-01,96.38,800.0,0.25,0.9019,51.124,25.073,79.723,15.83
2265,BTCO,Invesco Galaxy Bitcoin ETF,Invesco / Galaxy,BTCO,Invesco Galaxy Bitcoin ETF,BTC-USD,2025-05-02,96.84,800.0,0.25,0.9014,51.05,25.069,77.326,15.918
2266,BTCO,Invesco Galaxy Bitcoin ETF,Invesco / Galaxy,BTCO,Invesco Galaxy Bitcoin ETF,BTC-USD,2025-05-05,94.18,800.0,0.25,0.9042,51.363,25.107,77.326,15.556
2267,BTCO,Invesco Galaxy Bitcoin ETF,Invesco / Galaxy,BTCO,Invesco Galaxy Bitcoin ETF,BTC-USD,2025-05-06,94.77,800.0,0.25,0.8993,51.319,25.133,82.375,14.577
2268,BTCO,Invesco Galaxy Bitcoin ETF,Invesco / Galaxy,BTCO,Invesco Galaxy Bitcoin ETF,BTC-USD,2025-05-07,96.01,800.0,0.25,0.8986,51.289,25.198,82.375,12.718
2269,BTCO,Invesco Galaxy Bitcoin ETF,Invesco / Galaxy,BTCO,Invesco Galaxy Bitcoin ETF,BTC-USD,2025-05-08,101.15,800.0,0.25,0.8933,52.191,25.191,65.158,12.573
2270,BTCO,Invesco Galaxy Bitcoin ETF,Invesco / Galaxy,BTCO,Invesco Galaxy Bitcoin ETF,BTC-USD,2025-05-09,103.08,800.0,0.25,0.8925,52.196,25.544,55.607,12.039
2271,BTCO,Invesco Galaxy Bitcoin ETF,Invesco / Galaxy,BTCO,Invesco Galaxy Bitcoin ETF,BTC-USD,2025-05-12,101.66,800.0,0.25,0.8939,52.257,25.659,43.18,11.84
2272,BTCO,Invesco Galaxy Bitcoin ETF,Invesco / Galaxy,BTCO,Invesco Galaxy Bitcoin ETF,BTC-USD,2025-05-13,104.7,800.0,0.25,0.8971,52.544,25.906,43.18,11.687
2273,BTCO,Invesco Galaxy Bitcoin ETF,Invesco / Galaxy,BTCO,Invesco Galaxy Bitcoin ETF,BTC-USD,2025-05-14,103.16,800.0,0.25,0.8924,52.137,25.831,45.672,11.915
2274,BTCO,Invesco Galaxy Bitcoin ETF,Invesco / Galaxy,BTCO,Invesco Galaxy Bitcoin ETF,BTC-USD,2025-05-15,103.04,800.0,0.25,0.8906,51.982,25.778,41.283,12.162
2275,BTCO,Invesco Galaxy Bitcoin ETF,Invesco / Galaxy,BTCO,Invesco Galaxy Bitcoin ETF,BTC-USD,2025-05-16,103.88,800.0,0.25,0.8875,51.768,25.824,38.947,11.949
2276,BTCO,Invesco Galaxy Bitcoin ETF,Invesco / Galaxy,BTCO,Invesco Galaxy Bitcoin ETF,BTC-USD,2025-05-19,105.32,800.0,0.25,0.8789,51.197,25.667,35.42,11.871
2277,BTCO,Invesco Galaxy Bitcoin ETF,Invesco / Galaxy,BTCO,Invesco Galaxy Bitcoin ETF,BTC-USD,2025-05-20,106.88,800.0,0.25,0.911,51.207,24.313,35.42,11.45
2278,BTCO,Invesco Galaxy Bitcoin ETF,Invesco / Galaxy,BTCO,Invesco Galaxy Bitcoin ETF,BTC-USD,2025-05-21,108.41,800.0,0.25,0.8852,49.349,23.404,35.42,11.137
2279,BTCO,Invesco Galaxy Bitcoin ETF,Invesco / Galaxy,BTCO,Invesco Galaxy Bitcoin ETF,BTC-USD,2025-05-22,111.02,800.0,0.25,0.8871,48.489,23.405,36.056,11.119
2280,BTCO,Invesco Galaxy Bitcoin ETF,Invesco / Galaxy,BTCO,Invesco Galaxy Bitcoin ETF,BTC-USD,2025-05-23,108.57,800.0,0.25,0.8771,48.696,23.302,33.184,12.125
2281,BTCO,Invesco Galaxy Bitcoin ETF,Invesco / Galaxy,BTCO,Invesco Galaxy Bitcoin ETF,BTC-USD,2025-05-27,109.82,800.0,0.25,0.8782,48.703,23.144,35.019,12.06
2282,BTCO,Invesco Galaxy Bitcoin ETF,Invesco / Galaxy,BTCO,Invesco Galaxy Bitcoin ETF,BTC-USD,2025-05-28,106.76,800.0,0.25,0.8824,49.025,23.474,33.79,12.298
2283,BTCO,Invesco Galaxy Bitcoin ETF,Invesco / Galaxy,BTCO,Invesco Galaxy Bitcoin ETF,BTC-USD,2025-05-29,105.39,800.0,0.25,0.881,49.127,23.472,34.37,14.825
2284,BTCO,Invesco Galaxy Bitcoin ETF,Invesco / Galaxy,BTCO,Invesco Galaxy Bitcoin ETF,BTC-USD,2025-05-30,104.47,800.0,0.25,0.8751,48.556,23.488,33.733,15.179
2285,BTCO,Invesco Galaxy Bitcoin ETF,Invesco / Galaxy,BTCO,Invesco Galaxy Bitcoin ETF,BTC-USD,2025-06-02,104.28,800.0,0.25,0.8685,48.419,23.709,36.365,15.18
2286,BTCO,Invesco Galaxy Bitcoin ETF,Invesco / Galaxy,BTCO,Invesco Galaxy Bitcoin ETF,BTC-USD,2025-06-03,106.11,800.0,0.25,0.8714,48.201,23.936,36.226,15.111
2287,BTCO,Invesco Galaxy Bitcoin ETF,Invesco / Galaxy,BTCO,Invesco Galaxy Bitcoin ETF,BTC-USD,2025-06-04,104.95,800.0,0.25,0.8561,43.93,23.943,35.942,15.115
2288,BTCO,Invesco Galaxy Bitcoin ETF,Invesco / Galaxy,BTCO,Invesco Galaxy Bitcoin ETF,BTC-USD,2025-06-05,101.71,800.0,0.25,0.8606,43.656,23.932,33.705,15.301
2289,BTCO,Invesco Galaxy Bitcoin ETF,Invesco / Galaxy,BTCO,Invesco Galaxy Bitcoin ETF,BTC-USD,2025-06-06,104.07,800.0,0.25,0.8617,43.827,23.81,36.484,15.353
2290,BTCO,Invesco Galaxy Bitcoin ETF,Invesco / Galaxy,BTCO,Invesco Galaxy Bitcoin ETF,BTC-USD,2025-06-09,108.44,800.0,0.25,0.8476,43.746,23.831,36.484,15.088
2291,BTCO,Invesco Galaxy Bitcoin ETF,Invesco / Galaxy,BTCO,Invesco Galaxy Bitcoin ETF,BTC-USD,2025-06-10,109.34,800.0,0.25,0.8295,42.518,23.55,36.247,14.847
2292,BTCO,Invesco Galaxy Bitcoin ETF,Invesco / Galaxy,BTCO,Invesco Galaxy Bitcoin ETF,BTC-USD,2025-06-11,108.64,800.0,0.25,0.8272,42.563,23.569,41.257,14.628
2293,BTCO,Invesco Galaxy Bitcoin ETF,Invesco / Galaxy,BTCO,Invesco Galaxy Bitcoin ETF,BTC-USD,2025-06-12,106.59,800.0,0.25,0.8194,42.34,23.453,41.257,14.637
2294,BTCO,Invesco Galaxy Bitcoin ETF,Invesco / Galaxy,BTCO,Invesco Galaxy Bitcoin ETF,BTC-USD,2025-06-13,104.98,800.0,0.25,0.8234,41.937,23.612,38.766,14.451
2295,BTCO,Invesco Galaxy Bitcoin ETF,Invesco / Galaxy,BTCO,Invesco Galaxy Bitcoin ETF,BTC-USD,2025-06-16,108.5,800.0,0.25,0.8338,42.18,24.07,36.393,14.153
2296,BTCO,Invesco Galaxy Bitcoin ETF,Invesco / Galaxy,BTCO,Invesco Galaxy Bitcoin ETF,BTC-USD,2025-06-17,104.54,800.0,0.25,0.8459,43.007,24.424,36.393,14.336
2297,BTCO,Invesco Galaxy Bitcoin ETF,Invesco / Galaxy,BTCO,Invesco Galaxy Bitcoin ETF,BTC-USD,2025-06-18,103.76,800.0,0.25,0.8317,41.973,24.417,39.223,14.564
2298,BTCO,Invesco Galaxy Bitcoin ETF,Invesco / Galaxy,BTCO,Invesco Galaxy Bitcoin ETF,BTC-USD,2025-06-20,103.02,800.0,0.25,0.8294,42.016,24.442,43.289,14.632
2299,BTCO,Invesco Galaxy Bitcoin ETF,Invesco / Galaxy,BTCO,Invesco Galaxy Bitcoin ETF,BTC-USD,2025-06-23,103.08,800.0,0.25,0.818,41.788,24.57,43.289,13.809
2300,BTCO,Invesco Galaxy Bitcoin ETF,Invesco / Galaxy,BTCO,Invesco Galaxy Bitcoin ETF,BTC-USD,2025-06-24,105.46,800.0,0.25,0.8185,41.985,24.879,43.289,13.292
2301,BTCO,Invesco Galaxy Bitcoin ETF,Invesco / Galaxy,BTCO,Invesco Galaxy Bitcoin ETF,BTC-USD,2025-06-25,107.59,800.0,0.25,0.8106,41.278,24.932,43.336,12.033
2302,BTCO,Invesco Galaxy Bitcoin ETF,Invesco / Galaxy,BTCO,Invesco Galaxy Bitcoin ETF,BTC-USD,2025-06-26,107.44,800.0,0.25,0.8095,41.037,24.928,43.463,11.702
2303,BTCO,Invesco Galaxy Bitcoin ETF,Invesco / Galaxy,BTCO,Invesco Galaxy Bitcoin ETF,BTC-USD,2025-06-27,106.65,800.0,0.25,0.8066,40.726,24.995,47.37,11.208
2304,BTCO,Invesco Galaxy Bitcoin ETF,Invesco / Galaxy,BTCO,Invesco Galaxy Bitcoin ETF,BTC-USD,2025-06-30,107.53,800.0,0.25,0.8532,40.556,22.61,49.997,8.687
2305,BTCO,Invesco Galaxy Bitcoin ETF,Invesco / Galaxy,BTCO,Invesco Galaxy Bitcoin ETF,BTC-USD,2025-07-01,105.14,800.0,0.25,0.8645,38.817,18.215,50.97,8.626
2306,BTCO,Invesco Galaxy Bitcoin ETF,Invesco / Galaxy,BTCO,Invesco Galaxy Bitcoin ETF,BTC-USD,2025-07-02,109.55,800.0,0.25,0.8726,39.343,18.194,48.055,9.21
2307,BTCO,Invesco Galaxy Bitcoin ETF,Invesco / Galaxy,BTCO,Invesco Galaxy Bitcoin ETF,BTC-USD,2025-07-03,109.1,800.0,0.25,0.8284,36.003,17.841,47.596,9.203
2308,BTCO,Invesco Galaxy Bitcoin ETF,Invesco / Galaxy,BTCO,Invesco Galaxy Bitcoin ETF,BTC-USD,2025-07-07,107.85,800.0,0.25,0.848,35.868,17.488,48.055,8.978
2309,BTCO,Invesco Galaxy Bitcoin ETF,Invesco / Galaxy,BTCO,Invesco Galaxy Bitcoin ETF,BTC-USD,2025-07-08,108.59,800.0,0.25,0.8455,33.359,17.472,45.527,8.62
2310,BTCO,Invesco Galaxy Bitcoin ETF,Invesco / Galaxy,BTCO,Invesco Galaxy Bitcoin ETF,BTC-USD,2025-07-09,111.62,800.0,0.25,0.8458,32.736,17.563,42.748,8.509
2311,BTCO,Invesco Galaxy Bitcoin ETF,Invesco / Galaxy,BTCO,Invesco Galaxy Bitcoin ETF,BTC-USD,2025-07-10,113.23,800.0,0.25,0.7944,31.308,17.877,42.289,8.426
2312,BTCO,Invesco Galaxy Bitcoin ETF,Invesco / Galaxy,BTCO,Invesco Galaxy Bitcoin ETF,BTC-USD,2025-07-11,117.93,800.0,0.25,0.8032,32.116,18.902,42.748,8.544
2313,BTCO,Invesco Galaxy Bitcoin ETF,Invesco / Galaxy,BTCO,Invesco Galaxy Bitcoin ETF,BTC-USD,2025-07-14,119.69,800.0,0.25,0.8003,32.01,18.903,34.967,8.722
2314,BTCO,Invesco Galaxy Bitcoin ETF,Invesco / Galaxy,BTCO,Invesco Galaxy Bitcoin ETF,BTC-USD,2025-07-15,116.23,800.0,0.25,0.8155,32.813,19.178,34.967,8.783
2315,BTCO,Invesco Galaxy Bitcoin ETF,Invesco / Galaxy,BTCO,Invesco Galaxy Bitcoin ETF,BTC-USD,2025-07-16,119.07,800.0,0.25,0.8176,33.038,19.481,34.967,8.76
2316,BTCO,Invesco Galaxy Bitcoin ETF,Invesco / Galaxy,BTCO,Invesco Galaxy Bitcoin ETF,BTC-USD,2025-07-17,118.8,800.0,0.25,0.8145,32.709,19.53,39.68,8.887
2317,BTCO,Invesco Galaxy Bitcoin ETF,Invesco / Galaxy,BTCO,Invesco Galaxy Bitcoin ETF,BTC-USD,2025-07-18,117.11,800.0,0.25,0.8433,31.813,19.351,42.846,8.851
2318,BTCO,Invesco Galaxy Bitcoin ETF,Invesco / Galaxy,BTCO,Invesco Galaxy Bitcoin ETF,BTC-USD,2025-07-21,116.51,800.0,0.25,0.8449,31.706,19.056,42.439,8.89
2319,BTCO,Invesco Galaxy Bitcoin ETF,Invesco / Galaxy,BTCO,Invesco Galaxy Bitcoin ETF,BTC-USD,2025-07-22,119.06,800.0,0.25,0.8473,31.917,19.065,38.785,8.712
2320,BTCO,Invesco Galaxy Bitcoin ETF,Invesco / Galaxy,BTCO,Invesco Galaxy Bitcoin ETF,BTC-USD,2025-07-23,118.23,800.0,0.25,0.8442,31.844,18.931,39.679,8.305
2321,BTCO,Invesco Galaxy Bitcoin ETF,Invesco / Galaxy,BTCO,Invesco Galaxy Bitcoin ETF,BTC-USD,2025-07-24,118.85,800.0,0.25,0.8413,31.772,18.888,39.679,8.251
2322,BTCO,Invesco Galaxy Bitcoin ETF,Invesco / Galaxy,BTCO,Invesco Galaxy Bitcoin ETF,BTC-USD,2025-07-25,116.61,800.0,0.25,0.8539,32.11,18.945,39.679,8.513
2323,BTCO,Invesco Galaxy Bitcoin ETF,Invesco / Galaxy,BTCO,Invesco Galaxy Bitcoin ETF,BTC-USD,2025-07-28,117.87,800.0,0.25,0.8508,31.968,18.851,38.515,8.455
2324,BTCO,Invesco Galaxy Bitcoin ETF,Invesco / Galaxy,BTCO,Invesco Galaxy Bitcoin ETF,BTC-USD,2025-07-29,117.24,800.0,0.25,0.8479,31.714,18.88,39.513,8.463
2325,BTCO,Invesco Galaxy Bitcoin ETF,Invesco / Galaxy,BTCO,Invesco Galaxy Bitcoin ETF,BTC-USD,2025-07-30,116.63,800.0,0.25,0.8488,31.76,18.907,40.263,8.503
2326,BTCO,Invesco Galaxy Bitcoin ETF,Invesco / Galaxy,BTCO,Invesco Galaxy Bitcoin ETF,BTC-USD,2025-07-31,116.46,800.0,0.25,0.8242,31.116,19.017,46.146,8.02
2327,BTCO,Invesco Galaxy Bitcoin ETF,Invesco / Galaxy,BTCO,Invesco Galaxy Bitcoin ETF,BTC-USD,2025-08-01,112.8,800.0,0.25,0.8523,31.946,19.041,46.274,7.449
2328,BTCO,Invesco Galaxy Bitcoin ETF,Invesco / Galaxy,BTCO,Invesco Galaxy Bitcoin ETF,BTC-USD,2025-08-04,114.43,800.0,0.25,0.8529,31.966,18.922,50.67,7.403
2329,BTCO,Invesco Galaxy Bitcoin ETF,Invesco / Galaxy,BTCO,Invesco Galaxy Bitcoin ETF,BTC-USD,2025-08-05,113.37,800.0,0.25,0.8587,30.364,18.915,50.543,7.485
2330,BTCO,Invesco Galaxy Bitcoin ETF,Invesco / Galaxy,BTCO,Invesco Galaxy Bitcoin ETF,BTC-USD,2025-08-06,115.03,800.0,0.25,0.8663,30.273,18.482,50.543,7.679
2331,BTCO,Invesco Galaxy Bitcoin ETF,Invesco / Galaxy,BTCO,Invesco Galaxy Bitcoin ETF,BTC-USD,2025-08-07,117.33,800.0,0.25,0.8649,30.314,18.29,50.543,7.749
2332,BTCO,Invesco Galaxy Bitcoin ETF,Invesco / Galaxy,BTCO,Invesco Galaxy Bitcoin ETF,BTC-USD,2025-08-08,116.14,800.0,0.25,0.8563,29.887,17.959,54.808,7.739
2333,BTCO,Invesco Galaxy Bitcoin ETF,Invesco / Galaxy,BTCO,Invesco Galaxy Bitcoin ETF,BTC-USD,2025-08-11,118.77,800.0,0.25,0.858,29.98,17.909,54.808,7.708
2334,BTCO,Invesco Galaxy Bitcoin ETF,Invesco / Galaxy,BTCO,Invesco Galaxy Bitcoin ETF,BTC-USD,2025-08-12,119.4,800.0,0.25,0.855,29.977,17.931,58.631,7.436
2335,BTCO,Invesco Galaxy Bitcoin ETF,Invesco / Galaxy,BTCO,Invesco Galaxy Bitcoin ETF,BTC-USD,2025-08-13,122.63,800.0,0.25,0.8628,30.366,17.831,58.631,7.452
2336,BTCO,Invesco Galaxy Bitcoin ETF,Invesco / Galaxy,BTCO,Invesco Galaxy Bitcoin ETF,BTC-USD,2025-08-14,117.72,800.0,0.25,0.8779,31.561,17.838,58.631,7.717
2337,BTCO,Invesco Galaxy Bitcoin ETF,Invesco / Galaxy,BTCO,Invesco Galaxy Bitcoin ETF,BTC-USD,2025-08-15,116.7,800.0,0.25,0.8765,31.519,17.819,55.583,7.64
2338,BTCO,Invesco Galaxy Bitcoin ETF,Invesco / Galaxy,BTCO,Invesco Galaxy Bitcoin ETF,BTC-USD,2025-08-18,116.02,800.0,0.25,0.887,31.44,17.715,52.288,7.605
2339,BTCO,Invesco Galaxy Bitcoin ETF,Invesco / Galaxy,BTCO,Invesco Galaxy Bitcoin ETF,BTC-USD,2025-08-19,112.8,800.0,0.25,0.8833,31.642,17.652,47.385,7.691
2340,BTCO,Invesco Galaxy Bitcoin ETF,Invesco / Galaxy,BTCO,Invesco Galaxy Bitcoin ETF,BTC-USD,2025-08-20,114.03,800.0,0.25,0.9108,31.36,17.457,50.019,7.774
2341,BTCO,Invesco Galaxy Bitcoin ETF,Invesco / Galaxy,BTCO,Invesco Galaxy Bitcoin ETF,BTC-USD,2025-08-21,111.89,800.0,0.25,0.9165,31.538,17.468,53.839,7.853
2342,BTCO,Invesco Galaxy Bitcoin ETF,Invesco / Galaxy,BTCO,Invesco Galaxy Bitcoin ETF,BTC-USD,2025-08-22,116.4,800.0,0.25,0.913,31.971,17.053,58.08,8.514
2343,BTCO,Invesco Galaxy Bitcoin ETF,Invesco / Galaxy,BTCO,Invesco Galaxy Bitcoin ETF,BTC-USD,2025-08-25,110.52,800.0,0.25,0.912,33.668,17.032,58.08,8.717
2344,BTCO,Invesco Galaxy Bitcoin ETF,Invesco / Galaxy,BTCO,Invesco Galaxy Bitcoin ETF,BTC-USD,2025-08-26,110.9,800.0,0.25,0.9097,33.613,17.142,57.52,8.693
2345,BTCO,Invesco Galaxy Bitcoin ETF,Invesco / Galaxy,BTCO,Invesco Galaxy Bitcoin ETF,BTC-USD,2025-08-27,111.79,800.0,0.25,0.9196,33.638,16.944,53.175,8.436
2346,BTCO,Invesco Galaxy Bitcoin ETF,Invesco / Galaxy,BTCO,Invesco Galaxy Bitcoin ETF,BTC-USD,2025-08-28,111.67,800.0,0.25,0.9187,33.469,16.582,49.218,8.403
2347,BTCO,Invesco Galaxy Bitcoin ETF,Invesco / Galaxy,BTCO,Invesco Galaxy Bitcoin ETF,BTC-USD,2025-08-29,107.94,800.0,0.25,0.9164,34.141,16.545,46.448,8.833
2348,BTCO,Invesco Galaxy Bitcoin ETF,Invesco / Galaxy,BTCO,Invesco Galaxy Bitcoin ETF,BTC-USD,2025-09-02,110.53,800.0,0.25,0.9126,33.813,16.511,46.674,8.518
2349,BTCO,Invesco Galaxy Bitcoin ETF,Invesco / Galaxy,BTCO,Invesco Galaxy Bitcoin ETF,BTC-USD,2025-09-03,111.99,800.0,0.25,0.9162,33.604,16.604,43.18,8.32
2350,BTCO,Invesco Galaxy Bitcoin ETF,Invesco / Galaxy,BTCO,Invesco Galaxy Bitcoin ETF,BTC-USD,2025-09-04,109.51,800.0,0.25,0.9472,32.896,16.818,43.774,8.429
2351,BTCO,Invesco Galaxy Bitcoin ETF,Invesco / Galaxy,BTCO,Invesco Galaxy Bitcoin ETF,BTC-USD,2025-09-05,111.295,800.0,0.25,0.9468,33.019,17.075,43.774,8.421
2352,BTCO,Invesco Galaxy Bitcoin ETF,Invesco / Galaxy,BTCO,Invesco Galaxy Bitcoin ETF,BTC-USD,2025-09-08,111.83,800.0,0.25,0.9473,33.002,17.113,45.01,8.851
2353,BTCO,Invesco Galaxy Bitcoin ETF,Invesco / Galaxy,BTCO,Invesco Galaxy Bitcoin ETF,BTC-USD,2025-09-09,111.05,800.0,0.25,0.955,32.789,17.116,43.249,8.789
2354,BTCO,Invesco Galaxy Bitcoin ETF,Invesco / Galaxy,BTCO,Invesco Galaxy Bitcoin ETF,BTC-USD,2025-09-10,113.31,800.0,0.25,0.955,32.857,16.766,42.346,9.055
2355,BTCO,Invesco Galaxy Bitcoin ETF,Invesco / Galaxy,BTCO,Invesco Galaxy Bitcoin ETF,BTC-USD,2025-09-11,114.24,800.0,0.25,0.9453,32.222,15.811,38.913,9.171
2356,BTCO,Invesco Galaxy Bitcoin ETF,Invesco / Galaxy,BTCO,Invesco Galaxy Bitcoin ETF,BTC-USD,2025-09-12,116.63,800.0,0.25,0.9289,31.478,15.625,38.129,9.239
2357,BTCO,Invesco Galaxy Bitcoin ETF,Invesco / Galaxy,BTCO,Invesco Galaxy Bitcoin ETF,BTC-USD,2025-09-15,115.05,800.0,0.25,0.9326,31.581,15.589,35.95,9.164
2358,BTCO,Invesco Galaxy Bitcoin ETF,Invesco / Galaxy,BTCO,Invesco Galaxy Bitcoin ETF,BTC-USD,2025-09-16,116.59,800.0,0.25,0.9392,31.614,15.558,33.955,9.346
2359,BTCO,Invesco Galaxy Bitcoin ETF,Invesco / Galaxy,BTCO,Invesco Galaxy Bitcoin ETF,BTC-USD,2025-09-17,115.37,800.0,0.25,0.9613,31.718,15.213,39.55,9.759
2360,BTCO,Invesco Galaxy Bitcoin ETF,Invesco / Galaxy,BTCO,Invesco Galaxy Bitcoin ETF,BTC-USD,2025-09-18,117.27,800.0,0.25,0.961,31.562,14.867,36.173,11.083
2361,BTCO,Invesco Galaxy Bitcoin ETF,Invesco / Galaxy,BTCO,Invesco Galaxy Bitcoin ETF,BTC-USD,2025-09-19,114.88,800.0,0.25,0.9626,31.657,14.842,32.896,11.835
2362,BTCO,Invesco Galaxy Bitcoin ETF,Invesco / Galaxy,BTCO,Invesco Galaxy Bitcoin ETF,BTC-USD,2025-09-22,111.9,800.0,0.25,0.9649,32.147,14.841,29.528,12.036
2363,BTCO,Invesco Galaxy Bitcoin ETF,Invesco / Galaxy,BTCO,Invesco Galaxy Bitcoin ETF,BTC-USD,2025-09-23,111.37,800.0,0.25,0.9645,32.124,14.741,29.199,11.504
2364,BTCO,Invesco Galaxy Bitcoin ETF,Invesco / Galaxy,BTCO,Invesco Galaxy Bitcoin ETF,BTC-USD,2025-09-24,113.15,800.0,0.25,0.9671,32.238,14.684,29.199,11.239
2365,BTCO,Invesco Galaxy Bitcoin ETF,Invesco / Galaxy,BTCO,Invesco Galaxy Bitcoin ETF,BTC-USD,2025-09-25,109.04,800.0,0.25,0.9606,32.819,14.506,29.399,11.711
2366,BTCO,Invesco Galaxy Bitcoin ETF,Invesco / Galaxy,BTCO,Invesco Galaxy Bitcoin ETF,BTC-USD,2025-09-26,108.87,800.0,0.25,0.941,31.717,14.242,33.256,12.048
2367,BTCO,Invesco Galaxy Bitcoin ETF,Invesco / Galaxy,BTCO,Invesco Galaxy Bitcoin ETF,BTC-USD,2025-09-29,114.1,800.0,0.25,0.958,33.134,14.155,33.256,13.845
2368,BTCO,Invesco Galaxy Bitcoin ETF,Invesco / Galaxy,BTCO,Invesco Galaxy Bitcoin ETF,BTC-USD,2025-09-30,114.01,800.0,0.25,0.9578,33.037,14.158,37.757,14.419
2369,BTCO,Invesco Galaxy Bitcoin ETF,Invesco / Galaxy,BTCO,Invesco Galaxy Bitcoin ETF,BTC-USD,2025-10-01,117.2,800.0,0.25,0.9414,33.467,14.296,35.675,15.13
2370,BTCO,Invesco Galaxy Bitcoin ETF,Invesco / Galaxy,BTCO,Invesco Galaxy Bitcoin ETF,BTC-USD,2025-10-02,120.72,800.0,0.25,0.9442,33.539,14.44,35.304,16.085
2371,BTCO,Invesco Galaxy Bitcoin ETF,Invesco / Galaxy,BTCO,Invesco Galaxy Bitcoin ETF,BTC-USD,2025-10-03,122.55,800.0,0.25,0.989,33.552,13.925,35.269,16.839
2372,BTCO,Invesco Galaxy Bitcoin ETF,Invesco / Galaxy,BTCO,Invesco Galaxy Bitcoin ETF,BTC-USD,2025-10-06,125.14,800.0,0.25,0.975,32.798,12.481,34.11,17.802
2373,BTCO,Invesco Galaxy Bitcoin ETF,Invesco / Galaxy,BTCO,Invesco Galaxy Bitcoin ETF,BTC-USD,2025-10-07,121.35,800.0,0.25,0.9841,33.303,12.512,32.281,18.749
2374,BTCO,Invesco Galaxy Bitcoin ETF,Invesco / Galaxy,BTCO,Invesco Galaxy Bitcoin ETF,BTC-USD,2025-10-08,123.12,800.0,0.25,0.9739,32.849,12.113,35.938,19.24
2375,BTCO,Invesco Galaxy Bitcoin ETF,Invesco / Galaxy,BTCO,Invesco Galaxy Bitcoin ETF,BTC-USD,2025-10-09,120.66,800.0,0.25,0.973,32.769,11.653,36.459,19.523
2376,BTCO,Invesco Galaxy Bitcoin ETF,Invesco / Galaxy,BTCO,Invesco Galaxy Bitcoin ETF,BTC-USD,2025-10-10,116.24,800.0,0.25,0.8907,33.658,12.861,34.434,21.395
2377,BTCO,Invesco Galaxy Bitcoin ETF,Invesco / Galaxy,BTCO,Invesco Galaxy Bitcoin ETF,BTC-USD,2025-10-13,115.535,800.0,0.25,0.8743,33.554,13.597,34.04,22.14
2378,BTCO,Invesco Galaxy Bitcoin ETF,Invesco / Galaxy,BTCO,Invesco Galaxy Bitcoin ETF,BTC-USD,2025-10-14,112.29,800.0,0.25,0.8818,34.038,13.814,34.04,22.557
2379,BTCO,Invesco Galaxy Bitcoin ETF,Invesco / Galaxy,BTCO,Invesco Galaxy Bitcoin ETF,BTC-USD,2025-10-15,110.95,800.0,0.25,0.8753,33.796,13.857,40.138,23.823
2380,BTCO,Invesco Galaxy Bitcoin ETF,Invesco / Galaxy,BTCO,Invesco Galaxy Bitcoin ETF,BTC-USD,2025-10-16,107.93,800.0,0.25,0.8811,34.208,13.918,34.543,24.877
2381,BTCO,Invesco Galaxy Bitcoin ETF,Invesco / Galaxy,BTCO,Invesco Galaxy Bitcoin ETF,BTC-USD,2025-10-17,106.15,800.0,0.25,0.8827,34.317,13.819,34.543,24.869
2382,BTCO,Invesco Galaxy Bitcoin ETF,Invesco / Galaxy,BTCO,Invesco Galaxy Bitcoin ETF,BTC-USD,2025-10-20,110.56,800.0,0.25,0.8899,35.214,13.614,34.543,25.604
2383,BTCO,Invesco Galaxy Bitcoin ETF,Invesco / Galaxy,BTCO,Invesco Galaxy Bitcoin ETF,BTC-USD,2025-10-21,111.62,800.0,0.25,0.8736,35.198,14.551,37.291,27.232
2384,BTCO,Invesco Galaxy Bitcoin ETF,Invesco / Galaxy,BTCO,Invesco Galaxy Bitcoin ETF,BTC-USD,2025-10-22,107.48,800.0,0.25,0.8797,35.992,15.895,33.74,28.17
2385,BTCO,Invesco Galaxy Bitcoin ETF,Invesco / Galaxy,BTCO,Invesco Galaxy Bitcoin ETF,BTC-USD,2025-10-23,109.96,800.0,0.25,0.8824,36.324,15.886,33.74,28.392
2386,BTCO,Invesco Galaxy Bitcoin ETF,Invesco / Galaxy,BTCO,Invesco Galaxy Bitcoin ETF,BTC-USD,2025-10-24,110.31,800.0,0.25,0.8887,36.334,15.67,38.083,28.124
2387,BTCO,Invesco Galaxy Bitcoin ETF,Invesco / Galaxy,BTCO,Invesco Galaxy Bitcoin ETF,BTC-USD,2025-10-27,114.65,800.0,0.25,0.8926,36.634,15.691,34.305,28.176
2388,BTCO,Invesco Galaxy Bitcoin ETF,Invesco / Galaxy,BTCO,Invesco Galaxy Bitcoin ETF,BTC-USD,2025-10-28,113.36,800.0,0.25,0.8931,36.591,15.696,37.149,26.596
2389,BTCO,Invesco Galaxy Bitcoin ETF,Invesco / Galaxy,BTCO,Invesco Galaxy Bitcoin ETF,BTC-USD,2025-10-29,110.2,800.0,0.25,0.8966,36.998,15.722,31.992,26.431
2390,BTCO,Invesco Galaxy Bitcoin ETF,Invesco / Galaxy,BTCO,Invesco Galaxy Bitcoin ETF,BTC-USD,2025-10-30,106.11,800.0,0.25,0.9054,37.641,16.344,31.992,25.91
2391,BTCO,Invesco Galaxy Bitcoin ETF,Invesco / Galaxy,BTCO,Invesco Galaxy Bitcoin ETF,BTC-USD,2025-10-31,109.4,800.0,0.25,0.9128,37.961,16.875,31.992,25.379
2392,BTCO,Invesco Galaxy Bitcoin ETF,Invesco / Galaxy,BTCO,Invesco Galaxy Bitcoin ETF,BTC-USD,2025-11-03,106.28,800.0,0.25,0.9149,38.344,16.868,34.081,24.698
2393,BTCO,Invesco Galaxy Bitcoin ETF,Invesco / Galaxy,BTCO,Invesco Galaxy Bitcoin ETF,BTC-USD,2025-11-04,100.39,800.0,0.25,0.9284,39.663,16.985,34.308,24.545
2394,BTCO,Invesco Galaxy Bitcoin ETF,Invesco / Galaxy,BTCO,Invesco Galaxy Bitcoin ETF,BTC-USD,2025-11-05,103.53,800.0,0.25,0.9381,40.226,17.088,40.151,23.602
2395,BTCO,Invesco Galaxy Bitcoin ETF,Invesco / Galaxy,BTCO,Invesco Galaxy Bitcoin ETF,BTC-USD,2025-11-06,100.59,800.0,0.25,0.9392,40.121,17.09,36.033,23.14
2396,BTCO,Invesco Galaxy Bitcoin ETF,Invesco / Galaxy,BTCO,Invesco Galaxy Bitcoin ETF,BTC-USD,2025-11-07,103.45,800.0,0.25,0.9432,39.85,17.173,45.389,22.775
2397,BTCO,Invesco Galaxy Bitcoin ETF,Invesco / Galaxy,BTCO,Invesco Galaxy Bitcoin ETF,BTC-USD,2025-11-10,105.67,800.0,0.25,0.9412,40.111,17.177,45.102,22.496
2398,BTCO,Invesco Galaxy Bitcoin ETF,Invesco / Galaxy,BTCO,Invesco Galaxy Bitcoin ETF,BTC-USD,2025-11-11,102.43,800.0,0.25,0.945,40.556,17.182,45.9,21.525
2399,BTCO,Invesco Galaxy Bitcoin ETF,Invesco / Galaxy,BTCO,Invesco Galaxy Bitcoin ETF,BTC-USD,2025-11-12,101.21,800.0,0.25,0.9451,40.247,17.18,49.781,21.295
2400,BTCO,Invesco Galaxy Bitcoin ETF,Invesco / Galaxy,BTCO,Invesco Galaxy Bitcoin ETF,BTC-USD,2025-11-13,97.69,800.0,0.25,0.9539,40.738,17.509,43.587,20.852
2401,BTCO,Invesco Galaxy Bitcoin ETF,Invesco / Galaxy,BTCO,Invesco Galaxy Bitcoin ETF,BTC-USD,2025-11-14,93.99,800.0,0.25,0.9334,41.272,17.693,45.645,19.871
2402,BTCO,Invesco Galaxy Bitcoin ETF,Invesco / Galaxy,BTCO,Invesco Galaxy Bitcoin ETF,BTC-USD,2025-11-17,91.53,800.0,0.25,0.9312,40.586,17.682,45.645,19.177
2403,BTCO,Invesco Galaxy Bitcoin ETF,Invesco / Galaxy,BTCO,Invesco Galaxy Bitcoin ETF,BTC-USD,2025-11-18,92.47,800.0,0.25,0.9386,39.439,17.677,52.981,20.247
2404,BTCO,Invesco Galaxy Bitcoin ETF,Invesco / Galaxy,BTCO,Invesco Galaxy Bitcoin ETF,BTC-USD,2025-11-19,89.14,800.0,0.25,0.9528,40.013,18.08,50.617,19.139
2405,BTCO,Invesco Galaxy Bitcoin ETF,Invesco / Galaxy,BTCO,Invesco Galaxy Bitcoin ETF,BTC-USD,2025-11-20,86.06,800.0,0.25,0.929,40.452,18.166,55.212,18.973
2406,BTCO,Invesco Galaxy Bitcoin ETF,Invesco / Galaxy,BTCO,Invesco Galaxy Bitcoin ETF,BTC-USD,2025-11-21,84.31,800.0,0.25,0.9357,40.581,18.025,55.212,19.78
2407,BTCO,Invesco Galaxy Bitcoin ETF,Invesco / Galaxy,BTCO,Invesco Galaxy Bitcoin ETF,BTC-USD,2025-11-24,88.84,800.0,0.25,0.9576,41.758,18.383,51.265,20.065
2408,BTCO,Invesco Galaxy Bitcoin ETF,Invesco / Galaxy,BTCO,Invesco Galaxy Bitcoin ETF,BTC-USD,2025-11-25,87.07,800.0,0.25,0.9601,41.515,18.492,56.256,20.241
2409,BTCO,Invesco Galaxy Bitcoin ETF,Invesco / Galaxy,BTCO,Invesco Galaxy Bitcoin ETF,BTC-USD,2025-11-26,89.62,800.0,0.25,0.9523,41.916,18.418,54.087,20.322
2410,BTCO,Invesco Galaxy Bitcoin ETF,Invesco / Galaxy,BTCO,Invesco Galaxy Bitcoin ETF,BTC-USD,2025-11-28,90.41,800.0,0.25,0.9513,41.809,18.236,54.087,19.698
2411,BTCO,Invesco Galaxy Bitcoin ETF,Invesco / Galaxy,BTCO,Invesco Galaxy Bitcoin ETF,BTC-USD,2025-12-01,85.28,800.0,0.25,0.9609,43.107,17.962,54.087,19.644
2412,BTCO,Invesco Galaxy Bitcoin ETF,Invesco / Galaxy,BTCO,Invesco Galaxy Bitcoin ETF,BTC-USD,2025-12-02,90.79,800.0,0.25,0.9759,45.213,17.982,54.087,19.711
2413,BTCO,Invesco Galaxy Bitcoin ETF,Invesco / Galaxy,BTCO,Invesco Galaxy Bitcoin ETF,BTC-USD,2025-12-03,92.69,800.0,0.25,0.9745,45.477,17.981,54.087,19.601
2414,BTCO,Invesco Galaxy Bitcoin ETF,Invesco / Galaxy,BTCO,Invesco Galaxy Bitcoin ETF,BTC-USD,2025-12-04,92.22,800.0,0.25,0.9723,45.221,18.095,55.663,18.719
2415,BTCO,Invesco Galaxy Bitcoin ETF,Invesco / Galaxy,BTCO,Invesco Galaxy Bitcoin ETF,BTC-USD,2025-12-05,89.08,800.0,0.25,0.9775,45.602,18.099,50.151,18.325
2416,BTCO,Invesco Galaxy Bitcoin ETF,Invesco / Galaxy,BTCO,Invesco Galaxy Bitcoin ETF,BTC-USD,2025-12-08,90.52,800.0,0.25,0.9752,45.503,17.791,55.111,18.166
2417,BTCO,Invesco Galaxy Bitcoin ETF,Invesco / Galaxy,BTCO,Invesco Galaxy Bitcoin ETF,BTC-USD,2025-12-09,92.84,800.0,0.25,0.977,45.857,17.733,46.929,18.23
2418,BTCO,Invesco Galaxy Bitcoin ETF,Invesco / Galaxy,BTCO,Invesco Galaxy Bitcoin ETF,BTC-USD,2025-12-10,92.23,800.0,0.25,0.9764,45.726,17.727,57.054,16.748
2419,BTCO,Invesco Galaxy Bitcoin ETF,Invesco / Galaxy,BTCO,Invesco Galaxy Bitcoin ETF,BTC-USD,2025-12-11,91.53,800.0,0.25,0.9738,45.712,17.853,55.636,16.768
2420,BTCO,Invesco Galaxy Bitcoin ETF,Invesco / Galaxy,BTCO,Invesco Galaxy Bitcoin ETF,BTC-USD,2025-12-12,89.95,800.0,0.25,0.9683,45.598,17.755,60.721,16.331
2421,BTCO,Invesco Galaxy Bitcoin ETF,Invesco / Galaxy,BTCO,Invesco Galaxy Bitcoin ETF,BTC-USD,2025-12-15,85.47,800.0,0.25,0.9743,46.48,17.755,63.411,15.661
2422,BTCO,Invesco Galaxy Bitcoin ETF,Invesco / Galaxy,BTCO,Invesco Galaxy Bitcoin ETF,BTC-USD,2025-12-16,87.3,800.0,0.25,0.9763,46.566,17.792,65.446,15.209
2423,BTCO,Invesco Galaxy Bitcoin ETF,Invesco / Galaxy,BTCO,Invesco Galaxy Bitcoin ETF,BTC-USD,2025-12-17,85.57,800.0,0.25,0.9767,46.68,17.788,67.31,14.795
2424,BTCO,Invesco Galaxy Bitcoin ETF,Invesco / Galaxy,BTCO,Invesco Galaxy Bitcoin ETF,BTC-USD,2025-12-18,84.3,800.0,0.25,0.9755,46.536,17.811,74.212,12.412
2425,BTCO,Invesco Galaxy Bitcoin ETF,Invesco / Galaxy,BTCO,Invesco Galaxy Bitcoin ETF,BTC-USD,2025-12-19,87.63,800.0,0.25,0.9832,46.892,17.915,85.6,11.997
2426,BTCO,Invesco Galaxy Bitcoin ETF,Invesco / Galaxy,BTCO,Invesco Galaxy Bitcoin ETF,BTC-USD,2025-12-22,87.98,800.0,0.25,0.9848,46.916,17.859,81.006,11.391
2427,BTCO,Invesco Galaxy Bitcoin ETF,Invesco / Galaxy,BTCO,Invesco Galaxy Bitcoin ETF,BTC-USD,2025-12-23,87.3,800.0,0.25,0.9778,45.727,17.822,81.006,10.49
2428,BTCO,Invesco Galaxy Bitcoin ETF,Invesco / Galaxy,BTCO,Invesco Galaxy Bitcoin ETF,BTC-USD,2025-12-24,86.91,800.0,0.25,0.9767,45.721,17.86,78.909,9.954
2429,BTCO,Invesco Galaxy Bitcoin ETF,Invesco / Galaxy,BTCO,Invesco Galaxy Bitcoin ETF,BTC-USD,2025-12-26,87.14,800.0,0.25,0.9886,45.256,17.811,73.679,9.659
2430,BTCO,Invesco Galaxy Bitcoin ETF,Invesco / Galaxy,BTCO,Invesco Galaxy Bitcoin ETF,BTC-USD,2025-12-29,86.73,800.0,0.25,0.9813,44.68,17.583,69.949,9.418
2431,BTCO,Invesco Galaxy Bitcoin ETF,Invesco / Galaxy,BTCO,Invesco Galaxy Bitcoin ETF,BTC-USD,2025-12-30,87.49,800.0,0.25,0.9775,44.574,17.605,69.949,9.864
2432,BTCO,Invesco Galaxy Bitcoin ETF,Invesco / Galaxy,BTCO,Invesco Galaxy Bitcoin ETF,BTC-USD,2025-12-31,87.17,800.0,0.25,0.9757,44.233,17.663,69.968,10.923
2433,BTCO,Invesco Galaxy Bitcoin ETF,Invesco / Galaxy,BTCO,Invesco Galaxy Bitcoin ETF,BTC-USD,2026-01-02,89.42,800.0,0.25,0.9726,44.391,17.646,69.895,11.654
2434,BTCO,Invesco Galaxy Bitcoin ETF,Invesco / Galaxy,BTCO,Invesco Galaxy Bitcoin ETF,BTC-USD,2026-01-05,93.91,800.0,0.25,0.9811,45.589,17.713,69.895,12.507
2435,BTCO,Invesco Galaxy Bitcoin ETF,Invesco / Galaxy,BTCO,Invesco Galaxy Bitcoin ETF,BTC-USD,2026-01-06,92.085,800.0,0.25,0.9785,45.58,18.028,72.598,13.575
2436,BTCO,Invesco Galaxy Bitcoin ETF,Invesco / Galaxy,BTCO,Invesco Galaxy Bitcoin ETF,BTC-USD,2026-01-07,90.585,800.0,0.25,1.0333,45.137,17.246,72.598,13.412
2437,BTCO,Invesco Galaxy Bitcoin ETF,Invesco / Galaxy,BTCO,Invesco Galaxy Bitcoin ETF,BTC-USD,2026-01-08,90.46,800.0,0.25,1.0474,45.139,16.691,66.682,13.451
2438,BTCO,Invesco Galaxy Bitcoin ETF,Invesco / Galaxy,BTCO,Invesco Galaxy Bitcoin ETF,BTC-USD,2026-01-09,89.84,800.0,0.25,1.0439,44.856,16.522,70.732,13.082
2439,BTCO,Invesco Galaxy Bitcoin ETF,Invesco / Galaxy,BTCO,Invesco Galaxy Bitcoin ETF,BTC-USD,2026-01-12,91.11,800.0,0.25,1.0502,44.968,16.521,67.371,13.112
2440,BTCO,Invesco Galaxy Bitcoin ETF,Invesco / Galaxy,BTCO,Invesco Galaxy Bitcoin ETF,BTC-USD,2026-01-13,94.06,800.0,0.25,1.0312,45.245,16.701,67.444,13.49
2441,BTCO,Invesco Galaxy Bitcoin ETF,Invesco / Galaxy,BTCO,Invesco Galaxy Bitcoin ETF,BTC-USD,2026-01-14,97.365,800.0,0.25,1.0393,45.764,17.078,59.097,14.004
2442,BTCO,Invesco Galaxy Bitcoin ETF,Invesco / Galaxy,BTCO,Invesco Galaxy Bitcoin ETF,BTC-USD,2026-01-15,94.91,800.0,0.25,1.0415,45.169,17.149,62.648,14.014
2443,BTCO,Invesco Galaxy Bitcoin ETF,Invesco / Galaxy,BTCO,Invesco Galaxy Bitcoin ETF,BTC-USD,2026-01-16,95.2,800.0,0.25,1.0552,45.114,16.239,59.584,15.416
2444,BTCO,Invesco Galaxy Bitcoin ETF,Invesco / Galaxy,BTCO,Invesco Galaxy Bitcoin ETF,BTC-USD,2026-01-20,89.27,800.0,0.25,1.0196,46.308,15.288,57.721,15.151
2445,BTCO,Invesco Galaxy Bitcoin ETF,Invesco / Galaxy,BTCO,Invesco Galaxy Bitcoin ETF,BTC-USD,2026-01-21,89.77,800.0,0.25,1.017,46.03,15.33,41.335,15.259
2446,BTCO,Invesco Galaxy Bitcoin ETF,Invesco / Galaxy,BTCO,Invesco Galaxy Bitcoin ETF,BTC-USD,2026-01-22,89.0,800.0,0.25,1.0176,46.022,15.426,37.803,15.112
2447,BTCO,Invesco Galaxy Bitcoin ETF,Invesco / Galaxy,BTCO,Invesco Galaxy Bitcoin ETF,BTC-USD,2026-01-23,89.11,800.0,0.25,1.0097,45.189,15.135,40.233,15.071
2448,BTCO,Invesco Galaxy Bitcoin ETF,Invesco / Galaxy,BTCO,Invesco Galaxy Bitcoin ETF,BTC-USD,2026-01-26,87.19,800.0,0.25,1.0114,45.31,15.205,41.176,14.975
2449,BTCO,Invesco Galaxy Bitcoin ETF,Invesco / Galaxy,BTCO,Invesco Galaxy Bitcoin ETF,BTC-USD,2026-01-27,88.98,800.0,0.25,1.0139,45.31,15.351,44.822,15.085
2450,BTCO,Invesco Galaxy Bitcoin ETF,Invesco / Galaxy,BTCO,Invesco Galaxy Bitcoin ETF,BTC-USD,2026-01-28,88.68,800.0,0.25,1.0068,44.744,14.61,44.385,14.981
2451,BTCO,Invesco Galaxy Bitcoin ETF,Invesco / Galaxy,BTCO,Invesco Galaxy Bitcoin ETF,BTC-USD,2026-01-29,83.7,800.0,0.25,1.005,45.571,14.025,46.063,15.666
2452,BTCO,Invesco Galaxy Bitcoin ETF,Invesco / Galaxy,BTCO,Invesco Galaxy Bitcoin ETF,BTC-USD,2026-01-30,83.44,800.0,0.25,1.0045,45.285,14.018,46.063,15.881
2453,BTCO,Invesco Galaxy Bitcoin ETF,Invesco / Galaxy,BTCO,Invesco Galaxy Bitcoin ETF,BTC-USD,2026-02-02,77.68,800.0,0.25,1.0018,46.101,13.805,44.816,16.478
2454,BTCO,Invesco Galaxy Bitcoin ETF,Invesco / Galaxy,BTCO,Invesco Galaxy Bitcoin ETF,BTC-USD,2026-02-03,76.11,800.0,0.25,0.9822,45.629,14.182,44.816,16.433
2455,BTCO,Invesco Galaxy Bitcoin ETF,Invesco / Galaxy,BTCO,Invesco Galaxy Bitcoin ETF,BTC-USD,2026-02-04,73.04,800.0,0.25,0.9848,45.972,14.207,46.579,16.055
2456,BTCO,Invesco Galaxy Bitcoin ETF,Invesco / Galaxy,BTCO,Invesco Galaxy Bitcoin ETF,BTC-USD,2026-02-05,63.41,800.0,0.25,0.9627,53.255,14.128,42.633,16.314
2457,BTCO,Invesco Galaxy Bitcoin ETF,Invesco / Galaxy,BTCO,Invesco Galaxy Bitcoin ETF,BTC-USD,2026-02-06,69.72,800.0,0.25,0.9353,56.997,14.471,47.406,17.1
2458,BTCO,Invesco Galaxy Bitcoin ETF,Invesco / Galaxy,BTCO,Invesco Galaxy Bitcoin ETF,BTC-USD,2026-02-09,70.49,800.0,0.25,0.9343,56.886,14.864,58.499,17.233
2459,BTCO,Invesco Galaxy Bitcoin ETF,Invesco / Galaxy,BTCO,Invesco Galaxy Bitcoin ETF,BTC-USD,2026-02-10,68.48,800.0,0.25,0.936,57.065,15.036,60.039,17.476
2460,BTCO,Invesco Galaxy Bitcoin ETF,Invesco / Galaxy,BTCO,Invesco Galaxy Bitcoin ETF,BTC-USD,2026-02-11,67.26,800.0,0.25,0.9316,56.8,14.694,54.231,17.663
2461,BTCO,Invesco Galaxy Bitcoin ETF,Invesco / Galaxy,BTCO,Invesco Galaxy Bitcoin ETF,BTC-USD,2026-02-12,65.05,800.0,0.25,0.9408,56.683,15.196,66.265,17.787
2462,BTCO,Invesco Galaxy Bitcoin ETF,Invesco / Galaxy,BTCO,Invesco Galaxy Bitcoin ETF,BTC-USD,2026-02-13,68.51,800.0,0.25,0.9487,57.743,15.493,66.265,17.658
2463,BTCO,Invesco Galaxy Bitcoin ETF,Invesco / Galaxy,BTCO,Invesco Galaxy Bitcoin ETF,BTC-USD,2026-02-17,67.47,800.0,0.25,0.9477,57.696,15.508,65.476,17.379
2464,BTCO,Invesco Galaxy Bitcoin ETF,Invesco / Galaxy,BTCO,Invesco Galaxy Bitcoin ETF,BTC-USD,2026-02-18,65.95,800.0,0.25,0.9458,57.443,14.947,75.488,15.854
2465,BTCO,Invesco Galaxy Bitcoin ETF,Invesco / Galaxy,BTCO,Invesco Galaxy Bitcoin ETF,BTC-USD,2026-02-19,66.82,800.0,0.25,0.957,57.212,14.658,79.533,15.535
2466,BTCO,Invesco Galaxy Bitcoin ETF,Invesco / Galaxy,BTCO,Invesco Galaxy Bitcoin ETF,BTC-USD,2026-02-20,67.44,800.0,0.25,0.9551,57.175,14.683,79.533,15.213
2467,BTCO,Invesco Galaxy Bitcoin ETF,Invesco / Galaxy,BTCO,Invesco Galaxy Bitcoin ETF,BTC-USD,2026-02-23,64.18,800.0,0.25,0.9461,56.719,14.242,76.325,15.067
2468,BTCO,Invesco Galaxy Bitcoin ETF,Invesco / Galaxy,BTCO,Invesco Galaxy Bitcoin ETF,BTC-USD,2026-02-24,64.23,800.0,0.25,0.9451,56.649,14.212,73.894,14.997
2469,BTCO,Invesco Galaxy Bitcoin ETF,Invesco / Galaxy,BTCO,Invesco Galaxy Bitcoin ETF,BTC-USD,2026-02-25,68.94,800.0,0.25,0.9595,58.347,14.467,75.427,14.877
2470,BTCO,Invesco Galaxy Bitcoin ETF,Invesco / Galaxy,BTCO,Invesco Galaxy Bitcoin ETF,BTC-USD,2026-02-26,67.16,800.0,0.25,0.9596,58.45,14.971,74.06,15.747
2471,BTCO,Invesco Galaxy Bitcoin ETF,Invesco / Galaxy,BTCO,Invesco Galaxy Bitcoin ETF,BTC-USD,2026-02-27,65.34,800.0,0.25,0.9557,57.578,14.902,76.263,15.774
2472,BTCO,Invesco Galaxy Bitcoin ETF,Invesco / Galaxy,BTCO,Invesco Galaxy Bitcoin ETF,BTC-USD,2026-03-02,68.87,800.0,0.25,0.956,57.116,15.013,76.263,15.529
2473,BTCO,Invesco Galaxy Bitcoin ETF,Invesco / Galaxy,BTCO,Invesco Galaxy Bitcoin ETF,BTC-USD,2026-03-03,67.95,800.0,0.25,0.9568,56.898,15.071,90.399,14.904
2474,BTCO,Invesco Galaxy Bitcoin ETF,Invesco / Galaxy,BTCO,Invesco Galaxy Bitcoin ETF,BTC-USD,2026-03-04,72.83,800.0,0.25,0.9659,58.912,15.055,92.19,13.169
2475,BTCO,Invesco Galaxy Bitcoin ETF,Invesco / Galaxy,BTCO,Invesco Galaxy Bitcoin ETF,BTC-USD,2026-03-05,70.96,800.0,0.25,0.9644,58.747,15.02,95.635,12.17
2476,BTCO,Invesco Galaxy Bitcoin ETF,Invesco / Galaxy,BTCO,Invesco Galaxy Bitcoin ETF,BTC-USD,2026-03-06,67.79,800.0,0.25,0.9672,59.217,15.103,95.697,11.474
2477,BTCO,Invesco Galaxy Bitcoin ETF,Invesco / Galaxy,BTCO,Invesco Galaxy Bitcoin ETF,BTC-USD,2026-03-09,68.77,800.0,0.25,0.9671,59.021,15.245,94.366,10.115
2478,BTCO,Invesco Galaxy Bitcoin ETF,Invesco / Galaxy,BTCO,Invesco Galaxy Bitcoin ETF,BTC-USD,2026-03-10,69.79,800.0,0.25,0.965,59.158,15.304,86.599,9.433
2479,BTCO,Invesco Galaxy Bitcoin ETF,Invesco / Galaxy,BTCO,Invesco Galaxy Bitcoin ETF,BTC-USD,2026-03-11,70.39,800.0,0.25,0.967,59.217,15.103,82.576,9.275
2480,BTCO,Invesco Galaxy Bitcoin ETF,Invesco / Galaxy,BTCO,Invesco Galaxy Bitcoin ETF,BTC-USD,2026-03-12,70.18,800.0,0.25,0.9679,59.155,15.118,82.364,8.942
2481,BTCO,Invesco Galaxy Bitcoin ETF,Invesco / Galaxy,BTCO,Invesco Galaxy Bitcoin ETF,BTC-USD,2026-03-13,70.9,800.0,0.25,0.9639,58.406,15.03,82.364,8.696
2482,BTCO,Invesco Galaxy Bitcoin ETF,Invesco / Galaxy,BTCO,Invesco Galaxy Bitcoin ETF,BTC-USD,2026-03-16,73.68,800.0,0.25,0.9539,58.819,15.213,68.825,8.187
2483,BTCO,Invesco Galaxy Bitcoin ETF,Invesco / Galaxy,BTCO,Invesco Galaxy Bitcoin ETF,BTC-USD,2026-03-17,74.25,800.0,0.25,0.9512,58.747,15.744,72.015,7.812
2484,BTCO,Invesco Galaxy Bitcoin ETF,Invesco / Galaxy,BTCO,Invesco Galaxy Bitcoin ETF,BTC-USD,2026-03-18,70.73,800.0,0.25,0.9563,59.454,15.915,69.321,7.798
2485,BTCO,Invesco Galaxy Bitcoin ETF,Invesco / Galaxy,BTCO,Invesco Galaxy Bitcoin ETF,BTC-USD,2026-03-19,69.98,800.0,0.25,0.9509,58.834,15.883,61.971,7.732
2486,BTCO,Invesco Galaxy Bitcoin ETF,Invesco / Galaxy,BTCO,Invesco Galaxy Bitcoin ETF,BTC-USD,2026-03-20,69.91,800.0,0.25,0.9496,58.815,15.998,62.271,7.63
2487,BTCO,Invesco Galaxy Bitcoin ETF,Invesco / Galaxy,BTCO,Invesco Galaxy Bitcoin ETF,BTC-USD,2026-03-23,70.34,800.0,0.25,0.9501,58.844,15.975,62.271,7.494
2488,BTCO,Invesco Galaxy Bitcoin ETF,Invesco / Galaxy,BTCO,Invesco Galaxy Bitcoin ETF,BTC-USD,2026-03-24,69.0,800.0,0.25,0.9509,58.932,16.169,62.271,7.315
2489,BTCO,Invesco Galaxy Bitcoin ETF,Invesco / Galaxy,BTCO,Invesco Galaxy Bitcoin ETF,BTC-USD,2026-03-25,70.545,800.0,0.25,0.953,59.158,16.296,63.035,7.143
2490,BTCO,Invesco Galaxy Bitcoin ETF,Invesco / Galaxy,BTCO,Invesco Galaxy Bitcoin ETF,BTC-USD,2026-03-26,68.21,800.0,0.25,0.9527,59.48,16.286,63.035,7.022
2491,BTCO,Invesco Galaxy Bitcoin ETF,Invesco / Galaxy,BTCO,Invesco Galaxy Bitcoin ETF,BTC-USD,2026-03-27,65.64,800.0,0.25,0.9552,59.832,16.263,61.557,6.347
2492,BTCO,Invesco Galaxy Bitcoin ETF,Invesco / Galaxy,BTCO,Invesco Galaxy Bitcoin ETF,BTC-USD,2026-03-30,66.17,800.0,0.25,0.956,59.89,16.217,56.672,7.06
2493,BTCO,Invesco Galaxy Bitcoin ETF,Invesco / Galaxy,BTCO,Invesco Galaxy Bitcoin ETF,BTC-USD,2026-03-31,67.47,800.0,0.25,0.9555,59.773,16.222,62.128,6.736
2494,BTCO,Invesco Galaxy Bitcoin ETF,Invesco / Galaxy,BTCO,Invesco Galaxy Bitcoin ETF,BTC-USD,2026-04-01,67.85,800.0,0.25,0.9509,58.761,16.239,47.992,6.461
2495,BTCO,Invesco Galaxy Bitcoin ETF,Invesco / Galaxy,BTCO,Invesco Galaxy Bitcoin ETF,BTC-USD,2026-04-02,66.71,800.0,0.25,0.9518,58.736,15.803,43.84,6.396
2496,BTCO,Invesco Galaxy Bitcoin ETF,Invesco / Galaxy,BTCO,Invesco Galaxy Bitcoin ETF,BTC-USD,2026-04-06,69.43,800.0,0.25,0.9589,59.416,15.848,43.388,6.412
2497,BTCO,Invesco Galaxy Bitcoin ETF,Invesco / Galaxy,BTCO,Invesco Galaxy Bitcoin ETF,BTC-USD,2026-04-07,68.69,800.0,0.25,0.9296,59.426,19.049,42.971,6.471
2498,BTCO,Invesco Galaxy Bitcoin ETF,Invesco / Galaxy,BTCO,Invesco Galaxy Bitcoin ETF,BTC-USD,2026-04-08,71.05,800.0,0.25,0.9257,59.941,21.166,42.478,6.591
2499,BTCO,Invesco Galaxy Bitcoin ETF,Invesco / Galaxy,BTCO,Invesco Galaxy Bitcoin ETF,BTC-USD,2026-04-09,71.84,800.0,0.25,0.9251,59.906,21.135,54.893,6.423
2500,BTCO,Invesco Galaxy Bitcoin ETF,Invesco / Galaxy,BTCO,Invesco Galaxy Bitcoin ETF,BTC-USD,2026-04-10,73.03,800.0,0.25,0.9306,59.595,20.938,48.092,6.514
2501,BTCO,Invesco Galaxy Bitcoin ETF,Invesco / Galaxy,BTCO,Invesco Galaxy Bitcoin ETF,BTC-USD,2026-04-13,73.07,800.0,0.25,0.9204,59.055,20.976,53.226,6.617
2502,BTCO,Invesco Galaxy Bitcoin ETF,Invesco / Galaxy,BTCO,Invesco Galaxy Bitcoin ETF,BTC-USD,2026-04-14,74.0,800.0,0.25,0.919,59.001,21.139,53.226,6.752
2503,BTCO,Invesco Galaxy Bitcoin ETF,Invesco / Galaxy,BTCO,Invesco Galaxy Bitcoin ETF,BTC-USD,2026-04-15,74.73,800.0,0.25,0.9192,59.052,21.133,55.634,6.595
2504,BTCO,Invesco Galaxy Bitcoin ETF,Invesco / Galaxy,BTCO,Invesco Galaxy Bitcoin ETF,BTC-USD,2026-04-16,75.07,800.0,0.25,0.9271,57.721,20.88,59.832,6.572
2505,BTCO,Invesco Galaxy Bitcoin ETF,Invesco / Galaxy,BTCO,Invesco Galaxy Bitcoin ETF,BTC-USD,2026-04-17,77.19,800.0,0.25,0.9296,58.04,20.851,59.563,7.437
2506,BTCO,Invesco Galaxy Bitcoin ETF,Invesco / Galaxy,BTCO,Invesco Galaxy Bitcoin ETF,BTC-USD,2026-04-20,76.02,800.0,0.25,0.9299,58.086,20.754,59.563,7.443
2507,BTCO,Invesco Galaxy Bitcoin ETF,Invesco / Galaxy,BTCO,Invesco Galaxy Bitcoin ETF,BTC-USD,2026-04-21,74.7,800.0,0.25,0.9273,58.16,21.307,64.314,7.457
2508,BTCO,Invesco Galaxy Bitcoin ETF,Invesco / Galaxy,BTCO,Invesco Galaxy Bitcoin ETF,BTC-USD,2026-04-22,78.5,800.0,0.25,0.9351,59.007,21.975,70.843,7.459
2509,BTCO,Invesco Galaxy Bitcoin ETF,Invesco / Galaxy,BTCO,Invesco Galaxy Bitcoin ETF,BTC-USD,2026-04-23,77.38,800.0,0.25,0.9329,58.881,22.093,68.672,7.61
2510,BTCO,Invesco Galaxy Bitcoin ETF,Invesco / Galaxy,BTCO,Invesco Galaxy Bitcoin ETF,BTC-USD,2026-04-24,77.29,800.0,0.25,0.9321,58.881,22.145,67.791,7.701
2511,BTCO,Invesco Galaxy Bitcoin ETF,Invesco / Galaxy,BTCO,Invesco Galaxy Bitcoin ETF,BTC-USD,2026-04-27,76.51,800.0,0.25,0.9267,57.761,22.207,68.298,7.786
2512,BTCO,Invesco Galaxy Bitcoin ETF,Invesco / Galaxy,BTCO,Invesco Galaxy Bitcoin ETF,BTC-USD,2026-04-28,75.99,800.0,0.25,0.9259,57.771,22.231,68.298,7.425
2513,BTCO,Invesco Galaxy Bitcoin ETF,Invesco / Galaxy,BTCO,Invesco Galaxy Bitcoin ETF,BTC-USD,2026-04-29,75.12,800.0,0.25,0.9177,55.946,22.231,70.242,6.861
2514,BTCO,Invesco Galaxy Bitcoin ETF,Invesco / Galaxy,BTCO,Invesco Galaxy Bitcoin ETF,BTC-USD,2026-04-30,76.05,800.0,0.25,0.9271,55.852,21.935,65.349,6.555
2515,BTCO,Invesco Galaxy Bitcoin ETF,Invesco / Galaxy,BTCO,Invesco Galaxy Bitcoin ETF,BTC-USD,2026-05-01,78.04,800.0,0.25,0.9239,55.43,21.904,66.001,6.613
2516,BTCO,Invesco Galaxy Bitcoin ETF,Invesco / Galaxy,BTCO,Invesco Galaxy Bitcoin ETF,BTC-USD,2026-05-04,79.72,800.0,0.25,0.9223,46.945,21.882,66.001,6.691
2517,BTCO,Invesco Galaxy Bitcoin ETF,Invesco / Galaxy,BTCO,Invesco Galaxy Bitcoin ETF,BTC-USD,2026-05-05,81.26,800.0,0.25,0.9721,43.078,21.671,66.001,6.547
2518,BTCO,Invesco Galaxy Bitcoin ETF,Invesco / Galaxy,BTCO,Invesco Galaxy Bitcoin ETF,BTC-USD,2026-05-06,81.09,800.0,0.25,0.9754,43.052,21.467,67.792,6.656
2519,BTCO,Invesco Galaxy Bitcoin ETF,Invesco / Galaxy,BTCO,Invesco Galaxy Bitcoin ETF,BTC-USD,2026-05-07,79.73,800.0,0.25,0.9687,42.748,21.344,67.787,6.91
2520,BTCO,Invesco Galaxy Bitcoin ETF,Invesco / Galaxy,BTCO,Invesco Galaxy Bitcoin ETF,BTC-USD,2026-05-08,79.74,800.0,0.25,0.9756,42.538,21.304,58.266,6.896
2521,BTCO,Invesco Galaxy Bitcoin ETF,Invesco / Galaxy,BTCO,Invesco Galaxy Bitcoin ETF,BTC-USD,2026-05-11,81.59,800.0,0.25,0.9677,42.052,20.796,53.086,7.268
2522,BTCO,Invesco Galaxy Bitcoin ETF,Invesco / Galaxy,BTCO,Invesco Galaxy Bitcoin ETF,BTC-USD,2026-05-12,80.4,800.0,0.25,0.9523,41.002,20.581,53.779,7.236
2523,BTCO,Invesco Galaxy Bitcoin ETF,Invesco / Galaxy,BTCO,Invesco Galaxy Bitcoin ETF,BTC-USD,2026-05-13,79.19,800.0,0.25,0.9554,40.999,20.569,53.779,7.042
2524,BTCO,Invesco Galaxy Bitcoin ETF,Invesco / Galaxy,BTCO,Invesco Galaxy Bitcoin ETF,BTC-USD,2026-05-14,81.03,800.0,0.25,0.9518,40.858,20.507,51.372,7.246
2525,BTCO,Invesco Galaxy Bitcoin ETF,Invesco / Galaxy,BTCO,Invesco Galaxy Bitcoin ETF,BTC-USD,2026-05-15,78.685,800.0,0.25,0.9561,41.353,20.514,43.922,7.269
2526,BTCO,Invesco Galaxy Bitcoin ETF,Invesco / Galaxy,BTCO,Invesco Galaxy Bitcoin ETF,BTC-USD,2026-05-18,76.43,800.0,0.25,0.9612,41.838,20.49,43.922,6.88
2527,BTCO,Invesco Galaxy Bitcoin ETF,Invesco / Galaxy,BTCO,Invesco Galaxy Bitcoin ETF,BTC-USD,2026-05-19,76.35,800.0,0.25,0.96,40.439,20.49,47.483,6.8
2528,BTCO,Invesco Galaxy Bitcoin ETF,Invesco / Galaxy,BTCO,Invesco Galaxy Bitcoin ETF,BTC-USD,2026-05-20,77.25,800.0,0.25,0.9638,40.476,20.422,37.015,6.912
2529,BTCO,Invesco Galaxy Bitcoin ETF,Invesco / Galaxy,BTCO,Invesco Galaxy Bitcoin ETF,BTC-USD,2026-05-21,77.29,800.0,0.25,0.9348,37.939,20.205,41.308,6.964
2530,BTCO,Invesco Galaxy Bitcoin ETF,Invesco / Galaxy,BTCO,Invesco Galaxy Bitcoin ETF,BTC-USD,2026-05-22,75.4,800.0,0.25,0.928,37.896,19.82,41.308,6.902
2531,BTCO,Invesco Galaxy Bitcoin ETF,Invesco / Galaxy,BTCO,Invesco Galaxy Bitcoin ETF,BTC-USD,2026-05-26,75.52,800.0,0.25,0.9224,37.398,19.8,44.717,6.992
2532,BTCO,Invesco Galaxy Bitcoin ETF,Invesco / Galaxy,BTCO,Invesco Galaxy Bitcoin ETF,BTC-USD,2026-05-27,74.57,800.0,0.25,0.898,36.022,19.686,43.97,6.898
2533,BTCO,Invesco Galaxy Bitcoin ETF,Invesco / Galaxy,BTCO,Invesco Galaxy Bitcoin ETF,BTC-USD,2026-05-28,72.99,800.0,0.25,0.9011,36.198,19.783,43.97,6.988
2534,BTCO,Invesco Galaxy Bitcoin ETF,Invesco / Galaxy,BTCO,Invesco Galaxy Bitcoin ETF,BTC-USD,2026-05-29,73.03,800.0,0.25,0.8654,33.295,19.705,46.833,6.784
2535,BTCO,Invesco Galaxy Bitcoin ETF,Invesco / Galaxy,BTCO,Invesco Galaxy Bitcoin ETF,BTC-USD,2026-06-01,71.1,800.0,0.25,0.8642,33.321,19.71,45.774,7.116
2536,BTCO,Invesco Galaxy Bitcoin ETF,Invesco / Galaxy,BTCO,Invesco Galaxy Bitcoin ETF,BTC-USD,2026-06-02,66.86,800.0,0.25,0.8554,34.386,19.659,45.774,7.265
2537,BTCO,Invesco Galaxy Bitcoin ETF,Invesco / Galaxy,BTCO,Invesco Galaxy Bitcoin ETF,BTC-USD,2026-06-03,65.03,800.0,0.25,0.8426,34.705,19.589,45.774,7.159
2538,BTCO,Invesco Galaxy Bitcoin ETF,Invesco / Galaxy,BTCO,Invesco Galaxy Bitcoin ETF,BTC-USD,2026-06-04,63.21,800.0,0.25,0.8477,34.997,20.234,45.774,7.398
2539,BTCO,Invesco Galaxy Bitcoin ETF,Invesco / Galaxy,BTCO,Invesco Galaxy Bitcoin ETF,BTC-USD,2026-06-05,60.01,800.0,0.25,0.8655,36.412,20.342,49.201,7.857
2540,BTCO,Invesco Galaxy Bitcoin ETF,Invesco / Galaxy,BTCO,Invesco Galaxy Bitcoin ETF,BTC-USD,2026-06-08,63.07,800.0,0.25,0.8914,37.962,20.676,49.807,7.47
2541,BTCO,Invesco Galaxy Bitcoin ETF,Invesco / Galaxy,BTCO,Invesco Galaxy Bitcoin ETF,BTC-USD,2026-06-09,61.75,800.0,0.25,0.8903,38.082,20.659,46.682,7.787
2542,BTCO,Invesco Galaxy Bitcoin ETF,Invesco / Galaxy,BTCO,Invesco Galaxy Bitcoin ETF,BTC-USD,2026-06-10,61.6,800.0,0.25,0.9089,37.123,20.504,50.477,7.239
2543,BTCO,Invesco Galaxy Bitcoin ETF,Invesco / Galaxy,BTCO,Invesco Galaxy Bitcoin ETF,BTC-USD,2026-06-11,63.25,800.0,0.25,0.9102,37.549,20.099,50.477,7.259
2544,BTCO,Invesco Galaxy Bitcoin ETF,Invesco / Galaxy,BTCO,Invesco Galaxy Bitcoin ETF,BTC-USD,2026-06-12,63.25,800.0,0.25,0.8915,36.313,19.922,53.212,7.145
2545,BTCO,Invesco Galaxy Bitcoin ETF,Invesco / Galaxy,BTCO,Invesco Galaxy Bitcoin ETF,BTC-USD,2026-06-15,66.25,800.0,0.25,0.9086,37.58,19.932,53.212,7.053
2546,BTCO,Invesco Galaxy Bitcoin ETF,Invesco / Galaxy,BTCO,Invesco Galaxy Bitcoin ETF,BTC-USD,2026-06-16,65.32,800.0,0.25,0.9131,37.677,19.865,53.212,6.968
2547,BTCO,Invesco Galaxy Bitcoin ETF,Invesco / Galaxy,BTCO,Invesco Galaxy Bitcoin ETF,BTC-USD,2026-06-17,63.89,800.0,0.25,0.9159,37.889,19.893,53.774,6.499
2548,BTCO,Invesco Galaxy Bitcoin ETF,Invesco / Galaxy,BTCO,Invesco Galaxy Bitcoin ETF,BTC-USD,2026-06-18,62.64,800.0,0.25,0.9125,37.9,19.696,50.207,7.696
2549,BTCO,Invesco Galaxy Bitcoin ETF,Invesco / Galaxy,BTCO,Invesco Galaxy Bitcoin ETF,BTC-USD,2026-06-22,64.12,800.0,0.25,0.9123,37.933,19.624,56.05,7.73
2550,BTCO,Invesco Galaxy Bitcoin ETF,Invesco / Galaxy,BTCO,Invesco Galaxy Bitcoin ETF,BTC-USD,2026-06-23,62.02,800.0,0.25,0.9209,37.92,19.847,52.955,7.751
2551,BTCO,Invesco Galaxy Bitcoin ETF,Invesco / Galaxy,BTCO,Invesco Galaxy Bitcoin ETF,BTC-USD,2026-06-24,59.55,800.0,0.25,0.929,38.015,20.078,51.727,8.219
2552,BTCO,Invesco Galaxy Bitcoin ETF,Invesco / Galaxy,BTCO,Invesco Galaxy Bitcoin ETF,BTC-USD,2026-06-25,58.91,800.0,0.25,0.922,38.007,20.154,50.994,10.122
2553,BTCO,Invesco Galaxy Bitcoin ETF,Invesco / Galaxy,BTCO,Invesco Galaxy Bitcoin ETF,BTC-USD,2026-06-26,59.36,800.0,0.25,0.9241,37.799,20.163,59.495,10.209
2554,BTCO,Invesco Galaxy Bitcoin ETF,Invesco / Galaxy,BTCO,Invesco Galaxy Bitcoin ETF,BTC-USD,2026-06-29,60.05,800.0,0.25,0.9256,37.871,20.199,65.341,10.225
2555,BTCO,Invesco Galaxy Bitcoin ETF,Invesco / Galaxy,BTCO,Invesco Galaxy Bitcoin ETF,BTC-USD,2026-06-30,58.4,800.0,0.25,0.928,38.119,20.208,66.379,10.127
2556,BTCO,Invesco Galaxy Bitcoin ETF,Invesco / Galaxy,BTCO,Invesco Galaxy Bitcoin ETF,BTC-USD,2026-07-01,59.67,800.0,0.25,0.9124,37.429,20.039,67.607,9.861
2557,BTCO,Invesco Galaxy Bitcoin ETF,Invesco / Galaxy,BTCO,Invesco Galaxy Bitcoin ETF,BTC-USD,2026-07-02,61.16,800.0,0.25,1.0024,37.798,17.014,67.582,9.798
2558,BTCO,Invesco Galaxy Bitcoin ETF,Invesco / Galaxy,BTCO,Invesco Galaxy Bitcoin ETF,BTC-USD,2026-07-06,63.38,800.0,0.25,1.01,37.876,14.344,67.77,9.597
2559,BTCO,Invesco Galaxy Bitcoin ETF,Invesco / Galaxy,BTCO,Invesco Galaxy Bitcoin ETF,BTC-USD,2026-07-07,63.5,800.0,0.25,1.0051,37.789,14.594,70.729,9.247
2560,BTCO,Invesco Galaxy Bitcoin ETF,Invesco / Galaxy,BTCO,Invesco Galaxy Bitcoin ETF,BTC-USD,2026-07-08,61.9,800.0,0.25,1.0098,37.89,14.692,70.754,8.561
2561,BTCO,Invesco Galaxy Bitcoin ETF,Invesco / Galaxy,BTCO,Invesco Galaxy Bitcoin ETF,BTC-USD,2026-07-09,62.9,800.0,0.25,1.027,38.08,14.223,70.754,8.392
2562,BTCO,Invesco Galaxy Bitcoin ETF,Invesco / Galaxy,BTCO,Invesco Galaxy Bitcoin ETF,BTC-USD,2026-07-10,63.56,800.0,0.25,1.025,38.045,13.82,78.777,8.01
2563,BTCO,Invesco Galaxy Bitcoin ETF,Invesco / Galaxy,BTCO,Invesco Galaxy Bitcoin ETF,BTC-USD,2026-07-13,61.86,800.0,0.25,1.0211,38.285,13.833,79.705,8.016
2564,BTCO,Invesco Galaxy Bitcoin ETF,Invesco / Galaxy,BTCO,Invesco Galaxy Bitcoin ETF,BTC-USD,2026-07-14,64.18,800.0,0.25,1.0113,39.124,13.883,79.705,7.94
2565,BTCO,Invesco Galaxy Bitcoin ETF,Invesco / Galaxy,BTCO,Invesco Galaxy Bitcoin ETF,BTC-USD,2026-07-15,64.615,800.0,0.25,1.0093,38.659,14.045,74.982,7.829
2566,BTCO,Invesco Galaxy Bitcoin ETF,Invesco / Galaxy,BTCO,Invesco Galaxy Bitcoin ETF,BTC-USD,2026-07-16,63.89,800.0,0.25,1.0086,38.613,14.066,74.982,7.638
2567,BTCO,Invesco Galaxy Bitcoin ETF,Invesco / Galaxy,BTCO,Invesco Galaxy Bitcoin ETF,BTC-USD,2026-07-17,63.8,800.0,0.25,1.0155,38.493,13.249,66.959,7.643
2568,BTCO,Invesco Galaxy Bitcoin ETF,Invesco / Galaxy,BTCO,Invesco Galaxy Bitcoin ETF,BTC-USD,2026-07-20,64.78,800.0,0.25,0.9882,37.121,11.991,72.667,7.521
2569,BTCO,Invesco Galaxy Bitcoin ETF,Invesco / Galaxy,BTCO,Invesco Galaxy Bitcoin ETF,BTC-USD,2026-07-21,66.11,800.0,0.25,0.991,37.355,11.611,74.982,6.333
2570,BTCO,Invesco Galaxy Bitcoin ETF,Invesco / Galaxy,BTCO,Invesco Galaxy Bitcoin ETF,BTC-USD,2026-07-22,65.58,800.0,0.25,0.9936,37.37,11.462,74.982,6.14
2571,BTCO,Invesco Galaxy Bitcoin ETF,Invesco / Galaxy,BTCO,Invesco Galaxy Bitcoin ETF,BTC-USD,2026-07-23,64.42,800.0,0.25,0.9948,37.469,11.329,74.982,6.015
2572,BTCO,Invesco Galaxy Bitcoin ETF,Invesco / Galaxy,BTCO,Invesco Galaxy Bitcoin ETF,BTC-USD,2026-07-24,63.82,800.0,0.25,0.9949,37.484,11.324,74.982,5.461
2573,BTCO,Invesco Galaxy Bitcoin ETF,Invesco / Galaxy,BTCO,Invesco Galaxy Bitcoin ETF,BTC-USD,2026-07-27,64.56,800.0,0.25,0.9926,37.555,11.864,68.829,3.373
2574,BTCO,Invesco Galaxy Bitcoin ETF,Invesco / Galaxy,BTCO,Invesco Galaxy Bitcoin ETF,BTC-USD,2026-07-28,63.48,800.0,0.25,0.9876,37.539,12.418,65.051,3.155
2575,BTCO,Invesco Galaxy Bitcoin ETF,Invesco / Galaxy,BTCO,Invesco Galaxy Bitcoin ETF,BTC-USD,2026-07-29,63.18,800.0,0.25,0.9851,37.056,12.428,53.361,3.034
2576,BTCO,Invesco Galaxy Bitcoin ETF,Invesco / Galaxy,BTCO,Invesco Galaxy Bitcoin ETF,BTC-USD,2026-07-30,64.41,800.0,0.25,0.9882,37.0,12.509,53.361,2.9
2577,BTCO,Invesco Galaxy Bitcoin ETF,Invesco / Galaxy,BTCO,Invesco Galaxy Bitcoin ETF,BTC-USD,2026-07-31,62.55,800.0,0.25,0.9844,37.063,12.438,63.372,2.914
2578,BTCO,Invesco Galaxy Bitcoin ETF,Invesco / Galaxy,BTCO,Invesco Galaxy Bitcoin ETF,BTC-USD,2026-08-03,63.51,800.0,0.25,0.9897,37.278,12.396,70.604,3.191
2579,BTCO,Invesco Galaxy Bitcoin ETF,Invesco / Galaxy,BTCO,Invesco Galaxy Bitcoin ETF,BTC-USD,2026-08-04,63.89,800.0,0.25,0.9885,37.236,12.409,55.683,3.114
2580,BTCO,Invesco Galaxy Bitcoin ETF,Invesco / Galaxy,BTCO,Invesco Galaxy Bitcoin ETF,BTC-USD,2026-08-05,64.49,800.0,0.25,0.9893,37.324,12.409,52.724,3.069
2581,BTCO,Invesco Galaxy Bitcoin ETF,Invesco / Galaxy,BTCO,Invesco Galaxy Bitcoin ETF,BTC-USD,2026-08-06,64.05,800.0,0.25,0.9862,36.919,12.367,56.812,2.989
2582,BTCO,Invesco Galaxy Bitcoin ETF,Invesco / Galaxy,BTCO,Invesco Galaxy Bitcoin ETF,BTC-USD,2026-08-07,64.6,800.0,0.25,0.986,36.94,12.367,56.812,2.962
2583,BTCO,Invesco Galaxy Bitcoin ETF,Invesco / Galaxy,BTCO,Invesco Galaxy Bitcoin ETF,BTC-USD,2026-08-10,63.62,800.0,0.25,0.9861,36.941,12.367,54.497,3.282
2584,BTCO,Invesco Galaxy Bitcoin ETF,Invesco / Galaxy,BTCO,Invesco Galaxy Bitcoin ETF,BTC-USD,2026-08-11,63.14,800.0,0.25,0.985,36.529,12.359,50.179,3.268
2585,BTCO,Invesco Galaxy Bitcoin ETF,Invesco / Galaxy,BTCO,Invesco Galaxy Bitcoin ETF,BTC-USD,2026-08-12,63.03,800.0,0.25,0.9815,36.152,12.317,54.626,3.168
2586,BTCO,Invesco Galaxy Bitcoin ETF,Invesco / Galaxy,BTCO,Invesco Galaxy Bitcoin ETF,BTC-USD,2026-08-13,62.98,800.0,0.25,0.9793,35.766,12.306,57.086,3.155
2587,BTCO,Invesco Galaxy Bitcoin ETF,Invesco / Galaxy,BTCO,Invesco Galaxy Bitcoin ETF,BTC-USD,2026-08-14,62.57,800.0,0.25,0.9793,35.77,12.3,57.086,3.157
2588,BTCO,Invesco Galaxy Bitcoin ETF,Invesco / Galaxy,BTCO,Invesco Galaxy Bitcoin ETF,BTC-USD,2026-08-17,63.95,800.0,0.25,0.9765,36.01,12.281,57.361,3.146
2589,BTCO,Invesco Galaxy Bitcoin ETF,Invesco / Galaxy,BTCO,Invesco Galaxy Bitcoin ETF,BTC-USD,2026-08-18,64.27,800.0,0.25,0.9771,36.041,12.296,57.086,3.064
2590,BTCO,Invesco Galaxy Bitcoin ETF,Invesco / Galaxy,BTCO,Invesco Galaxy Bitcoin ETF,BTC-USD,2026-08-19,68.1,800.0,0.25,0.9593,37.851,12.384,57.086,3.312
2591,BTCO,Invesco Galaxy Bitcoin ETF,Invesco / Galaxy,BTCO,Invesco Galaxy Bitcoin ETF,BTC-USD,2026-08-20,72.3,800.0,0.25,0.9737,39.895,12.514,57.361,3.474
2592,BTCO,Invesco Galaxy Bitcoin ETF,Invesco / Galaxy,BTCO,Invesco Galaxy Bitcoin ETF,BTC-USD,2026-08-21,76.67,800.0,0.25,0.9608,41.626,12.568,57.361,3.714
2593,BTCO,Invesco Galaxy Bitcoin ETF,Invesco / Galaxy,BTCO,Invesco Galaxy Bitcoin ETF,BTC-USD,2026-08-24,78.35,800.0,0.25,0.9601,41.595,12.72,61.636,3.828
2594,BTCO,Invesco Galaxy Bitcoin ETF,Invesco / Galaxy,BTCO,Invesco Galaxy Bitcoin ETF,BTC-USD,2026-08-25,78.52,800.0,0.25,0.9592,41.595,12.797,68.442,3.858
2595,BTCO,Invesco Galaxy Bitcoin ETF,Invesco / Galaxy,BTCO,Invesco Galaxy Bitcoin ETF,BTC-USD,2026-08-26,78.08,800.0,0.25,0.9583,41.211,12.988,64.167,3.867
2596,BTCO,Invesco Galaxy Bitcoin ETF,Invesco / Galaxy,BTCO,Invesco Galaxy Bitcoin ETF,BTC-USD,2026-08-27,79.51,800.0,0.25,0.9655,39.19,13.04,68.442,3.843
2597,BRRR,CoinShares Valkyrie Bitcoin,CoinShares,BRRR,CoinShares Valkyrie Bitcoin,BTC-USD,2025-03-07,24.58,600.0,0.25,1.028,46.385,19.195,102.158,17.183
2598,BRRR,CoinShares Valkyrie Bitcoin,CoinShares,BRRR,CoinShares Valkyrie Bitcoin,BTC-USD,2025-03-10,22.34,600.0,0.25,1.0017,49.025,18.066,96.25,17.162
2599,BRRR,CoinShares Valkyrie Bitcoin,CoinShares,BRRR,CoinShares Valkyrie Bitcoin,BTC-USD,2025-03-11,23.48,600.0,0.25,0.9982,50.201,17.953,96.388,19.59
2600,BRRR,CoinShares Valkyrie Bitcoin,CoinShares,BRRR,CoinShares Valkyrie Bitcoin,BTC-USD,2025-03-12,23.44,600.0,0.25,0.9908,49.011,18.052,105.526,18.392
2601,BRRR,CoinShares Valkyrie Bitcoin,CoinShares,BRRR,CoinShares Valkyrie Bitcoin,BTC-USD,2025-03-13,22.66,600.0,0.25,0.9913,49.365,18.044,113.509,18.484
2602,BRRR,CoinShares Valkyrie Bitcoin,CoinShares,BRRR,CoinShares Valkyrie Bitcoin,BTC-USD,2025-03-14,23.93,600.0,0.25,1.0051,50.624,18.459,103.67,17.38
2603,BRRR,CoinShares Valkyrie Bitcoin,CoinShares,BRRR,CoinShares Valkyrie Bitcoin,BTC-USD,2025-03-17,23.91,600.0,0.25,1.0103,49.868,18.46,111.286,17.489
2604,BRRR,CoinShares Valkyrie Bitcoin,CoinShares,BRRR,CoinShares Valkyrie Bitcoin,BTC-USD,2025-03-18,23.27,600.0,0.25,1.012,50.016,18.501,114.49,17.62
2605,BRRR,CoinShares Valkyrie Bitcoin,CoinShares,BRRR,CoinShares Valkyrie Bitcoin,BTC-USD,2025-03-19,24.17,600.0,0.25,1.0003,49.385,18.603,114.49,17.554
2606,BRRR,CoinShares Valkyrie Bitcoin,CoinShares,BRRR,CoinShares Valkyrie Bitcoin,BTC-USD,2025-03-20,23.81,600.0,0.25,0.9821,48.71,18.451,121.885,17.743
2607,BRRR,CoinShares Valkyrie Bitcoin,CoinShares,BRRR,CoinShares Valkyrie Bitcoin,BTC-USD,2025-03-21,23.74,600.0,0.25,0.9823,48.708,18.446,120.181,17.646
2608,BRRR,CoinShares Valkyrie Bitcoin,CoinShares,BRRR,CoinShares Valkyrie Bitcoin,BTC-USD,2025-03-24,24.96,600.0,0.25,0.9888,49.393,18.528,117.127,16.54
2609,BRRR,CoinShares Valkyrie Bitcoin,CoinShares,BRRR,CoinShares Valkyrie Bitcoin,BTC-USD,2025-03-25,24.94,600.0,0.25,0.9705,47.649,17.972,120.771,16.699
2610,BRRR,CoinShares Valkyrie Bitcoin,CoinShares,BRRR,CoinShares Valkyrie Bitcoin,BTC-USD,2025-03-26,24.47,600.0,0.25,0.9682,47.289,18.116,120.771,12.853
2611,BRRR,CoinShares Valkyrie Bitcoin,CoinShares,BRRR,CoinShares Valkyrie Bitcoin,BTC-USD,2025-03-27,24.61,600.0,0.25,0.9704,47.274,18.087,125.747,12.757
2612,BRRR,CoinShares Valkyrie Bitcoin,CoinShares,BRRR,CoinShares Valkyrie Bitcoin,BTC-USD,2025-03-28,23.68,600.0,0.25,0.9787,47.883,17.927,112.888,11.741
2613,BRRR,CoinShares Valkyrie Bitcoin,CoinShares,BRRR,CoinShares Valkyrie Bitcoin,BTC-USD,2025-03-31,23.3,600.0,0.25,0.9799,47.957,17.658,108.462,11.941
2614,BRRR,CoinShares Valkyrie Bitcoin,CoinShares,BRRR,CoinShares Valkyrie Bitcoin,BTC-USD,2025-04-01,24.04,600.0,0.25,0.9763,47.633,17.616,108.462,12.123
2615,BRRR,CoinShares Valkyrie Bitcoin,CoinShares,BRRR,CoinShares Valkyrie Bitcoin,BTC-USD,2025-04-02,24.57,600.0,0.25,0.9449,47.819,20.597,110.166,10.925
2616,BRRR,CoinShares Valkyrie Bitcoin,CoinShares,BRRR,CoinShares Valkyrie Bitcoin,BTC-USD,2025-04-03,23.17,600.0,0.25,0.9286,48.417,24.688,111.666,10.042
2617,BRRR,CoinShares Valkyrie Bitcoin,CoinShares,BRRR,CoinShares Valkyrie Bitcoin,BTC-USD,2025-04-04,23.75,600.0,0.25,0.9202,47.303,24.837,99.297,10.483
2618,BRRR,CoinShares Valkyrie Bitcoin,CoinShares,BRRR,CoinShares Valkyrie Bitcoin,BTC-USD,2025-04-07,22.06,600.0,0.25,0.9421,49.306,25.159,89.083,10.576
2619,BRRR,CoinShares Valkyrie Bitcoin,CoinShares,BRRR,CoinShares Valkyrie Bitcoin,BTC-USD,2025-04-08,21.72,600.0,0.25,0.9275,49.317,25.382,107.982,10.24
2620,BRRR,CoinShares Valkyrie Bitcoin,CoinShares,BRRR,CoinShares Valkyrie Bitcoin,BTC-USD,2025-04-09,23.27,600.0,0.25,0.9208,51.471,25.327,108.825,7.763
2621,BRRR,CoinShares Valkyrie Bitcoin,CoinShares,BRRR,CoinShares Valkyrie Bitcoin,BTC-USD,2025-04-10,22.51,600.0,0.25,0.9159,51.411,25.249,113.842,7.629
2622,BRRR,CoinShares Valkyrie Bitcoin,CoinShares,BRRR,CoinShares Valkyrie Bitcoin,BTC-USD,2025-04-11,23.7,600.0,0.25,0.9276,52.13,25.269,105.858,7.461
2623,BRRR,CoinShares Valkyrie Bitcoin,CoinShares,BRRR,CoinShares Valkyrie Bitcoin,BTC-USD,2025-04-14,24.02,600.0,0.25,0.9291,52.192,25.084,105.858,7.17
2624,BRRR,CoinShares Valkyrie Bitcoin,CoinShares,BRRR,CoinShares Valkyrie Bitcoin,BTC-USD,2025-04-15,23.77,600.0,0.25,0.9287,51.329,25.084,106.525,7.013
2625,BRRR,CoinShares Valkyrie Bitcoin,CoinShares,BRRR,CoinShares Valkyrie Bitcoin,BTC-USD,2025-04-16,23.86,600.0,0.25,0.9291,51.23,25.081,109.295,6.647
2626,BRRR,CoinShares Valkyrie Bitcoin,CoinShares,BRRR,CoinShares Valkyrie Bitcoin,BTC-USD,2025-04-17,24.03,600.0,0.25,0.9303,51.195,25.065,118.231,6.185
2627,BRRR,CoinShares Valkyrie Bitcoin,CoinShares,BRRR,CoinShares Valkyrie Bitcoin,BTC-USD,2025-04-21,24.75,600.0,0.25,0.9326,51.618,24.928,111.675,6.222
2628,BRRR,CoinShares Valkyrie Bitcoin,CoinShares,BRRR,CoinShares Valkyrie Bitcoin,BTC-USD,2025-04-22,25.91,600.0,0.25,0.914,52.447,25.048,111.675,7.155
2629,BRRR,CoinShares Valkyrie Bitcoin,CoinShares,BRRR,CoinShares Valkyrie Bitcoin,BTC-USD,2025-04-23,26.48,600.0,0.25,0.9112,52.234,25.289,106.865,7.384
2630,BRRR,CoinShares Valkyrie Bitcoin,CoinShares,BRRR,CoinShares Valkyrie Bitcoin,BTC-USD,2025-04-24,26.49,600.0,0.25,0.9116,52.235,25.271,105.449,7.123
2631,BRRR,CoinShares Valkyrie Bitcoin,CoinShares,BRRR,CoinShares Valkyrie Bitcoin,BTC-USD,2025-04-25,26.99,600.0,0.25,0.9095,51.99,25.321,105.449,6.933
2632,BRRR,CoinShares Valkyrie Bitcoin,CoinShares,BRRR,CoinShares Valkyrie Bitcoin,BTC-USD,2025-04-28,26.81,600.0,0.25,0.9093,51.972,25.387,98.77,6.796
2633,BRRR,CoinShares Valkyrie Bitcoin,CoinShares,BRRR,CoinShares Valkyrie Bitcoin,BTC-USD,2025-04-29,26.97,600.0,0.25,0.9034,51.577,25.397,98.77,6.389
2634,BRRR,CoinShares Valkyrie Bitcoin,CoinShares,BRRR,CoinShares Valkyrie Bitcoin,BTC-USD,2025-04-30,26.62,600.0,0.25,0.9041,51.634,25.502,98.77,6.305
2635,BRRR,CoinShares Valkyrie Bitcoin,CoinShares,BRRR,CoinShares Valkyrie Bitcoin,BTC-USD,2025-05-01,27.31,600.0,0.25,0.9102,51.678,25.451,98.77,6.194
2636,BRRR,CoinShares Valkyrie Bitcoin,CoinShares,BRRR,CoinShares Valkyrie Bitcoin,BTC-USD,2025-05-02,27.42,600.0,0.25,0.9097,51.602,25.446,93.126,6.198
2637,BRRR,CoinShares Valkyrie Bitcoin,CoinShares,BRRR,CoinShares Valkyrie Bitcoin,BTC-USD,2025-05-05,26.68,600.0,0.25,0.9123,51.899,25.473,93.126,5.873
2638,BRRR,CoinShares Valkyrie Bitcoin,CoinShares,BRRR,CoinShares Valkyrie Bitcoin,BTC-USD,2025-05-06,26.85,600.0,0.25,0.9073,51.86,25.507,98.27,5.33
2639,BRRR,CoinShares Valkyrie Bitcoin,CoinShares,BRRR,CoinShares Valkyrie Bitcoin,BTC-USD,2025-05-07,27.19,600.0,0.25,0.9065,51.818,25.558,98.27,4.84
2640,BRRR,CoinShares Valkyrie Bitcoin,CoinShares,BRRR,CoinShares Valkyrie Bitcoin,BTC-USD,2025-05-08,28.66,600.0,0.25,0.9011,52.72,25.546,79.371,4.96
2641,BRRR,CoinShares Valkyrie Bitcoin,CoinShares,BRRR,CoinShares Valkyrie Bitcoin,BTC-USD,2025-05-09,29.2,600.0,0.25,0.9003,52.719,25.888,69.38,4.829
2642,BRRR,CoinShares Valkyrie Bitcoin,CoinShares,BRRR,CoinShares Valkyrie Bitcoin,BTC-USD,2025-05-12,28.8,600.0,0.25,0.9017,52.777,26.0,60.773,4.843
2643,BRRR,CoinShares Valkyrie Bitcoin,CoinShares,BRRR,CoinShares Valkyrie Bitcoin,BTC-USD,2025-05-13,29.65,600.0,0.25,0.9047,53.054,26.231,60.773,4.831
2644,BRRR,CoinShares Valkyrie Bitcoin,CoinShares,BRRR,CoinShares Valkyrie Bitcoin,BTC-USD,2025-05-14,29.23,600.0,0.25,0.9003,52.658,26.163,64.028,4.784
2645,BRRR,CoinShares Valkyrie Bitcoin,CoinShares,BRRR,CoinShares Valkyrie Bitcoin,BTC-USD,2025-05-15,29.18,600.0,0.25,0.8984,52.502,26.111,58.923,4.72
2646,BRRR,CoinShares Valkyrie Bitcoin,CoinShares,BRRR,CoinShares Valkyrie Bitcoin,BTC-USD,2025-05-16,29.43,600.0,0.25,0.8954,52.297,26.168,56.401,4.7
2647,BRRR,CoinShares Valkyrie Bitcoin,CoinShares,BRRR,CoinShares Valkyrie Bitcoin,BTC-USD,2025-05-19,29.84,600.0,0.25,0.8866,51.712,26.004,50.771,4.77
2648,BRRR,CoinShares Valkyrie Bitcoin,CoinShares,BRRR,CoinShares Valkyrie Bitcoin,BTC-USD,2025-05-20,30.3,600.0,0.25,0.9202,51.739,24.566,50.771,4.581
2649,BRRR,CoinShares Valkyrie Bitcoin,CoinShares,BRRR,CoinShares Valkyrie Bitcoin,BTC-USD,2025-05-21,30.74,600.0,0.25,0.8937,49.822,23.6,50.771,3.949
2650,BRRR,CoinShares Valkyrie Bitcoin,CoinShares,BRRR,CoinShares Valkyrie Bitcoin,BTC-USD,2025-05-22,31.47,600.0,0.25,0.8974,49.024,23.567,51.523,3.795
2651,BRRR,CoinShares Valkyrie Bitcoin,CoinShares,BRRR,CoinShares Valkyrie Bitcoin,BTC-USD,2025-05-23,30.77,600.0,0.25,0.8872,49.231,23.467,56.92,3.871
2652,BRRR,CoinShares Valkyrie Bitcoin,CoinShares,BRRR,CoinShares Valkyrie Bitcoin,BTC-USD,2025-05-27,31.11,600.0,0.25,0.8882,49.238,23.326,63.947,3.596
2653,BRRR,CoinShares Valkyrie Bitcoin,CoinShares,BRRR,CoinShares Valkyrie Bitcoin,BTC-USD,2025-05-28,30.25,600.0,0.25,0.8921,49.543,23.64,63.947,3.762
2654,BRRR,CoinShares Valkyrie Bitcoin,CoinShares,BRRR,CoinShares Valkyrie Bitcoin,BTC-USD,2025-05-29,29.86,600.0,0.25,0.8907,49.646,23.638,64.626,4.259
2655,BRRR,CoinShares Valkyrie Bitcoin,CoinShares,BRRR,CoinShares Valkyrie Bitcoin,BTC-USD,2025-05-30,29.58,600.0,0.25,0.8846,49.051,23.647,64.626,4.347
2656,BRRR,CoinShares Valkyrie Bitcoin,CoinShares,BRRR,CoinShares Valkyrie Bitcoin,BTC-USD,2025-06-02,29.54,600.0,0.25,0.8778,48.899,23.843,67.209,4.125
2657,BRRR,CoinShares Valkyrie Bitcoin,CoinShares,BRRR,CoinShares Valkyrie Bitcoin,BTC-USD,2025-06-03,30.07,600.0,0.25,0.8802,48.663,24.101,66.71,4.262
2658,BRRR,CoinShares Valkyrie Bitcoin,CoinShares,BRRR,CoinShares Valkyrie Bitcoin,BTC-USD,2025-06-04,29.69,600.0,0.25,0.8616,44.231,24.136,60.946,4.192
2659,BRRR,CoinShares Valkyrie Bitcoin,CoinShares,BRRR,CoinShares Valkyrie Bitcoin,BTC-USD,2025-06-05,28.8,600.0,0.25,0.8619,43.795,24.138,64.197,4.29
2660,BRRR,CoinShares Valkyrie Bitcoin,CoinShares,BRRR,CoinShares Valkyrie Bitcoin,BTC-USD,2025-06-06,29.48,600.0,0.25,0.8632,43.971,24.005,62.352,4.452
2661,BRRR,CoinShares Valkyrie Bitcoin,CoinShares,BRRR,CoinShares Valkyrie Bitcoin,BTC-USD,2025-06-09,30.74,600.0,0.25,0.8504,43.938,24.025,62.352,4.285
2662,BRRR,CoinShares Valkyrie Bitcoin,CoinShares,BRRR,CoinShares Valkyrie Bitcoin,BTC-USD,2025-06-10,30.99,600.0,0.25,0.8324,42.72,23.765,62.352,4.27
2663,BRRR,CoinShares Valkyrie Bitcoin,CoinShares,BRRR,CoinShares Valkyrie Bitcoin,BTC-USD,2025-06-11,30.78,600.0,0.25,0.8303,42.768,23.781,67.119,4.186
2664,BRRR,CoinShares Valkyrie Bitcoin,CoinShares,BRRR,CoinShares Valkyrie Bitcoin,BTC-USD,2025-06-12,30.19,600.0,0.25,0.8227,42.553,23.672,67.119,4.161
2665,BRRR,CoinShares Valkyrie Bitcoin,CoinShares,BRRR,CoinShares Valkyrie Bitcoin,BTC-USD,2025-06-13,29.74,600.0,0.25,0.8269,42.149,23.809,63.864,4.189
2666,BRRR,CoinShares Valkyrie Bitcoin,CoinShares,BRRR,CoinShares Valkyrie Bitcoin,BTC-USD,2025-06-16,30.74,600.0,0.25,0.8376,42.401,24.247,62.605,4.293
2667,BRRR,CoinShares Valkyrie Bitcoin,CoinShares,BRRR,CoinShares Valkyrie Bitcoin,BTC-USD,2025-06-17,29.61,600.0,0.25,0.8498,43.233,24.604,65.996,4.302
2668,BRRR,CoinShares Valkyrie Bitcoin,CoinShares,BRRR,CoinShares Valkyrie Bitcoin,BTC-USD,2025-06-18,29.36,600.0,0.25,0.8355,42.2,24.618,74.798,4.238
2669,BRRR,CoinShares Valkyrie Bitcoin,CoinShares,BRRR,CoinShares Valkyrie Bitcoin,BTC-USD,2025-06-20,29.19,600.0,0.25,0.8325,42.23,24.657,69.229,4.543
2670,BRRR,CoinShares Valkyrie Bitcoin,CoinShares,BRRR,CoinShares Valkyrie Bitcoin,BTC-USD,2025-06-23,29.18,600.0,0.25,0.8205,41.994,24.804,69.229,4.343
2671,BRRR,CoinShares Valkyrie Bitcoin,CoinShares,BRRR,CoinShares Valkyrie Bitcoin,BTC-USD,2025-06-24,29.88,600.0,0.25,0.8211,42.206,25.138,69.229,4.232
2672,BRRR,CoinShares Valkyrie Bitcoin,CoinShares,BRRR,CoinShares Valkyrie Bitcoin,BTC-USD,2025-06-25,30.49,600.0,0.25,0.8117,41.434,25.18,69.229,4.127
2673,BRRR,CoinShares Valkyrie Bitcoin,CoinShares,BRRR,CoinShares Valkyrie Bitcoin,BTC-USD,2025-06-26,30.43,600.0,0.25,0.812,41.237,25.163,68.491,4.103
2674,BRRR,CoinShares Valkyrie Bitcoin,CoinShares,BRRR,CoinShares Valkyrie Bitcoin,BTC-USD,2025-06-27,30.22,600.0,0.25,0.809,40.918,25.222,70.656,3.877
2675,BRRR,CoinShares Valkyrie Bitcoin,CoinShares,BRRR,CoinShares Valkyrie Bitcoin,BTC-USD,2025-06-30,30.47,600.0,0.25,0.8552,40.757,22.871,72.791,3.499
2676,BRRR,CoinShares Valkyrie Bitcoin,CoinShares,BRRR,CoinShares Valkyrie Bitcoin,BTC-USD,2025-07-01,29.79,600.0,0.25,0.8665,39.037,18.545,74.285,3.367
2677,BRRR,CoinShares Valkyrie Bitcoin,CoinShares,BRRR,CoinShares Valkyrie Bitcoin,BTC-USD,2025-07-02,31.04,600.0,0.25,0.8745,39.546,18.502,71.702,3.732
2678,BRRR,CoinShares Valkyrie Bitcoin,CoinShares,BRRR,CoinShares Valkyrie Bitcoin,BTC-USD,2025-07-03,30.91,600.0,0.25,0.8277,36.083,18.115,71.702,3.491
2679,BRRR,CoinShares Valkyrie Bitcoin,CoinShares,BRRR,CoinShares Valkyrie Bitcoin,BTC-USD,2025-07-07,30.55,600.0,0.25,0.8496,35.995,17.674,71.702,3.489
2680,BRRR,CoinShares Valkyrie Bitcoin,CoinShares,BRRR,CoinShares Valkyrie Bitcoin,BTC-USD,2025-07-08,30.77,600.0,0.25,0.8476,33.499,17.652,67.577,3.409
2681,BRRR,CoinShares Valkyrie Bitcoin,CoinShares,BRRR,CoinShares Valkyrie Bitcoin,BTC-USD,2025-07-09,31.65,600.0,0.25,0.8482,32.893,17.758,61.929,3.485
2682,BRRR,CoinShares Valkyrie Bitcoin,CoinShares,BRRR,CoinShares Valkyrie Bitcoin,BTC-USD,2025-07-10,32.08,600.0,0.25,0.7974,31.525,18.136,59.052,3.761
2683,BRRR,CoinShares Valkyrie Bitcoin,CoinShares,BRRR,CoinShares Valkyrie Bitcoin,BTC-USD,2025-07-11,33.42,600.0,0.25,0.806,32.33,19.164,59.052,4.101
2684,BRRR,CoinShares Valkyrie Bitcoin,CoinShares,BRRR,CoinShares Valkyrie Bitcoin,BTC-USD,2025-07-14,33.92,600.0,0.25,0.8027,32.212,19.164,51.689,4.505
2685,BRRR,CoinShares Valkyrie Bitcoin,CoinShares,BRRR,CoinShares Valkyrie Bitcoin,BTC-USD,2025-07-15,32.93,600.0,0.25,0.8181,33.024,19.442,49.633,4.862
2686,BRRR,CoinShares Valkyrie Bitcoin,CoinShares,BRRR,CoinShares Valkyrie Bitcoin,BTC-USD,2025-07-16,33.74,600.0,0.25,0.8201,33.25,19.75,45.191,5.404
2687,BRRR,CoinShares Valkyrie Bitcoin,CoinShares,BRRR,CoinShares Valkyrie Bitcoin,BTC-USD,2025-07-17,33.67,600.0,0.25,0.8167,32.91,19.796,50.145,5.605
2688,BRRR,CoinShares Valkyrie Bitcoin,CoinShares,BRRR,CoinShares Valkyrie Bitcoin,BTC-USD,2025-07-18,33.19,600.0,0.25,0.8465,32.032,19.598,53.441,6.287
2689,BRRR,CoinShares Valkyrie Bitcoin,CoinShares,BRRR,CoinShares Valkyrie Bitcoin,BTC-USD,2025-07-21,33.0,600.0,0.25,0.8484,31.881,19.22,45.523,6.953
2690,BRRR,CoinShares Valkyrie Bitcoin,CoinShares,BRRR,CoinShares Valkyrie Bitcoin,BTC-USD,2025-07-22,33.74,600.0,0.25,0.8511,32.097,19.226,52.554,6.875
2691,BRRR,CoinShares Valkyrie Bitcoin,CoinShares,BRRR,CoinShares Valkyrie Bitcoin,BTC-USD,2025-07-23,33.49,600.0,0.25,0.8482,32.034,19.097,52.554,6.813
2692,BRRR,CoinShares Valkyrie Bitcoin,CoinShares,BRRR,CoinShares Valkyrie Bitcoin,BTC-USD,2025-07-24,33.68,600.0,0.25,0.8452,31.965,19.063,48.543,6.962
2693,BRRR,CoinShares Valkyrie Bitcoin,CoinShares,BRRR,CoinShares Valkyrie Bitcoin,BTC-USD,2025-07-25,33.03,600.0,0.25,0.8579,32.315,19.136,46.907,7.308
2694,BRRR,CoinShares Valkyrie Bitcoin,CoinShares,BRRR,CoinShares Valkyrie Bitcoin,BTC-USD,2025-07-28,33.39,600.0,0.25,0.8547,32.166,19.034,46.523,7.351
2695,BRRR,CoinShares Valkyrie Bitcoin,CoinShares,BRRR,CoinShares Valkyrie Bitcoin,BTC-USD,2025-07-29,33.2,600.0,0.25,0.8513,31.898,19.064,47.614,7.522
2696,BRRR,CoinShares Valkyrie Bitcoin,CoinShares,BRRR,CoinShares Valkyrie Bitcoin,BTC-USD,2025-07-30,33.03,600.0,0.25,0.8523,31.944,19.09,49.515,7.681
2697,BRRR,CoinShares Valkyrie Bitcoin,CoinShares,BRRR,CoinShares Valkyrie Bitcoin,BTC-USD,2025-07-31,33.0,600.0,0.25,0.8277,31.321,19.229,50.996,7.877
2698,BRRR,CoinShares Valkyrie Bitcoin,CoinShares,BRRR,CoinShares Valkyrie Bitcoin,BTC-USD,2025-08-01,31.97,600.0,0.25,0.8554,32.135,19.241,50.623,8.158
2699,BRRR,CoinShares Valkyrie Bitcoin,CoinShares,BRRR,CoinShares Valkyrie Bitcoin,BTC-USD,2025-08-04,32.44,600.0,0.25,0.8561,32.164,19.133,53.892,8.218
2700,BRRR,CoinShares Valkyrie Bitcoin,CoinShares,BRRR,CoinShares Valkyrie Bitcoin,BTC-USD,2025-08-05,32.12,600.0,0.25,0.8613,30.549,19.131,53.519,8.369
2701,BRRR,CoinShares Valkyrie Bitcoin,CoinShares,BRRR,CoinShares Valkyrie Bitcoin,BTC-USD,2025-08-06,32.59,600.0,0.25,0.8688,30.464,18.712,53.519,8.386
2702,BRRR,CoinShares Valkyrie Bitcoin,CoinShares,BRRR,CoinShares Valkyrie Bitcoin,BTC-USD,2025-08-07,33.23,600.0,0.25,0.867,30.497,18.525,53.519,8.403
2703,BRRR,CoinShares Valkyrie Bitcoin,CoinShares,BRRR,CoinShares Valkyrie Bitcoin,BTC-USD,2025-08-08,32.93,600.0,0.25,0.8581,30.07,18.207,57.782,8.539
2704,BRRR,CoinShares Valkyrie Bitcoin,CoinShares,BRRR,CoinShares Valkyrie Bitcoin,BTC-USD,2025-08-11,33.67,600.0,0.25,0.8598,30.169,18.167,57.782,8.357
2705,BRRR,CoinShares Valkyrie Bitcoin,CoinShares,BRRR,CoinShares Valkyrie Bitcoin,BTC-USD,2025-08-12,33.83,600.0,0.25,0.8566,30.161,18.192,62.365,8.126
2706,BRRR,CoinShares Valkyrie Bitcoin,CoinShares,BRRR,CoinShares Valkyrie Bitcoin,BTC-USD,2025-08-13,34.74,600.0,0.25,0.8642,30.539,18.081,62.365,7.933
2707,BRRR,CoinShares Valkyrie Bitcoin,CoinShares,BRRR,CoinShares Valkyrie Bitcoin,BTC-USD,2025-08-14,33.35,600.0,0.25,0.8791,31.725,18.086,63.064,8.21
2708,BRRR,CoinShares Valkyrie Bitcoin,CoinShares,BRRR,CoinShares Valkyrie Bitcoin,BTC-USD,2025-08-15,33.06,600.0,0.25,0.8775,31.672,18.062,61.756,8.007
2709,BRRR,CoinShares Valkyrie Bitcoin,CoinShares,BRRR,CoinShares Valkyrie Bitcoin,BTC-USD,2025-08-18,32.88,600.0,0.25,0.8874,31.587,17.961,61.16,7.325
2710,BRRR,CoinShares Valkyrie Bitcoin,CoinShares,BRRR,CoinShares Valkyrie Bitcoin,BTC-USD,2025-08-19,31.95,600.0,0.25,0.8848,31.819,17.911,54.486,6.867
2711,BRRR,CoinShares Valkyrie Bitcoin,CoinShares,BRRR,CoinShares Valkyrie Bitcoin,BTC-USD,2025-08-20,32.29,600.0,0.25,0.9119,31.529,17.711,58.127,6.744
2712,BRRR,CoinShares Valkyrie Bitcoin,CoinShares,BRRR,CoinShares Valkyrie Bitcoin,BTC-USD,2025-08-21,31.71,600.0,0.25,0.9172,31.692,17.712,61.285,6.737
2713,BRRR,CoinShares Valkyrie Bitcoin,CoinShares,BRRR,CoinShares Valkyrie Bitcoin,BTC-USD,2025-08-22,32.97,600.0,0.25,0.9128,32.104,17.313,65.443,6.835
2714,BRRR,CoinShares Valkyrie Bitcoin,CoinShares,BRRR,CoinShares Valkyrie Bitcoin,BTC-USD,2025-08-25,31.31,600.0,0.25,0.9113,33.78,17.292,66.184,6.769
2715,BRRR,CoinShares Valkyrie Bitcoin,CoinShares,BRRR,CoinShares Valkyrie Bitcoin,BTC-USD,2025-08-26,31.43,600.0,0.25,0.9087,33.718,17.395,65.443,7.331
2716,BRRR,CoinShares Valkyrie Bitcoin,CoinShares,BRRR,CoinShares Valkyrie Bitcoin,BTC-USD,2025-08-27,31.7,600.0,0.25,0.9181,33.75,17.229,61.292,7.132
2717,BRRR,CoinShares Valkyrie Bitcoin,CoinShares,BRRR,CoinShares Valkyrie Bitcoin,BTC-USD,2025-08-28,31.65,600.0,0.25,0.9171,33.576,16.867,56.578,7.245
2718,BRRR,CoinShares Valkyrie Bitcoin,CoinShares,BRRR,CoinShares Valkyrie Bitcoin,BTC-USD,2025-08-29,30.588,600.0,0.25,0.9147,34.226,16.804,51.165,7.398
2719,BRRR,CoinShares Valkyrie Bitcoin,CoinShares,BRRR,CoinShares Valkyrie Bitcoin,BTC-USD,2025-09-02,31.33,600.0,0.25,0.9123,33.941,16.782,53.432,6.843
2720,BRRR,CoinShares Valkyrie Bitcoin,CoinShares,BRRR,CoinShares Valkyrie Bitcoin,BTC-USD,2025-09-03,31.75,600.0,0.25,0.9154,33.726,16.879,48.27,6.974
2721,BRRR,CoinShares Valkyrie Bitcoin,CoinShares,BRRR,CoinShares Valkyrie Bitcoin,BTC-USD,2025-09-04,31.04,600.0,0.25,0.9446,32.989,17.105,50.537,6.896
2722,BRRR,CoinShares Valkyrie Bitcoin,CoinShares,BRRR,CoinShares Valkyrie Bitcoin,BTC-USD,2025-09-05,31.534,600.0,0.25,0.9442,33.106,17.347,48.27,7.134
2723,BRRR,CoinShares Valkyrie Bitcoin,CoinShares,BRRR,CoinShares Valkyrie Bitcoin,BTC-USD,2025-09-08,31.71,600.0,0.25,0.9449,33.09,17.373,49.102,7.339
2724,BRRR,CoinShares Valkyrie Bitcoin,CoinShares,BRRR,CoinShares Valkyrie Bitcoin,BTC-USD,2025-09-09,31.46,600.0,0.25,0.9523,32.879,17.384,46.427,7.293
2725,BRRR,CoinShares Valkyrie Bitcoin,CoinShares,BRRR,CoinShares Valkyrie Bitcoin,BTC-USD,2025-09-10,32.11,600.0,0.25,0.9527,32.959,17.047,45.686,7.756
2726,BRRR,CoinShares Valkyrie Bitcoin,CoinShares,BRRR,CoinShares Valkyrie Bitcoin,BTC-USD,2025-09-11,32.35,600.0,0.25,0.9425,32.315,16.114,41.954,7.577
2727,BRRR,CoinShares Valkyrie Bitcoin,CoinShares,BRRR,CoinShares Valkyrie Bitcoin,BTC-USD,2025-09-12,33.03,600.0,0.25,0.9258,31.562,15.926,41.213,7.785
2728,BRRR,CoinShares Valkyrie Bitcoin,CoinShares,BRRR,CoinShares Valkyrie Bitcoin,BTC-USD,2025-09-15,32.59,600.0,0.25,0.9294,31.647,15.858,41.954,7.056
2729,BRRR,CoinShares Valkyrie Bitcoin,CoinShares,BRRR,CoinShares Valkyrie Bitcoin,BTC-USD,2025-09-16,33.03,600.0,0.25,0.9372,31.696,15.807,39.342,7.213
2730,BRRR,CoinShares Valkyrie Bitcoin,CoinShares,BRRR,CoinShares Valkyrie Bitcoin,BTC-USD,2025-09-17,32.68,600.0,0.25,0.9603,31.8,15.421,41.085,7.587
2731,BRRR,CoinShares Valkyrie Bitcoin,CoinShares,BRRR,CoinShares Valkyrie Bitcoin,BTC-USD,2025-09-18,33.22,600.0,0.25,0.9598,31.621,15.034,41.085,7.549
2732,BRRR,CoinShares Valkyrie Bitcoin,CoinShares,BRRR,CoinShares Valkyrie Bitcoin,BTC-USD,2025-09-19,32.54,600.0,0.25,0.9614,31.712,15.006,35.926,7.94
2733,BRRR,CoinShares Valkyrie Bitcoin,CoinShares,BRRR,CoinShares Valkyrie Bitcoin,BTC-USD,2025-09-22,31.67,600.0,0.25,0.9647,32.23,15.012,32.768,7.929
2734,BRRR,CoinShares Valkyrie Bitcoin,CoinShares,BRRR,CoinShares Valkyrie Bitcoin,BTC-USD,2025-09-23,31.543,600.0,0.25,0.964,32.206,14.928,33.415,7.675
2735,BRRR,CoinShares Valkyrie Bitcoin,CoinShares,BRRR,CoinShares Valkyrie Bitcoin,BTC-USD,2025-09-24,32.055,600.0,0.25,0.9667,32.324,14.874,33.415,7.502
2736,BRRR,CoinShares Valkyrie Bitcoin,CoinShares,BRRR,CoinShares Valkyrie Bitcoin,BTC-USD,2025-09-25,30.9,600.0,0.25,0.9597,32.886,14.696,41.19,7.423
2737,BRRR,CoinShares Valkyrie Bitcoin,CoinShares,BRRR,CoinShares Valkyrie Bitcoin,BTC-USD,2025-09-26,30.85,600.0,0.25,0.94,31.786,14.438,37.487,7.939
2738,BRRR,CoinShares Valkyrie Bitcoin,CoinShares,BRRR,CoinShares Valkyrie Bitcoin,BTC-USD,2025-09-29,32.32,600.0,0.25,0.9564,33.178,14.344,37.487,8.577
2739,BRRR,CoinShares Valkyrie Bitcoin,CoinShares,BRRR,CoinShares Valkyrie Bitcoin,BTC-USD,2025-09-30,32.33,600.0,0.25,0.9559,33.077,14.354,41.938,9.448
2740,BRRR,CoinShares Valkyrie Bitcoin,CoinShares,BRRR,CoinShares Valkyrie Bitcoin,BTC-USD,2025-10-01,33.205,600.0,0.25,0.9381,33.474,14.512,41.938,9.566
2741,BRRR,CoinShares Valkyrie Bitcoin,CoinShares,BRRR,CoinShares Valkyrie Bitcoin,BTC-USD,2025-10-02,34.191,600.0,0.25,0.9401,33.511,14.627,41.938,10.297
2742,BRRR,CoinShares Valkyrie Bitcoin,CoinShares,BRRR,CoinShares Valkyrie Bitcoin,BTC-USD,2025-10-03,34.72,600.0,0.25,0.9863,33.542,14.066,41.817,10.9
2743,BRRR,CoinShares Valkyrie Bitcoin,CoinShares,BRRR,CoinShares Valkyrie Bitcoin,BTC-USD,2025-10-06,35.461,600.0,0.25,0.9724,32.78,12.618,41.705,11.078
2744,BRRR,CoinShares Valkyrie Bitcoin,CoinShares,BRRR,CoinShares Valkyrie Bitcoin,BTC-USD,2025-10-07,34.37,600.0,0.25,0.982,33.305,12.657,39.993,11.76
2745,BRRR,CoinShares Valkyrie Bitcoin,CoinShares,BRRR,CoinShares Valkyrie Bitcoin,BTC-USD,2025-10-08,34.87,600.0,0.25,0.9716,32.839,12.251,43.299,11.796
2746,BRRR,CoinShares Valkyrie Bitcoin,CoinShares,BRRR,CoinShares Valkyrie Bitcoin,BTC-USD,2025-10-09,34.18,600.0,0.25,0.9705,32.749,11.782,43.411,11.286
2747,BRRR,CoinShares Valkyrie Bitcoin,CoinShares,BRRR,CoinShares Valkyrie Bitcoin,BTC-USD,2025-10-10,32.94,600.0,0.25,0.8877,33.621,12.996,44.054,12.378
2748,BRRR,CoinShares Valkyrie Bitcoin,CoinShares,BRRR,CoinShares Valkyrie Bitcoin,BTC-USD,2025-10-13,32.736,600.0,0.25,0.8713,33.518,13.73,42.715,12.614
2749,BRRR,CoinShares Valkyrie Bitcoin,CoinShares,BRRR,CoinShares Valkyrie Bitcoin,BTC-USD,2025-10-14,31.823,600.0,0.25,0.8786,33.991,13.937,40.868,13.228
2750,BRRR,CoinShares Valkyrie Bitcoin,CoinShares,BRRR,CoinShares Valkyrie Bitcoin,BTC-USD,2025-10-15,31.44,600.0,0.25,0.8717,33.735,13.971,45.728,13.48
2751,BRRR,CoinShares Valkyrie Bitcoin,CoinShares,BRRR,CoinShares Valkyrie Bitcoin,BTC-USD,2025-10-16,30.57,600.0,0.25,0.8778,34.161,14.044,41.857,13.658
2752,BRRR,CoinShares Valkyrie Bitcoin,CoinShares,BRRR,CoinShares Valkyrie Bitcoin,BTC-USD,2025-10-17,30.1,600.0,0.25,0.8788,34.246,13.93,40.997,14.928
2753,BRRR,CoinShares Valkyrie Bitcoin,CoinShares,BRRR,CoinShares Valkyrie Bitcoin,BTC-USD,2025-10-20,31.33,600.0,0.25,0.8853,35.101,13.697,41.857,15.208
2754,BRRR,CoinShares Valkyrie Bitcoin,CoinShares,BRRR,CoinShares Valkyrie Bitcoin,BTC-USD,2025-10-21,31.61,600.0,0.25,0.8695,35.075,14.572,43.035,15.6
2755,BRRR,CoinShares Valkyrie Bitcoin,CoinShares,BRRR,CoinShares Valkyrie Bitcoin,BTC-USD,2025-10-22,30.47,600.0,0.25,0.8754,35.825,15.823,38.781,16.896
2756,BRRR,CoinShares Valkyrie Bitcoin,CoinShares,BRRR,CoinShares Valkyrie Bitcoin,BTC-USD,2025-10-23,31.13,600.0,0.25,0.8772,36.12,15.805,38.781,17.396
2757,BRRR,CoinShares Valkyrie Bitcoin,CoinShares,BRRR,CoinShares Valkyrie Bitcoin,BTC-USD,2025-10-24,31.27,600.0,0.25,0.8841,36.137,15.551,41.918,17.233
2758,BRRR,CoinShares Valkyrie Bitcoin,CoinShares,BRRR,CoinShares Valkyrie Bitcoin,BTC-USD,2025-10-27,32.49,600.0,0.25,0.8879,36.433,15.576,39.247,16.877
2759,BRRR,CoinShares Valkyrie Bitcoin,CoinShares,BRRR,CoinShares Valkyrie Bitcoin,BTC-USD,2025-10-28,32.12,600.0,0.25,0.8883,36.387,15.581,40.768,16.327
2760,BRRR,CoinShares Valkyrie Bitcoin,CoinShares,BRRR,CoinShares Valkyrie Bitcoin,BTC-USD,2025-10-29,31.24,600.0,0.25,0.8914,36.774,15.598,37.133,15.792
2761,BRRR,CoinShares Valkyrie Bitcoin,CoinShares,BRRR,CoinShares Valkyrie Bitcoin,BTC-USD,2025-10-30,30.08,600.0,0.25,0.9002,37.422,16.233,37.133,15.981
2762,BRRR,CoinShares Valkyrie Bitcoin,CoinShares,BRRR,CoinShares Valkyrie Bitcoin,BTC-USD,2025-10-31,31.02,600.0,0.25,0.9079,37.761,16.784,37.313,15.504
2763,BRRR,CoinShares Valkyrie Bitcoin,CoinShares,BRRR,CoinShares Valkyrie Bitcoin,BTC-USD,2025-11-03,30.12,600.0,0.25,0.9107,38.172,16.792,37.38,15.247
2764,BRRR,CoinShares Valkyrie Bitcoin,CoinShares,BRRR,CoinShares Valkyrie Bitcoin,BTC-USD,2025-11-04,28.44,600.0,0.25,0.925,39.523,16.93,37.38,16.076
2765,BRRR,CoinShares Valkyrie Bitcoin,CoinShares,BRRR,CoinShares Valkyrie Bitcoin,BTC-USD,2025-11-05,29.33,600.0,0.25,0.9349,40.093,17.029,43.881,15.475
2766,BRRR,CoinShares Valkyrie Bitcoin,CoinShares,BRRR,CoinShares Valkyrie Bitcoin,BTC-USD,2025-11-06,28.5,600.0,0.25,0.9361,39.99,17.033,39.246,15.733
2767,BRRR,CoinShares Valkyrie Bitcoin,CoinShares,BRRR,CoinShares Valkyrie Bitcoin,BTC-USD,2025-11-07,29.292,600.0,0.25,0.9396,39.699,17.105,47.368,16.221
2768,BRRR,CoinShares Valkyrie Bitcoin,CoinShares,BRRR,CoinShares Valkyrie Bitcoin,BTC-USD,2025-11-10,29.95,600.0,0.25,0.9384,39.985,17.104,48.811,15.471
2769,BRRR,CoinShares Valkyrie Bitcoin,CoinShares,BRRR,CoinShares Valkyrie Bitcoin,BTC-USD,2025-11-11,29.04,600.0,0.25,0.9422,40.425,17.105,48.942,15.123
2770,BRRR,CoinShares Valkyrie Bitcoin,CoinShares,BRRR,CoinShares Valkyrie Bitcoin,BTC-USD,2025-11-12,28.68,600.0,0.25,0.9419,40.104,17.1,54.105,15.437
2771,BRRR,CoinShares Valkyrie Bitcoin,CoinShares,BRRR,CoinShares Valkyrie Bitcoin,BTC-USD,2025-11-13,27.68,600.0,0.25,0.9509,40.605,17.437,48.384,15.835
2772,BRRR,CoinShares Valkyrie Bitcoin,CoinShares,BRRR,CoinShares Valkyrie Bitcoin,BTC-USD,2025-11-14,26.607,600.0,0.25,0.9322,41.188,17.598,48.384,15.581
2773,BRRR,CoinShares Valkyrie Bitcoin,CoinShares,BRRR,CoinShares Valkyrie Bitcoin,BTC-USD,2025-11-17,25.94,600.0,0.25,0.9299,40.499,17.585,48.384,14.946
2774,BRRR,CoinShares Valkyrie Bitcoin,CoinShares,BRRR,CoinShares Valkyrie Bitcoin,BTC-USD,2025-11-18,26.19,600.0,0.25,0.9373,39.349,17.577,55.523,14.406
2775,BRRR,CoinShares Valkyrie Bitcoin,CoinShares,BRRR,CoinShares Valkyrie Bitcoin,BTC-USD,2025-11-19,25.26,600.0,0.25,0.9511,39.903,17.967,52.644,14.505
2776,BRRR,CoinShares Valkyrie Bitcoin,CoinShares,BRRR,CoinShares Valkyrie Bitcoin,BTC-USD,2025-11-20,24.39,600.0,0.25,0.9272,40.332,18.037,58.156,13.843
2777,BRRR,CoinShares Valkyrie Bitcoin,CoinShares,BRRR,CoinShares Valkyrie Bitcoin,BTC-USD,2025-11-21,23.86,600.0,0.25,0.9346,40.488,17.895,58.156,14.067
2778,BRRR,CoinShares Valkyrie Bitcoin,CoinShares,BRRR,CoinShares Valkyrie Bitcoin,BTC-USD,2025-11-24,25.16,600.0,0.25,0.9573,41.706,18.287,56.524,13.897
2779,BRRR,CoinShares Valkyrie Bitcoin,CoinShares,BRRR,CoinShares Valkyrie Bitcoin,BTC-USD,2025-11-25,24.67,600.0,0.25,0.9594,41.447,18.386,60.976,14.096
2780,BRRR,CoinShares Valkyrie Bitcoin,CoinShares,BRRR,CoinShares Valkyrie Bitcoin,BTC-USD,2025-11-26,25.39,600.0,0.25,0.9516,41.842,18.308,59.737,13.867
2781,BRRR,CoinShares Valkyrie Bitcoin,CoinShares,BRRR,CoinShares Valkyrie Bitcoin,BTC-USD,2025-11-28,25.62,600.0,0.25,0.9505,41.734,18.12,59.737,13.205
2782,BRRR,CoinShares Valkyrie Bitcoin,CoinShares,BRRR,CoinShares Valkyrie Bitcoin,BTC-USD,2025-12-01,24.16,600.0,0.25,0.9605,43.056,17.864,59.737,12.85
2783,BRRR,CoinShares Valkyrie Bitcoin,CoinShares,BRRR,CoinShares Valkyrie Bitcoin,BTC-USD,2025-12-02,25.73,600.0,0.25,0.9758,45.18,17.904,59.737,12.633
2784,BRRR,CoinShares Valkyrie Bitcoin,CoinShares,BRRR,CoinShares Valkyrie Bitcoin,BTC-USD,2025-12-03,26.27,600.0,0.25,0.9744,45.441,17.898,59.737,12.249
2785,BRRR,CoinShares Valkyrie Bitcoin,CoinShares,BRRR,CoinShares Valkyrie Bitcoin,BTC-USD,2025-12-04,26.13,600.0,0.25,0.9721,45.179,18.006,62.65,11.033
2786,BRRR,CoinShares Valkyrie Bitcoin,CoinShares,BRRR,CoinShares Valkyrie Bitcoin,BTC-USD,2025-12-05,25.23,600.0,0.25,0.9779,45.58,18.007,57.757,10.793
2787,BRRR,CoinShares Valkyrie Bitcoin,CoinShares,BRRR,CoinShares Valkyrie Bitcoin,BTC-USD,2025-12-08,25.65,600.0,0.25,0.9757,45.488,17.697,64.726,10.247
2788,BRRR,CoinShares Valkyrie Bitcoin,CoinShares,BRRR,CoinShares Valkyrie Bitcoin,BTC-USD,2025-12-09,26.32,600.0,0.25,0.9778,45.857,17.646,56.96,10.051
2789,BRRR,CoinShares Valkyrie Bitcoin,CoinShares,BRRR,CoinShares Valkyrie Bitcoin,BTC-USD,2025-12-10,26.13,600.0,0.25,0.9772,45.726,17.639,66.577,9.786
2790,BRRR,CoinShares Valkyrie Bitcoin,CoinShares,BRRR,CoinShares Valkyrie Bitcoin,BTC-USD,2025-12-11,25.94,600.0,0.25,0.9747,45.71,17.754,66.221,9.628
2791,BRRR,CoinShares Valkyrie Bitcoin,CoinShares,BRRR,CoinShares Valkyrie Bitcoin,BTC-USD,2025-12-12,25.486,600.0,0.25,0.9693,45.598,17.65,70.353,8.76
2792,BRRR,CoinShares Valkyrie Bitcoin,CoinShares,BRRR,CoinShares Valkyrie Bitcoin,BTC-USD,2025-12-15,24.21,600.0,0.25,0.9755,46.491,17.653,73.435,8.376
2793,BRRR,CoinShares Valkyrie Bitcoin,CoinShares,BRRR,CoinShares Valkyrie Bitcoin,BTC-USD,2025-12-16,24.72,600.0,0.25,0.9769,46.552,17.683,75.575,8.246
2794,BRRR,CoinShares Valkyrie Bitcoin,CoinShares,BRRR,CoinShares Valkyrie Bitcoin,BTC-USD,2025-12-17,24.25,600.0,0.25,0.977,46.655,17.674,77.573,7.933
2795,BRRR,CoinShares Valkyrie Bitcoin,CoinShares,BRRR,CoinShares Valkyrie Bitcoin,BTC-USD,2025-12-18,23.88,600.0,0.25,0.9758,46.51,17.701,84.258,7.923
2796,BRRR,CoinShares Valkyrie Bitcoin,CoinShares,BRRR,CoinShares Valkyrie Bitcoin,BTC-USD,2025-12-19,24.827,600.0,0.25,0.9839,46.882,17.808,95.613,7.671
2797,BRRR,CoinShares Valkyrie Bitcoin,CoinShares,BRRR,CoinShares Valkyrie Bitcoin,BTC-USD,2025-12-22,24.94,600.0,0.25,0.9856,46.91,17.752,91.069,7.217
2798,BRRR,CoinShares Valkyrie Bitcoin,CoinShares,BRRR,CoinShares Valkyrie Bitcoin,BTC-USD,2025-12-23,24.74,600.0,0.25,0.9791,45.74,17.716,91.069,6.572
2799,BRRR,CoinShares Valkyrie Bitcoin,CoinShares,BRRR,CoinShares Valkyrie Bitcoin,BTC-USD,2025-12-24,24.62,600.0,0.25,0.9779,45.729,17.753,85.812,6.409
2800,BRRR,CoinShares Valkyrie Bitcoin,CoinShares,BRRR,CoinShares Valkyrie Bitcoin,BTC-USD,2025-12-26,24.7,600.0,0.25,0.9908,45.295,17.696,81.321,6.563
2801,BRRR,CoinShares Valkyrie Bitcoin,CoinShares,BRRR,CoinShares Valkyrie Bitcoin,BTC-USD,2025-12-29,24.57,600.0,0.25,0.9837,44.731,17.479,84.205,6.628
2802,BRRR,CoinShares Valkyrie Bitcoin,CoinShares,BRRR,CoinShares Valkyrie Bitcoin,BTC-USD,2025-12-30,24.8,600.0,0.25,0.9801,44.628,17.492,84.205,7.304
2803,BRRR,CoinShares Valkyrie Bitcoin,CoinShares,BRRR,CoinShares Valkyrie Bitcoin,BTC-USD,2025-12-31,24.73,600.0,0.25,0.9781,44.284,17.565,81.672,8.394
2804,BRRR,CoinShares Valkyrie Bitcoin,CoinShares,BRRR,CoinShares Valkyrie Bitcoin,BTC-USD,2026-01-02,25.36,600.0,0.25,0.9743,44.419,17.543,79.807,9.508
2805,BRRR,CoinShares Valkyrie Bitcoin,CoinShares,BRRR,CoinShares Valkyrie Bitcoin,BTC-USD,2026-01-05,26.62,600.0,0.25,0.9823,45.59,17.601,79.807,10.304
2806,BRRR,CoinShares Valkyrie Bitcoin,CoinShares,BRRR,CoinShares Valkyrie Bitcoin,BTC-USD,2026-01-06,26.11,600.0,0.25,0.9797,45.581,17.908,81.759,10.991
2807,BRRR,CoinShares Valkyrie Bitcoin,CoinShares,BRRR,CoinShares Valkyrie Bitcoin,BTC-USD,2026-01-07,25.67,600.0,0.25,1.0356,45.155,17.097,81.759,10.956
2808,BRRR,CoinShares Valkyrie Bitcoin,CoinShares,BRRR,CoinShares Valkyrie Bitcoin,BTC-USD,2026-01-08,25.63,600.0,0.25,1.0498,45.156,16.532,73.707,11.126
2809,BRRR,CoinShares Valkyrie Bitcoin,CoinShares,BRRR,CoinShares Valkyrie Bitcoin,BTC-USD,2026-01-09,25.46,600.0,0.25,1.0464,44.878,16.366,76.927,11.069
2810,BRRR,CoinShares Valkyrie Bitcoin,CoinShares,BRRR,CoinShares Valkyrie Bitcoin,BTC-USD,2026-01-12,25.82,600.0,0.25,1.0526,44.989,16.367,73.598,11.672
2811,BRRR,CoinShares Valkyrie Bitcoin,CoinShares,BRRR,CoinShares Valkyrie Bitcoin,BTC-USD,2026-01-13,26.68,600.0,0.25,1.0343,45.284,16.514,74.287,12.228
2812,BRRR,CoinShares Valkyrie Bitcoin,CoinShares,BRRR,CoinShares Valkyrie Bitcoin,BTC-USD,2026-01-14,27.6,600.0,0.25,1.0425,45.796,16.87,65.349,12.97
2813,BRRR,CoinShares Valkyrie Bitcoin,CoinShares,BRRR,CoinShares Valkyrie Bitcoin,BTC-USD,2026-01-15,26.89,600.0,0.25,1.0458,45.239,16.962,68.409,12.719
2814,BRRR,CoinShares Valkyrie Bitcoin,CoinShares,BRRR,CoinShares Valkyrie Bitcoin,BTC-USD,2026-01-16,26.99,600.0,0.25,1.0592,45.195,16.1,61.093,14.962
2815,BRRR,CoinShares Valkyrie Bitcoin,CoinShares,BRRR,CoinShares Valkyrie Bitcoin,BTC-USD,2026-01-20,25.29,600.0,0.25,1.0245,46.463,15.214,59.094,15.228
2816,BRRR,CoinShares Valkyrie Bitcoin,CoinShares,BRRR,CoinShares Valkyrie Bitcoin,BTC-USD,2026-01-21,25.43,600.0,0.25,1.0227,46.218,15.269,43.94,15.687
2817,BRRR,CoinShares Valkyrie Bitcoin,CoinShares,BRRR,CoinShares Valkyrie Bitcoin,BTC-USD,2026-01-22,25.22,600.0,0.25,1.023,46.199,15.371,39.754,15.839
2818,BRRR,CoinShares Valkyrie Bitcoin,CoinShares,BRRR,CoinShares Valkyrie Bitcoin,BTC-USD,2026-01-23,25.25,600.0,0.25,1.0155,45.382,15.086,43.003,15.926
2819,BRRR,CoinShares Valkyrie Bitcoin,CoinShares,BRRR,CoinShares Valkyrie Bitcoin,BTC-USD,2026-01-26,24.72,600.0,0.25,1.017,45.493,15.142,43.003,15.957
2820,BRRR,CoinShares Valkyrie Bitcoin,CoinShares,BRRR,CoinShares Valkyrie Bitcoin,BTC-USD,2026-01-27,25.2,600.0,0.25,1.0194,45.479,15.26,46.793,16.127
2821,BRRR,CoinShares Valkyrie Bitcoin,CoinShares,BRRR,CoinShares Valkyrie Bitcoin,BTC-USD,2026-01-28,25.13,600.0,0.25,1.0124,44.915,14.501,45.488,15.653
2822,BRRR,CoinShares Valkyrie Bitcoin,CoinShares,BRRR,CoinShares Valkyrie Bitcoin,BTC-USD,2026-01-29,23.72,600.0,0.25,1.0102,45.729,13.888,44.12,15.708
2823,BRRR,CoinShares Valkyrie Bitcoin,CoinShares,BRRR,CoinShares Valkyrie Bitcoin,BTC-USD,2026-01-30,23.64,600.0,0.25,1.0095,45.432,13.874,44.12,15.398
2824,BRRR,CoinShares Valkyrie Bitcoin,CoinShares,BRRR,CoinShares Valkyrie Bitcoin,BTC-USD,2026-02-02,22.02,600.0,0.25,1.0054,46.193,13.626,43.033,15.518
2825,BRRR,CoinShares Valkyrie Bitcoin,CoinShares,BRRR,CoinShares Valkyrie Bitcoin,BTC-USD,2026-02-03,21.57,600.0,0.25,0.986,45.726,14.0,43.033,14.993
2826,BRRR,CoinShares Valkyrie Bitcoin,CoinShares,BRRR,CoinShares Valkyrie Bitcoin,BTC-USD,2026-02-04,20.69,600.0,0.25,0.9889,46.086,14.033,45.077,14.403
2827,BRRR,CoinShares Valkyrie Bitcoin,CoinShares,BRRR,CoinShares Valkyrie Bitcoin,BTC-USD,2026-02-05,17.96,600.0,0.25,0.9661,53.383,13.974,45.452,14.511
2828,BRRR,CoinShares Valkyrie Bitcoin,CoinShares,BRRR,CoinShares Valkyrie Bitcoin,BTC-USD,2026-02-06,19.76,600.0,0.25,0.9386,57.145,14.315,50.473,14.46
2829,BRRR,CoinShares Valkyrie Bitcoin,CoinShares,BRRR,CoinShares Valkyrie Bitcoin,BTC-USD,2026-02-09,19.97,600.0,0.25,0.9377,57.035,14.696,64.134,14.394
2830,BRRR,CoinShares Valkyrie Bitcoin,CoinShares,BRRR,CoinShares Valkyrie Bitcoin,BTC-USD,2026-02-10,19.41,600.0,0.25,0.9393,57.203,14.854,65.274,14.264
2831,BRRR,CoinShares Valkyrie Bitcoin,CoinShares,BRRR,CoinShares Valkyrie Bitcoin,BTC-USD,2026-02-11,19.05,600.0,0.25,0.9351,56.943,14.486,62.068,13.833
2832,BRRR,CoinShares Valkyrie Bitcoin,CoinShares,BRRR,CoinShares Valkyrie Bitcoin,BTC-USD,2026-02-12,18.44,600.0,0.25,0.9438,56.786,14.975,77.946,13.472
2833,BRRR,CoinShares Valkyrie Bitcoin,CoinShares,BRRR,CoinShares Valkyrie Bitcoin,BTC-USD,2026-02-13,19.41,600.0,0.25,0.9515,57.838,15.256,87.585,12.978
2834,BRRR,CoinShares Valkyrie Bitcoin,CoinShares,BRRR,CoinShares Valkyrie Bitcoin,BTC-USD,2026-02-17,19.11,600.0,0.25,0.9507,57.799,15.271,77.595,13.148
2835,BRRR,CoinShares Valkyrie Bitcoin,CoinShares,BRRR,CoinShares Valkyrie Bitcoin,BTC-USD,2026-02-18,18.69,600.0,0.25,0.9488,57.551,14.717,95.671,10.796
2836,BRRR,CoinShares Valkyrie Bitcoin,CoinShares,BRRR,CoinShares Valkyrie Bitcoin,BTC-USD,2026-02-19,18.94,600.0,0.25,0.9602,57.326,14.426,99.324,10.084
2837,BRRR,CoinShares Valkyrie Bitcoin,CoinShares,BRRR,CoinShares Valkyrie Bitcoin,BTC-USD,2026-02-20,19.1,600.0,0.25,0.9578,57.262,14.448,99.324,9.538
2838,BRRR,CoinShares Valkyrie Bitcoin,CoinShares,BRRR,CoinShares Valkyrie Bitcoin,BTC-USD,2026-02-23,18.18,600.0,0.25,0.9484,56.771,13.961,97.491,9.233
2839,BRRR,CoinShares Valkyrie Bitcoin,CoinShares,BRRR,CoinShares Valkyrie Bitcoin,BTC-USD,2026-02-24,18.2,600.0,0.25,0.9474,56.708,13.951,93.802,9.092
2840,BRRR,CoinShares Valkyrie Bitcoin,CoinShares,BRRR,CoinShares Valkyrie Bitcoin,BTC-USD,2026-02-25,19.53,600.0,0.25,0.9616,58.393,14.194,93.802,9.04
2841,BRRR,CoinShares Valkyrie Bitcoin,CoinShares,BRRR,CoinShares Valkyrie Bitcoin,BTC-USD,2026-02-26,19.05,600.0,0.25,0.9616,58.474,14.637,94.433,9.453
2842,BRRR,CoinShares Valkyrie Bitcoin,CoinShares,BRRR,CoinShares Valkyrie Bitcoin,BTC-USD,2026-02-27,18.53,600.0,0.25,0.9576,57.596,14.56,102.039,9.457
2843,BRRR,CoinShares Valkyrie Bitcoin,CoinShares,BRRR,CoinShares Valkyrie Bitcoin,BTC-USD,2026-03-02,19.52,600.0,0.25,0.9574,57.092,14.646,102.039,9.356
2844,BRRR,CoinShares Valkyrie Bitcoin,CoinShares,BRRR,CoinShares Valkyrie Bitcoin,BTC-USD,2026-03-03,19.246,600.0,0.25,0.9582,56.877,14.72,115.736,9.16
2845,BRRR,CoinShares Valkyrie Bitcoin,CoinShares,BRRR,CoinShares Valkyrie Bitcoin,BTC-USD,2026-03-04,20.64,600.0,0.25,0.9676,58.923,14.723,119.546,8.163
2846,BRRR,CoinShares Valkyrie Bitcoin,CoinShares,BRRR,CoinShares Valkyrie Bitcoin,BTC-USD,2026-03-05,20.11,600.0,0.25,0.966,58.748,14.681,120.882,7.645
2847,BRRR,CoinShares Valkyrie Bitcoin,CoinShares,BRRR,CoinShares Valkyrie Bitcoin,BTC-USD,2026-03-06,19.22,600.0,0.25,0.9685,59.199,14.752,118.838,7.414
2848,BRRR,CoinShares Valkyrie Bitcoin,CoinShares,BRRR,CoinShares Valkyrie Bitcoin,BTC-USD,2026-03-09,19.48,600.0,0.25,0.9681,58.981,14.865,116.405,6.762
2849,BRRR,CoinShares Valkyrie Bitcoin,CoinShares,BRRR,CoinShares Valkyrie Bitcoin,BTC-USD,2026-03-10,19.78,600.0,0.25,0.9662,59.125,14.917,103.779,6.849
2850,BRRR,CoinShares Valkyrie Bitcoin,CoinShares,BRRR,CoinShares Valkyrie Bitcoin,BTC-USD,2026-03-11,19.95,600.0,0.25,0.9682,59.184,14.72,99.632,6.887
2851,BRRR,CoinShares Valkyrie Bitcoin,CoinShares,BRRR,CoinShares Valkyrie Bitcoin,BTC-USD,2026-03-12,19.89,600.0,0.25,0.969,59.119,14.742,90.037,6.851
2852,BRRR,CoinShares Valkyrie Bitcoin,CoinShares,BRRR,CoinShares Valkyrie Bitcoin,BTC-USD,2026-03-13,20.086,600.0,0.25,0.9649,58.356,14.64,90.037,6.849
2853,BRRR,CoinShares Valkyrie Bitcoin,CoinShares,BRRR,CoinShares Valkyrie Bitcoin,BTC-USD,2026-03-16,20.88,600.0,0.25,0.9551,58.784,14.826,75.395,6.596
2854,BRRR,CoinShares Valkyrie Bitcoin,CoinShares,BRRR,CoinShares Valkyrie Bitcoin,BTC-USD,2026-03-17,21.04,600.0,0.25,0.9526,58.722,15.367,71.925,6.253
2855,BRRR,CoinShares Valkyrie Bitcoin,CoinShares,BRRR,CoinShares Valkyrie Bitcoin,BTC-USD,2026-03-18,20.05,600.0,0.25,0.9574,59.414,15.519,75.968,5.867
2856,BRRR,CoinShares Valkyrie Bitcoin,CoinShares,BRRR,CoinShares Valkyrie Bitcoin,BTC-USD,2026-03-19,19.83,600.0,0.25,0.9521,58.791,15.477,67.531,5.794
2857,BRRR,CoinShares Valkyrie Bitcoin,CoinShares,BRRR,CoinShares Valkyrie Bitcoin,BTC-USD,2026-03-20,19.8,600.0,0.25,0.9506,58.768,15.609,61.513,5.816
2858,BRRR,CoinShares Valkyrie Bitcoin,CoinShares,BRRR,CoinShares Valkyrie Bitcoin,BTC-USD,2026-03-23,19.94,600.0,0.25,0.9512,58.803,15.592,66.582,5.668
2859,BRRR,CoinShares Valkyrie Bitcoin,CoinShares,BRRR,CoinShares Valkyrie Bitcoin,BTC-USD,2026-03-24,19.56,600.0,0.25,0.9521,58.89,15.784,66.582,5.555
2860,BRRR,CoinShares Valkyrie Bitcoin,CoinShares,BRRR,CoinShares Valkyrie Bitcoin,BTC-USD,2026-03-25,20.0,600.0,0.25,0.9542,59.116,15.906,68.264,5.471
2861,BRRR,CoinShares Valkyrie Bitcoin,CoinShares,BRRR,CoinShares Valkyrie Bitcoin,BTC-USD,2026-03-26,19.33,600.0,0.25,0.954,59.446,15.89,68.264,5.547
2862,BRRR,CoinShares Valkyrie Bitcoin,CoinShares,BRRR,CoinShares Valkyrie Bitcoin,BTC-USD,2026-03-27,18.62,600.0,0.25,0.956,59.77,15.865,89.046,5.053
2863,BRRR,CoinShares Valkyrie Bitcoin,CoinShares,BRRR,CoinShares Valkyrie Bitcoin,BTC-USD,2026-03-30,18.76,600.0,0.25,0.9568,59.822,15.798,61.684,5.182
2864,BRRR,CoinShares Valkyrie Bitcoin,CoinShares,BRRR,CoinShares Valkyrie Bitcoin,BTC-USD,2026-03-31,19.13,600.0,0.25,0.9565,59.713,15.802,67.858,5.231
2865,BRRR,CoinShares Valkyrie Bitcoin,CoinShares,BRRR,CoinShares Valkyrie Bitcoin,BTC-USD,2026-04-01,19.24,600.0,0.25,0.9522,58.721,15.831,54.161,5.036
2866,BRRR,CoinShares Valkyrie Bitcoin,CoinShares,BRRR,CoinShares Valkyrie Bitcoin,BTC-USD,2026-04-02,18.91,600.0,0.25,0.9531,58.702,15.398,54.161,4.868
2867,BRRR,CoinShares Valkyrie Bitcoin,CoinShares,BRRR,CoinShares Valkyrie Bitcoin,BTC-USD,2026-04-06,19.68,600.0,0.25,0.9601,59.376,15.455,52.825,4.654
2868,BRRR,CoinShares Valkyrie Bitcoin,CoinShares,BRRR,CoinShares Valkyrie Bitcoin,BTC-USD,2026-04-07,19.47,600.0,0.25,0.9307,59.386,18.735,52.825,4.633
2869,BRRR,CoinShares Valkyrie Bitcoin,CoinShares,BRRR,CoinShares Valkyrie Bitcoin,BTC-USD,2026-04-08,20.14,600.0,0.25,0.9268,59.903,20.887,55.722,4.57
2870,BRRR,CoinShares Valkyrie Bitcoin,CoinShares,BRRR,CoinShares Valkyrie Bitcoin,BTC-USD,2026-04-09,20.35,600.0,0.25,0.9261,59.861,20.853,63.838,4.288
2871,BRRR,CoinShares Valkyrie Bitcoin,CoinShares,BRRR,CoinShares Valkyrie Bitcoin,BTC-USD,2026-04-10,20.675,600.0,0.25,0.9309,59.517,20.674,62.918,4.101
2872,BRRR,CoinShares Valkyrie Bitcoin,CoinShares,BRRR,CoinShares Valkyrie Bitcoin,BTC-USD,2026-04-13,20.71,600.0,0.25,0.9212,58.999,20.696,67.477,4.007
2873,BRRR,CoinShares Valkyrie Bitcoin,CoinShares,BRRR,CoinShares Valkyrie Bitcoin,BTC-USD,2026-04-14,20.97,600.0,0.25,0.9198,58.934,20.844,67.477,3.849
2874,BRRR,CoinShares Valkyrie Bitcoin,CoinShares,BRRR,CoinShares Valkyrie Bitcoin,BTC-USD,2026-04-15,21.17,600.0,0.25,0.9199,58.979,20.831,64.794,3.857
2875,BRRR,CoinShares Valkyrie Bitcoin,CoinShares,BRRR,CoinShares Valkyrie Bitcoin,BTC-USD,2026-04-16,21.27,600.0,0.25,0.9272,57.614,20.587,70.134,3.826
2876,BRRR,CoinShares Valkyrie Bitcoin,CoinShares,BRRR,CoinShares Valkyrie Bitcoin,BTC-USD,2026-04-17,21.87,600.0,0.25,0.9296,57.933,20.555,68.2,4.507
2877,BRRR,CoinShares Valkyrie Bitcoin,CoinShares,BRRR,CoinShares Valkyrie Bitcoin,BTC-USD,2026-04-20,21.54,600.0,0.25,0.93,57.98,20.463,68.2,4.525
2878,BRRR,CoinShares Valkyrie Bitcoin,CoinShares,BRRR,CoinShares Valkyrie Bitcoin,BTC-USD,2026-04-21,21.15,600.0,0.25,0.9273,58.062,21.061,75.602,4.442
2879,BRRR,CoinShares Valkyrie Bitcoin,CoinShares,BRRR,CoinShares Valkyrie Bitcoin,BTC-USD,2026-04-22,22.268,600.0,0.25,0.9358,58.991,21.848,82.456,4.431
2880,BRRR,CoinShares Valkyrie Bitcoin,CoinShares,BRRR,CoinShares Valkyrie Bitcoin,BTC-USD,2026-04-23,21.92,600.0,0.25,0.9337,58.895,22.033,81.919,4.524
2881,BRRR,CoinShares Valkyrie Bitcoin,CoinShares,BRRR,CoinShares Valkyrie Bitcoin,BTC-USD,2026-04-24,21.9,600.0,0.25,0.9329,58.896,22.093,78.542,4.549
2882,BRRR,CoinShares Valkyrie Bitcoin,CoinShares,BRRR,CoinShares Valkyrie Bitcoin,BTC-USD,2026-04-27,21.68,600.0,0.25,0.9275,57.779,22.158,78.984,4.646
2883,BRRR,CoinShares Valkyrie Bitcoin,CoinShares,BRRR,CoinShares Valkyrie Bitcoin,BTC-USD,2026-04-28,21.53,600.0,0.25,0.9267,57.788,22.181,78.984,4.544
2884,BRRR,CoinShares Valkyrie Bitcoin,CoinShares,BRRR,CoinShares Valkyrie Bitcoin,BTC-USD,2026-04-29,21.29,600.0,0.25,0.919,55.991,22.185,80.931,4.459
2885,BRRR,CoinShares Valkyrie Bitcoin,CoinShares,BRRR,CoinShares Valkyrie Bitcoin,BTC-USD,2026-04-30,21.54,600.0,0.25,0.9282,55.888,21.884,76.199,4.106
2886,BRRR,CoinShares Valkyrie Bitcoin,CoinShares,BRRR,CoinShares Valkyrie Bitcoin,BTC-USD,2026-05-01,22.132,600.0,0.25,0.9252,55.475,21.859,82.517,3.994
2887,BRRR,CoinShares Valkyrie Bitcoin,CoinShares,BRRR,CoinShares Valkyrie Bitcoin,BTC-USD,2026-05-04,22.59,600.0,0.25,0.9235,46.968,21.83,83.022,3.963
2888,BRRR,CoinShares Valkyrie Bitcoin,CoinShares,BRRR,CoinShares Valkyrie Bitcoin,BTC-USD,2026-05-05,23.03,600.0,0.25,0.9717,43.046,21.628,83.022,3.826
2889,BRRR,CoinShares Valkyrie Bitcoin,CoinShares,BRRR,CoinShares Valkyrie Bitcoin,BTC-USD,2026-05-06,22.98,600.0,0.25,0.9749,43.024,21.438,84.597,3.873
2890,BRRR,CoinShares Valkyrie Bitcoin,CoinShares,BRRR,CoinShares Valkyrie Bitcoin,BTC-USD,2026-05-07,22.61,600.0,0.25,0.9682,42.722,21.326,84.092,3.992
2891,BRRR,CoinShares Valkyrie Bitcoin,CoinShares,BRRR,CoinShares Valkyrie Bitcoin,BTC-USD,2026-05-08,22.599,600.0,0.25,0.9743,42.498,21.298,72.131,3.953
2892,BRRR,CoinShares Valkyrie Bitcoin,CoinShares,BRRR,CoinShares Valkyrie Bitcoin,BTC-USD,2026-05-11,23.12,600.0,0.25,0.9667,42.04,20.83,72.131,4.028
2893,BRRR,CoinShares Valkyrie Bitcoin,CoinShares,BRRR,CoinShares Valkyrie Bitcoin,BTC-USD,2026-05-12,22.8,600.0,0.25,0.9516,41.005,20.635,66.751,4.118
2894,BRRR,CoinShares Valkyrie Bitcoin,CoinShares,BRRR,CoinShares Valkyrie Bitcoin,BTC-USD,2026-05-13,22.44,600.0,0.25,0.9549,41.011,20.627,75.603,4.112
2895,BRRR,CoinShares Valkyrie Bitcoin,CoinShares,BRRR,CoinShares Valkyrie Bitcoin,BTC-USD,2026-05-14,22.97,600.0,0.25,0.9518,40.892,20.576,71.553,4.118
2896,BRRR,CoinShares Valkyrie Bitcoin,CoinShares,BRRR,CoinShares Valkyrie Bitcoin,BTC-USD,2026-05-15,22.307,600.0,0.25,0.956,41.382,20.58,63.436,4.055
2897,BRRR,CoinShares Valkyrie Bitcoin,CoinShares,BRRR,CoinShares Valkyrie Bitcoin,BTC-USD,2026-05-18,21.66,600.0,0.25,0.9618,41.884,20.548,65.466,3.387
2898,BRRR,CoinShares Valkyrie Bitcoin,CoinShares,BRRR,CoinShares Valkyrie Bitcoin,BTC-USD,2026-05-19,21.64,600.0,0.25,0.9609,40.495,20.549,68.121,3.4
2899,BRRR,CoinShares Valkyrie Bitcoin,CoinShares,BRRR,CoinShares Valkyrie Bitcoin,BTC-USD,2026-05-20,21.88,600.0,0.25,0.9647,40.528,20.472,57.761,3.648
2900,BRRR,CoinShares Valkyrie Bitcoin,CoinShares,BRRR,CoinShares Valkyrie Bitcoin,BTC-USD,2026-05-21,21.894,600.0,0.25,0.9362,38.012,20.266,61.618,3.701
2901,BRRR,CoinShares Valkyrie Bitcoin,CoinShares,BRRR,CoinShares Valkyrie Bitcoin,BTC-USD,2026-05-22,21.373,600.0,0.25,0.9292,37.988,19.933,61.618,3.653
2902,BRRR,CoinShares Valkyrie Bitcoin,CoinShares,BRRR,CoinShares Valkyrie Bitcoin,BTC-USD,2026-05-26,21.4,600.0,0.25,0.9233,37.485,19.913,65.785,3.99
2903,BRRR,CoinShares Valkyrie Bitcoin,CoinShares,BRRR,CoinShares Valkyrie Bitcoin,BTC-USD,2026-05-27,21.13,600.0,0.25,0.8999,36.146,19.815,63.409,3.761
2904,BRRR,CoinShares Valkyrie Bitcoin,CoinShares,BRRR,CoinShares Valkyrie Bitcoin,BTC-USD,2026-05-28,20.67,600.0,0.25,0.9031,36.326,19.916,62.369,3.954
2905,BRRR,CoinShares Valkyrie Bitcoin,CoinShares,BRRR,CoinShares Valkyrie Bitcoin,BTC-USD,2026-05-29,20.7,600.0,0.25,0.866,33.383,19.835,65.793,4.212
2906,BRRR,CoinShares Valkyrie Bitcoin,CoinShares,BRRR,CoinShares Valkyrie Bitcoin,BTC-USD,2026-06-01,20.15,600.0,0.25,0.8649,33.414,19.84,64.145,4.555
2907,BRRR,CoinShares Valkyrie Bitcoin,CoinShares,BRRR,CoinShares Valkyrie Bitcoin,BTC-USD,2026-06-02,18.95,600.0,0.25,0.8565,34.494,19.797,64.145,4.802
2908,BRRR,CoinShares Valkyrie Bitcoin,CoinShares,BRRR,CoinShares Valkyrie Bitcoin,BTC-USD,2026-06-03,18.43,600.0,0.25,0.8439,34.831,19.747,64.145,4.81
2909,BRRR,CoinShares Valkyrie Bitcoin,CoinShares,BRRR,CoinShares Valkyrie Bitcoin,BTC-USD,2026-06-04,17.91,600.0,0.25,0.8486,35.119,20.406,62.146,5.111
2910,BRRR,CoinShares Valkyrie Bitcoin,CoinShares,BRRR,CoinShares Valkyrie Bitcoin,BTC-USD,2026-06-05,16.99,600.0,0.25,0.8675,36.574,20.53,62.57,5.455
2911,BRRR,CoinShares Valkyrie Bitcoin,CoinShares,BRRR,CoinShares Valkyrie Bitcoin,BTC-USD,2026-06-08,17.88,600.0,0.25,0.895,38.195,20.909,63.028,5.398
2912,BRRR,CoinShares Valkyrie Bitcoin,CoinShares,BRRR,CoinShares Valkyrie Bitcoin,BTC-USD,2026-06-09,17.5,600.0,0.25,0.8942,38.328,20.896,59.834,5.627
2913,BRRR,CoinShares Valkyrie Bitcoin,CoinShares,BRRR,CoinShares Valkyrie Bitcoin,BTC-USD,2026-06-10,17.45,600.0,0.25,0.9126,37.36,20.748,60.696,5.559
2914,BRRR,CoinShares Valkyrie Bitcoin,CoinShares,BRRR,CoinShares Valkyrie Bitcoin,BTC-USD,2026-06-11,17.93,600.0,0.25,0.9146,37.808,20.346,61.154,5.46
2915,BRRR,CoinShares Valkyrie Bitcoin,CoinShares,BRRR,CoinShares Valkyrie Bitcoin,BTC-USD,2026-06-12,17.93,600.0,0.25,0.8965,36.6,20.182,61.154,5.433
2916,BRRR,CoinShares Valkyrie Bitcoin,CoinShares,BRRR,CoinShares Valkyrie Bitcoin,BTC-USD,2026-06-15,18.78,600.0,0.25,0.9131,37.852,20.194,61.154,5.354
2917,BRRR,CoinShares Valkyrie Bitcoin,CoinShares,BRRR,CoinShares Valkyrie Bitcoin,BTC-USD,2026-06-16,18.51,600.0,0.25,0.9179,37.954,20.121,61.154,5.323
2918,BRRR,CoinShares Valkyrie Bitcoin,CoinShares,BRRR,CoinShares Valkyrie Bitcoin,BTC-USD,2026-06-17,18.11,600.0,0.25,0.9203,38.15,20.141,63.158,5.365
2919,BRRR,CoinShares Valkyrie Bitcoin,CoinShares,BRRR,CoinShares Valkyrie Bitcoin,BTC-USD,2026-06-18,17.73,600.0,0.25,0.9179,38.191,19.942,58.473,6.13
2920,BRRR,CoinShares Valkyrie Bitcoin,CoinShares,BRRR,CoinShares Valkyrie Bitcoin,BTC-USD,2026-06-22,18.16,600.0,0.25,0.918,38.238,19.878,65.975,5.926
2921,BRRR,CoinShares Valkyrie Bitcoin,CoinShares,BRRR,CoinShares Valkyrie Bitcoin,BTC-USD,2026-06-23,17.56,600.0,0.25,0.9264,38.221,20.105,71.45,5.808
2922,BRRR,CoinShares Valkyrie Bitcoin,CoinShares,BRRR,CoinShares Valkyrie Bitcoin,BTC-USD,2026-06-24,16.87,600.0,0.25,0.9354,38.332,20.316,71.45,5.805
2923,BRRR,CoinShares Valkyrie Bitcoin,CoinShares,BRRR,CoinShares Valkyrie Bitcoin,BTC-USD,2026-06-25,16.7,600.0,0.25,0.928,38.322,20.411,71.451,5.696
2924,BRRR,CoinShares Valkyrie Bitcoin,CoinShares,BRRR,CoinShares Valkyrie Bitcoin,BTC-USD,2026-06-26,16.83,600.0,0.25,0.9302,38.116,20.42,79.903,5.751
2925,BRRR,CoinShares Valkyrie Bitcoin,CoinShares,BRRR,CoinShares Valkyrie Bitcoin,BTC-USD,2026-06-29,17.02,600.0,0.25,0.9316,38.181,20.447,89.996,5.632
2926,BRRR,CoinShares Valkyrie Bitcoin,CoinShares,BRRR,CoinShares Valkyrie Bitcoin,BTC-USD,2026-06-30,16.55,600.0,0.25,0.9339,38.426,20.455,87.34,5.286
2927,BRRR,CoinShares Valkyrie Bitcoin,CoinShares,BRRR,CoinShares Valkyrie Bitcoin,BTC-USD,2026-07-01,16.9,600.0,0.25,0.9179,37.727,20.292,106.949,4.953
2928,BRRR,CoinShares Valkyrie Bitcoin,CoinShares,BRRR,CoinShares Valkyrie Bitcoin,BTC-USD,2026-07-02,17.33,600.0,0.25,1.0086,38.109,17.304,106.949,4.679
2929,BRRR,CoinShares Valkyrie Bitcoin,CoinShares,BRRR,CoinShares Valkyrie Bitcoin,BTC-USD,2026-07-06,17.97,600.0,0.25,1.0168,38.209,14.675,109.883,4.646
2930,BRRR,CoinShares Valkyrie Bitcoin,CoinShares,BRRR,CoinShares Valkyrie Bitcoin,BTC-USD,2026-07-07,17.99,600.0,0.25,1.0124,38.129,14.898,112.574,4.391
2931,BRRR,CoinShares Valkyrie Bitcoin,CoinShares,BRRR,CoinShares Valkyrie Bitcoin,BTC-USD,2026-07-08,17.54,600.0,0.25,1.0174,38.237,14.989,116.178,3.917
2932,BRRR,CoinShares Valkyrie Bitcoin,CoinShares,BRRR,CoinShares Valkyrie Bitcoin,BTC-USD,2026-07-09,17.83,600.0,0.25,1.034,38.428,14.587,139.478,3.664
2933,BRRR,CoinShares Valkyrie Bitcoin,CoinShares,BRRR,CoinShares Valkyrie Bitcoin,BTC-USD,2026-07-10,18.015,600.0,0.25,1.0318,38.395,14.206,139.478,3.491
2934,BRRR,CoinShares Valkyrie Bitcoin,CoinShares,BRRR,CoinShares Valkyrie Bitcoin,BTC-USD,2026-07-13,17.53,600.0,0.25,1.0281,38.642,14.222,169.094,3.429
2935,BRRR,CoinShares Valkyrie Bitcoin,CoinShares,BRRR,CoinShares Valkyrie Bitcoin,BTC-USD,2026-07-14,18.19,600.0,0.25,1.018,39.478,14.273,169.573,3.332
2936,BRRR,CoinShares Valkyrie Bitcoin,CoinShares,BRRR,CoinShares Valkyrie Bitcoin,BTC-USD,2026-07-15,18.3,600.0,0.25,1.0162,39.011,14.408,169.094,3.207
2937,BRRR,CoinShares Valkyrie Bitcoin,CoinShares,BRRR,CoinShares Valkyrie Bitcoin,BTC-USD,2026-07-16,18.1,600.0,0.25,1.0155,38.964,14.433,138.157,3.204
2938,BRRR,CoinShares Valkyrie Bitcoin,CoinShares,BRRR,CoinShares Valkyrie Bitcoin,BTC-USD,2026-07-17,18.075,600.0,0.25,1.0226,38.833,13.582,114.857,3.207
2939,BRRR,CoinShares Valkyrie Bitcoin,CoinShares,BRRR,CoinShares Valkyrie Bitcoin,BTC-USD,2026-07-20,18.36,600.0,0.25,0.9939,37.366,12.166,136.154,3.095
2940,BRRR,CoinShares Valkyrie Bitcoin,CoinShares,BRRR,CoinShares Valkyrie Bitcoin,BTC-USD,2026-07-21,18.73,600.0,0.25,0.9965,37.57,11.713,140.669,2.239
2941,BRRR,CoinShares Valkyrie Bitcoin,CoinShares,BRRR,CoinShares Valkyrie Bitcoin,BTC-USD,2026-07-22,18.57,600.0,0.25,0.9993,37.588,11.559,140.669,2.176
2942,BRRR,CoinShares Valkyrie Bitcoin,CoinShares,BRRR,CoinShares Valkyrie Bitcoin,BTC-USD,2026-07-23,18.26,600.0,0.25,1.0,37.669,11.426,140.669,2.163
2943,BRRR,CoinShares Valkyrie Bitcoin,CoinShares,BRRR,CoinShares Valkyrie Bitcoin,BTC-USD,2026-07-24,18.086,600.0,0.25,1.0002,37.685,11.421,129.728,2.07
2944,BRRR,CoinShares Valkyrie Bitcoin,CoinShares,BRRR,CoinShares Valkyrie Bitcoin,BTC-USD,2026-07-27,18.31,600.0,0.25,0.9979,37.772,12.013,133.56,1.779
2945,BRRR,CoinShares Valkyrie Bitcoin,CoinShares,BRRR,CoinShares Valkyrie Bitcoin,BTC-USD,2026-07-28,17.99,600.0,0.25,0.9929,37.779,12.624,136.487,1.597
2946,BRRR,CoinShares Valkyrie Bitcoin,CoinShares,BRRR,CoinShares Valkyrie Bitcoin,BTC-USD,2026-07-29,17.92,600.0,0.25,0.9895,37.255,12.602,126.394,1.49
2947,BRRR,CoinShares Valkyrie Bitcoin,CoinShares,BRRR,CoinShares Valkyrie Bitcoin,BTC-USD,2026-07-30,18.25,600.0,0.25,0.9927,37.196,12.663,126.394,1.464
2948,BRRR,CoinShares Valkyrie Bitcoin,CoinShares,BRRR,CoinShares Valkyrie Bitcoin,BTC-USD,2026-07-31,17.72,600.0,0.25,0.9889,37.259,12.589,126.394,1.488
2949,BRRR,CoinShares Valkyrie Bitcoin,CoinShares,BRRR,CoinShares Valkyrie Bitcoin,BTC-USD,2026-08-03,17.99,600.0,0.25,0.9942,37.47,12.544,126.974,1.463
2950,BRRR,CoinShares Valkyrie Bitcoin,CoinShares,BRRR,CoinShares Valkyrie Bitcoin,BTC-USD,2026-08-04,18.1,600.0,0.25,0.9933,37.441,12.553,126.621,1.291
2951,BRRR,CoinShares Valkyrie Bitcoin,CoinShares,BRRR,CoinShares Valkyrie Bitcoin,BTC-USD,2026-08-05,18.27,600.0,0.25,0.9943,37.531,12.549,123.931,1.24
2952,BRRR,CoinShares Valkyrie Bitcoin,CoinShares,BRRR,CoinShares Valkyrie Bitcoin,BTC-USD,2026-08-06,18.15,600.0,0.25,0.9913,37.131,12.509,122.698,1.209
2953,BRRR,CoinShares Valkyrie Bitcoin,CoinShares,BRRR,CoinShares Valkyrie Bitcoin,BTC-USD,2026-08-07,18.307,600.0,0.25,0.9915,37.162,12.506,122.698,1.175
2954,BRRR,CoinShares Valkyrie Bitcoin,CoinShares,BRRR,CoinShares Valkyrie Bitcoin,BTC-USD,2026-08-10,18.03,600.0,0.25,0.9912,37.153,12.505,128.127,1.051
2955,BRRR,CoinShares Valkyrie Bitcoin,CoinShares,BRRR,CoinShares Valkyrie Bitcoin,BTC-USD,2026-08-11,17.88,600.0,0.25,0.99,36.735,12.498,128.127,0.985
2956,BRRR,CoinShares Valkyrie Bitcoin,CoinShares,BRRR,CoinShares Valkyrie Bitcoin,BTC-USD,2026-08-12,17.86,600.0,0.25,0.9867,36.364,12.462,125.705,0.927
2957,BRRR,CoinShares Valkyrie Bitcoin,CoinShares,BRRR,CoinShares Valkyrie Bitcoin,BTC-USD,2026-08-13,17.85,600.0,0.25,0.9844,35.971,12.448,128.341,0.906
2958,BRRR,CoinShares Valkyrie Bitcoin,CoinShares,BRRR,CoinShares Valkyrie Bitcoin,BTC-USD,2026-08-14,17.723,600.0,0.25,0.9844,35.976,12.44,133.77,0.824
2959,BRRR,CoinShares Valkyrie Bitcoin,CoinShares,BRRR,CoinShares Valkyrie Bitcoin,BTC-USD,2026-08-17,18.11,600.0,0.25,0.9816,36.221,12.43,139.721,0.805
2960,BRRR,CoinShares Valkyrie Bitcoin,CoinShares,BRRR,CoinShares Valkyrie Bitcoin,BTC-USD,2026-08-18,18.21,600.0,0.25,0.9822,36.256,12.45,139.721,0.793
2961,BRRR,CoinShares Valkyrie Bitcoin,CoinShares,BRRR,CoinShares Valkyrie Bitcoin,BTC-USD,2026-08-19,19.28,600.0,0.25,0.9626,38.021,12.561,139.721,0.907
2962,BRRR,CoinShares Valkyrie Bitcoin,CoinShares,BRRR,CoinShares Valkyrie Bitcoin,BTC-USD,2026-08-20,20.49,600.0,0.25,0.9783,40.125,12.711,162.337,0.935
2963,BRRR,CoinShares Valkyrie Bitcoin,CoinShares,BRRR,CoinShares Valkyrie Bitcoin,BTC-USD,2026-08-21,21.72,600.0,0.25,0.9643,41.822,12.782,162.337,0.984
2964,BRRR,CoinShares Valkyrie Bitcoin,CoinShares,BRRR,CoinShares Valkyrie Bitcoin,BTC-USD,2026-08-24,22.21,600.0,0.25,0.9635,41.791,12.94,178.629,0.974
2965,BRRR,CoinShares Valkyrie Bitcoin,CoinShares,BRRR,CoinShares Valkyrie Bitcoin,BTC-USD,2026-08-25,22.26,600.0,0.25,0.9627,41.792,13.009,179.168,0.948
2966,BRRR,CoinShares Valkyrie Bitcoin,CoinShares,BRRR,CoinShares Valkyrie Bitcoin,BTC-USD,2026-08-26,22.13,600.0,0.25,0.9616,41.407,13.205,179.168,0.928
2967,BRRR,CoinShares Valkyrie Bitcoin,CoinShares,BRRR,CoinShares Valkyrie Bitcoin,BTC-USD,2026-08-27,22.53,600.0,0.25,0.9694,39.397,13.252,187.195,0.931
2968,BTCW,WisdomTree Bitcoin Fund,WisdomTree,BTCW,WisdomTree Bitcoin Fund,BTC-USD,2025-03-07,92.13,400.0,0.25,1.0319,46.545,19.251,91.705,29.86
2969,BTCW,WisdomTree Bitcoin Fund,WisdomTree,BTCW,WisdomTree Bitcoin Fund,BTC-USD,2025-03-10,83.67,400.0,0.25,1.0063,49.223,18.108,83.62,29.983
2970,BTCW,WisdomTree Bitcoin Fund,WisdomTree,BTCW,WisdomTree Bitcoin Fund,BTC-USD,2025-03-11,88.06,400.0,0.25,1.0039,50.458,17.991,83.465,32.088
2971,BTCW,WisdomTree Bitcoin Fund,WisdomTree,BTCW,WisdomTree Bitcoin Fund,BTC-USD,2025-03-12,87.76,400.0,0.25,0.9965,49.28,18.148,91.614,28.545
2972,BTCW,WisdomTree Bitcoin Fund,WisdomTree,BTCW,WisdomTree Bitcoin Fund,BTC-USD,2025-03-13,84.86,400.0,0.25,0.9969,49.63,18.144,99.589,28.412
2973,BTCW,WisdomTree Bitcoin Fund,WisdomTree,BTCW,WisdomTree Bitcoin Fund,BTC-USD,2025-03-14,89.68,400.0,0.25,1.0114,50.933,18.586,89.43,28.309
2974,BTCW,WisdomTree Bitcoin Fund,WisdomTree,BTCW,WisdomTree Bitcoin Fund,BTC-USD,2025-03-17,89.6,400.0,0.25,1.0152,50.121,18.592,94.813,28.214
2975,BTCW,WisdomTree Bitcoin Fund,WisdomTree,BTCW,WisdomTree Bitcoin Fund,BTC-USD,2025-03-18,87.19,400.0,0.25,1.0172,50.286,18.66,94.813,28.323
2976,BTCW,WisdomTree Bitcoin Fund,WisdomTree,BTCW,WisdomTree Bitcoin Fund,BTC-USD,2025-03-19,90.62,400.0,0.25,1.008,49.759,18.769,96.971,26.969
2977,BTCW,WisdomTree Bitcoin Fund,WisdomTree,BTCW,WisdomTree Bitcoin Fund,BTC-USD,2025-03-20,89.18,400.0,0.25,0.9898,49.057,18.542,106.807,26.79
2978,BTCW,WisdomTree Bitcoin Fund,WisdomTree,BTCW,WisdomTree Bitcoin Fund,BTC-USD,2025-03-21,88.92,400.0,0.25,0.9899,49.053,18.541,104.649,26.479
2979,BTCW,WisdomTree Bitcoin Fund,WisdomTree,BTCW,WisdomTree Bitcoin Fund,BTC-USD,2025-03-24,93.56,400.0,0.25,0.9953,49.689,18.597,100.039,25.274
2980,BTCW,WisdomTree Bitcoin Fund,WisdomTree,BTCW,WisdomTree Bitcoin Fund,BTC-USD,2025-03-25,93.36,400.0,0.25,0.9772,47.955,18.05,104.558,24.569
2981,BTCW,WisdomTree Bitcoin Fund,WisdomTree,BTCW,WisdomTree Bitcoin Fund,BTC-USD,2025-03-26,91.68,400.0,0.25,0.9748,47.581,18.167,106.716,19.602
2982,BTCW,WisdomTree Bitcoin Fund,WisdomTree,BTCW,WisdomTree Bitcoin Fund,BTC-USD,2025-03-27,92.19,400.0,0.25,0.977,47.561,18.141,111.583,18.951
2983,BTCW,WisdomTree Bitcoin Fund,WisdomTree,BTCW,WisdomTree Bitcoin Fund,BTC-USD,2025-03-28,88.62,400.0,0.25,0.9848,48.192,18.077,99.737,17.833
2984,BTCW,WisdomTree Bitcoin Fund,WisdomTree,BTCW,WisdomTree Bitcoin Fund,BTC-USD,2025-03-31,87.265,400.0,0.25,0.986,48.25,17.777,96.246,18.151
2985,BTCW,WisdomTree Bitcoin Fund,WisdomTree,BTCW,WisdomTree Bitcoin Fund,BTC-USD,2025-04-01,90.05,400.0,0.25,0.9769,47.649,17.588,96.333,17.836
2986,BTCW,WisdomTree Bitcoin Fund,WisdomTree,BTCW,WisdomTree Bitcoin Fund,BTC-USD,2025-04-02,92.14,400.0,0.25,0.9455,47.88,20.686,99.467,16.321
2987,BTCW,WisdomTree Bitcoin Fund,WisdomTree,BTCW,WisdomTree Bitcoin Fund,BTC-USD,2025-04-03,86.76,400.0,0.25,0.9283,48.527,24.933,103.488,14.81
2988,BTCW,WisdomTree Bitcoin Fund,WisdomTree,BTCW,WisdomTree Bitcoin Fund,BTC-USD,2025-04-04,88.96,400.0,0.25,0.9231,47.568,25.135,92.395,15.365
2989,BTCW,WisdomTree Bitcoin Fund,WisdomTree,BTCW,WisdomTree Bitcoin Fund,BTC-USD,2025-04-07,82.54,400.0,0.25,0.9456,49.6,25.469,83.745,15.466
2990,BTCW,WisdomTree Bitcoin Fund,WisdomTree,BTCW,WisdomTree Bitcoin Fund,BTC-USD,2025-04-08,81.29,400.0,0.25,0.9306,49.606,25.702,98.625,14.999
2991,BTCW,WisdomTree Bitcoin Fund,WisdomTree,BTCW,WisdomTree Bitcoin Fund,BTC-USD,2025-04-09,87.29,400.0,0.25,0.927,51.899,25.66,101.455,12.84
2992,BTCW,WisdomTree Bitcoin Fund,WisdomTree,BTCW,WisdomTree Bitcoin Fund,BTC-USD,2025-04-10,84.17,400.0,0.25,0.9248,51.973,25.618,104.072,13.336
2993,BTCW,WisdomTree Bitcoin Fund,WisdomTree,BTCW,WisdomTree Bitcoin Fund,BTC-USD,2025-04-11,88.76,400.0,0.25,0.9375,52.746,25.659,96.097,13.433
2994,BTCW,WisdomTree Bitcoin Fund,WisdomTree,BTCW,WisdomTree Bitcoin Fund,BTC-USD,2025-04-14,89.93,400.0,0.25,0.9388,52.809,25.492,92.182,13.577
2995,BTCW,WisdomTree Bitcoin Fund,WisdomTree,BTCW,WisdomTree Bitcoin Fund,BTC-USD,2025-04-15,89.03,400.0,0.25,0.9383,51.936,25.491,90.772,13.273
2996,BTCW,WisdomTree Bitcoin Fund,WisdomTree,BTCW,WisdomTree Bitcoin Fund,BTC-USD,2025-04-16,89.33,400.0,0.25,0.939,51.845,25.486,91.498,13.399
2997,BTCW,WisdomTree Bitcoin Fund,WisdomTree,BTCW,WisdomTree Bitcoin Fund,BTC-USD,2025-04-17,89.98,400.0,0.25,0.9403,51.811,25.47,96.73,13.002
2998,BTCW,WisdomTree Bitcoin Fund,WisdomTree,BTCW,WisdomTree Bitcoin Fund,BTC-USD,2025-04-21,92.69,400.0,0.25,0.9424,52.237,25.344,85.289,13.092
2999,BTCW,WisdomTree Bitcoin Fund,WisdomTree,BTCW,WisdomTree Bitcoin Fund,BTC-USD,2025-04-22,97.14,400.0,0.25,0.9246,53.12,25.471,85.289,14.475
3000,BTCW,WisdomTree Bitcoin Fund,WisdomTree,BTCW,WisdomTree Bitcoin Fund,BTC-USD,2025-04-23,99.18,400.0,0.25,0.9223,52.92,25.693,85.289,14.829
3001,BTCW,WisdomTree Bitcoin Fund,WisdomTree,BTCW,WisdomTree Bitcoin Fund,BTC-USD,2025-04-24,99.24,400.0,0.25,0.9228,52.921,25.668,83.482,14.786
3002,BTCW,WisdomTree Bitcoin Fund,WisdomTree,BTCW,WisdomTree Bitcoin Fund,BTC-USD,2025-04-25,101.17,400.0,0.25,0.9212,52.705,25.735,83.482,14.619
3003,BTCW,WisdomTree Bitcoin Fund,WisdomTree,BTCW,WisdomTree Bitcoin Fund,BTC-USD,2025-04-28,100.49,400.0,0.25,0.9211,52.691,25.798,76.167,14.305
3004,BTCW,WisdomTree Bitcoin Fund,WisdomTree,BTCW,WisdomTree Bitcoin Fund,BTC-USD,2025-04-29,101.1,400.0,0.25,0.9152,52.298,25.811,75.293,14.029
3005,BTCW,WisdomTree Bitcoin Fund,WisdomTree,BTCW,WisdomTree Bitcoin Fund,BTC-USD,2025-04-30,99.74,400.0,0.25,0.9161,52.361,25.912,76.167,13.242
3006,BTCW,WisdomTree Bitcoin Fund,WisdomTree,BTCW,WisdomTree Bitcoin Fund,BTC-USD,2025-05-01,102.34,400.0,0.25,0.9217,52.386,25.874,76.238,12.305
3007,BTCW,WisdomTree Bitcoin Fund,WisdomTree,BTCW,WisdomTree Bitcoin Fund,BTC-USD,2025-05-02,102.81,400.0,0.25,0.9218,52.337,25.874,76.167,12.695
3008,BTCW,WisdomTree Bitcoin Fund,WisdomTree,BTCW,WisdomTree Bitcoin Fund,BTC-USD,2025-05-05,100.0,400.0,0.25,0.9244,52.632,25.891,76.14,12.837
3009,BTCW,WisdomTree Bitcoin Fund,WisdomTree,BTCW,WisdomTree Bitcoin Fund,BTC-USD,2025-05-06,100.6,400.0,0.25,0.9192,52.582,25.918,81.097,11.801
3010,BTCW,WisdomTree Bitcoin Fund,WisdomTree,BTCW,WisdomTree Bitcoin Fund,BTC-USD,2025-05-07,101.93,400.0,0.25,0.9183,52.535,25.969,81.097,11.187
3011,BTCW,WisdomTree Bitcoin Fund,WisdomTree,BTCW,WisdomTree Bitcoin Fund,BTC-USD,2025-05-08,107.55,400.0,0.25,0.913,53.455,25.951,62.33,11.09
3012,BTCW,WisdomTree Bitcoin Fund,WisdomTree,BTCW,WisdomTree Bitcoin Fund,BTC-USD,2025-05-09,109.41,400.0,0.25,0.9121,53.421,26.244,51.03,10.655
3013,BTCW,WisdomTree Bitcoin Fund,WisdomTree,BTCW,WisdomTree Bitcoin Fund,BTC-USD,2025-05-12,107.93,400.0,0.25,0.9133,53.469,26.357,41.299,9.941
3014,BTCW,WisdomTree Bitcoin Fund,WisdomTree,BTCW,WisdomTree Bitcoin Fund,BTC-USD,2025-05-13,111.11,400.0,0.25,0.9164,53.745,26.58,41.49,9.383
3015,BTCW,WisdomTree Bitcoin Fund,WisdomTree,BTCW,WisdomTree Bitcoin Fund,BTC-USD,2025-05-14,109.52,400.0,0.25,0.9122,53.37,26.527,44.574,9.188
3016,BTCW,WisdomTree Bitcoin Fund,WisdomTree,BTCW,WisdomTree Bitcoin Fund,BTC-USD,2025-05-15,109.4,400.0,0.25,0.9104,53.209,26.469,40.608,9.108
3017,BTCW,WisdomTree Bitcoin Fund,WisdomTree,BTCW,WisdomTree Bitcoin Fund,BTC-USD,2025-05-16,110.3,400.0,0.25,0.9073,52.997,26.518,38.881,8.793
3018,BTCW,WisdomTree Bitcoin Fund,WisdomTree,BTCW,WisdomTree Bitcoin Fund,BTC-USD,2025-05-19,111.92,400.0,0.25,0.8982,52.382,26.322,36.878,8.715
3019,BTCW,WisdomTree Bitcoin Fund,WisdomTree,BTCW,WisdomTree Bitcoin Fund,BTC-USD,2025-05-20,113.48,400.0,0.25,0.932,52.392,24.867,36.878,8.627
3020,BTCW,WisdomTree Bitcoin Fund,WisdomTree,BTCW,WisdomTree Bitcoin Fund,BTC-USD,2025-05-21,115.22,400.0,0.25,0.9063,50.545,23.954,36.878,7.736
3021,BTCW,WisdomTree Bitcoin Fund,WisdomTree,BTCW,WisdomTree Bitcoin Fund,BTC-USD,2025-05-22,117.94,400.0,0.25,0.9093,49.702,23.933,37.807,7.471
3022,BTCW,WisdomTree Bitcoin Fund,WisdomTree,BTCW,WisdomTree Bitcoin Fund,BTC-USD,2025-05-23,115.27,400.0,0.25,0.899,49.912,23.827,37.4,7.789
3023,BTCW,WisdomTree Bitcoin Fund,WisdomTree,BTCW,WisdomTree Bitcoin Fund,BTC-USD,2025-05-27,116.65,400.0,0.25,0.9006,49.91,23.615,35.095,7.832
3024,BTCW,WisdomTree Bitcoin Fund,WisdomTree,BTCW,WisdomTree Bitcoin Fund,BTC-USD,2025-05-28,113.3,400.0,0.25,0.9052,50.262,23.957,37.4,8.015
3025,BTCW,WisdomTree Bitcoin Fund,WisdomTree,BTCW,WisdomTree Bitcoin Fund,BTC-USD,2025-05-29,112.05,400.0,0.25,0.9027,50.333,23.986,37.652,8.11
3026,BTCW,WisdomTree Bitcoin Fund,WisdomTree,BTCW,WisdomTree Bitcoin Fund,BTC-USD,2025-05-30,110.82,400.0,0.25,0.8988,49.843,23.992,35.347,8.204
3027,BTCW,WisdomTree Bitcoin Fund,WisdomTree,BTCW,WisdomTree Bitcoin Fund,BTC-USD,2025-06-02,110.675,400.0,0.25,0.8922,49.71,24.209,36.196,8.053
3028,BTCW,WisdomTree Bitcoin Fund,WisdomTree,BTCW,WisdomTree Bitcoin Fund,BTC-USD,2025-06-03,112.68,400.0,0.25,0.8956,49.499,24.451,37.125,7.459
3029,BTCW,WisdomTree Bitcoin Fund,WisdomTree,BTCW,WisdomTree Bitcoin Fund,BTC-USD,2025-06-04,111.08,400.0,0.25,0.8793,45.103,24.507,39.43,6.92
3030,BTCW,WisdomTree Bitcoin Fund,WisdomTree,BTCW,WisdomTree Bitcoin Fund,BTC-USD,2025-06-05,107.92,400.0,0.25,0.8772,44.563,24.503,37.729,7.258
3031,BTCW,WisdomTree Bitcoin Fund,WisdomTree,BTCW,WisdomTree Bitcoin Fund,BTC-USD,2025-06-06,110.51,400.0,0.25,0.8788,44.733,24.332,43.006,7.401
3032,BTCW,WisdomTree Bitcoin Fund,WisdomTree,BTCW,WisdomTree Bitcoin Fund,BTC-USD,2025-06-09,115.25,400.0,0.25,0.8659,44.713,24.361,43.006,7.16
3033,BTCW,WisdomTree Bitcoin Fund,WisdomTree,BTCW,WisdomTree Bitcoin Fund,BTC-USD,2025-06-10,116.18,400.0,0.25,0.8478,43.482,24.086,43.006,7.044
3034,BTCW,WisdomTree Bitcoin Fund,WisdomTree,BTCW,WisdomTree Bitcoin Fund,BTC-USD,2025-06-11,115.35,400.0,0.25,0.8457,43.533,24.101,47.63,6.824
3035,BTCW,WisdomTree Bitcoin Fund,WisdomTree,BTCW,WisdomTree Bitcoin Fund,BTC-USD,2025-06-12,113.17,400.0,0.25,0.8377,43.312,23.995,47.439,6.741
3036,BTCW,WisdomTree Bitcoin Fund,WisdomTree,BTCW,WisdomTree Bitcoin Fund,BTC-USD,2025-06-13,111.45,400.0,0.25,0.8419,42.899,24.145,45.235,6.688
3037,BTCW,WisdomTree Bitcoin Fund,WisdomTree,BTCW,WisdomTree Bitcoin Fund,BTC-USD,2025-06-16,115.3,400.0,0.25,0.8523,43.152,24.636,42.595,6.848
3038,BTCW,WisdomTree Bitcoin Fund,WisdomTree,BTCW,WisdomTree Bitcoin Fund,BTC-USD,2025-06-17,110.93,400.0,0.25,0.865,44.019,25.016,42.642,7.17
3039,BTCW,WisdomTree Bitcoin Fund,WisdomTree,BTCW,WisdomTree Bitcoin Fund,BTC-USD,2025-06-18,109.95,400.0,0.25,0.8505,42.974,25.028,47.015,7.37
3040,BTCW,WisdomTree Bitcoin Fund,WisdomTree,BTCW,WisdomTree Bitcoin Fund,BTC-USD,2025-06-20,109.39,400.0,0.25,0.847,42.993,25.076,51.487,7.532
3041,BTCW,WisdomTree Bitcoin Fund,WisdomTree,BTCW,WisdomTree Bitcoin Fund,BTC-USD,2025-06-23,109.39,400.0,0.25,0.8353,42.778,25.238,51.534,7.325
3042,BTCW,WisdomTree Bitcoin Fund,WisdomTree,BTCW,WisdomTree Bitcoin Fund,BTC-USD,2025-06-24,112.045,400.0,0.25,0.8358,42.992,25.575,51.487,7.459
3043,BTCW,WisdomTree Bitcoin Fund,WisdomTree,BTCW,WisdomTree Bitcoin Fund,BTC-USD,2025-06-25,114.25,400.0,0.25,0.8258,42.179,25.594,51.487,7.269
3044,BTCW,WisdomTree Bitcoin Fund,WisdomTree,BTCW,WisdomTree Bitcoin Fund,BTC-USD,2025-06-26,114.1,400.0,0.25,0.8267,41.997,25.571,53.332,7.46
3045,BTCW,WisdomTree Bitcoin Fund,WisdomTree,BTCW,WisdomTree Bitcoin Fund,BTC-USD,2025-06-27,113.19,400.0,0.25,0.824,41.693,25.644,54.848,7.217
3046,BTCW,WisdomTree Bitcoin Fund,WisdomTree,BTCW,WisdomTree Bitcoin Fund,BTC-USD,2025-06-30,114.22,400.0,0.25,0.8718,41.517,23.232,56.984,7.27
3047,BTCW,WisdomTree Bitcoin Fund,WisdomTree,BTCW,WisdomTree Bitcoin Fund,BTC-USD,2025-07-01,111.59,400.0,0.25,0.8834,39.75,18.783,58.035,7.054
3048,BTCW,WisdomTree Bitcoin Fund,WisdomTree,BTCW,WisdomTree Bitcoin Fund,BTC-USD,2025-07-02,116.4,400.0,0.25,0.8919,40.286,18.75,56.257,8.089
3049,BTCW,WisdomTree Bitcoin Fund,WisdomTree,BTCW,WisdomTree Bitcoin Fund,BTC-USD,2025-07-03,115.75,400.0,0.25,0.8448,36.806,18.365,55.206,8.152
3050,BTCW,WisdomTree Bitcoin Fund,WisdomTree,BTCW,WisdomTree Bitcoin Fund,BTC-USD,2025-07-07,114.53,400.0,0.25,0.8674,36.705,17.907,55.206,8.634
3051,BTCW,WisdomTree Bitcoin Fund,WisdomTree,BTCW,WisdomTree Bitcoin Fund,BTC-USD,2025-07-08,115.33,400.0,0.25,0.8626,34.076,17.901,52.472,8.572
3052,BTCW,WisdomTree Bitcoin Fund,WisdomTree,BTCW,WisdomTree Bitcoin Fund,BTC-USD,2025-07-09,118.49,400.0,0.25,0.858,33.283,17.965,49.534,8.418
3053,BTCW,WisdomTree Bitcoin Fund,WisdomTree,BTCW,WisdomTree Bitcoin Fund,BTC-USD,2025-07-10,120.3,400.0,0.25,0.8071,31.853,18.258,49.223,8.73
3054,BTCW,WisdomTree Bitcoin Fund,WisdomTree,BTCW,WisdomTree Bitcoin Fund,BTC-USD,2025-07-11,125.3,400.0,0.25,0.8158,32.644,19.26,49.223,8.736
3055,BTCW,WisdomTree Bitcoin Fund,WisdomTree,BTCW,WisdomTree Bitcoin Fund,BTC-USD,2025-07-14,127.21,400.0,0.25,0.8129,32.538,19.261,37.543,9.043
3056,BTCW,WisdomTree Bitcoin Fund,WisdomTree,BTCW,WisdomTree Bitcoin Fund,BTC-USD,2025-07-15,123.46,400.0,0.25,0.8283,33.356,19.54,37.543,9.241
3057,BTCW,WisdomTree Bitcoin Fund,WisdomTree,BTCW,WisdomTree Bitcoin Fund,BTC-USD,2025-07-16,126.55,400.0,0.25,0.8304,33.589,19.861,37.543,9.314
3058,BTCW,WisdomTree Bitcoin Fund,WisdomTree,BTCW,WisdomTree Bitcoin Fund,BTC-USD,2025-07-17,126.23,400.0,0.25,0.8271,33.253,19.913,39.51,9.116
3059,BTCW,WisdomTree Bitcoin Fund,WisdomTree,BTCW,WisdomTree Bitcoin Fund,BTC-USD,2025-07-18,124.41,400.0,0.25,0.8556,32.329,19.73,40.508,8.694
3060,BTCW,WisdomTree Bitcoin Fund,WisdomTree,BTCW,WisdomTree Bitcoin Fund,BTC-USD,2025-07-21,123.84,400.0,0.25,0.857,32.189,19.39,40.121,8.418
3061,BTCW,WisdomTree Bitcoin Fund,WisdomTree,BTCW,WisdomTree Bitcoin Fund,BTC-USD,2025-07-22,126.56,400.0,0.25,0.8592,32.392,19.393,39.941,8.085
3062,BTCW,WisdomTree Bitcoin Fund,WisdomTree,BTCW,WisdomTree Bitcoin Fund,BTC-USD,2025-07-23,125.46,400.0,0.25,0.857,32.339,19.252,40.673,7.697
3063,BTCW,WisdomTree Bitcoin Fund,WisdomTree,BTCW,WisdomTree Bitcoin Fund,BTC-USD,2025-07-24,126.26,400.0,0.25,0.8537,32.272,19.231,37.32,7.405
3064,BTCW,WisdomTree Bitcoin Fund,WisdomTree,BTCW,WisdomTree Bitcoin Fund,BTC-USD,2025-07-25,123.85,400.0,0.25,0.8664,32.612,19.287,37.32,7.578
3065,BTCW,WisdomTree Bitcoin Fund,WisdomTree,BTCW,WisdomTree Bitcoin Fund,BTC-USD,2025-07-28,125.25,400.0,0.25,0.8631,32.458,19.182,38.828,7.163
3066,BTCW,WisdomTree Bitcoin Fund,WisdomTree,BTCW,WisdomTree Bitcoin Fund,BTC-USD,2025-07-29,124.48,400.0,0.25,0.8598,32.194,19.219,36.019,7.516
3067,BTCW,WisdomTree Bitcoin Fund,WisdomTree,BTCW,WisdomTree Bitcoin Fund,BTC-USD,2025-07-30,123.8,400.0,0.25,0.8608,32.242,19.248,39.228,7.568
3068,BTCW,WisdomTree Bitcoin Fund,WisdomTree,BTCW,WisdomTree Bitcoin Fund,BTC-USD,2025-07-31,123.71,400.0,0.25,0.8357,31.609,19.395,45.679,7.633
3069,BTCW,WisdomTree Bitcoin Fund,WisdomTree,BTCW,WisdomTree Bitcoin Fund,BTC-USD,2025-08-01,119.74,400.0,0.25,0.8647,32.46,19.41,45.766,7.095
3070,BTCW,WisdomTree Bitcoin Fund,WisdomTree,BTCW,WisdomTree Bitcoin Fund,BTC-USD,2025-08-04,121.66,400.0,0.25,0.8661,32.503,19.295,53.868,7.05
3071,BTCW,WisdomTree Bitcoin Fund,WisdomTree,BTCW,WisdomTree Bitcoin Fund,BTC-USD,2025-08-05,120.43,400.0,0.25,0.8699,30.838,19.296,53.868,6.538
3072,BTCW,WisdomTree Bitcoin Fund,WisdomTree,BTCW,WisdomTree Bitcoin Fund,BTC-USD,2025-08-06,122.18,400.0,0.25,0.8771,30.786,18.945,56.398,6.242
3073,BTCW,WisdomTree Bitcoin Fund,WisdomTree,BTCW,WisdomTree Bitcoin Fund,BTC-USD,2025-08-07,124.61,400.0,0.25,0.8754,30.828,18.766,56.398,6.241
3074,BTCW,WisdomTree Bitcoin Fund,WisdomTree,BTCW,WisdomTree Bitcoin Fund,BTC-USD,2025-08-08,123.35,400.0,0.25,0.867,30.425,18.469,60.657,6.164
3075,BTCW,WisdomTree Bitcoin Fund,WisdomTree,BTCW,WisdomTree Bitcoin Fund,BTC-USD,2025-08-11,126.2,400.0,0.25,0.8691,30.538,18.437,60.657,6.274
3076,BTCW,WisdomTree Bitcoin Fund,WisdomTree,BTCW,WisdomTree Bitcoin Fund,BTC-USD,2025-08-12,126.85,400.0,0.25,0.8661,30.535,18.462,63.799,5.964
3077,BTCW,WisdomTree Bitcoin Fund,WisdomTree,BTCW,WisdomTree Bitcoin Fund,BTC-USD,2025-08-13,130.29,400.0,0.25,0.8736,30.918,18.359,63.799,6.021
3078,BTCW,WisdomTree Bitcoin Fund,WisdomTree,BTCW,WisdomTree Bitcoin Fund,BTC-USD,2025-08-14,125.11,400.0,0.25,0.8866,32.063,18.363,63.799,5.952
3079,BTCW,WisdomTree Bitcoin Fund,WisdomTree,BTCW,WisdomTree Bitcoin Fund,BTC-USD,2025-08-15,123.96,400.0,0.25,0.8859,32.044,18.356,68.39,5.832
3080,BTCW,WisdomTree Bitcoin Fund,WisdomTree,BTCW,WisdomTree Bitcoin Fund,BTC-USD,2025-08-18,123.29,400.0,0.25,0.895,31.944,18.268,65.602,5.703
3081,BTCW,WisdomTree Bitcoin Fund,WisdomTree,BTCW,WisdomTree Bitcoin Fund,BTC-USD,2025-08-19,119.81,400.0,0.25,0.8922,32.176,18.223,60.995,5.662
3082,BTCW,WisdomTree Bitcoin Fund,WisdomTree,BTCW,WisdomTree Bitcoin Fund,BTC-USD,2025-08-20,121.12,400.0,0.25,0.9192,31.881,18.024,62.63,5.692
3083,BTCW,WisdomTree Bitcoin Fund,WisdomTree,BTCW,WisdomTree Bitcoin Fund,BTC-USD,2025-08-21,118.87,400.0,0.25,0.9243,32.044,18.033,64.295,5.712
3084,BTCW,WisdomTree Bitcoin Fund,WisdomTree,BTCW,WisdomTree Bitcoin Fund,BTC-USD,2025-08-22,123.63,400.0,0.25,0.9194,32.423,17.598,68.871,5.96
3085,BTCW,WisdomTree Bitcoin Fund,WisdomTree,BTCW,WisdomTree Bitcoin Fund,BTC-USD,2025-08-25,117.36,400.0,0.25,0.9197,34.141,17.548,70.172,5.748
3086,BTCW,WisdomTree Bitcoin Fund,WisdomTree,BTCW,WisdomTree Bitcoin Fund,BTC-USD,2025-08-26,117.85,400.0,0.25,0.9162,34.058,17.656,68.871,5.732
3087,BTCW,WisdomTree Bitcoin Fund,WisdomTree,BTCW,WisdomTree Bitcoin Fund,BTC-USD,2025-08-27,118.85,400.0,0.25,0.9257,34.088,17.481,65.759,5.329
3088,BTCW,WisdomTree Bitcoin Fund,WisdomTree,BTCW,WisdomTree Bitcoin Fund,BTC-USD,2025-08-28,118.67,400.0,0.25,0.9247,33.912,17.112,60.162,5.031
3089,BTCW,WisdomTree Bitcoin Fund,WisdomTree,BTCW,WisdomTree Bitcoin Fund,BTC-USD,2025-08-29,114.63,400.0,0.25,0.9222,34.551,17.022,54.926,4.935
3090,BTCW,WisdomTree Bitcoin Fund,WisdomTree,BTCW,WisdomTree Bitcoin Fund,BTC-USD,2025-09-02,117.44,400.0,0.25,0.9221,34.335,17.016,55.373,4.468
3091,BTCW,WisdomTree Bitcoin Fund,WisdomTree,BTCW,WisdomTree Bitcoin Fund,BTC-USD,2025-09-03,119.02,400.0,0.25,0.9251,34.112,17.112,53.04,4.336
3092,BTCW,WisdomTree Bitcoin Fund,WisdomTree,BTCW,WisdomTree Bitcoin Fund,BTC-USD,2025-09-04,116.3,400.0,0.25,0.9555,33.391,17.34,54.494,4.293
3093,BTCW,WisdomTree Bitcoin Fund,WisdomTree,BTCW,WisdomTree Bitcoin Fund,BTC-USD,2025-09-05,118.26,400.0,0.25,0.955,33.526,17.617,53.04,4.456
3094,BTCW,WisdomTree Bitcoin Fund,WisdomTree,BTCW,WisdomTree Bitcoin Fund,BTC-USD,2025-09-08,118.83,400.0,0.25,0.955,33.502,17.66,54.744,4.448
3095,BTCW,WisdomTree Bitcoin Fund,WisdomTree,BTCW,WisdomTree Bitcoin Fund,BTC-USD,2025-09-09,118.03,400.0,0.25,0.9628,33.289,17.659,52.723,4.261
3096,BTCW,WisdomTree Bitcoin Fund,WisdomTree,BTCW,WisdomTree Bitcoin Fund,BTC-USD,2025-09-10,120.42,400.0,0.25,0.9626,33.351,17.316,48.738,4.525
3097,BTCW,WisdomTree Bitcoin Fund,WisdomTree,BTCW,WisdomTree Bitcoin Fund,BTC-USD,2025-09-11,121.38,400.0,0.25,0.9524,32.682,16.334,46.262,4.546
3098,BTCW,WisdomTree Bitcoin Fund,WisdomTree,BTCW,WisdomTree Bitcoin Fund,BTC-USD,2025-09-12,123.82,400.0,0.25,0.9345,31.852,16.065,50.247,4.373
3099,BTCW,WisdomTree Bitcoin Fund,WisdomTree,BTCW,WisdomTree Bitcoin Fund,BTC-USD,2025-09-15,122.2,400.0,0.25,0.938,31.926,15.977,49.675,4.286
3100,BTCW,WisdomTree Bitcoin Fund,WisdomTree,BTCW,WisdomTree Bitcoin Fund,BTC-USD,2025-09-16,123.84,400.0,0.25,0.9464,31.98,15.909,43.971,4.467
3101,BTCW,WisdomTree Bitcoin Fund,WisdomTree,BTCW,WisdomTree Bitcoin Fund,BTC-USD,2025-09-17,122.55,400.0,0.25,0.9693,32.08,15.523,47.553,4.607
3102,BTCW,WisdomTree Bitcoin Fund,WisdomTree,BTCW,WisdomTree Bitcoin Fund,BTC-USD,2025-09-18,124.55,400.0,0.25,0.9687,31.89,15.119,46.962,4.762
3103,BTCW,WisdomTree Bitcoin Fund,WisdomTree,BTCW,WisdomTree Bitcoin Fund,BTC-USD,2025-09-19,121.97,400.0,0.25,0.9708,32.007,15.117,43.277,4.777
3104,BTCW,WisdomTree Bitcoin Fund,WisdomTree,BTCW,WisdomTree Bitcoin Fund,BTC-USD,2025-09-22,118.75,400.0,0.25,0.9735,32.509,15.117,40.88,4.797
3105,BTCW,WisdomTree Bitcoin Fund,WisdomTree,BTCW,WisdomTree Bitcoin Fund,BTC-USD,2025-09-23,118.28,400.0,0.25,0.9728,32.473,15.008,41.513,4.398
3106,BTCW,WisdomTree Bitcoin Fund,WisdomTree,BTCW,WisdomTree Bitcoin Fund,BTC-USD,2025-09-24,120.17,400.0,0.25,0.9753,32.577,14.93,41.513,4.349
3107,BTCW,WisdomTree Bitcoin Fund,WisdomTree,BTCW,WisdomTree Bitcoin Fund,BTC-USD,2025-09-25,115.85,400.0,0.25,0.9671,33.109,14.738,48.363,4.605
3108,BTCW,WisdomTree Bitcoin Fund,WisdomTree,BTCW,WisdomTree Bitcoin Fund,BTC-USD,2025-09-26,115.66,400.0,0.25,0.9462,31.957,14.455,51.185,4.548
3109,BTCW,WisdomTree Bitcoin Fund,WisdomTree,BTCW,WisdomTree Bitcoin Fund,BTC-USD,2025-09-29,121.23,400.0,0.25,0.9635,33.36,14.314,51.185,5.805
3110,BTCW,WisdomTree Bitcoin Fund,WisdomTree,BTCW,WisdomTree Bitcoin Fund,BTC-USD,2025-09-30,121.27,400.0,0.25,0.9637,33.276,14.328,49.153,5.983
3111,BTCW,WisdomTree Bitcoin Fund,WisdomTree,BTCW,WisdomTree Bitcoin Fund,BTC-USD,2025-10-01,124.51,400.0,0.25,0.9449,33.661,14.507,49.153,6.026
3112,BTCW,WisdomTree Bitcoin Fund,WisdomTree,BTCW,WisdomTree Bitcoin Fund,BTC-USD,2025-10-02,128.24,400.0,0.25,0.9481,33.746,14.662,48.377,6.949
3113,BTCW,WisdomTree Bitcoin Fund,WisdomTree,BTCW,WisdomTree Bitcoin Fund,BTC-USD,2025-10-03,130.2,400.0,0.25,0.9918,33.746,14.174,44.43,7.519
3114,BTCW,WisdomTree Bitcoin Fund,WisdomTree,BTCW,WisdomTree Bitcoin Fund,BTC-USD,2025-10-06,132.96,400.0,0.25,0.9778,32.996,12.769,44.43,7.684
3115,BTCW,WisdomTree Bitcoin Fund,WisdomTree,BTCW,WisdomTree Bitcoin Fund,BTC-USD,2025-10-07,128.87,400.0,0.25,0.9871,33.511,12.806,42.727,8.384
3116,BTCW,WisdomTree Bitcoin Fund,WisdomTree,BTCW,WisdomTree Bitcoin Fund,BTC-USD,2025-10-08,130.79,400.0,0.25,0.9767,33.043,12.397,44.944,8.62
3117,BTCW,WisdomTree Bitcoin Fund,WisdomTree,BTCW,WisdomTree Bitcoin Fund,BTC-USD,2025-10-09,128.11,400.0,0.25,0.9759,32.96,11.929,48.89,8.329
3118,BTCW,WisdomTree Bitcoin Fund,WisdomTree,BTCW,WisdomTree Bitcoin Fund,BTC-USD,2025-10-10,123.42,400.0,0.25,0.893,33.841,13.123,51.653,8.906
3119,BTCW,WisdomTree Bitcoin Fund,WisdomTree,BTCW,WisdomTree Bitcoin Fund,BTC-USD,2025-10-13,122.75,400.0,0.25,0.877,33.73,13.805,48.253,9.161
3120,BTCW,WisdomTree Bitcoin Fund,WisdomTree,BTCW,WisdomTree Bitcoin Fund,BTC-USD,2025-10-14,119.29,400.0,0.25,0.8846,34.218,14.021,48.253,9.299
3121,BTCW,WisdomTree Bitcoin Fund,WisdomTree,BTCW,WisdomTree Bitcoin Fund,BTC-USD,2025-10-15,117.85,400.0,0.25,0.8781,33.976,14.064,52.466,9.476
3122,BTCW,WisdomTree Bitcoin Fund,WisdomTree,BTCW,WisdomTree Bitcoin Fund,BTC-USD,2025-10-16,114.6,400.0,0.25,0.8836,34.385,14.135,44.747,10.434
3123,BTCW,WisdomTree Bitcoin Fund,WisdomTree,BTCW,WisdomTree Bitcoin Fund,BTC-USD,2025-10-17,112.77,400.0,0.25,0.8849,34.473,14.004,42.021,11.883
3124,BTCW,WisdomTree Bitcoin Fund,WisdomTree,BTCW,WisdomTree Bitcoin Fund,BTC-USD,2025-10-20,117.46,400.0,0.25,0.8921,35.363,13.794,42.021,11.894
3125,BTCW,WisdomTree Bitcoin Fund,WisdomTree,BTCW,WisdomTree Bitcoin Fund,BTC-USD,2025-10-21,118.54,400.0,0.25,0.8759,35.335,14.681,44.845,12.02
3126,BTCW,WisdomTree Bitcoin Fund,WisdomTree,BTCW,WisdomTree Bitcoin Fund,BTC-USD,2025-10-22,114.17,400.0,0.25,0.8821,36.111,15.981,41.426,12.522
3127,BTCW,WisdomTree Bitcoin Fund,WisdomTree,BTCW,WisdomTree Bitcoin Fund,BTC-USD,2025-10-23,116.78,400.0,0.25,0.8846,36.434,15.966,41.426,12.663
3128,BTCW,WisdomTree Bitcoin Fund,WisdomTree,BTCW,WisdomTree Bitcoin Fund,BTC-USD,2025-10-24,117.2,400.0,0.25,0.8914,36.446,15.712,45.243,12.415
3129,BTCW,WisdomTree Bitcoin Fund,WisdomTree,BTCW,WisdomTree Bitcoin Fund,BTC-USD,2025-10-27,121.84,400.0,0.25,0.895,36.731,15.723,43.284,12.406
3130,BTCW,WisdomTree Bitcoin Fund,WisdomTree,BTCW,WisdomTree Bitcoin Fund,BTC-USD,2025-10-28,120.33,400.0,0.25,0.8951,36.676,15.73,45.688,11.302
3131,BTCW,WisdomTree Bitcoin Fund,WisdomTree,BTCW,WisdomTree Bitcoin Fund,BTC-USD,2025-10-29,117.07,400.0,0.25,0.8977,37.047,15.74,43.595,11.488
3132,BTCW,WisdomTree Bitcoin Fund,WisdomTree,BTCW,WisdomTree Bitcoin Fund,BTC-USD,2025-10-30,112.7,400.0,0.25,0.9067,37.7,16.378,43.595,11.394
3133,BTCW,WisdomTree Bitcoin Fund,WisdomTree,BTCW,WisdomTree Bitcoin Fund,BTC-USD,2025-10-31,116.29,400.0,0.25,0.9144,38.052,16.951,47.251,10.626
3134,BTCW,WisdomTree Bitcoin Fund,WisdomTree,BTCW,WisdomTree Bitcoin Fund,BTC-USD,2025-11-03,112.89,400.0,0.25,0.9171,38.457,16.95,48.197,9.992
3135,BTCW,WisdomTree Bitcoin Fund,WisdomTree,BTCW,WisdomTree Bitcoin Fund,BTC-USD,2025-11-04,106.73,400.0,0.25,0.9291,39.709,17.035,49.871,9.675
3136,BTCW,WisdomTree Bitcoin Fund,WisdomTree,BTCW,WisdomTree Bitcoin Fund,BTC-USD,2025-11-05,110.02,400.0,0.25,0.9385,40.256,17.122,61.91,9.031
3137,BTCW,WisdomTree Bitcoin Fund,WisdomTree,BTCW,WisdomTree Bitcoin Fund,BTC-USD,2025-11-06,106.86,400.0,0.25,0.9398,40.159,17.131,60.95,8.787
3138,BTCW,WisdomTree Bitcoin Fund,WisdomTree,BTCW,WisdomTree Bitcoin Fund,BTC-USD,2025-11-07,109.92,400.0,0.25,0.9443,39.906,17.224,68.641,8.749
3139,BTCW,WisdomTree Bitcoin Fund,WisdomTree,BTCW,WisdomTree Bitcoin Fund,BTC-USD,2025-11-10,112.33,400.0,0.25,0.9425,40.174,17.224,68.709,8.268
3140,BTCW,WisdomTree Bitcoin Fund,WisdomTree,BTCW,WisdomTree Bitcoin Fund,BTC-USD,2025-11-11,108.91,400.0,0.25,0.9462,40.614,17.223,71.44,7.854
3141,BTCW,WisdomTree Bitcoin Fund,WisdomTree,BTCW,WisdomTree Bitcoin Fund,BTC-USD,2025-11-12,107.525,400.0,0.25,0.9462,40.3,17.22,75.0,7.626
3142,BTCW,WisdomTree Bitcoin Fund,WisdomTree,BTCW,WisdomTree Bitcoin Fund,BTC-USD,2025-11-13,103.8,400.0,0.25,0.9549,40.787,17.542,85.071,7.312
3143,BTCW,WisdomTree Bitcoin Fund,WisdomTree,BTCW,WisdomTree Bitcoin Fund,BTC-USD,2025-11-14,99.9,400.0,0.25,0.934,41.311,17.738,85.071,6.476
3144,BTCW,WisdomTree Bitcoin Fund,WisdomTree,BTCW,WisdomTree Bitcoin Fund,BTC-USD,2025-11-17,97.22,400.0,0.25,0.9325,40.654,17.738,85.071,5.155
3145,BTCW,WisdomTree Bitcoin Fund,WisdomTree,BTCW,WisdomTree Bitcoin Fund,BTC-USD,2025-11-18,98.19,400.0,0.25,0.9396,39.493,17.729,81.067,5.244
3146,BTCW,WisdomTree Bitcoin Fund,WisdomTree,BTCW,WisdomTree Bitcoin Fund,BTC-USD,2025-11-19,94.76,400.0,0.25,0.953,40.022,18.093,85.647,5.218
3147,BTCW,WisdomTree Bitcoin Fund,WisdomTree,BTCW,WisdomTree Bitcoin Fund,BTC-USD,2025-11-20,91.45,400.0,0.25,0.9296,40.468,18.15,90.237,5.006
3148,BTCW,WisdomTree Bitcoin Fund,WisdomTree,BTCW,WisdomTree Bitcoin Fund,BTC-USD,2025-11-21,89.57,400.0,0.25,0.9366,40.603,17.995,90.237,5.095
3149,BTCW,WisdomTree Bitcoin Fund,WisdomTree,BTCW,WisdomTree Bitcoin Fund,BTC-USD,2025-11-24,94.4,400.0,0.25,0.9582,41.769,18.362,89.688,5.133
3150,BTCW,WisdomTree Bitcoin Fund,WisdomTree,BTCW,WisdomTree Bitcoin Fund,BTC-USD,2025-11-25,92.52,400.0,0.25,0.9602,41.512,18.47,89.149,5.221
3151,BTCW,WisdomTree Bitcoin Fund,WisdomTree,BTCW,WisdomTree Bitcoin Fund,BTC-USD,2025-11-26,95.23,400.0,0.25,0.9524,41.908,18.392,91.167,5.152
3152,BTCW,WisdomTree Bitcoin Fund,WisdomTree,BTCW,WisdomTree Bitcoin Fund,BTC-USD,2025-11-28,95.93,400.0,0.25,0.9509,41.77,18.174,91.167,4.779
3153,BTCW,WisdomTree Bitcoin Fund,WisdomTree,BTCW,WisdomTree Bitcoin Fund,BTC-USD,2025-12-01,90.62,400.0,0.25,0.9586,42.98,17.851,91.167,4.631
3154,BTCW,WisdomTree Bitcoin Fund,WisdomTree,BTCW,WisdomTree Bitcoin Fund,BTC-USD,2025-12-02,96.48,400.0,0.25,0.974,45.095,17.873,93.881,4.523
3155,BTCW,WisdomTree Bitcoin Fund,WisdomTree,BTCW,WisdomTree Bitcoin Fund,BTC-USD,2025-12-03,98.52,400.0,0.25,0.9727,45.365,17.873,92.663,4.53
3156,BTCW,WisdomTree Bitcoin Fund,WisdomTree,BTCW,WisdomTree Bitcoin Fund,BTC-USD,2025-12-04,98.07,400.0,0.25,0.9704,45.11,17.998,92.585,4.38
3157,BTCW,WisdomTree Bitcoin Fund,WisdomTree,BTCW,WisdomTree Bitcoin Fund,BTC-USD,2025-12-05,94.678,400.0,0.25,0.9761,45.51,18.006,89.522,4.099
3158,BTCW,WisdomTree Bitcoin Fund,WisdomTree,BTCW,WisdomTree Bitcoin Fund,BTC-USD,2025-12-08,96.21,400.0,0.25,0.9739,45.43,17.729,90.452,4.068
3159,BTCW,WisdomTree Bitcoin Fund,WisdomTree,BTCW,WisdomTree Bitcoin Fund,BTC-USD,2025-12-09,98.7,400.0,0.25,0.9759,45.796,17.682,84.258,3.975
3160,BTCW,WisdomTree Bitcoin Fund,WisdomTree,BTCW,WisdomTree Bitcoin Fund,BTC-USD,2025-12-10,98.04,400.0,0.25,0.9753,45.664,17.676,93.642,3.809
3161,BTCW,WisdomTree Bitcoin Fund,WisdomTree,BTCW,WisdomTree Bitcoin Fund,BTC-USD,2025-12-11,97.255,400.0,0.25,0.9727,45.652,17.816,87.561,3.804
3162,BTCW,WisdomTree Bitcoin Fund,WisdomTree,BTCW,WisdomTree Bitcoin Fund,BTC-USD,2025-12-12,95.605,400.0,0.25,0.967,45.537,17.728,93.663,3.739
3163,BTCW,WisdomTree Bitcoin Fund,WisdomTree,BTCW,WisdomTree Bitcoin Fund,BTC-USD,2025-12-15,90.79,400.0,0.25,0.9735,46.441,17.736,93.663,3.806
3164,BTCW,WisdomTree Bitcoin Fund,WisdomTree,BTCW,WisdomTree Bitcoin Fund,BTC-USD,2025-12-16,92.76,400.0,0.25,0.9754,46.524,17.777,101.309,3.546
3165,BTCW,WisdomTree Bitcoin Fund,WisdomTree,BTCW,WisdomTree Bitcoin Fund,BTC-USD,2025-12-17,90.97,400.0,0.25,0.9757,46.63,17.767,104.072,3.196
3166,BTCW,WisdomTree Bitcoin Fund,WisdomTree,BTCW,WisdomTree Bitcoin Fund,BTC-USD,2025-12-18,89.82,400.0,0.25,0.9744,46.468,17.762,116.096,2.94
3167,BTCW,WisdomTree Bitcoin Fund,WisdomTree,BTCW,WisdomTree Bitcoin Fund,BTC-USD,2025-12-19,93.12,400.0,0.25,0.9803,46.733,17.816,132.336,2.739
3168,BTCW,WisdomTree Bitcoin Fund,WisdomTree,BTCW,WisdomTree Bitcoin Fund,BTC-USD,2025-12-22,93.47,400.0,0.25,0.9818,46.756,17.757,130.846,2.491
3169,BTCW,WisdomTree Bitcoin Fund,WisdomTree,BTCW,WisdomTree Bitcoin Fund,BTC-USD,2025-12-23,92.74,400.0,0.25,0.9746,45.558,17.721,145.588,2.131
3170,BTCW,WisdomTree Bitcoin Fund,WisdomTree,BTCW,WisdomTree Bitcoin Fund,BTC-USD,2025-12-24,92.37,400.0,0.25,0.9736,45.547,17.744,133.922,2.087
3171,BTCW,WisdomTree Bitcoin Fund,WisdomTree,BTCW,WisdomTree Bitcoin Fund,BTC-USD,2025-12-26,92.59,400.0,0.25,0.9866,45.115,17.658,132.273,2.152
3172,BTCW,WisdomTree Bitcoin Fund,WisdomTree,BTCW,WisdomTree Bitcoin Fund,BTC-USD,2025-12-29,92.14,400.0,0.25,0.9794,44.54,17.433,135.195,2.052
3173,BTCW,WisdomTree Bitcoin Fund,WisdomTree,BTCW,WisdomTree Bitcoin Fund,BTC-USD,2025-12-30,92.99,400.0,0.25,0.9757,44.438,17.449,135.195,2.142
3174,BTCW,WisdomTree Bitcoin Fund,WisdomTree,BTCW,WisdomTree Bitcoin Fund,BTC-USD,2025-12-31,92.68,400.0,0.25,0.9738,44.095,17.513,112.946,2.422
3175,BTCW,WisdomTree Bitcoin Fund,WisdomTree,BTCW,WisdomTree Bitcoin Fund,BTC-USD,2026-01-02,95.08,400.0,0.25,0.9705,44.243,17.492,106.864,2.656
3176,BTCW,WisdomTree Bitcoin Fund,WisdomTree,BTCW,WisdomTree Bitcoin Fund,BTC-USD,2026-01-05,99.8,400.0,0.25,0.9784,45.411,17.551,106.864,2.742
3177,BTCW,WisdomTree Bitcoin Fund,WisdomTree,BTCW,WisdomTree Bitcoin Fund,BTC-USD,2026-01-06,97.92,400.0,0.25,0.9757,45.386,17.837,108.515,3.021
3178,BTCW,WisdomTree Bitcoin Fund,WisdomTree,BTCW,WisdomTree Bitcoin Fund,BTC-USD,2026-01-07,96.31,400.0,0.25,1.0303,44.943,17.028,108.515,3.023
3179,BTCW,WisdomTree Bitcoin Fund,WisdomTree,BTCW,WisdomTree Bitcoin Fund,BTC-USD,2026-01-08,96.14,400.0,0.25,1.0439,44.945,16.494,106.089,2.962
3180,BTCW,WisdomTree Bitcoin Fund,WisdomTree,BTCW,WisdomTree Bitcoin Fund,BTC-USD,2026-01-09,95.55,400.0,0.25,1.0404,44.656,16.32,97.989,2.908
3181,BTCW,WisdomTree Bitcoin Fund,WisdomTree,BTCW,WisdomTree Bitcoin Fund,BTC-USD,2026-01-12,96.84,400.0,0.25,1.0463,44.757,16.311,89.505,2.983
3182,BTCW,WisdomTree Bitcoin Fund,WisdomTree,BTCW,WisdomTree Bitcoin Fund,BTC-USD,2026-01-13,99.99,400.0,0.25,1.0275,45.03,16.478,89.505,3.058
3183,BTCW,WisdomTree Bitcoin Fund,WisdomTree,BTCW,WisdomTree Bitcoin Fund,BTC-USD,2026-01-14,103.52,400.0,0.25,1.0358,45.564,16.871,80.413,3.144
3184,BTCW,WisdomTree Bitcoin Fund,WisdomTree,BTCW,WisdomTree Bitcoin Fund,BTC-USD,2026-01-15,100.83,400.0,0.25,1.0382,44.983,16.967,83.298,3.103
3185,BTCW,WisdomTree Bitcoin Fund,WisdomTree,BTCW,WisdomTree Bitcoin Fund,BTC-USD,2026-01-16,101.21,400.0,0.25,1.0517,44.936,16.08,73.73,3.697
3186,BTCW,WisdomTree Bitcoin Fund,WisdomTree,BTCW,WisdomTree Bitcoin Fund,BTC-USD,2026-01-20,94.79,400.0,0.25,1.0187,46.212,15.083,72.185,3.767
3187,BTCW,WisdomTree Bitcoin Fund,WisdomTree,BTCW,WisdomTree Bitcoin Fund,BTC-USD,2026-01-21,95.44,400.0,0.25,1.0166,45.95,15.108,56.901,3.852
3188,BTCW,WisdomTree Bitcoin Fund,WisdomTree,BTCW,WisdomTree Bitcoin Fund,BTC-USD,2026-01-22,94.59,400.0,0.25,1.0171,45.941,15.219,57.392,3.941
3189,BTCW,WisdomTree Bitcoin Fund,WisdomTree,BTCW,WisdomTree Bitcoin Fund,BTC-USD,2026-01-23,94.71,400.0,0.25,1.0091,45.097,14.918,57.499,4.042
3190,BTCW,WisdomTree Bitcoin Fund,WisdomTree,BTCW,WisdomTree Bitcoin Fund,BTC-USD,2026-01-26,92.72,400.0,0.25,1.0104,45.202,14.97,57.499,4.107
3191,BTCW,WisdomTree Bitcoin Fund,WisdomTree,BTCW,WisdomTree Bitcoin Fund,BTC-USD,2026-01-27,94.52,400.0,0.25,1.013,45.194,15.095,62.911,4.041
3192,BTCW,WisdomTree Bitcoin Fund,WisdomTree,BTCW,WisdomTree Bitcoin Fund,BTC-USD,2026-01-28,94.19,400.0,0.25,1.0058,44.62,14.328,60.968,3.883
3193,BTCW,WisdomTree Bitcoin Fund,WisdomTree,BTCW,WisdomTree Bitcoin Fund,BTC-USD,2026-01-29,88.96,400.0,0.25,1.0031,45.389,13.673,64.253,3.973
3194,BTCW,WisdomTree Bitcoin Fund,WisdomTree,BTCW,WisdomTree Bitcoin Fund,BTC-USD,2026-01-30,88.63,400.0,0.25,1.0021,45.084,13.655,64.253,4.166
3195,BTCW,WisdomTree Bitcoin Fund,WisdomTree,BTCW,WisdomTree Bitcoin Fund,BTC-USD,2026-02-02,82.56,400.0,0.25,0.9995,45.91,13.466,70.409,4.302
3196,BTCW,WisdomTree Bitcoin Fund,WisdomTree,BTCW,WisdomTree Bitcoin Fund,BTC-USD,2026-02-03,80.87,400.0,0.25,0.9805,45.455,13.846,70.409,4.346
3197,BTCW,WisdomTree Bitcoin Fund,WisdomTree,BTCW,WisdomTree Bitcoin Fund,BTC-USD,2026-02-04,77.69,400.0,0.25,0.9822,45.757,13.849,69.334,4.548
3198,BTCW,WisdomTree Bitcoin Fund,WisdomTree,BTCW,WisdomTree Bitcoin Fund,BTC-USD,2026-02-05,67.42,400.0,0.25,0.9618,53.109,13.754,69.63,4.619
3199,BTCW,WisdomTree Bitcoin Fund,WisdomTree,BTCW,WisdomTree Bitcoin Fund,BTC-USD,2026-02-06,74.14,400.0,0.25,0.9345,56.862,14.098,73.517,5.361
3200,BTCW,WisdomTree Bitcoin Fund,WisdomTree,BTCW,WisdomTree Bitcoin Fund,BTC-USD,2026-02-09,74.94,400.0,0.25,0.9336,56.752,14.492,84.135,5.439
3201,BTCW,WisdomTree Bitcoin Fund,WisdomTree,BTCW,WisdomTree Bitcoin Fund,BTC-USD,2026-02-10,72.8,400.0,0.25,0.9353,56.928,14.67,89.597,5.493
3202,BTCW,WisdomTree Bitcoin Fund,WisdomTree,BTCW,WisdomTree Bitcoin Fund,BTC-USD,2026-02-11,71.46,400.0,0.25,0.931,56.67,14.316,88.697,5.677
3203,BTCW,WisdomTree Bitcoin Fund,WisdomTree,BTCW,WisdomTree Bitcoin Fund,BTC-USD,2026-02-12,69.19,400.0,0.25,0.9403,56.538,14.747,101.989,5.655
3204,BTCW,WisdomTree Bitcoin Fund,WisdomTree,BTCW,WisdomTree Bitcoin Fund,BTC-USD,2026-02-13,72.8,400.0,0.25,0.9475,57.549,15.008,101.989,5.77
3205,BTCW,WisdomTree Bitcoin Fund,WisdomTree,BTCW,WisdomTree Bitcoin Fund,BTC-USD,2026-02-17,71.72,400.0,0.25,0.9465,57.503,15.028,90.276,5.812
3206,BTCW,WisdomTree Bitcoin Fund,WisdomTree,BTCW,WisdomTree Bitcoin Fund,BTC-USD,2026-02-18,70.06,400.0,0.25,0.9449,57.283,14.533,109.96,5.215
3207,BTCW,WisdomTree Bitcoin Fund,WisdomTree,BTCW,WisdomTree Bitcoin Fund,BTC-USD,2026-02-19,71.04,400.0,0.25,0.956,57.054,14.265,110.531,5.124
3208,BTCW,WisdomTree Bitcoin Fund,WisdomTree,BTCW,WisdomTree Bitcoin Fund,BTC-USD,2026-02-20,71.66,400.0,0.25,0.9538,57.008,14.298,110.531,5.14
3209,BTCW,WisdomTree Bitcoin Fund,WisdomTree,BTCW,WisdomTree Bitcoin Fund,BTC-USD,2026-02-23,68.19,400.0,0.25,0.9449,56.546,13.836,113.396,5.233
3210,BTCW,WisdomTree Bitcoin Fund,WisdomTree,BTCW,WisdomTree Bitcoin Fund,BTC-USD,2026-02-24,68.26,400.0,0.25,0.9438,56.477,13.812,110.189,5.202
3211,BTCW,WisdomTree Bitcoin Fund,WisdomTree,BTCW,WisdomTree Bitcoin Fund,BTC-USD,2026-02-25,73.27,400.0,0.25,0.9583,58.183,14.081,110.189,5.246
3212,BTCW,WisdomTree Bitcoin Fund,WisdomTree,BTCW,WisdomTree Bitcoin Fund,BTC-USD,2026-02-26,71.33,400.0,0.25,0.9586,58.31,14.653,104.074,5.734
3213,BTCW,WisdomTree Bitcoin Fund,WisdomTree,BTCW,WisdomTree Bitcoin Fund,BTC-USD,2026-02-27,69.47,400.0,0.25,0.9552,57.477,14.599,109.784,5.743
3214,BTCW,WisdomTree Bitcoin Fund,WisdomTree,BTCW,WisdomTree Bitcoin Fund,BTC-USD,2026-03-02,73.2,400.0,0.25,0.9554,56.998,14.7,109.784,5.717
3215,BTCW,WisdomTree Bitcoin Fund,WisdomTree,BTCW,WisdomTree Bitcoin Fund,BTC-USD,2026-03-03,72.27,400.0,0.25,0.9561,56.771,14.748,122.576,5.428
3216,BTCW,WisdomTree Bitcoin Fund,WisdomTree,BTCW,WisdomTree Bitcoin Fund,BTC-USD,2026-03-04,77.25,400.0,0.25,0.963,58.648,14.663,116.866,5.527
3217,BTCW,WisdomTree Bitcoin Fund,WisdomTree,BTCW,WisdomTree Bitcoin Fund,BTC-USD,2026-03-05,75.4,400.0,0.25,0.9608,58.441,14.618,116.866,5.375
3218,BTCW,WisdomTree Bitcoin Fund,WisdomTree,BTCW,WisdomTree Bitcoin Fund,BTC-USD,2026-03-06,72.09,400.0,0.25,0.9633,58.89,14.688,158.56,5.019
3219,BTCW,WisdomTree Bitcoin Fund,WisdomTree,BTCW,WisdomTree Bitcoin Fund,BTC-USD,2026-03-09,73.07,400.0,0.25,0.963,58.676,14.807,114.575,4.83
3220,BTCW,WisdomTree Bitcoin Fund,WisdomTree,BTCW,WisdomTree Bitcoin Fund,BTC-USD,2026-03-10,74.14,400.0,0.25,0.9609,58.811,14.869,154.672,4.099
3221,BTCW,WisdomTree Bitcoin Fund,WisdomTree,BTCW,WisdomTree Bitcoin Fund,BTC-USD,2026-03-11,74.79,400.0,0.25,0.963,58.871,14.649,152.778,4.09
3222,BTCW,WisdomTree Bitcoin Fund,WisdomTree,BTCW,WisdomTree Bitcoin Fund,BTC-USD,2026-03-12,74.55,400.0,0.25,0.9638,58.811,14.664,103.769,4.102
3223,BTCW,WisdomTree Bitcoin Fund,WisdomTree,BTCW,WisdomTree Bitcoin Fund,BTC-USD,2026-03-13,75.34,400.0,0.25,0.9596,58.041,14.561,103.769,4.175
3224,BTCW,WisdomTree Bitcoin Fund,WisdomTree,BTCW,WisdomTree Bitcoin Fund,BTC-USD,2026-03-16,78.32,400.0,0.25,0.9499,58.461,14.726,90.476,4.154
3225,BTCW,WisdomTree Bitcoin Fund,WisdomTree,BTCW,WisdomTree Bitcoin Fund,BTC-USD,2026-03-17,78.92,400.0,0.25,0.9473,58.395,15.268,92.989,3.984
3226,BTCW,WisdomTree Bitcoin Fund,WisdomTree,BTCW,WisdomTree Bitcoin Fund,BTC-USD,2026-03-18,75.2,400.0,0.25,0.9524,59.115,15.478,106.865,4.025
3227,BTCW,WisdomTree Bitcoin Fund,WisdomTree,BTCW,WisdomTree Bitcoin Fund,BTC-USD,2026-03-19,74.35,400.0,0.25,0.9482,58.573,15.483,98.312,4.016
3228,BTCW,WisdomTree Bitcoin Fund,WisdomTree,BTCW,WisdomTree Bitcoin Fund,BTC-USD,2026-03-20,74.28,400.0,0.25,0.9469,58.556,15.599,85.742,4.009
3229,BTCW,WisdomTree Bitcoin Fund,WisdomTree,BTCW,WisdomTree Bitcoin Fund,BTC-USD,2026-03-23,74.71,400.0,0.25,0.9474,58.582,15.576,94.669,3.888
3230,BTCW,WisdomTree Bitcoin Fund,WisdomTree,BTCW,WisdomTree Bitcoin Fund,BTC-USD,2026-03-24,73.29,400.0,0.25,0.9482,58.669,15.782,94.669,3.696
3231,BTCW,WisdomTree Bitcoin Fund,WisdomTree,BTCW,WisdomTree Bitcoin Fund,BTC-USD,2026-03-25,74.99,400.0,0.25,0.9504,58.913,15.942,101.92,3.612
3232,BTCW,WisdomTree Bitcoin Fund,WisdomTree,BTCW,WisdomTree Bitcoin Fund,BTC-USD,2026-03-26,72.51,400.0,0.25,0.9501,59.235,15.931,101.92,3.536
3233,BTCW,WisdomTree Bitcoin Fund,WisdomTree,BTCW,WisdomTree Bitcoin Fund,BTC-USD,2026-03-27,69.788,400.0,0.25,0.9525,59.582,15.914,100.865,3.031
3234,BTCW,WisdomTree Bitcoin Fund,WisdomTree,BTCW,WisdomTree Bitcoin Fund,BTC-USD,2026-03-30,70.34,400.0,0.25,0.9533,59.638,15.86,100.865,2.98
3235,BTCW,WisdomTree Bitcoin Fund,WisdomTree,BTCW,WisdomTree Bitcoin Fund,BTC-USD,2026-03-31,71.71,400.0,0.25,0.9527,59.516,15.867,103.286,2.985
3236,BTCW,WisdomTree Bitcoin Fund,WisdomTree,BTCW,WisdomTree Bitcoin Fund,BTC-USD,2026-04-01,72.069,400.0,0.25,0.9484,58.516,15.878,92.644,2.892
3237,BTCW,WisdomTree Bitcoin Fund,WisdomTree,BTCW,WisdomTree Bitcoin Fund,BTC-USD,2026-04-02,70.92,400.0,0.25,0.949,58.49,15.463,95.168,2.303
3238,BTCW,WisdomTree Bitcoin Fund,WisdomTree,BTCW,WisdomTree Bitcoin Fund,BTC-USD,2026-04-06,73.82,400.0,0.25,0.9563,59.175,15.522,95.168,2.361
3239,BTCW,WisdomTree Bitcoin Fund,WisdomTree,BTCW,WisdomTree Bitcoin Fund,BTC-USD,2026-04-07,73.013,400.0,0.25,0.9268,59.187,18.799,95.168,2.319
3240,BTCW,WisdomTree Bitcoin Fund,WisdomTree,BTCW,WisdomTree Bitcoin Fund,BTC-USD,2026-04-08,75.52,400.0,0.25,0.9229,59.705,20.937,130.13,2.197
3241,BTCW,WisdomTree Bitcoin Fund,WisdomTree,BTCW,WisdomTree Bitcoin Fund,BTC-USD,2026-04-09,76.38,400.0,0.25,0.9225,59.681,20.914,150.428,2.17
3242,BTCW,WisdomTree Bitcoin Fund,WisdomTree,BTCW,WisdomTree Bitcoin Fund,BTC-USD,2026-04-10,77.466,400.0,0.25,0.9272,59.332,20.726,141.772,2.045
3243,BTCW,WisdomTree Bitcoin Fund,WisdomTree,BTCW,WisdomTree Bitcoin Fund,BTC-USD,2026-04-13,77.65,400.0,0.25,0.9175,58.793,20.688,142.329,1.947
3244,BTCW,WisdomTree Bitcoin Fund,WisdomTree,BTCW,WisdomTree Bitcoin Fund,BTC-USD,2026-04-14,78.63,400.0,0.25,0.916,58.725,20.831,142.329,1.592
3245,BTCW,WisdomTree Bitcoin Fund,WisdomTree,BTCW,WisdomTree Bitcoin Fund,BTC-USD,2026-04-15,79.4,400.0,0.25,0.9162,58.772,20.819,145.27,1.532
3246,BTCW,WisdomTree Bitcoin Fund,WisdomTree,BTCW,WisdomTree Bitcoin Fund,BTC-USD,2026-04-16,79.79,400.0,0.25,0.9228,57.381,20.604,149.429,1.515
3247,BTCW,WisdomTree Bitcoin Fund,WisdomTree,BTCW,WisdomTree Bitcoin Fund,BTC-USD,2026-04-17,81.96,400.0,0.25,0.9247,57.671,20.583,149.362,1.871
3248,BTCW,WisdomTree Bitcoin Fund,WisdomTree,BTCW,WisdomTree Bitcoin Fund,BTC-USD,2026-04-20,80.8,400.0,0.25,0.9249,57.706,20.479,155.089,1.822
3249,BTCW,WisdomTree Bitcoin Fund,WisdomTree,BTCW,WisdomTree Bitcoin Fund,BTC-USD,2026-04-21,79.336,400.0,0.25,0.9222,57.789,21.075,165.204,1.817
3250,BTCW,WisdomTree Bitcoin Fund,WisdomTree,BTCW,WisdomTree Bitcoin Fund,BTC-USD,2026-04-22,83.5,400.0,0.25,0.9306,58.708,21.848,175.942,1.815
3251,BTCW,WisdomTree Bitcoin Fund,WisdomTree,BTCW,WisdomTree Bitcoin Fund,BTC-USD,2026-04-23,82.14,400.0,0.25,0.9284,58.618,22.052,165.204,1.842
3252,BTCW,WisdomTree Bitcoin Fund,WisdomTree,BTCW,WisdomTree Bitcoin Fund,BTC-USD,2026-04-24,82.106,400.0,0.25,0.9276,58.619,22.116,163.895,1.837
3253,BTCW,WisdomTree Bitcoin Fund,WisdomTree,BTCW,WisdomTree Bitcoin Fund,BTC-USD,2026-04-27,81.29,400.0,0.25,0.9225,57.521,22.18,160.394,1.888
3254,BTCW,WisdomTree Bitcoin Fund,WisdomTree,BTCW,WisdomTree Bitcoin Fund,BTC-USD,2026-04-28,80.75,400.0,0.25,0.9217,57.529,22.207,160.394,1.857
3255,BTCW,WisdomTree Bitcoin Fund,WisdomTree,BTCW,WisdomTree Bitcoin Fund,BTC-USD,2026-04-29,79.89,400.0,0.25,0.9136,55.722,22.204,158.603,1.873
3256,BTCW,WisdomTree Bitcoin Fund,WisdomTree,BTCW,WisdomTree Bitcoin Fund,BTC-USD,2026-04-30,80.85,400.0,0.25,0.9227,55.619,21.916,160.494,1.726
3257,BTCW,WisdomTree Bitcoin Fund,WisdomTree,BTCW,WisdomTree Bitcoin Fund,BTC-USD,2026-05-01,82.96,400.0,0.25,0.92,55.227,21.897,164.625,1.752
3258,BTCW,WisdomTree Bitcoin Fund,WisdomTree,BTCW,WisdomTree Bitcoin Fund,BTC-USD,2026-05-04,84.72,400.0,0.25,0.9151,46.65,21.879,160.494,1.872
3259,BTCW,WisdomTree Bitcoin Fund,WisdomTree,BTCW,WisdomTree Bitcoin Fund,BTC-USD,2026-05-05,86.37,400.0,0.25,0.9617,42.744,21.679,160.494,1.785
3260,BTCW,WisdomTree Bitcoin Fund,WisdomTree,BTCW,WisdomTree Bitcoin Fund,BTC-USD,2026-05-06,86.2,400.0,0.25,0.9649,42.719,21.48,152.783,1.781
3261,BTCW,WisdomTree Bitcoin Fund,WisdomTree,BTCW,WisdomTree Bitcoin Fund,BTC-USD,2026-05-07,84.79,400.0,0.25,0.958,42.404,21.356,143.899,1.8
3262,BTCW,WisdomTree Bitcoin Fund,WisdomTree,BTCW,WisdomTree Bitcoin Fund,BTC-USD,2026-05-08,84.727,400.0,0.25,0.964,42.181,21.328,122.945,1.771
3263,BTCW,WisdomTree Bitcoin Fund,WisdomTree,BTCW,WisdomTree Bitcoin Fund,BTC-USD,2026-05-11,86.71,400.0,0.25,0.9567,41.737,20.876,122.945,1.761
3264,BTCW,WisdomTree Bitcoin Fund,WisdomTree,BTCW,WisdomTree Bitcoin Fund,BTC-USD,2026-05-12,85.49,400.0,0.25,0.9418,40.718,20.688,135.786,1.753
3265,BTCW,WisdomTree Bitcoin Fund,WisdomTree,BTCW,WisdomTree Bitcoin Fund,BTC-USD,2026-05-13,84.22,400.0,0.25,0.945,40.719,20.674,135.786,1.756
3266,BTCW,WisdomTree Bitcoin Fund,WisdomTree,BTCW,WisdomTree Bitcoin Fund,BTC-USD,2026-05-14,86.17,400.0,0.25,0.941,40.557,20.601,132.845,1.75
3267,BTCW,WisdomTree Bitcoin Fund,WisdomTree,BTCW,WisdomTree Bitcoin Fund,BTC-USD,2026-05-15,83.66,400.0,0.25,0.9455,41.054,20.605,135.058,1.735
3268,BTCW,WisdomTree Bitcoin Fund,WisdomTree,BTCW,WisdomTree Bitcoin Fund,BTC-USD,2026-05-18,81.22,400.0,0.25,0.9515,41.563,20.581,221.819,1.225
3269,BTCW,WisdomTree Bitcoin Fund,WisdomTree,BTCW,WisdomTree Bitcoin Fund,BTC-USD,2026-05-19,81.13,400.0,0.25,0.9493,40.149,20.58,138.197,1.214
3270,BTCW,WisdomTree Bitcoin Fund,WisdomTree,BTCW,WisdomTree Bitcoin Fund,BTC-USD,2026-05-20,82.1,400.0,0.25,0.9532,40.189,20.51,128.034,1.208
3271,BTCW,WisdomTree Bitcoin Fund,WisdomTree,BTCW,WisdomTree Bitcoin Fund,BTC-USD,2026-05-21,82.126,400.0,0.25,0.9229,37.629,20.29,122.837,1.174
3272,BTCW,WisdomTree Bitcoin Fund,WisdomTree,BTCW,WisdomTree Bitcoin Fund,BTC-USD,2026-05-22,80.161,400.0,0.25,0.9156,37.547,19.878,122.837,1.108
3273,BTCW,WisdomTree Bitcoin Fund,WisdomTree,BTCW,WisdomTree Bitcoin Fund,BTC-USD,2026-05-26,80.26,400.0,0.25,0.9106,37.079,19.87,122.452,1.067
3274,BTCW,WisdomTree Bitcoin Fund,WisdomTree,BTCW,WisdomTree Bitcoin Fund,BTC-USD,2026-05-27,79.28,400.0,0.25,0.8859,35.704,19.765,215.873,0.972
3275,BTCW,WisdomTree Bitcoin Fund,WisdomTree,BTCW,WisdomTree Bitcoin Fund,BTC-USD,2026-05-28,77.52,400.0,0.25,0.8897,35.922,19.901,215.873,0.99
3276,BTCW,WisdomTree Bitcoin Fund,WisdomTree,BTCW,WisdomTree Bitcoin Fund,BTC-USD,2026-05-29,77.58,400.0,0.25,0.8595,33.23,19.866,220.433,1.041
3277,BTCW,WisdomTree Bitcoin Fund,WisdomTree,BTCW,WisdomTree Bitcoin Fund,BTC-USD,2026-06-01,75.55,400.0,0.25,0.86,33.304,19.869,220.255,1.056
3278,BTCW,WisdomTree Bitcoin Fund,WisdomTree,BTCW,WisdomTree Bitcoin Fund,BTC-USD,2026-06-02,71.01,400.0,0.25,0.8542,34.453,19.836,321.263,1.027
3279,BTCW,WisdomTree Bitcoin Fund,WisdomTree,BTCW,WisdomTree Bitcoin Fund,BTC-USD,2026-06-03,69.15,400.0,0.25,0.8398,34.746,19.802,321.263,0.975
3280,BTCW,WisdomTree Bitcoin Fund,WisdomTree,BTCW,WisdomTree Bitcoin Fund,BTC-USD,2026-06-04,67.21,400.0,0.25,0.845,35.045,20.443,321.497,0.778
3281,BTCW,WisdomTree Bitcoin Fund,WisdomTree,BTCW,WisdomTree Bitcoin Fund,BTC-USD,2026-06-05,63.691,400.0,0.25,0.8659,36.564,20.594,320.4,0.865
3282,BTCW,WisdomTree Bitcoin Fund,WisdomTree,BTCW,WisdomTree Bitcoin Fund,BTC-USD,2026-06-08,67.01,400.0,0.25,0.8931,38.17,20.963,326.966,0.842
3283,BTCW,WisdomTree Bitcoin Fund,WisdomTree,BTCW,WisdomTree Bitcoin Fund,BTC-USD,2026-06-09,65.64,400.0,0.25,0.8916,38.276,20.943,323.276,0.891
3284,BTCW,WisdomTree Bitcoin Fund,WisdomTree,BTCW,WisdomTree Bitcoin Fund,BTC-USD,2026-06-10,65.46,400.0,0.25,0.9095,37.305,20.803,316.709,0.926
3285,BTCW,WisdomTree Bitcoin Fund,WisdomTree,BTCW,WisdomTree Bitcoin Fund,BTC-USD,2026-06-11,67.19,400.0,0.25,0.9104,37.719,20.411,323.276,0.926
3286,BTCW,WisdomTree Bitcoin Fund,WisdomTree,BTCW,WisdomTree Bitcoin Fund,BTC-USD,2026-06-12,67.24,400.0,0.25,0.8921,36.506,20.243,323.276,0.888
3287,BTCW,WisdomTree Bitcoin Fund,WisdomTree,BTCW,WisdomTree Bitcoin Fund,BTC-USD,2026-06-15,70.43,400.0,0.25,0.9088,37.759,20.265,323.276,0.876
3288,BTCW,WisdomTree Bitcoin Fund,WisdomTree,BTCW,WisdomTree Bitcoin Fund,BTC-USD,2026-06-16,69.43,400.0,0.25,0.9133,37.859,20.202,323.276,0.867
3289,BTCW,WisdomTree Bitcoin Fund,WisdomTree,BTCW,WisdomTree Bitcoin Fund,BTC-USD,2026-06-17,67.93,400.0,0.25,0.9161,38.067,20.227,317.28,0.898
3290,BTCW,WisdomTree Bitcoin Fund,WisdomTree,BTCW,WisdomTree Bitcoin Fund,BTC-USD,2026-06-18,66.55,400.0,0.25,0.9132,38.094,20.031,314.141,1.321
3291,BTCW,WisdomTree Bitcoin Fund,WisdomTree,BTCW,WisdomTree Bitcoin Fund,BTC-USD,2026-06-22,68.06,400.0,0.25,0.9121,38.08,19.924,320.708,1.316
3292,BTCW,WisdomTree Bitcoin Fund,WisdomTree,BTCW,WisdomTree Bitcoin Fund,BTC-USD,2026-06-23,65.82,400.0,0.25,0.9208,38.074,20.148,342.238,1.317
3293,BTCW,WisdomTree Bitcoin Fund,WisdomTree,BTCW,WisdomTree Bitcoin Fund,BTC-USD,2026-06-24,63.24,400.0,0.25,0.9286,38.147,20.355,342.238,1.346
3294,BTCW,WisdomTree Bitcoin Fund,WisdomTree,BTCW,WisdomTree Bitcoin Fund,BTC-USD,2026-06-25,62.58,400.0,0.25,0.9214,38.137,20.438,346.12,1.395
3295,BTCW,WisdomTree Bitcoin Fund,WisdomTree,BTCW,WisdomTree Bitcoin Fund,BTC-USD,2026-06-26,63.03,400.0,0.25,0.9235,37.929,20.443,327.114,1.4
3296,BTCW,WisdomTree Bitcoin Fund,WisdomTree,BTCW,WisdomTree Bitcoin Fund,BTC-USD,2026-06-29,63.76,400.0,0.25,0.925,38.005,20.489,247.509,1.409
3297,BTCW,WisdomTree Bitcoin Fund,WisdomTree,BTCW,WisdomTree Bitcoin Fund,BTC-USD,2026-06-30,62.0,400.0,0.25,0.9279,38.27,20.496,331.211,1.332
3298,BTCW,WisdomTree Bitcoin Fund,WisdomTree,BTCW,WisdomTree Bitcoin Fund,BTC-USD,2026-07-01,63.39,400.0,0.25,0.9129,37.595,20.324,331.211,1.334
3299,BTCW,WisdomTree Bitcoin Fund,WisdomTree,BTCW,WisdomTree Bitcoin Fund,BTC-USD,2026-07-02,64.9,400.0,0.25,1.0022,37.928,17.334,331.211,1.316
3300,BTCW,WisdomTree Bitcoin Fund,WisdomTree,BTCW,WisdomTree Bitcoin Fund,BTC-USD,2026-07-06,67.23,400.0,0.25,1.0093,37.99,14.728,331.211,1.71
3301,BTCW,WisdomTree Bitcoin Fund,WisdomTree,BTCW,WisdomTree Bitcoin Fund,BTC-USD,2026-07-07,67.43,400.0,0.25,1.0039,37.904,15.012,242.743,1.848
3302,BTCW,WisdomTree Bitcoin Fund,WisdomTree,BTCW,WisdomTree Bitcoin Fund,BTC-USD,2026-07-08,65.69,400.0,0.25,1.0105,38.067,15.123,242.743,1.819
3303,BTCW,WisdomTree Bitcoin Fund,WisdomTree,BTCW,WisdomTree Bitcoin Fund,BTC-USD,2026-07-09,66.77,400.0,0.25,1.0263,38.253,14.762,242.743,1.764
3304,BTCW,WisdomTree Bitcoin Fund,WisdomTree,BTCW,WisdomTree Bitcoin Fund,BTC-USD,2026-07-10,67.485,400.0,0.25,1.0245,38.224,14.375,242.743,1.737
3305,BTCW,WisdomTree Bitcoin Fund,WisdomTree,BTCW,WisdomTree Bitcoin Fund,BTC-USD,2026-07-13,65.68,400.0,0.25,1.0207,38.463,14.388,242.743,1.807
3306,BTCW,WisdomTree Bitcoin Fund,WisdomTree,BTCW,WisdomTree Bitcoin Fund,BTC-USD,2026-07-14,68.21,400.0,0.25,1.0122,39.338,14.42,242.743,1.828
3307,BTCW,WisdomTree Bitcoin Fund,WisdomTree,BTCW,WisdomTree Bitcoin Fund,BTC-USD,2026-07-15,68.604,400.0,0.25,1.0112,38.899,14.556,242.743,1.835
3308,BTCW,WisdomTree Bitcoin Fund,WisdomTree,BTCW,WisdomTree Bitcoin Fund,BTC-USD,2026-07-16,67.86,400.0,0.25,1.0109,38.864,14.578,191.359,1.854
3309,BTCW,WisdomTree Bitcoin Fund,WisdomTree,BTCW,WisdomTree Bitcoin Fund,BTC-USD,2026-07-17,67.774,400.0,0.25,1.018,38.732,13.738,178.875,1.876
3310,BTCW,WisdomTree Bitcoin Fund,WisdomTree,BTCW,WisdomTree Bitcoin Fund,BTC-USD,2026-07-20,68.81,400.0,0.25,0.9893,37.273,12.367,178.304,1.882
3311,BTCW,WisdomTree Bitcoin Fund,WisdomTree,BTCW,WisdomTree Bitcoin Fund,BTC-USD,2026-07-21,70.21,400.0,0.25,0.9922,37.473,11.886,190.788,1.499
3312,BTCW,WisdomTree Bitcoin Fund,WisdomTree,BTCW,WisdomTree Bitcoin Fund,BTC-USD,2026-07-22,69.64,400.0,0.25,0.995,37.487,11.715,178.304,1.52
3313,BTCW,WisdomTree Bitcoin Fund,WisdomTree,BTCW,WisdomTree Bitcoin Fund,BTC-USD,2026-07-23,68.45,400.0,0.25,0.9959,37.576,11.588,167.031,1.574
3314,BTCW,WisdomTree Bitcoin Fund,WisdomTree,BTCW,WisdomTree Bitcoin Fund,BTC-USD,2026-07-24,67.736,400.0,0.25,0.9965,37.6,11.56,167.031,1.561
3315,BTCW,WisdomTree Bitcoin Fund,WisdomTree,BTCW,WisdomTree Bitcoin Fund,BTC-USD,2026-07-27,68.61,400.0,0.25,0.9942,37.702,12.187,171.984,1.505
3316,BTCW,WisdomTree Bitcoin Fund,WisdomTree,BTCW,WisdomTree Bitcoin Fund,BTC-USD,2026-07-28,67.39,400.0,0.25,0.9892,37.709,12.8,154.5,1.611
3317,BTCW,WisdomTree Bitcoin Fund,WisdomTree,BTCW,WisdomTree Bitcoin Fund,BTC-USD,2026-07-29,67.1,400.0,0.25,0.9868,37.228,12.802,129.465,1.603
3318,BTCW,WisdomTree Bitcoin Fund,WisdomTree,BTCW,WisdomTree Bitcoin Fund,BTC-USD,2026-07-30,68.44,400.0,0.25,0.9904,37.195,12.894,129.465,1.585
3319,BTCW,WisdomTree Bitcoin Fund,WisdomTree,BTCW,WisdomTree Bitcoin Fund,BTC-USD,2026-07-31,66.42,400.0,0.25,0.987,37.272,12.816,125.737,1.71
3320,BTCW,WisdomTree Bitcoin Fund,WisdomTree,BTCW,WisdomTree Bitcoin Fund,BTC-USD,2026-08-03,67.43,400.0,0.25,0.9923,37.483,12.779,130.664,1.736
3321,BTCW,WisdomTree Bitcoin Fund,WisdomTree,BTCW,WisdomTree Bitcoin Fund,BTC-USD,2026-08-04,67.82,400.0,0.25,0.9911,37.446,12.792,130.664,1.283
3322,BTCW,WisdomTree Bitcoin Fund,WisdomTree,BTCW,WisdomTree Bitcoin Fund,BTC-USD,2026-08-05,68.43,400.0,0.25,0.992,37.531,12.786,129.579,1.298
3323,BTCW,WisdomTree Bitcoin Fund,WisdomTree,BTCW,WisdomTree Bitcoin Fund,BTC-USD,2026-08-06,68.09,400.0,0.25,0.9886,37.117,12.736,119.021,1.501
3324,BTCW,WisdomTree Bitcoin Fund,WisdomTree,BTCW,WisdomTree Bitcoin Fund,BTC-USD,2026-08-07,68.66,400.0,0.25,0.9886,37.141,12.735,119.021,1.509
3325,BTCW,WisdomTree Bitcoin Fund,WisdomTree,BTCW,WisdomTree Bitcoin Fund,BTC-USD,2026-08-10,67.54,400.0,0.25,0.9892,37.162,12.736,114.924,1.598
3326,BTCW,WisdomTree Bitcoin Fund,WisdomTree,BTCW,WisdomTree Bitcoin Fund,BTC-USD,2026-08-11,67.06,400.0,0.25,0.9882,36.752,12.725,103.988,1.519
3327,BTCW,WisdomTree Bitcoin Fund,WisdomTree,BTCW,WisdomTree Bitcoin Fund,BTC-USD,2026-08-12,66.93,400.0,0.25,0.9846,36.371,12.677,100.288,1.505
3328,BTCW,WisdomTree Bitcoin Fund,WisdomTree,BTCW,WisdomTree Bitcoin Fund,BTC-USD,2026-08-13,66.89,400.0,0.25,0.9821,35.973,12.659,101.427,1.474
3329,BTCW,WisdomTree Bitcoin Fund,WisdomTree,BTCW,WisdomTree Bitcoin Fund,BTC-USD,2026-08-14,66.47,400.0,0.25,0.982,35.976,12.654,101.427,1.447
3330,BTCW,WisdomTree Bitcoin Fund,WisdomTree,BTCW,WisdomTree Bitcoin Fund,BTC-USD,2026-08-17,67.92,400.0,0.25,0.9789,36.205,12.633,106.533,1.425
3331,BTCW,WisdomTree Bitcoin Fund,WisdomTree,BTCW,WisdomTree Bitcoin Fund,BTC-USD,2026-08-18,68.265,400.0,0.25,0.9795,36.238,12.649,121.565,1.364
3332,BTCW,WisdomTree Bitcoin Fund,WisdomTree,BTCW,WisdomTree Bitcoin Fund,BTC-USD,2026-08-19,72.35,400.0,0.25,0.9623,38.069,12.732,121.565,1.342
3333,BTCW,WisdomTree Bitcoin Fund,WisdomTree,BTCW,WisdomTree Bitcoin Fund,BTC-USD,2026-08-20,76.86,400.0,0.25,0.9775,40.143,12.87,131.879,1.335
3334,BTCW,WisdomTree Bitcoin Fund,WisdomTree,BTCW,WisdomTree Bitcoin Fund,BTC-USD,2026-08-21,81.447,400.0,0.25,0.9632,41.826,12.944,131.879,1.319
3335,BTCW,WisdomTree Bitcoin Fund,WisdomTree,BTCW,WisdomTree Bitcoin Fund,BTC-USD,2026-08-24,83.23,400.0,0.25,0.9621,41.771,13.048,131.879,1.373
3336,BTCW,WisdomTree Bitcoin Fund,WisdomTree,BTCW,WisdomTree Bitcoin Fund,BTC-USD,2026-08-25,83.4,400.0,0.25,0.9613,41.771,13.118,111.117,1.502
3337,BTCW,WisdomTree Bitcoin Fund,WisdomTree,BTCW,WisdomTree Bitcoin Fund,BTC-USD,2026-08-26,82.97,400.0,0.25,0.9606,41.393,13.29,136.464,1.393
3338,BTCW,WisdomTree Bitcoin Fund,WisdomTree,BTCW,WisdomTree Bitcoin Fund,BTC-USD,2026-08-27,84.46,400.0,0.25,0.9671,39.341,13.325,143.23,1.414
3339,EZBC,Franklin Bitcoin ETF,Franklin Templeton,EZBC,Franklin Bitcoin ETF,BTC-USD,2025-03-07,50.36,500.0,0.19,1.0193,46.036,19.055,93.987,22.691
3340,EZBC,Franklin Bitcoin ETF,Franklin Templeton,EZBC,Franklin Bitcoin ETF,BTC-USD,2025-03-10,45.76,500.0,0.19,0.9953,48.735,17.957,85.942,23.516
3341,EZBC,Franklin Bitcoin ETF,Franklin Templeton,EZBC,Franklin Bitcoin ETF,BTC-USD,2025-03-11,48.16,500.0,0.19,0.9935,49.982,17.844,85.964,25.705
3342,EZBC,Franklin Bitcoin ETF,Franklin Templeton,EZBC,Franklin Bitcoin ETF,BTC-USD,2025-03-12,48.03,500.0,0.19,0.9855,48.777,17.97,95.041,24.239
3343,EZBC,Franklin Bitcoin ETF,Franklin Templeton,EZBC,Franklin Bitcoin ETF,BTC-USD,2025-03-13,46.41,500.0,0.19,0.9864,49.148,17.968,102.21,24.353
3344,EZBC,Franklin Bitcoin ETF,Franklin Templeton,EZBC,Franklin Bitcoin ETF,BTC-USD,2025-03-14,49.01,500.0,0.19,1.0003,50.413,18.394,92.069,23.398
3345,EZBC,Franklin Bitcoin ETF,Franklin Templeton,EZBC,Franklin Bitcoin ETF,BTC-USD,2025-03-17,48.99,500.0,0.19,1.0048,49.635,18.395,97.917,23.46
3346,EZBC,Franklin Bitcoin ETF,Franklin Templeton,EZBC,Franklin Bitcoin ETF,BTC-USD,2025-03-18,47.66,500.0,0.19,1.0068,49.804,18.469,97.917,23.739
3347,EZBC,Franklin Bitcoin ETF,Franklin Templeton,EZBC,Franklin Bitcoin ETF,BTC-USD,2025-03-19,49.52,500.0,0.19,0.9973,49.263,18.575,97.917,23.14
3348,EZBC,Franklin Bitcoin ETF,Franklin Templeton,EZBC,Franklin Bitcoin ETF,BTC-USD,2025-03-20,48.75,500.0,0.19,0.9791,48.564,18.366,107.231,23.224
3349,EZBC,Franklin Bitcoin ETF,Franklin Templeton,EZBC,Franklin Bitcoin ETF,BTC-USD,2025-03-21,48.63,500.0,0.19,0.9793,48.562,18.359,106.811,23.17
3350,EZBC,Franklin Bitcoin ETF,Franklin Templeton,EZBC,Franklin Bitcoin ETF,BTC-USD,2025-03-24,51.16,500.0,0.19,0.9876,49.338,18.479,102.317,22.463
3351,EZBC,Franklin Bitcoin ETF,Franklin Templeton,EZBC,Franklin Bitcoin ETF,BTC-USD,2025-03-25,51.1,500.0,0.19,0.9717,47.737,18.048,106.422,22.367
3352,EZBC,Franklin Bitcoin ETF,Franklin Templeton,EZBC,Franklin Bitcoin ETF,BTC-USD,2025-03-26,50.2,500.0,0.19,0.969,47.346,18.15,106.984,16.984
3353,EZBC,Franklin Bitcoin ETF,Franklin Templeton,EZBC,Franklin Bitcoin ETF,BTC-USD,2025-03-27,50.48,500.0,0.19,0.9706,47.313,18.139,113.652,16.171
3354,EZBC,Franklin Bitcoin ETF,Franklin Templeton,EZBC,Franklin Bitcoin ETF,BTC-USD,2025-03-28,48.55,500.0,0.19,0.9799,47.938,17.91,107.674,14.582
3355,EZBC,Franklin Bitcoin ETF,Franklin Templeton,EZBC,Franklin Bitcoin ETF,BTC-USD,2025-03-31,47.76,500.0,0.19,0.9815,48.008,17.596,105.134,14.379
3356,EZBC,Franklin Bitcoin ETF,Franklin Templeton,EZBC,Franklin Bitcoin ETF,BTC-USD,2025-04-01,49.25,500.0,0.19,0.9773,47.663,17.55,105.134,14.528
3357,EZBC,Franklin Bitcoin ETF,Franklin Templeton,EZBC,Franklin Bitcoin ETF,BTC-USD,2025-04-02,50.4,500.0,0.19,0.945,47.87,20.683,105.134,13.249
3358,EZBC,Franklin Bitcoin ETF,Franklin Templeton,EZBC,Franklin Bitcoin ETF,BTC-USD,2025-04-03,47.44,500.0,0.19,0.9287,48.575,24.971,106.622,11.978
3359,EZBC,Franklin Bitcoin ETF,Franklin Templeton,EZBC,Franklin Bitcoin ETF,BTC-USD,2025-04-04,48.65,500.0,0.19,0.9218,47.542,25.153,95.668,12.5
3360,EZBC,Franklin Bitcoin ETF,Franklin Templeton,EZBC,Franklin Bitcoin ETF,BTC-USD,2025-04-07,45.23,500.0,0.19,0.9425,49.473,25.434,85.12,12.477
3361,EZBC,Franklin Bitcoin ETF,Franklin Templeton,EZBC,Franklin Bitcoin ETF,BTC-USD,2025-04-08,44.43,500.0,0.19,0.9294,49.505,25.575,102.531,12.066
3362,EZBC,Franklin Bitcoin ETF,Franklin Templeton,EZBC,Franklin Bitcoin ETF,BTC-USD,2025-04-09,47.74,500.0,0.19,0.9269,51.819,25.486,100.791,10.121
3363,EZBC,Franklin Bitcoin ETF,Franklin Templeton,EZBC,Franklin Bitcoin ETF,BTC-USD,2025-04-10,46.05,500.0,0.19,0.9237,51.834,25.413,102.944,10.462
3364,EZBC,Franklin Bitcoin ETF,Franklin Templeton,EZBC,Franklin Bitcoin ETF,BTC-USD,2025-04-11,48.57,500.0,0.19,0.9365,52.613,25.46,95.774,10.567
3365,EZBC,Franklin Bitcoin ETF,Franklin Templeton,EZBC,Franklin Bitcoin ETF,BTC-USD,2025-04-14,49.2,500.0,0.19,0.9377,52.67,25.28,94.987,10.455
3366,EZBC,Franklin Bitcoin ETF,Franklin Templeton,EZBC,Franklin Bitcoin ETF,BTC-USD,2025-04-15,48.7,500.0,0.19,0.9368,51.775,25.28,95.322,10.187
3367,EZBC,Franklin Bitcoin ETF,Franklin Templeton,EZBC,Franklin Bitcoin ETF,BTC-USD,2025-04-16,48.88,500.0,0.19,0.9377,51.692,25.272,98.424,9.95
3368,EZBC,Franklin Bitcoin ETF,Franklin Templeton,EZBC,Franklin Bitcoin ETF,BTC-USD,2025-04-17,49.19,500.0,0.19,0.9386,51.648,25.262,104.656,9.835
3369,EZBC,Franklin Bitcoin ETF,Franklin Templeton,EZBC,Franklin Bitcoin ETF,BTC-USD,2025-04-21,50.67,500.0,0.19,0.9407,52.076,25.146,92.96,10.168
3370,EZBC,Franklin Bitcoin ETF,Franklin Templeton,EZBC,Franklin Bitcoin ETF,BTC-USD,2025-04-22,53.07,500.0,0.19,0.9224,52.939,25.284,92.96,11.092
3371,EZBC,Franklin Bitcoin ETF,Franklin Templeton,EZBC,Franklin Bitcoin ETF,BTC-USD,2025-04-23,54.22,500.0,0.19,0.9201,52.752,25.529,92.96,11.12
3372,EZBC,Franklin Bitcoin ETF,Franklin Templeton,EZBC,Franklin Bitcoin ETF,BTC-USD,2025-04-24,54.25,500.0,0.19,0.9206,52.753,25.506,91.363,11.108
3373,EZBC,Franklin Bitcoin ETF,Franklin Templeton,EZBC,Franklin Bitcoin ETF,BTC-USD,2025-04-25,55.31,500.0,0.19,0.919,52.539,25.575,91.363,11.276
3374,EZBC,Franklin Bitcoin ETF,Franklin Templeton,EZBC,Franklin Bitcoin ETF,BTC-USD,2025-04-28,54.91,500.0,0.19,0.9187,52.523,25.65,85.831,11.42
3375,EZBC,Franklin Bitcoin ETF,Franklin Templeton,EZBC,Franklin Bitcoin ETF,BTC-USD,2025-04-29,55.25,500.0,0.19,0.9129,52.136,25.669,85.831,11.24
3376,EZBC,Franklin Bitcoin ETF,Franklin Templeton,EZBC,Franklin Bitcoin ETF,BTC-USD,2025-04-30,54.53,500.0,0.19,0.9136,52.194,25.771,85.568,11.268
3377,EZBC,Franklin Bitcoin ETF,Franklin Templeton,EZBC,Franklin Bitcoin ETF,BTC-USD,2025-05-01,55.94,500.0,0.19,0.92,52.241,25.717,86.128,10.551
3378,EZBC,Franklin Bitcoin ETF,Franklin Templeton,EZBC,Franklin Bitcoin ETF,BTC-USD,2025-05-02,56.17,500.0,0.19,0.9195,52.171,25.714,86.128,10.383
3379,EZBC,Franklin Bitcoin ETF,Franklin Templeton,EZBC,Franklin Bitcoin ETF,BTC-USD,2025-05-05,54.65,500.0,0.19,0.9221,52.467,25.74,86.128,10.365
3380,EZBC,Franklin Bitcoin ETF,Franklin Templeton,EZBC,Franklin Bitcoin ETF,BTC-USD,2025-05-06,55.0,500.0,0.19,0.917,52.415,25.751,90.925,9.752
3381,EZBC,Franklin Bitcoin ETF,Franklin Templeton,EZBC,Franklin Bitcoin ETF,BTC-USD,2025-05-07,55.73,500.0,0.19,0.9161,52.37,25.803,90.925,8.832
3382,EZBC,Franklin Bitcoin ETF,Franklin Templeton,EZBC,Franklin Bitcoin ETF,BTC-USD,2025-05-08,58.71,500.0,0.19,0.9096,53.237,25.796,72.324,8.462
3383,EZBC,Franklin Bitcoin ETF,Franklin Templeton,EZBC,Franklin Bitcoin ETF,BTC-USD,2025-05-09,59.82,500.0,0.19,0.9088,53.235,26.141,63.171,8.162
3384,EZBC,Franklin Bitcoin ETF,Franklin Templeton,EZBC,Franklin Bitcoin ETF,BTC-USD,2025-05-12,58.99,500.0,0.19,0.9102,53.293,26.257,53.511,7.827
3385,EZBC,Franklin Bitcoin ETF,Franklin Templeton,EZBC,Franklin Bitcoin ETF,BTC-USD,2025-05-13,60.75,500.0,0.19,0.9133,53.574,26.492,53.511,7.34
3386,EZBC,Franklin Bitcoin ETF,Franklin Templeton,EZBC,Franklin Bitcoin ETF,BTC-USD,2025-05-14,59.86,500.0,0.19,0.9089,53.18,26.423,55.382,7.23
3387,EZBC,Franklin Bitcoin ETF,Franklin Templeton,EZBC,Franklin Bitcoin ETF,BTC-USD,2025-05-15,59.79,500.0,0.19,0.9069,53.012,26.355,50.072,7.214
3388,EZBC,Franklin Bitcoin ETF,Franklin Templeton,EZBC,Franklin Bitcoin ETF,BTC-USD,2025-05-16,60.32,500.0,0.19,0.9041,52.829,26.425,46.97,7.11
3389,EZBC,Franklin Bitcoin ETF,Franklin Templeton,EZBC,Franklin Bitcoin ETF,BTC-USD,2025-05-19,61.14,500.0,0.19,0.8951,52.234,26.255,42.108,7.208
3390,EZBC,Franklin Bitcoin ETF,Franklin Templeton,EZBC,Franklin Bitcoin ETF,BTC-USD,2025-05-20,62.1,500.0,0.19,0.9298,52.27,24.801,44.439,6.782
3391,EZBC,Franklin Bitcoin ETF,Franklin Templeton,EZBC,Franklin Bitcoin ETF,BTC-USD,2025-05-21,62.98,500.0,0.19,0.9036,50.395,23.866,44.439,6.012
3392,EZBC,Franklin Bitcoin ETF,Franklin Templeton,EZBC,Franklin Bitcoin ETF,BTC-USD,2025-05-22,64.45,500.0,0.19,0.9062,49.543,23.853,44.439,5.927
3393,EZBC,Franklin Bitcoin ETF,Franklin Templeton,EZBC,Franklin Bitcoin ETF,BTC-USD,2025-05-23,62.98,500.0,0.19,0.8962,49.768,23.766,42.007,5.985
3394,EZBC,Franklin Bitcoin ETF,Franklin Templeton,EZBC,Franklin Bitcoin ETF,BTC-USD,2025-05-27,63.74,500.0,0.19,0.8973,49.782,23.627,46.082,5.742
3395,EZBC,Franklin Bitcoin ETF,Franklin Templeton,EZBC,Franklin Bitcoin ETF,BTC-USD,2025-05-28,61.96,500.0,0.19,0.9013,50.087,23.94,46.625,5.766
3396,EZBC,Franklin Bitcoin ETF,Franklin Templeton,EZBC,Franklin Bitcoin ETF,BTC-USD,2025-05-29,61.27,500.0,0.19,0.8988,50.16,23.967,46.236,6.196
3397,EZBC,Franklin Bitcoin ETF,Franklin Templeton,EZBC,Franklin Bitcoin ETF,BTC-USD,2025-05-30,60.57,500.0,0.19,0.8945,49.648,23.97,46.236,6.055
3398,EZBC,Franklin Bitcoin ETF,Franklin Templeton,EZBC,Franklin Bitcoin ETF,BTC-USD,2025-06-02,60.54,500.0,0.19,0.8881,49.501,24.148,44.501,5.85
3399,EZBC,Franklin Bitcoin ETF,Franklin Templeton,EZBC,Franklin Bitcoin ETF,BTC-USD,2025-06-03,61.59,500.0,0.19,0.8912,49.274,24.377,50.255,5.537
3400,EZBC,Franklin Bitcoin ETF,Franklin Templeton,EZBC,Franklin Bitcoin ETF,BTC-USD,2025-06-04,60.82,500.0,0.19,0.8748,44.878,24.414,50.255,5.24
3401,EZBC,Franklin Bitcoin ETF,Franklin Templeton,EZBC,Franklin Bitcoin ETF,BTC-USD,2025-06-05,59.02,500.0,0.19,0.8735,44.375,24.419,52.081,5.253
3402,EZBC,Franklin Bitcoin ETF,Franklin Templeton,EZBC,Franklin Bitcoin ETF,BTC-USD,2025-06-06,60.43,500.0,0.19,0.875,44.548,24.267,55.003,5.207
3403,EZBC,Franklin Bitcoin ETF,Franklin Templeton,EZBC,Franklin Bitcoin ETF,BTC-USD,2025-06-09,62.99,500.0,0.19,0.861,44.485,24.294,55.003,4.95
3404,EZBC,Franklin Bitcoin ETF,Franklin Templeton,EZBC,Franklin Bitcoin ETF,BTC-USD,2025-06-10,63.49,500.0,0.19,0.8434,43.283,24.029,55.003,4.765
3405,EZBC,Franklin Bitcoin ETF,Franklin Templeton,EZBC,Franklin Bitcoin ETF,BTC-USD,2025-06-11,63.05,500.0,0.19,0.8412,43.334,24.047,60.067,4.527
3406,EZBC,Franklin Bitcoin ETF,Franklin Templeton,EZBC,Franklin Bitcoin ETF,BTC-USD,2025-06-12,61.83,500.0,0.19,0.8335,43.115,23.93,60.067,4.523
3407,EZBC,Franklin Bitcoin ETF,Franklin Templeton,EZBC,Franklin Bitcoin ETF,BTC-USD,2025-06-13,60.94,500.0,0.19,0.8378,42.695,24.061,58.197,4.554
3408,EZBC,Franklin Bitcoin ETF,Franklin Templeton,EZBC,Franklin Bitcoin ETF,BTC-USD,2025-06-16,63.02,500.0,0.19,0.8483,42.944,24.535,56.239,4.493
3409,EZBC,Franklin Bitcoin ETF,Franklin Templeton,EZBC,Franklin Bitcoin ETF,BTC-USD,2025-06-17,60.68,500.0,0.19,0.8606,43.785,24.893,60.447,4.468
3410,EZBC,Franklin Bitcoin ETF,Franklin Templeton,EZBC,Franklin Bitcoin ETF,BTC-USD,2025-06-18,60.18,500.0,0.19,0.8462,42.735,24.891,64.366,4.393
3411,EZBC,Franklin Bitcoin ETF,Franklin Templeton,EZBC,Franklin Bitcoin ETF,BTC-USD,2025-06-20,59.77,500.0,0.19,0.8435,42.773,24.92,68.635,4.483
3412,EZBC,Franklin Bitcoin ETF,Franklin Templeton,EZBC,Franklin Bitcoin ETF,BTC-USD,2025-06-23,59.78,500.0,0.19,0.832,42.565,25.083,68.635,4.383
3413,EZBC,Franklin Bitcoin ETF,Franklin Templeton,EZBC,Franklin Bitcoin ETF,BTC-USD,2025-06-24,61.26,500.0,0.19,0.8326,42.791,25.439,68.635,4.29
3414,EZBC,Franklin Bitcoin ETF,Franklin Templeton,EZBC,Franklin Bitcoin ETF,BTC-USD,2025-06-25,62.47,500.0,0.19,0.823,41.999,25.465,72.542,4.133
3415,EZBC,Franklin Bitcoin ETF,Franklin Templeton,EZBC,Franklin Bitcoin ETF,BTC-USD,2025-06-26,62.35,500.0,0.19,0.8233,41.8,25.45,74.93,4.081
3416,EZBC,Franklin Bitcoin ETF,Franklin Templeton,EZBC,Franklin Bitcoin ETF,BTC-USD,2025-06-27,61.91,500.0,0.19,0.8209,41.502,25.51,68.965,4.102
3417,EZBC,Franklin Bitcoin ETF,Franklin Templeton,EZBC,Franklin Bitcoin ETF,BTC-USD,2025-06-30,62.42,500.0,0.19,0.8688,41.319,23.058,70.898,3.79
3418,EZBC,Franklin Bitcoin ETF,Franklin Templeton,EZBC,Franklin Bitcoin ETF,BTC-USD,2025-07-01,60.98,500.0,0.19,0.8805,39.519,18.514,79.889,3.796
3419,EZBC,Franklin Bitcoin ETF,Franklin Templeton,EZBC,Franklin Bitcoin ETF,BTC-USD,2025-07-02,63.59,500.0,0.19,0.8888,40.043,18.467,77.55,4.339
3420,EZBC,Franklin Bitcoin ETF,Franklin Templeton,EZBC,Franklin Bitcoin ETF,BTC-USD,2025-07-03,63.37,500.0,0.19,0.8453,36.703,18.112,68.558,4.434
3421,EZBC,Franklin Bitcoin ETF,Franklin Templeton,EZBC,Franklin Bitcoin ETF,BTC-USD,2025-07-07,62.59,500.0,0.19,0.8654,36.571,17.77,59.108,4.565
3422,EZBC,Franklin Bitcoin ETF,Franklin Templeton,EZBC,Franklin Bitcoin ETF,BTC-USD,2025-07-08,63.03,500.0,0.19,0.8584,33.877,17.767,55.512,4.562
3423,EZBC,Franklin Bitcoin ETF,Franklin Templeton,EZBC,Franklin Bitcoin ETF,BTC-USD,2025-07-09,64.81,500.0,0.19,0.8547,33.123,17.852,52.719,4.708
3424,EZBC,Franklin Bitcoin ETF,Franklin Templeton,EZBC,Franklin Bitcoin ETF,BTC-USD,2025-07-10,65.73,500.0,0.19,0.8019,31.66,18.179,52.683,4.753
3425,EZBC,Franklin Bitcoin ETF,Franklin Templeton,EZBC,Franklin Bitcoin ETF,BTC-USD,2025-07-11,68.49,500.0,0.19,0.8107,32.477,19.217,52.719,4.843
3426,EZBC,Franklin Bitcoin ETF,Franklin Templeton,EZBC,Franklin Bitcoin ETF,BTC-USD,2025-07-14,69.47,500.0,0.19,0.8073,32.358,19.222,44.956,5.073
3427,EZBC,Franklin Bitcoin ETF,Franklin Templeton,EZBC,Franklin Bitcoin ETF,BTC-USD,2025-07-15,67.47,500.0,0.19,0.8221,33.147,19.481,44.956,5.184
3428,EZBC,Franklin Bitcoin ETF,Franklin Templeton,EZBC,Franklin Bitcoin ETF,BTC-USD,2025-07-16,69.16,500.0,0.19,0.8244,33.384,19.798,44.956,5.29
3429,EZBC,Franklin Bitcoin ETF,Franklin Templeton,EZBC,Franklin Bitcoin ETF,BTC-USD,2025-07-17,68.99,500.0,0.19,0.821,33.046,19.85,47.776,5.443
3430,EZBC,Franklin Bitcoin ETF,Franklin Templeton,EZBC,Franklin Bitcoin ETF,BTC-USD,2025-07-18,68.0,500.0,0.19,0.8502,32.149,19.651,47.668,5.717
3431,EZBC,Franklin Bitcoin ETF,Franklin Templeton,EZBC,Franklin Bitcoin ETF,BTC-USD,2025-07-21,67.63,500.0,0.19,0.852,32.003,19.286,46.432,6.064
3432,EZBC,Franklin Bitcoin ETF,Franklin Templeton,EZBC,Franklin Bitcoin ETF,BTC-USD,2025-07-22,69.15,500.0,0.19,0.8546,32.22,19.293,48.547,6.065
3433,EZBC,Franklin Bitcoin ETF,Franklin Templeton,EZBC,Franklin Bitcoin ETF,BTC-USD,2025-07-23,68.62,500.0,0.19,0.8518,32.148,19.149,49.696,5.962
3434,EZBC,Franklin Bitcoin ETF,Franklin Templeton,EZBC,Franklin Bitcoin ETF,BTC-USD,2025-07-24,69.01,500.0,0.19,0.8487,32.07,19.104,48.241,6.199
3435,EZBC,Franklin Bitcoin ETF,Franklin Templeton,EZBC,Franklin Bitcoin ETF,BTC-USD,2025-07-25,67.72,500.0,0.19,0.8613,32.401,19.146,44.964,6.542
3436,EZBC,Franklin Bitcoin ETF,Franklin Templeton,EZBC,Franklin Bitcoin ETF,BTC-USD,2025-07-28,68.41,500.0,0.19,0.8582,32.245,19.032,42.577,6.747
3437,EZBC,Franklin Bitcoin ETF,Franklin Templeton,EZBC,Franklin Bitcoin ETF,BTC-USD,2025-07-29,68.05,500.0,0.19,0.8548,31.974,19.058,45.306,6.654
3438,EZBC,Franklin Bitcoin ETF,Franklin Templeton,EZBC,Franklin Bitcoin ETF,BTC-USD,2025-07-30,67.69,500.0,0.19,0.8558,32.022,19.086,46.763,6.767
3439,EZBC,Franklin Bitcoin ETF,Franklin Templeton,EZBC,Franklin Bitcoin ETF,BTC-USD,2025-07-31,67.62,500.0,0.19,0.8313,31.397,19.225,52.916,6.686
3440,EZBC,Franklin Bitcoin ETF,Franklin Templeton,EZBC,Franklin Bitcoin ETF,BTC-USD,2025-08-01,65.49,500.0,0.19,0.8593,32.224,19.239,50.308,6.85
3441,EZBC,Franklin Bitcoin ETF,Franklin Templeton,EZBC,Franklin Bitcoin ETF,BTC-USD,2025-08-04,66.46,500.0,0.19,0.86,32.246,19.118,56.5,6.864
3442,EZBC,Franklin Bitcoin ETF,Franklin Templeton,EZBC,Franklin Bitcoin ETF,BTC-USD,2025-08-05,65.8,500.0,0.19,0.8678,30.675,19.105,53.892,6.931
3443,EZBC,Franklin Bitcoin ETF,Franklin Templeton,EZBC,Franklin Bitcoin ETF,BTC-USD,2025-08-06,66.77,500.0,0.19,0.8755,30.591,18.682,54.065,7.136
3444,EZBC,Franklin Bitcoin ETF,Franklin Templeton,EZBC,Franklin Bitcoin ETF,BTC-USD,2025-08-07,68.105,500.0,0.19,0.8738,30.628,18.49,53.892,7.488
3445,EZBC,Franklin Bitcoin ETF,Franklin Templeton,EZBC,Franklin Bitcoin ETF,BTC-USD,2025-08-08,67.41,500.0,0.19,0.8653,30.21,18.174,58.032,7.867
3446,EZBC,Franklin Bitcoin ETF,Franklin Templeton,EZBC,Franklin Bitcoin ETF,BTC-USD,2025-08-11,68.94,500.0,0.19,0.8669,30.305,18.127,58.032,7.828
3447,EZBC,Franklin Bitcoin ETF,Franklin Templeton,EZBC,Franklin Bitcoin ETF,BTC-USD,2025-08-12,69.31,500.0,0.19,0.864,30.302,18.149,60.735,7.67
3448,EZBC,Franklin Bitcoin ETF,Franklin Templeton,EZBC,Franklin Bitcoin ETF,BTC-USD,2025-08-13,71.18,500.0,0.19,0.8716,30.679,18.028,60.735,7.718
3449,EZBC,Franklin Bitcoin ETF,Franklin Templeton,EZBC,Franklin Bitcoin ETF,BTC-USD,2025-08-14,68.33,500.0,0.19,0.8863,31.866,18.025,60.735,7.868
3450,EZBC,Franklin Bitcoin ETF,Franklin Templeton,EZBC,Franklin Bitcoin ETF,BTC-USD,2025-08-15,67.716,500.0,0.19,0.8846,31.812,18.0,58.898,7.79
3451,EZBC,Franklin Bitcoin ETF,Franklin Templeton,EZBC,Franklin Bitcoin ETF,BTC-USD,2025-08-18,67.34,500.0,0.19,0.8953,31.734,17.884,56.174,7.631
3452,EZBC,Franklin Bitcoin ETF,Franklin Templeton,EZBC,Franklin Bitcoin ETF,BTC-USD,2025-08-19,65.47,500.0,0.19,0.8919,31.956,17.839,49.432,7.908
3453,EZBC,Franklin Bitcoin ETF,Franklin Templeton,EZBC,Franklin Bitcoin ETF,BTC-USD,2025-08-20,66.18,500.0,0.19,0.9185,31.652,17.646,50.874,7.939
3454,EZBC,Franklin Bitcoin ETF,Franklin Templeton,EZBC,Franklin Bitcoin ETF,BTC-USD,2025-08-21,64.95,500.0,0.19,0.9235,31.815,17.656,54.832,7.969
3455,EZBC,Franklin Bitcoin ETF,Franklin Templeton,EZBC,Franklin Bitcoin ETF,BTC-USD,2025-08-22,67.57,500.0,0.19,0.9197,32.244,17.25,58.613,7.945
3456,EZBC,Franklin Bitcoin ETF,Franklin Templeton,EZBC,Franklin Bitcoin ETF,BTC-USD,2025-08-25,64.15,500.0,0.19,0.9196,33.961,17.202,58.613,7.874
3457,EZBC,Franklin Bitcoin ETF,Franklin Templeton,EZBC,Franklin Bitcoin ETF,BTC-USD,2025-08-26,64.34,500.0,0.19,0.915,33.868,17.346,58.613,7.937
3458,EZBC,Franklin Bitcoin ETF,Franklin Templeton,EZBC,Franklin Bitcoin ETF,BTC-USD,2025-08-27,64.9,500.0,0.19,0.9239,33.902,17.214,53.863,7.91
3459,EZBC,Franklin Bitcoin ETF,Franklin Templeton,EZBC,Franklin Bitcoin ETF,BTC-USD,2025-08-28,64.81,500.0,0.19,0.9228,33.74,16.875,49.182,7.741
3460,EZBC,Franklin Bitcoin ETF,Franklin Templeton,EZBC,Franklin Bitcoin ETF,BTC-USD,2025-08-29,62.65,500.0,0.19,0.9197,34.379,16.817,42.698,8.024
3461,EZBC,Franklin Bitcoin ETF,Franklin Templeton,EZBC,Franklin Bitcoin ETF,BTC-USD,2025-09-02,64.17,500.0,0.19,0.9179,34.111,16.802,46.483,7.587
3462,EZBC,Franklin Bitcoin ETF,Franklin Templeton,EZBC,Franklin Bitcoin ETF,BTC-USD,2025-09-03,65.0,500.0,0.19,0.9208,33.883,16.888,42.899,7.527
3463,EZBC,Franklin Bitcoin ETF,Franklin Templeton,EZBC,Franklin Bitcoin ETF,BTC-USD,2025-09-04,63.58,500.0,0.19,0.9514,33.152,17.08,43.98,7.484
3464,EZBC,Franklin Bitcoin ETF,Franklin Templeton,EZBC,Franklin Bitcoin ETF,BTC-USD,2025-09-05,64.61,500.0,0.19,0.951,33.276,17.337,46.375,7.38
3465,EZBC,Franklin Bitcoin ETF,Franklin Templeton,EZBC,Franklin Bitcoin ETF,BTC-USD,2025-09-08,64.91,500.0,0.19,0.951,33.253,17.382,47.952,7.183
3466,EZBC,Franklin Bitcoin ETF,Franklin Templeton,EZBC,Franklin Bitcoin ETF,BTC-USD,2025-09-09,64.46,500.0,0.19,0.9581,33.028,17.385,45.69,6.797
3467,EZBC,Franklin Bitcoin ETF,Franklin Templeton,EZBC,Franklin Bitcoin ETF,BTC-USD,2025-09-10,65.81,500.0,0.19,0.9586,33.125,17.068,43.296,7.057
3468,EZBC,Franklin Bitcoin ETF,Franklin Templeton,EZBC,Franklin Bitcoin ETF,BTC-USD,2025-09-11,66.31,500.0,0.19,0.9484,32.465,16.104,40.26,7.123
3469,EZBC,Franklin Bitcoin ETF,Franklin Templeton,EZBC,Franklin Bitcoin ETF,BTC-USD,2025-09-12,67.69,500.0,0.19,0.9314,31.69,15.899,40.26,7.107
3470,EZBC,Franklin Bitcoin ETF,Franklin Templeton,EZBC,Franklin Bitcoin ETF,BTC-USD,2025-09-15,66.78,500.0,0.19,0.935,31.78,15.838,39.287,6.981
3471,EZBC,Franklin Bitcoin ETF,Franklin Templeton,EZBC,Franklin Bitcoin ETF,BTC-USD,2025-09-16,67.68,500.0,0.19,0.942,31.817,15.8,37.175,7.211
3472,EZBC,Franklin Bitcoin ETF,Franklin Templeton,EZBC,Franklin Bitcoin ETF,BTC-USD,2025-09-17,66.97,500.0,0.19,0.9646,31.92,15.425,41.696,7.389
3473,EZBC,Franklin Bitcoin ETF,Franklin Templeton,EZBC,Franklin Bitcoin ETF,BTC-USD,2025-09-18,68.06,500.0,0.19,0.964,31.714,14.99,41.696,7.021
3474,EZBC,Franklin Bitcoin ETF,Franklin Templeton,EZBC,Franklin Bitcoin ETF,BTC-USD,2025-09-19,66.63,500.0,0.19,0.9662,31.838,14.995,38.567,7.352
3475,EZBC,Franklin Bitcoin ETF,Franklin Templeton,EZBC,Franklin Bitcoin ETF,BTC-USD,2025-09-22,64.92,500.0,0.19,0.9679,32.313,14.995,33.461,7.482
3476,EZBC,Franklin Bitcoin ETF,Franklin Templeton,EZBC,Franklin Bitcoin ETF,BTC-USD,2025-09-23,64.63,500.0,0.19,0.9674,32.291,14.905,33.058,7.29
3477,EZBC,Franklin Bitcoin ETF,Franklin Templeton,EZBC,Franklin Bitcoin ETF,BTC-USD,2025-09-24,65.67,500.0,0.19,0.97,32.407,14.849,33.058,7.19
3478,EZBC,Franklin Bitcoin ETF,Franklin Templeton,EZBC,Franklin Bitcoin ETF,BTC-USD,2025-09-25,63.31,500.0,0.19,0.9621,32.939,14.652,33.382,7.471
3479,EZBC,Franklin Bitcoin ETF,Franklin Templeton,EZBC,Franklin Bitcoin ETF,BTC-USD,2025-09-26,63.2,500.0,0.19,0.9414,31.797,14.379,36.81,7.683
3480,EZBC,Franklin Bitcoin ETF,Franklin Templeton,EZBC,Franklin Bitcoin ETF,BTC-USD,2025-09-29,66.23,500.0,0.19,0.958,33.209,14.307,36.81,8.928
3481,EZBC,Franklin Bitcoin ETF,Franklin Templeton,EZBC,Franklin Bitcoin ETF,BTC-USD,2025-09-30,66.21,500.0,0.19,0.9573,33.097,14.31,39.25,9.398
3482,EZBC,Franklin Bitcoin ETF,Franklin Templeton,EZBC,Franklin Bitcoin ETF,BTC-USD,2025-10-01,68.05,500.0,0.19,0.9405,33.519,14.451,39.25,9.518
3483,EZBC,Franklin Bitcoin ETF,Franklin Templeton,EZBC,Franklin Bitcoin ETF,BTC-USD,2025-10-02,70.07,500.0,0.19,0.9428,33.567,14.577,39.25,10.015
3484,EZBC,Franklin Bitcoin ETF,Franklin Templeton,EZBC,Franklin Bitcoin ETF,BTC-USD,2025-10-03,71.17,500.0,0.19,0.9883,33.593,14.04,37.754,10.819
3485,EZBC,Franklin Bitcoin ETF,Franklin Templeton,EZBC,Franklin Bitcoin ETF,BTC-USD,2025-10-06,72.69,500.0,0.19,0.9742,32.822,12.574,36.987,11.546
3486,EZBC,Franklin Bitcoin ETF,Franklin Templeton,EZBC,Franklin Bitcoin ETF,BTC-USD,2025-10-07,70.39,500.0,0.19,0.9854,33.395,12.625,35.41,13.106
3487,EZBC,Franklin Bitcoin ETF,Franklin Templeton,EZBC,Franklin Bitcoin ETF,BTC-USD,2025-10-08,71.45,500.0,0.19,0.9757,32.956,12.242,39.386,14.037
3488,EZBC,Franklin Bitcoin ETF,Franklin Templeton,EZBC,Franklin Bitcoin ETF,BTC-USD,2025-10-09,70.09,500.0,0.19,0.9739,32.832,11.728,39.947,14.409
3489,EZBC,Franklin Bitcoin ETF,Franklin Templeton,EZBC,Franklin Bitcoin ETF,BTC-USD,2025-10-10,67.47,500.0,0.19,0.8935,33.755,12.873,39.548,15.777
3490,EZBC,Franklin Bitcoin ETF,Franklin Templeton,EZBC,Franklin Bitcoin ETF,BTC-USD,2025-10-13,67.1,500.0,0.19,0.8775,33.646,13.572,38.563,17.222
3491,EZBC,Franklin Bitcoin ETF,Franklin Templeton,EZBC,Franklin Bitcoin ETF,BTC-USD,2025-10-14,65.2,500.0,0.19,0.885,34.135,13.795,35.763,18.796
3492,EZBC,Franklin Bitcoin ETF,Franklin Templeton,EZBC,Franklin Bitcoin ETF,BTC-USD,2025-10-15,64.42,500.0,0.19,0.8781,33.877,13.834,41.421,19.582
3493,EZBC,Franklin Bitcoin ETF,Franklin Templeton,EZBC,Franklin Bitcoin ETF,BTC-USD,2025-10-16,62.63,500.0,0.19,0.884,34.302,13.908,36.901,20.693
3494,EZBC,Franklin Bitcoin ETF,Franklin Templeton,EZBC,Franklin Bitcoin ETF,BTC-USD,2025-10-17,61.63,500.0,0.19,0.8854,34.397,13.795,35.81,22.074
3495,EZBC,Franklin Bitcoin ETF,Franklin Templeton,EZBC,Franklin Bitcoin ETF,BTC-USD,2025-10-20,64.19,500.0,0.19,0.8925,35.296,13.595,35.81,22.342
3496,EZBC,Franklin Bitcoin ETF,Franklin Templeton,EZBC,Franklin Bitcoin ETF,BTC-USD,2025-10-21,64.79,500.0,0.19,0.8764,35.285,14.533,37.43,22.671
3497,EZBC,Franklin Bitcoin ETF,Franklin Templeton,EZBC,Franklin Bitcoin ETF,BTC-USD,2025-10-22,62.39,500.0,0.19,0.8825,36.075,15.875,33.798,23.202
3498,EZBC,Franklin Bitcoin ETF,Franklin Templeton,EZBC,Franklin Bitcoin ETF,BTC-USD,2025-10-23,63.82,500.0,0.19,0.885,36.401,15.863,33.798,23.221
3499,EZBC,Franklin Bitcoin ETF,Franklin Templeton,EZBC,Franklin Bitcoin ETF,BTC-USD,2025-10-24,64.05,500.0,0.19,0.8917,36.414,15.622,37.047,22.823
3500,EZBC,Franklin Bitcoin ETF,Franklin Templeton,EZBC,Franklin Bitcoin ETF,BTC-USD,2025-10-27,66.57,500.0,0.19,0.8955,36.711,15.643,34.169,22.881
3501,EZBC,Franklin Bitcoin ETF,Franklin Templeton,EZBC,Franklin Bitcoin ETF,BTC-USD,2025-10-28,65.82,500.0,0.19,0.8958,36.662,15.647,37.179,21.838
3502,EZBC,Franklin Bitcoin ETF,Franklin Templeton,EZBC,Franklin Bitcoin ETF,BTC-USD,2025-10-29,64.03,500.0,0.19,0.8986,37.038,15.659,33.165,21.64
3503,EZBC,Franklin Bitcoin ETF,Franklin Templeton,EZBC,Franklin Bitcoin ETF,BTC-USD,2025-10-30,61.61,500.0,0.19,0.9077,37.709,16.326,33.165,21.534
3504,EZBC,Franklin Bitcoin ETF,Franklin Templeton,EZBC,Franklin Bitcoin ETF,BTC-USD,2025-10-31,63.5,500.0,0.19,0.915,38.018,16.84,33.165,21.17
3505,EZBC,Franklin Bitcoin ETF,Franklin Templeton,EZBC,Franklin Bitcoin ETF,BTC-USD,2025-11-03,61.71,500.0,0.19,0.9167,38.389,16.829,34.256,20.547
3506,EZBC,Franklin Bitcoin ETF,Franklin Templeton,EZBC,Franklin Bitcoin ETF,BTC-USD,2025-11-04,58.27,500.0,0.19,0.9306,39.726,16.958,34.602,20.949
3507,EZBC,Franklin Bitcoin ETF,Franklin Templeton,EZBC,Franklin Bitcoin ETF,BTC-USD,2025-11-05,60.09,500.0,0.19,0.9402,40.286,17.057,45.003,19.775
3508,EZBC,Franklin Bitcoin ETF,Franklin Templeton,EZBC,Franklin Bitcoin ETF,BTC-USD,2025-11-06,58.4,500.0,0.19,0.9412,40.176,17.059,40.667,19.053
3509,EZBC,Franklin Bitcoin ETF,Franklin Templeton,EZBC,Franklin Bitcoin ETF,BTC-USD,2025-11-07,60.02,500.0,0.19,0.9448,39.883,17.13,47.693,19.141
3510,EZBC,Franklin Bitcoin ETF,Franklin Templeton,EZBC,Franklin Bitcoin ETF,BTC-USD,2025-11-10,61.37,500.0,0.19,0.9435,40.167,17.129,48.209,18.014
3511,EZBC,Franklin Bitcoin ETF,Franklin Templeton,EZBC,Franklin Bitcoin ETF,BTC-USD,2025-11-11,59.49,500.0,0.19,0.9473,40.612,17.131,48.825,16.483
3512,EZBC,Franklin Bitcoin ETF,Franklin Templeton,EZBC,Franklin Bitcoin ETF,BTC-USD,2025-11-12,58.74,500.0,0.19,0.9476,40.31,17.129,53.517,15.037
3513,EZBC,Franklin Bitcoin ETF,Franklin Templeton,EZBC,Franklin Bitcoin ETF,BTC-USD,2025-11-13,56.72,500.0,0.19,0.9562,40.788,17.441,49.151,14.632
3514,EZBC,Franklin Bitcoin ETF,Franklin Templeton,EZBC,Franklin Bitcoin ETF,BTC-USD,2025-11-14,54.54,500.0,0.19,0.9365,41.346,17.615,49.151,14.311
3515,EZBC,Franklin Bitcoin ETF,Franklin Templeton,EZBC,Franklin Bitcoin ETF,BTC-USD,2025-11-17,53.15,500.0,0.19,0.934,40.643,17.601,49.151,14.348
3516,EZBC,Franklin Bitcoin ETF,Franklin Templeton,EZBC,Franklin Bitcoin ETF,BTC-USD,2025-11-18,53.71,500.0,0.19,0.9415,39.495,17.595,55.416,14.499
3517,EZBC,Franklin Bitcoin ETF,Franklin Templeton,EZBC,Franklin Bitcoin ETF,BTC-USD,2025-11-19,51.76,500.0,0.19,0.9562,40.084,18.0,53.463,14.736
3518,EZBC,Franklin Bitcoin ETF,Franklin Templeton,EZBC,Franklin Bitcoin ETF,BTC-USD,2025-11-20,49.96,500.0,0.19,0.9324,40.521,18.063,56.803,15.325
3519,EZBC,Franklin Bitcoin ETF,Franklin Templeton,EZBC,Franklin Bitcoin ETF,BTC-USD,2025-11-21,48.94,500.0,0.19,0.9393,40.652,17.91,56.187,16.784
3520,EZBC,Franklin Bitcoin ETF,Franklin Templeton,EZBC,Franklin Bitcoin ETF,BTC-USD,2025-11-24,51.57,500.0,0.19,0.9613,41.83,18.264,52.68,16.957
3521,EZBC,Franklin Bitcoin ETF,Franklin Templeton,EZBC,Franklin Bitcoin ETF,BTC-USD,2025-11-25,50.55,500.0,0.19,0.9636,41.578,18.37,58.09,17.142
3522,EZBC,Franklin Bitcoin ETF,Franklin Templeton,EZBC,Franklin Bitcoin ETF,BTC-USD,2025-11-26,52.02,500.0,0.19,0.9555,41.976,18.306,55.079,17.622
3523,EZBC,Franklin Bitcoin ETF,Franklin Templeton,EZBC,Franklin Bitcoin ETF,BTC-USD,2025-11-28,52.47,500.0,0.19,0.9545,41.873,18.13,54.124,17.205
3524,EZBC,Franklin Bitcoin ETF,Franklin Templeton,EZBC,Franklin Bitcoin ETF,BTC-USD,2025-12-01,49.5,500.0,0.19,0.9637,43.163,17.854,54.124,17.355
3525,EZBC,Franklin Bitcoin ETF,Franklin Templeton,EZBC,Franklin Bitcoin ETF,BTC-USD,2025-12-02,52.72,500.0,0.19,0.9792,45.294,17.875,54.124,17.871
3526,EZBC,Franklin Bitcoin ETF,Franklin Templeton,EZBC,Franklin Bitcoin ETF,BTC-USD,2025-12-03,53.82,500.0,0.19,0.9777,45.555,17.875,54.124,17.854
3527,EZBC,Franklin Bitcoin ETF,Franklin Templeton,EZBC,Franklin Bitcoin ETF,BTC-USD,2025-12-04,53.55,500.0,0.19,0.9752,45.287,17.99,56.037,16.744
3528,EZBC,Franklin Bitcoin ETF,Franklin Templeton,EZBC,Franklin Bitcoin ETF,BTC-USD,2025-12-05,51.7,500.0,0.19,0.9809,45.689,17.992,50.19,16.502
3529,EZBC,Franklin Bitcoin ETF,Franklin Templeton,EZBC,Franklin Bitcoin ETF,BTC-USD,2025-12-08,52.56,500.0,0.19,0.9788,45.601,17.691,53.731,16.257
3530,EZBC,Franklin Bitcoin ETF,Franklin Templeton,EZBC,Franklin Bitcoin ETF,BTC-USD,2025-12-09,53.91,500.0,0.19,0.9806,45.957,17.634,45.979,16.338
3531,EZBC,Franklin Bitcoin ETF,Franklin Templeton,EZBC,Franklin Bitcoin ETF,BTC-USD,2025-12-10,53.55,500.0,0.19,0.98,45.825,17.628,53.653,16.147
3532,EZBC,Franklin Bitcoin ETF,Franklin Templeton,EZBC,Franklin Bitcoin ETF,BTC-USD,2025-12-11,53.14,500.0,0.19,0.9774,45.811,17.757,53.429,16.42
3533,EZBC,Franklin Bitcoin ETF,Franklin Templeton,EZBC,Franklin Bitcoin ETF,BTC-USD,2025-12-12,52.19,500.0,0.19,0.9721,45.709,17.656,57.723,16.284
3534,EZBC,Franklin Bitcoin ETF,Franklin Templeton,EZBC,Franklin Bitcoin ETF,BTC-USD,2025-12-15,49.62,500.0,0.19,0.9774,46.554,17.63,57.723,16.219
3535,EZBC,Franklin Bitcoin ETF,Franklin Templeton,EZBC,Franklin Bitcoin ETF,BTC-USD,2025-12-16,50.69,500.0,0.19,0.9796,46.649,17.669,61.6,15.334
3536,EZBC,Franklin Bitcoin ETF,Franklin Templeton,EZBC,Franklin Bitcoin ETF,BTC-USD,2025-12-17,49.68,500.0,0.19,0.98,46.764,17.664,63.546,14.222
3537,EZBC,Franklin Bitcoin ETF,Franklin Templeton,EZBC,Franklin Bitcoin ETF,BTC-USD,2025-12-18,48.96,500.0,0.19,0.9788,46.616,17.68,69.731,13.901
3538,EZBC,Franklin Bitcoin ETF,Franklin Templeton,EZBC,Franklin Bitcoin ETF,BTC-USD,2025-12-19,50.93,500.0,0.19,0.9873,47.01,17.797,76.571,13.58
3539,EZBC,Franklin Bitcoin ETF,Franklin Templeton,EZBC,Franklin Bitcoin ETF,BTC-USD,2025-12-22,51.08,500.0,0.19,0.9887,47.028,17.739,72.488,12.781
3540,EZBC,Franklin Bitcoin ETF,Franklin Templeton,EZBC,Franklin Bitcoin ETF,BTC-USD,2025-12-23,50.69,500.0,0.19,0.9821,45.846,17.705,72.488,11.681
3541,EZBC,Franklin Bitcoin ETF,Franklin Templeton,EZBC,Franklin Bitcoin ETF,BTC-USD,2025-12-24,50.47,500.0,0.19,0.981,45.837,17.739,73.345,11.505
3542,EZBC,Franklin Bitcoin ETF,Franklin Templeton,EZBC,Franklin Bitcoin ETF,BTC-USD,2025-12-26,50.6,500.0,0.19,0.9932,45.379,17.684,66.81,11.205
3543,EZBC,Franklin Bitcoin ETF,Franklin Templeton,EZBC,Franklin Bitcoin ETF,BTC-USD,2025-12-29,50.35,500.0,0.19,0.9862,44.816,17.467,68.846,10.674
3544,EZBC,Franklin Bitcoin ETF,Franklin Templeton,EZBC,Franklin Bitcoin ETF,BTC-USD,2025-12-30,50.8,500.0,0.19,0.9822,44.702,17.484,67.836,11.456
3545,EZBC,Franklin Bitcoin ETF,Franklin Templeton,EZBC,Franklin Bitcoin ETF,BTC-USD,2025-12-31,50.6,500.0,0.19,0.9804,44.356,17.538,68.275,12.361
3546,EZBC,Franklin Bitcoin ETF,Franklin Templeton,EZBC,Franklin Bitcoin ETF,BTC-USD,2026-01-02,51.91,500.0,0.19,0.9765,44.481,17.506,67.057,14.509
3547,EZBC,Franklin Bitcoin ETF,Franklin Templeton,EZBC,Franklin Bitcoin ETF,BTC-USD,2026-01-05,54.49,500.0,0.19,0.9841,45.643,17.562,67.057,15.877
3548,EZBC,Franklin Bitcoin ETF,Franklin Templeton,EZBC,Franklin Bitcoin ETF,BTC-USD,2026-01-06,53.5,500.0,0.19,0.9818,45.631,17.842,70.327,16.406
3549,EZBC,Franklin Bitcoin ETF,Franklin Templeton,EZBC,Franklin Bitcoin ETF,BTC-USD,2026-01-07,52.57,500.0,0.19,1.0362,45.177,17.063,70.327,16.283
3550,EZBC,Franklin Bitcoin ETF,Franklin Templeton,EZBC,Franklin Bitcoin ETF,BTC-USD,2026-01-08,52.56,500.0,0.19,1.05,45.183,16.54,65.749,16.373
3551,EZBC,Franklin Bitcoin ETF,Franklin Templeton,EZBC,Franklin Bitcoin ETF,BTC-USD,2026-01-09,52.18,500.0,0.19,1.0465,44.896,16.364,69.508,15.725
3552,EZBC,Franklin Bitcoin ETF,Franklin Templeton,EZBC,Franklin Bitcoin ETF,BTC-USD,2026-01-12,52.9,500.0,0.19,1.0526,45.002,16.357,66.019,16.26
3553,EZBC,Franklin Bitcoin ETF,Franklin Templeton,EZBC,Franklin Bitcoin ETF,BTC-USD,2026-01-13,54.67,500.0,0.19,1.0344,45.299,16.5,67.102,16.825
3554,EZBC,Franklin Bitcoin ETF,Franklin Templeton,EZBC,Franklin Bitcoin ETF,BTC-USD,2026-01-14,56.535,500.0,0.19,1.0422,45.791,16.839,58.34,17.035
3555,EZBC,Franklin Bitcoin ETF,Franklin Templeton,EZBC,Franklin Bitcoin ETF,BTC-USD,2026-01-15,55.09,500.0,0.19,1.0447,45.204,16.921,60.844,17.151
3556,EZBC,Franklin Bitcoin ETF,Franklin Templeton,EZBC,Franklin Bitcoin ETF,BTC-USD,2026-01-16,55.26,500.0,0.19,1.0583,45.152,16.012,57.692,18.498
3557,EZBC,Franklin Bitcoin ETF,Franklin Templeton,EZBC,Franklin Bitcoin ETF,BTC-USD,2026-01-20,51.81,500.0,0.19,1.0226,46.355,15.056,55.746,19.169
3558,EZBC,Franklin Bitcoin ETF,Franklin Templeton,EZBC,Franklin Bitcoin ETF,BTC-USD,2026-01-21,52.15,500.0,0.19,1.0204,46.09,15.086,41.643,20.128
3559,EZBC,Franklin Bitcoin ETF,Franklin Templeton,EZBC,Franklin Bitcoin ETF,BTC-USD,2026-01-22,51.69,500.0,0.19,1.0209,46.08,15.195,38.33,20.408
3560,EZBC,Franklin Bitcoin ETF,Franklin Templeton,EZBC,Franklin Bitcoin ETF,BTC-USD,2026-01-23,51.74,500.0,0.19,1.0131,45.247,14.902,42.512,20.291
3561,EZBC,Franklin Bitcoin ETF,Franklin Templeton,EZBC,Franklin Bitcoin ETF,BTC-USD,2026-01-26,50.62,500.0,0.19,1.0147,45.37,14.974,42.834,20.165
3562,EZBC,Franklin Bitcoin ETF,Franklin Templeton,EZBC,Franklin Bitcoin ETF,BTC-USD,2026-01-27,51.67,500.0,0.19,1.0177,45.39,15.137,46.041,20.386
3563,EZBC,Franklin Bitcoin ETF,Franklin Templeton,EZBC,Franklin Bitcoin ETF,BTC-USD,2026-01-28,51.46,500.0,0.19,1.0103,44.803,14.347,47.152,20.193
3564,EZBC,Franklin Bitcoin ETF,Franklin Templeton,EZBC,Franklin Bitcoin ETF,BTC-USD,2026-01-29,48.58,500.0,0.19,1.0083,45.628,13.768,45.005,20.558
3565,EZBC,Franklin Bitcoin ETF,Franklin Templeton,EZBC,Franklin Bitcoin ETF,BTC-USD,2026-01-30,48.47,500.0,0.19,1.008,45.352,13.772,45.005,20.16
3566,EZBC,Franklin Bitcoin ETF,Franklin Templeton,EZBC,Franklin Bitcoin ETF,BTC-USD,2026-02-02,45.1,500.0,0.19,1.0055,46.183,13.549,44.873,20.934
3567,EZBC,Franklin Bitcoin ETF,Franklin Templeton,EZBC,Franklin Bitcoin ETF,BTC-USD,2026-02-03,44.19,500.0,0.19,0.9859,45.713,13.945,44.873,19.043
3568,EZBC,Franklin Bitcoin ETF,Franklin Templeton,EZBC,Franklin Bitcoin ETF,BTC-USD,2026-02-04,42.415,500.0,0.19,0.9884,46.056,13.97,48.743,18.436
3569,EZBC,Franklin Bitcoin ETF,Franklin Templeton,EZBC,Franklin Bitcoin ETF,BTC-USD,2026-02-05,36.8,500.0,0.19,0.9669,53.413,13.908,46.105,19.222
3570,EZBC,Franklin Bitcoin ETF,Franklin Templeton,EZBC,Franklin Bitcoin ETF,BTC-USD,2026-02-06,40.49,500.0,0.19,0.9393,57.176,14.253,50.472,19.989
3571,EZBC,Franklin Bitcoin ETF,Franklin Templeton,EZBC,Franklin Bitcoin ETF,BTC-USD,2026-02-09,40.93,500.0,0.19,0.9384,57.064,14.645,62.012,20.254
3572,EZBC,Franklin Bitcoin ETF,Franklin Templeton,EZBC,Franklin Bitcoin ETF,BTC-USD,2026-02-10,39.77,500.0,0.19,0.94,57.236,14.812,59.939,20.189
3573,EZBC,Franklin Bitcoin ETF,Franklin Templeton,EZBC,Franklin Bitcoin ETF,BTC-USD,2026-02-11,39.06,500.0,0.19,0.9356,56.98,14.487,52.942,19.905
3574,EZBC,Franklin Bitcoin ETF,Franklin Templeton,EZBC,Franklin Bitcoin ETF,BTC-USD,2026-02-12,37.77,500.0,0.19,0.9447,56.853,15.021,68.218,19.322
3575,EZBC,Franklin Bitcoin ETF,Franklin Templeton,EZBC,Franklin Bitcoin ETF,BTC-USD,2026-02-13,39.78,500.0,0.19,0.9526,57.922,15.321,68.218,19.565
3576,EZBC,Franklin Bitcoin ETF,Franklin Templeton,EZBC,Franklin Bitcoin ETF,BTC-USD,2026-02-17,39.18,500.0,0.19,0.9516,57.871,15.337,68.837,19.353
3577,EZBC,Franklin Bitcoin ETF,Franklin Templeton,EZBC,Franklin Bitcoin ETF,BTC-USD,2026-02-18,38.28,500.0,0.19,0.9497,57.617,14.762,78.284,17.877
3578,EZBC,Franklin Bitcoin ETF,Franklin Templeton,EZBC,Franklin Bitcoin ETF,BTC-USD,2026-02-19,38.81,500.0,0.19,0.961,57.391,14.482,82.029,16.581
3579,EZBC,Franklin Bitcoin ETF,Franklin Templeton,EZBC,Franklin Bitcoin ETF,BTC-USD,2026-02-20,39.16,500.0,0.19,0.959,57.35,14.513,82.029,15.14
3580,EZBC,Franklin Bitcoin ETF,Franklin Templeton,EZBC,Franklin Bitcoin ETF,BTC-USD,2026-02-23,37.26,500.0,0.19,0.9501,56.902,14.074,81.024,14.5
3581,EZBC,Franklin Bitcoin ETF,Franklin Templeton,EZBC,Franklin Bitcoin ETF,BTC-USD,2026-02-24,37.29,500.0,0.19,0.9491,56.834,14.049,76.667,14.279
3582,EZBC,Franklin Bitcoin ETF,Franklin Templeton,EZBC,Franklin Bitcoin ETF,BTC-USD,2026-02-25,40.02,500.0,0.19,0.9634,58.525,14.287,77.614,14.039
3583,EZBC,Franklin Bitcoin ETF,Franklin Templeton,EZBC,Franklin Bitcoin ETF,BTC-USD,2026-02-26,38.98,500.0,0.19,0.9635,58.632,14.809,74.613,14.607
3584,EZBC,Franklin Bitcoin ETF,Franklin Templeton,EZBC,Franklin Bitcoin ETF,BTC-USD,2026-02-27,37.94,500.0,0.19,0.9597,57.762,14.738,90.361,14.809
3585,EZBC,Franklin Bitcoin ETF,Franklin Templeton,EZBC,Franklin Bitcoin ETF,BTC-USD,2026-03-02,39.99,500.0,0.19,0.9598,57.28,14.841,78.798,15.352
3586,EZBC,Franklin Bitcoin ETF,Franklin Templeton,EZBC,Franklin Bitcoin ETF,BTC-USD,2026-03-03,39.45,500.0,0.19,0.9606,57.065,14.901,90.988,15.127
3587,EZBC,Franklin Bitcoin ETF,Franklin Templeton,EZBC,Franklin Bitcoin ETF,BTC-USD,2026-03-04,42.29,500.0,0.19,0.9697,59.082,14.88,102.55,13.661
3588,EZBC,Franklin Bitcoin ETF,Franklin Templeton,EZBC,Franklin Bitcoin ETF,BTC-USD,2026-03-05,41.21,500.0,0.19,0.968,58.903,14.838,103.355,13.231
3589,EZBC,Franklin Bitcoin ETF,Franklin Templeton,EZBC,Franklin Bitcoin ETF,BTC-USD,2026-03-06,39.36,500.0,0.19,0.9707,59.373,14.922,100.427,12.313
3590,EZBC,Franklin Bitcoin ETF,Franklin Templeton,EZBC,Franklin Bitcoin ETF,BTC-USD,2026-03-09,39.93,500.0,0.19,0.9706,59.177,15.066,99.65,10.988
3591,EZBC,Franklin Bitcoin ETF,Franklin Templeton,EZBC,Franklin Bitcoin ETF,BTC-USD,2026-03-10,40.53,500.0,0.19,0.9685,59.316,15.124,84.593,10.199
3592,EZBC,Franklin Bitcoin ETF,Franklin Templeton,EZBC,Franklin Bitcoin ETF,BTC-USD,2026-03-11,40.87,500.0,0.19,0.9705,59.372,14.913,81.621,9.961
3593,EZBC,Franklin Bitcoin ETF,Franklin Templeton,EZBC,Franklin Bitcoin ETF,BTC-USD,2026-03-12,40.74,500.0,0.19,0.9712,59.304,14.943,80.385,9.806
3594,EZBC,Franklin Bitcoin ETF,Franklin Templeton,EZBC,Franklin Bitcoin ETF,BTC-USD,2026-03-13,41.19,500.0,0.19,0.9678,58.585,14.879,80.385,9.86
3595,EZBC,Franklin Bitcoin ETF,Franklin Templeton,EZBC,Franklin Bitcoin ETF,BTC-USD,2026-03-16,42.79,500.0,0.19,0.9573,58.983,15.083,65.641,9.64
3596,EZBC,Franklin Bitcoin ETF,Franklin Templeton,EZBC,Franklin Bitcoin ETF,BTC-USD,2026-03-17,43.13,500.0,0.19,0.9546,58.912,15.631,65.684,9.15
3597,EZBC,Franklin Bitcoin ETF,Franklin Templeton,EZBC,Franklin Bitcoin ETF,BTC-USD,2026-03-18,41.09,500.0,0.19,0.9596,59.617,15.803,64.937,8.701
3598,EZBC,Franklin Bitcoin ETF,Franklin Templeton,EZBC,Franklin Bitcoin ETF,BTC-USD,2026-03-19,40.63,500.0,0.19,0.9541,58.98,15.746,56.827,8.661
3599,EZBC,Franklin Bitcoin ETF,Franklin Templeton,EZBC,Franklin Bitcoin ETF,BTC-USD,2026-03-20,40.59,500.0,0.19,0.9528,58.966,15.86,55.303,8.658
3600,EZBC,Franklin Bitcoin ETF,Franklin Templeton,EZBC,Franklin Bitcoin ETF,BTC-USD,2026-03-23,40.84,500.0,0.19,0.9534,58.996,15.835,57.68,8.522
3601,EZBC,Franklin Bitcoin ETF,Franklin Templeton,EZBC,Franklin Bitcoin ETF,BTC-USD,2026-03-24,40.07,500.0,0.19,0.9541,59.08,16.025,57.68,8.632
3602,EZBC,Franklin Bitcoin ETF,Franklin Templeton,EZBC,Franklin Bitcoin ETF,BTC-USD,2026-03-25,40.98,500.0,0.19,0.9563,59.313,16.162,57.736,8.569
3603,EZBC,Franklin Bitcoin ETF,Franklin Templeton,EZBC,Franklin Bitcoin ETF,BTC-USD,2026-03-26,39.61,500.0,0.19,0.9561,59.641,16.15,57.736,8.467
3604,EZBC,Franklin Bitcoin ETF,Franklin Templeton,EZBC,Franklin Bitcoin ETF,BTC-USD,2026-03-27,38.15,500.0,0.19,0.9582,59.97,16.12,51.666,7.677
3605,EZBC,Franklin Bitcoin ETF,Franklin Templeton,EZBC,Franklin Bitcoin ETF,BTC-USD,2026-03-30,38.46,500.0,0.19,0.959,60.028,16.078,50.849,7.759
3606,EZBC,Franklin Bitcoin ETF,Franklin Templeton,EZBC,Franklin Bitcoin ETF,BTC-USD,2026-03-31,39.19,500.0,0.19,0.9583,59.899,16.089,57.292,7.329
3607,EZBC,Franklin Bitcoin ETF,Franklin Templeton,EZBC,Franklin Bitcoin ETF,BTC-USD,2026-04-01,39.42,500.0,0.19,0.9541,58.911,16.121,45.103,7.073
3608,EZBC,Franklin Bitcoin ETF,Franklin Templeton,EZBC,Franklin Bitcoin ETF,BTC-USD,2026-04-02,38.75,500.0,0.19,0.9549,58.9,15.742,45.103,6.519
3609,EZBC,Franklin Bitcoin ETF,Franklin Templeton,EZBC,Franklin Bitcoin ETF,BTC-USD,2026-04-06,40.32,500.0,0.19,0.9617,59.561,15.805,45.115,6.474
3610,EZBC,Franklin Bitcoin ETF,Franklin Templeton,EZBC,Franklin Bitcoin ETF,BTC-USD,2026-04-07,39.89,500.0,0.19,0.9322,59.568,19.022,45.115,6.365
3611,EZBC,Franklin Bitcoin ETF,Franklin Templeton,EZBC,Franklin Bitcoin ETF,BTC-USD,2026-04-08,41.26,500.0,0.19,0.9283,60.081,21.141,48.684,6.222
3612,EZBC,Franklin Bitcoin ETF,Franklin Templeton,EZBC,Franklin Bitcoin ETF,BTC-USD,2026-04-09,41.71,500.0,0.19,0.9277,60.048,21.114,61.219,5.908
3613,EZBC,Franklin Bitcoin ETF,Franklin Templeton,EZBC,Franklin Bitcoin ETF,BTC-USD,2026-04-10,42.41,500.0,0.19,0.9327,59.713,20.941,52.651,5.909
3614,EZBC,Franklin Bitcoin ETF,Franklin Templeton,EZBC,Franklin Bitcoin ETF,BTC-USD,2026-04-13,42.43,500.0,0.19,0.9227,59.201,21.02,57.286,5.938
3615,EZBC,Franklin Bitcoin ETF,Franklin Templeton,EZBC,Franklin Bitcoin ETF,BTC-USD,2026-04-14,42.96,500.0,0.19,0.9213,59.138,21.167,57.286,5.594
3616,EZBC,Franklin Bitcoin ETF,Franklin Templeton,EZBC,Franklin Bitcoin ETF,BTC-USD,2026-04-15,43.4,500.0,0.19,0.9215,59.193,21.162,60.557,5.446
3617,EZBC,Franklin Bitcoin ETF,Franklin Templeton,EZBC,Franklin Bitcoin ETF,BTC-USD,2026-04-16,43.59,500.0,0.19,0.9295,57.857,20.908,66.776,5.441
3618,EZBC,Franklin Bitcoin ETF,Franklin Templeton,EZBC,Franklin Bitcoin ETF,BTC-USD,2026-04-17,44.823,500.0,0.19,0.9317,58.171,20.89,64.409,5.943
3619,EZBC,Franklin Bitcoin ETF,Franklin Templeton,EZBC,Franklin Bitcoin ETF,BTC-USD,2026-04-20,44.14,500.0,0.19,0.9321,58.216,20.788,66.776,5.856
3620,EZBC,Franklin Bitcoin ETF,Franklin Templeton,EZBC,Franklin Bitcoin ETF,BTC-USD,2026-04-21,43.38,500.0,0.19,0.9295,58.289,21.336,72.215,5.83
3621,EZBC,Franklin Bitcoin ETF,Franklin Templeton,EZBC,Franklin Bitcoin ETF,BTC-USD,2026-04-22,45.6,500.0,0.19,0.9374,59.143,22.013,73.691,5.928
3622,EZBC,Franklin Bitcoin ETF,Franklin Templeton,EZBC,Franklin Bitcoin ETF,BTC-USD,2026-04-23,44.94,500.0,0.19,0.9351,59.016,22.134,78.928,5.772
3623,EZBC,Franklin Bitcoin ETF,Franklin Templeton,EZBC,Franklin Bitcoin ETF,BTC-USD,2026-04-24,44.88,500.0,0.19,0.9344,59.015,22.177,76.758,5.907
3624,EZBC,Franklin Bitcoin ETF,Franklin Templeton,EZBC,Franklin Bitcoin ETF,BTC-USD,2026-04-27,44.44,500.0,0.19,0.9292,57.904,22.237,75.601,6.07
3625,EZBC,Franklin Bitcoin ETF,Franklin Templeton,EZBC,Franklin Bitcoin ETF,BTC-USD,2026-04-28,44.12,500.0,0.19,0.9285,57.916,22.253,70.733,6.126
3626,EZBC,Franklin Bitcoin ETF,Franklin Templeton,EZBC,Franklin Bitcoin ETF,BTC-USD,2026-04-29,43.62,500.0,0.19,0.9199,56.067,22.249,72.832,6.062
3627,EZBC,Franklin Bitcoin ETF,Franklin Templeton,EZBC,Franklin Bitcoin ETF,BTC-USD,2026-04-30,44.15,500.0,0.19,0.9294,55.971,21.944,72.515,5.419
3628,EZBC,Franklin Bitcoin ETF,Franklin Templeton,EZBC,Franklin Bitcoin ETF,BTC-USD,2026-05-01,45.31,500.0,0.19,0.9263,55.557,21.918,75.116,5.426
3629,EZBC,Franklin Bitcoin ETF,Franklin Templeton,EZBC,Franklin Bitcoin ETF,BTC-USD,2026-05-04,46.3,500.0,0.19,0.924,47.02,21.896,75.116,5.748
3630,EZBC,Franklin Bitcoin ETF,Franklin Templeton,EZBC,Franklin Bitcoin ETF,BTC-USD,2026-05-05,47.2,500.0,0.19,0.9722,43.098,21.693,67.647,5.539
3631,EZBC,Franklin Bitcoin ETF,Franklin Templeton,EZBC,Franklin Bitcoin ETF,BTC-USD,2026-05-06,47.09,500.0,0.19,0.9755,43.075,21.498,68.57,5.829
3632,EZBC,Franklin Bitcoin ETF,Franklin Templeton,EZBC,Franklin Bitcoin ETF,BTC-USD,2026-05-07,46.34,500.0,0.19,0.9684,42.761,21.382,68.239,6.262
3633,EZBC,Franklin Bitcoin ETF,Franklin Templeton,EZBC,Franklin Bitcoin ETF,BTC-USD,2026-05-08,46.32,500.0,0.19,0.9753,42.551,21.344,58.526,6.365
3634,EZBC,Franklin Bitcoin ETF,Franklin Templeton,EZBC,Franklin Bitcoin ETF,BTC-USD,2026-05-11,47.38,500.0,0.19,0.9671,42.053,20.829,58.526,6.436
3635,EZBC,Franklin Bitcoin ETF,Franklin Templeton,EZBC,Franklin Bitcoin ETF,BTC-USD,2026-05-12,46.69,500.0,0.19,0.9517,41.001,20.617,55.642,6.557
3636,EZBC,Franklin Bitcoin ETF,Franklin Templeton,EZBC,Franklin Bitcoin ETF,BTC-USD,2026-05-13,45.98,500.0,0.19,0.955,41.004,20.605,52.727,6.871
3637,EZBC,Franklin Bitcoin ETF,Franklin Templeton,EZBC,Franklin Bitcoin ETF,BTC-USD,2026-05-14,47.05,500.0,0.19,0.9511,40.851,20.536,47.14,7.457
3638,EZBC,Franklin Bitcoin ETF,Franklin Templeton,EZBC,Franklin Bitcoin ETF,BTC-USD,2026-05-15,45.7,500.0,0.19,0.9551,41.33,20.533,40.817,7.667
3639,EZBC,Franklin Bitcoin ETF,Franklin Templeton,EZBC,Franklin Bitcoin ETF,BTC-USD,2026-05-18,44.39,500.0,0.19,0.9603,41.817,20.506,42.581,7.635
3640,EZBC,Franklin Bitcoin ETF,Franklin Templeton,EZBC,Franklin Bitcoin ETF,BTC-USD,2026-05-19,44.34,500.0,0.19,0.9587,40.407,20.506,42.582,7.754
3641,EZBC,Franklin Bitcoin ETF,Franklin Templeton,EZBC,Franklin Bitcoin ETF,BTC-USD,2026-05-20,44.85,500.0,0.19,0.9625,40.442,20.435,32.654,8.073
3642,EZBC,Franklin Bitcoin ETF,Franklin Templeton,EZBC,Franklin Bitcoin ETF,BTC-USD,2026-05-21,44.88,500.0,0.19,0.9336,37.912,20.229,36.025,8.236
3643,EZBC,Franklin Bitcoin ETF,Franklin Templeton,EZBC,Franklin Bitcoin ETF,BTC-USD,2026-05-22,43.8,500.0,0.19,0.9264,37.851,19.838,36.025,8.308
3644,EZBC,Franklin Bitcoin ETF,Franklin Templeton,EZBC,Franklin Bitcoin ETF,BTC-USD,2026-05-26,43.86,500.0,0.19,0.921,37.366,19.824,40.005,8.754
3645,EZBC,Franklin Bitcoin ETF,Franklin Templeton,EZBC,Franklin Bitcoin ETF,BTC-USD,2026-05-27,43.32,500.0,0.19,0.8964,35.985,19.717,40.025,8.523
3646,EZBC,Franklin Bitcoin ETF,Franklin Templeton,EZBC,Franklin Bitcoin ETF,BTC-USD,2026-05-28,42.39,500.0,0.19,0.8996,36.167,19.82,41.04,8.567
3647,EZBC,Franklin Bitcoin ETF,Franklin Templeton,EZBC,Franklin Bitcoin ETF,BTC-USD,2026-05-29,42.42,500.0,0.19,0.8631,33.246,19.744,44.266,8.604
3648,EZBC,Franklin Bitcoin ETF,Franklin Templeton,EZBC,Franklin Bitcoin ETF,BTC-USD,2026-06-01,41.29,500.0,0.19,0.8623,33.285,19.75,43.008,9.193
3649,EZBC,Franklin Bitcoin ETF,Franklin Templeton,EZBC,Franklin Bitcoin ETF,BTC-USD,2026-06-02,38.83,500.0,0.19,0.8533,34.334,19.699,43.008,9.598
3650,EZBC,Franklin Bitcoin ETF,Franklin Templeton,EZBC,Franklin Bitcoin ETF,BTC-USD,2026-06-03,37.77,500.0,0.19,0.8405,34.65,19.629,44.241,9.37
3651,EZBC,Franklin Bitcoin ETF,Franklin Templeton,EZBC,Franklin Bitcoin ETF,BTC-USD,2026-06-04,36.71,500.0,0.19,0.8454,34.942,20.278,44.241,9.578
3652,EZBC,Franklin Bitcoin ETF,Franklin Templeton,EZBC,Franklin Bitcoin ETF,BTC-USD,2026-06-05,34.84,500.0,0.19,0.864,36.381,20.398,45.464,9.84
3653,EZBC,Franklin Bitcoin ETF,Franklin Templeton,EZBC,Franklin Bitcoin ETF,BTC-USD,2026-06-08,36.63,500.0,0.19,0.8904,37.953,20.744,46.569,9.638
3654,EZBC,Franklin Bitcoin ETF,Franklin Templeton,EZBC,Franklin Bitcoin ETF,BTC-USD,2026-06-09,35.88,500.0,0.19,0.8888,38.053,20.721,44.984,9.709
3655,EZBC,Franklin Bitcoin ETF,Franklin Templeton,EZBC,Franklin Bitcoin ETF,BTC-USD,2026-06-10,35.77,500.0,0.19,0.9079,37.11,20.552,45.688,9.647
3656,EZBC,Franklin Bitcoin ETF,Franklin Templeton,EZBC,Franklin Bitcoin ETF,BTC-USD,2026-06-11,36.74,500.0,0.19,0.9098,37.544,20.134,45.688,9.694
3657,EZBC,Franklin Bitcoin ETF,Franklin Templeton,EZBC,Franklin Bitcoin ETF,BTC-USD,2026-06-12,36.75,500.0,0.19,0.8912,36.314,19.964,45.688,9.328
3658,EZBC,Franklin Bitcoin ETF,Franklin Templeton,EZBC,Franklin Bitcoin ETF,BTC-USD,2026-06-15,38.49,500.0,0.19,0.9078,37.57,19.982,52.882,8.875
3659,EZBC,Franklin Bitcoin ETF,Franklin Templeton,EZBC,Franklin Bitcoin ETF,BTC-USD,2026-06-16,37.93,500.0,0.19,0.9124,37.676,19.921,52.882,8.519
3660,EZBC,Franklin Bitcoin ETF,Franklin Templeton,EZBC,Franklin Bitcoin ETF,BTC-USD,2026-06-17,37.11,500.0,0.19,0.9152,37.881,19.945,57.531,8.142
3661,EZBC,Franklin Bitcoin ETF,Franklin Templeton,EZBC,Franklin Bitcoin ETF,BTC-USD,2026-06-18,36.38,500.0,0.19,0.9118,37.898,19.754,53.45,9.023
3662,EZBC,Franklin Bitcoin ETF,Franklin Templeton,EZBC,Franklin Bitcoin ETF,BTC-USD,2026-06-22,37.21,500.0,0.19,0.911,37.901,19.663,56.187,8.812
3663,EZBC,Franklin Bitcoin ETF,Franklin Templeton,EZBC,Franklin Bitcoin ETF,BTC-USD,2026-06-23,36.01,500.0,0.19,0.9188,37.857,19.871,53.103,8.597
3664,EZBC,Franklin Bitcoin ETF,Franklin Templeton,EZBC,Franklin Bitcoin ETF,BTC-USD,2026-06-24,34.57,500.0,0.19,0.9281,37.995,20.112,53.001,8.913
3665,EZBC,Franklin Bitcoin ETF,Franklin Templeton,EZBC,Franklin Bitcoin ETF,BTC-USD,2026-06-25,34.21,500.0,0.19,0.9209,37.982,20.195,50.761,8.637
3666,EZBC,Franklin Bitcoin ETF,Franklin Templeton,EZBC,Franklin Bitcoin ETF,BTC-USD,2026-06-26,34.46,500.0,0.19,0.9234,37.786,20.198,56.998,8.791
3667,EZBC,Franklin Bitcoin ETF,Franklin Templeton,EZBC,Franklin Bitcoin ETF,BTC-USD,2026-06-29,34.88,500.0,0.19,0.925,37.864,20.243,66.927,8.706
3668,EZBC,Franklin Bitcoin ETF,Franklin Templeton,EZBC,Franklin Bitcoin ETF,BTC-USD,2026-06-30,33.91,500.0,0.19,0.9276,38.12,20.253,63.251,8.49
3669,EZBC,Franklin Bitcoin ETF,Franklin Templeton,EZBC,Franklin Bitcoin ETF,BTC-USD,2026-07-01,34.65,500.0,0.19,0.9124,37.443,20.093,63.352,8.052
3670,EZBC,Franklin Bitcoin ETF,Franklin Templeton,EZBC,Franklin Bitcoin ETF,BTC-USD,2026-07-02,35.52,500.0,0.19,1.0025,37.817,17.063,63.352,7.574
3671,EZBC,Franklin Bitcoin ETF,Franklin Templeton,EZBC,Franklin Bitcoin ETF,BTC-USD,2026-07-06,36.82,500.0,0.19,1.0105,37.907,14.396,65.241,7.424
3672,EZBC,Franklin Bitcoin ETF,Franklin Templeton,EZBC,Franklin Bitcoin ETF,BTC-USD,2026-07-07,36.88,500.0,0.19,1.0058,37.822,14.637,68.101,7.191
3673,EZBC,Franklin Bitcoin ETF,Franklin Templeton,EZBC,Franklin Bitcoin ETF,BTC-USD,2026-07-08,35.94,500.0,0.19,1.0105,37.926,14.741,68.989,6.791
3674,EZBC,Franklin Bitcoin ETF,Franklin Templeton,EZBC,Franklin Bitcoin ETF,BTC-USD,2026-07-09,36.51,500.0,0.19,1.0275,38.11,14.267,68.989,6.539
3675,EZBC,Franklin Bitcoin ETF,Franklin Templeton,EZBC,Franklin Bitcoin ETF,BTC-USD,2026-07-10,36.93,500.0,0.19,1.0261,38.094,13.865,69.29,6.349
3676,EZBC,Franklin Bitcoin ETF,Franklin Templeton,EZBC,Franklin Bitcoin ETF,BTC-USD,2026-07-13,35.94,500.0,0.19,1.0222,38.331,13.875,70.998,6.173
3677,EZBC,Franklin Bitcoin ETF,Franklin Templeton,EZBC,Franklin Bitcoin ETF,BTC-USD,2026-07-14,37.29,500.0,0.19,1.0124,39.172,13.925,73.192,6.074
3678,EZBC,Franklin Bitcoin ETF,Franklin Templeton,EZBC,Franklin Bitcoin ETF,BTC-USD,2026-07-15,37.51,500.0,0.19,1.0104,38.697,14.058,73.192,5.97
3679,EZBC,Franklin Bitcoin ETF,Franklin Templeton,EZBC,Franklin Bitcoin ETF,BTC-USD,2026-07-16,37.13,500.0,0.19,1.0093,38.641,14.093,70.998,5.858
3680,EZBC,Franklin Bitcoin ETF,Franklin Templeton,EZBC,Franklin Bitcoin ETF,BTC-USD,2026-07-17,37.07,500.0,0.19,1.0161,38.524,13.29,66.5,5.888
3681,EZBC,Franklin Bitcoin ETF,Franklin Templeton,EZBC,Franklin Bitcoin ETF,BTC-USD,2026-07-20,37.63,500.0,0.19,0.9883,37.129,12.017,64.013,5.866
3682,EZBC,Franklin Bitcoin ETF,Franklin Templeton,EZBC,Franklin Bitcoin ETF,BTC-USD,2026-07-21,38.39,500.0,0.19,0.9909,37.352,11.625,68.511,4.855
3683,EZBC,Franklin Bitcoin ETF,Franklin Templeton,EZBC,Franklin Bitcoin ETF,BTC-USD,2026-07-22,38.08,500.0,0.19,0.9934,37.368,11.481,68.511,4.748
3684,EZBC,Franklin Bitcoin ETF,Franklin Templeton,EZBC,Franklin Bitcoin ETF,BTC-USD,2026-07-23,37.43,500.0,0.19,0.9944,37.458,11.355,65.254,4.776
3685,EZBC,Franklin Bitcoin ETF,Franklin Templeton,EZBC,Franklin Bitcoin ETF,BTC-USD,2026-07-24,37.09,500.0,0.19,0.9943,37.47,11.364,65.254,4.367
3686,EZBC,Franklin Bitcoin ETF,Franklin Templeton,EZBC,Franklin Bitcoin ETF,BTC-USD,2026-07-27,37.49,500.0,0.19,0.9921,37.53,11.854,60.447,4.18
3687,EZBC,Franklin Bitcoin ETF,Franklin Templeton,EZBC,Franklin Bitcoin ETF,BTC-USD,2026-07-28,36.89,500.0,0.19,0.9873,37.506,12.367,55.818,3.95
3688,EZBC,Franklin Bitcoin ETF,Franklin Templeton,EZBC,Franklin Bitcoin ETF,BTC-USD,2026-07-29,36.69,500.0,0.19,0.9846,37.021,12.388,45.89,3.755
3689,EZBC,Franklin Bitcoin ETF,Franklin Templeton,EZBC,Franklin Bitcoin ETF,BTC-USD,2026-07-30,37.4,500.0,0.19,0.9873,36.953,12.464,45.89,3.662
3690,EZBC,Franklin Bitcoin ETF,Franklin Templeton,EZBC,Franklin Bitcoin ETF,BTC-USD,2026-07-31,36.33,500.0,0.19,0.9832,37.005,12.391,48.084,3.628
3691,EZBC,Franklin Bitcoin ETF,Franklin Templeton,EZBC,Franklin Bitcoin ETF,BTC-USD,2026-08-03,36.89,500.0,0.19,0.9887,37.222,12.344,51.415,4.123
3692,EZBC,Franklin Bitcoin ETF,Franklin Templeton,EZBC,Franklin Bitcoin ETF,BTC-USD,2026-08-04,37.11,500.0,0.19,0.9878,37.192,12.354,46.557,4.052
3693,EZBC,Franklin Bitcoin ETF,Franklin Templeton,EZBC,Franklin Bitcoin ETF,BTC-USD,2026-08-05,37.46,500.0,0.19,0.9888,37.283,12.351,46.954,3.771
3694,EZBC,Franklin Bitcoin ETF,Franklin Templeton,EZBC,Franklin Bitcoin ETF,BTC-USD,2026-08-06,37.23,500.0,0.19,0.9858,36.885,12.312,53.41,3.534
3695,EZBC,Franklin Bitcoin ETF,Franklin Templeton,EZBC,Franklin Bitcoin ETF,BTC-USD,2026-08-07,37.53,500.0,0.19,0.9855,36.898,12.313,53.41,3.456
3696,EZBC,Franklin Bitcoin ETF,Franklin Templeton,EZBC,Franklin Bitcoin ETF,BTC-USD,2026-08-10,36.94,500.0,0.19,0.9857,36.906,12.313,48.377,4.352
3697,EZBC,Franklin Bitcoin ETF,Franklin Templeton,EZBC,Franklin Bitcoin ETF,BTC-USD,2026-08-11,36.68,500.0,0.19,0.9846,36.49,12.302,46.623,4.418
3698,EZBC,Franklin Bitcoin ETF,Franklin Templeton,EZBC,Franklin Bitcoin ETF,BTC-USD,2026-08-12,36.61,500.0,0.19,0.9812,36.119,12.264,49.532,4.22
3699,EZBC,Franklin Bitcoin ETF,Franklin Templeton,EZBC,Franklin Bitcoin ETF,BTC-USD,2026-08-13,36.58,500.0,0.19,0.979,35.733,12.253,52.579,4.199
3700,EZBC,Franklin Bitcoin ETF,Franklin Templeton,EZBC,Franklin Bitcoin ETF,BTC-USD,2026-08-14,36.325,500.0,0.19,0.979,35.739,12.246,52.579,4.149
3701,EZBC,Franklin Bitcoin ETF,Franklin Templeton,EZBC,Franklin Bitcoin ETF,BTC-USD,2026-08-17,37.14,500.0,0.19,0.9768,35.995,12.229,56.132,4.248
3702,EZBC,Franklin Bitcoin ETF,Franklin Templeton,EZBC,Franklin Bitcoin ETF,BTC-USD,2026-08-18,37.32,500.0,0.19,0.9773,36.024,12.243,56.132,4.269
3703,EZBC,Franklin Bitcoin ETF,Franklin Templeton,EZBC,Franklin Bitcoin ETF,BTC-USD,2026-08-19,39.52,500.0,0.19,0.9584,37.805,12.344,56.132,4.624
3704,EZBC,Franklin Bitcoin ETF,Franklin Templeton,EZBC,Franklin Bitcoin ETF,BTC-USD,2026-08-20,42.0,500.0,0.19,0.9745,39.919,12.504,56.132,5.069
3705,EZBC,Franklin Bitcoin ETF,Franklin Templeton,EZBC,Franklin Bitcoin ETF,BTC-USD,2026-08-21,44.53,500.0,0.19,0.9614,41.641,12.56,58.249,5.397
3706,EZBC,Franklin Bitcoin ETF,Franklin Templeton,EZBC,Franklin Bitcoin ETF,BTC-USD,2026-08-24,45.51,500.0,0.19,0.9606,41.606,12.706,58.249,5.699
3707,EZBC,Franklin Bitcoin ETF,Franklin Templeton,EZBC,Franklin Bitcoin ETF,BTC-USD,2026-08-25,45.62,500.0,0.19,0.9597,41.606,12.787,65.236,5.83
3708,EZBC,Franklin Bitcoin ETF,Franklin Templeton,EZBC,Franklin Bitcoin ETF,BTC-USD,2026-08-26,45.36,500.0,0.19,0.9585,41.217,12.98,59.567,5.98
3709,EZBC,Franklin Bitcoin ETF,Franklin Templeton,EZBC,Franklin Bitcoin ETF,BTC-USD,2026-08-27,46.17,500.0,0.19,0.9658,39.191,13.021,65.236,6.022
